event_id_cnty,event_date,year,disorder_type,event_type,sub_event_type,iso,region,country,admin1,admin2,location,latitude,longitude,source,notes,fatalities,adm2_code,adm2_name,data_as_of,run_date
MEX94135,2024-10-18,2024,Political violence,Violence against civilians,Abduction/forced disappearance,484,North America,Mexico,Baja California,Tijuana,Tijuana,32.5325,-117.019,AFN - Tijuana,"Around 18 October 2024 (as reported), in Tijuana, Baja California, four men abducted an American man. National Guard and army officers arrested the perpetrators including a person of American origin, in a house in Colonia Obrera, where they also seized three fireweapons and drugs. It is not known whether the victim was located and released.",0,MX02004,Tijuana,2024-12-15,2025-12-15
MEX94139,2024-10-16,2024,Political violence,Violence against civilians,Abduction/forced disappearance,484,North America,Mexico,Tamaulipas,Reynosa,Reynosa,26.0924,-98.2781,Hoy Tamaulipas,"On 16 October 2024, in Reynosa, Tamaulipas, at least three armed men kidnapped a man. In response, police located the vehicle and arrested the three men.",0,MX28032,Reynosa,2024-12-15,2025-12-15
MEX94143,2024-10-17,2024,Political violence,Battles,Armed clash,484,North America,Mexico,Sinaloa,Culiacan,El Guasimal,24.9188,-107.292,Riodoce,"Around 17 October 2024 (as reported), in El Guasimal, Sinaloa, army and National Guard officers clashed with armed individuals. Six armed individuals died. Authorities seized 22 fireweapons, two grenades, and 12 vehicles. This event is likely part of the war between 'Los Chapitos' and 'Los Mayitos' factions of the Sinaloa Cartel. 6 fatalities.",6,MX25006,Culiacán,2024-12-15,2025-12-15
MEX94149,2024-10-16,2024,Political violence,Battles,Armed clash,484,North America,Mexico,Sonora,Benito Juarez,Villa Juarez,27.1283,-109.837,Entorno Informativo,"On 16 October 2024, in Villa Juarez, Sonora, a man threatened passersby with a machete and attempted to attack municipal police officers who arrived at the place. The officers shot and killed him. 1 fatality.",1,MX26071,Benito Juárez,2024-12-15,2025-12-15
MEX94151,2024-10-18,2024,Political violence,Battles,Armed clash,484,North America,Mexico,Nayarit,Huajicori,Huajicori,22.6396,-105.3315,Riodoce,"Around 18 October 2024 (as reported), in the village of San Juan (coded to Huajicori), Nayarit, National Guard, army and state police officers clashed with armed individuals that shot at the officers when they approached the scene. The officers seized a fireweapon and six explosive devices. Casualties unknown.",0,MX18005,Huajicori,2024-12-15,2025-12-15
MEX94152,2024-10-17,2024,Political violence,Battles,Armed clash,484,North America,Mexico,Zacatecas,Zacatecas,Zacatecas,22.7761,-102.5718,El Norte; El Universal (Mexico),"On 17 October 2024, in Zacatecas, Zacatecas, state police, army and National Guard officers clashed with three members of the Cartel del Noreste (CDN) in Colonia Las Americas. The three individuals were arrested. One of them suspectedly is the cartel's local leader. The officers seized three fireweapons and four explosive devices. There were no casualties.",0,MX32056,Zacatecas,2024-12-15,2025-12-15
MEX94166,2024-10-16,2024,Political violence,Battles,Armed clash,484,North America,Mexico,Baja California,Tecate,Tecate,32.5727,-116.6266,Zeta Tijuana,"On 16 October 2024, in Tecate, Baja California, armed individuals on vehicles clashed along Defensores boulevard and until the road exiting towards Mexicali. Five people were injured by gunfire, although it is unknown whether they were involved in the clash. Two army officers resulted injured when their vehicle crashed while being mobilized to respond to the clash. The shooting caused damages in houses and establishments.",0,MX02003,Tecate,2024-12-15,2025-12-15
MEX94167,2024-10-18,2024,Political violence,Battles,Armed clash,484,North America,Mexico,Ciudad de Mexico,Gustavo A. Madero,Ciudad de Mexico - Gustavo A. Madero,19.4829,-99.1135,24 Horas (Mexico),"Around 18 October 2024 (as reported), in Ciudad de Mexico - Gustavo A. Madero, armed individuals on motorbikes clashed on 309 and 310 streets, in Colonia Nueva Atzacoalco, and fled when police officers approached the place. Two armed individuals, one of them injured, were later arrested when they arrived at a hospital. Another man was collaterally injured by a stray bullet.",0,MX09005,Gustavo A. Madero,2024-12-15,2025-12-15
MEX94168,2024-10-17,2024,Political violence,Battles,Armed clash,484,North America,Mexico,Sinaloa,Concordia,Concordia,23.2876,-106.0686,Riodoce,"On 17 October 2024, around Concordia, Sinaloa, armed groups clashed. Casualties unknown.",0,MX25004,Concordia,2024-12-15,2025-12-15
MEX94169,2024-10-18,2024,Political violence,Battles,Armed clash,484,North America,Mexico,Sinaloa,Concordia,Concordia,23.2876,-106.0686,Riodoce,"On 18 October 2024, around Concordia, Sinaloa, armed groups clashed. Casualties unknown.",0,MX25004,Concordia,2024-12-15,2025-12-15
MEX94179,2024-10-17,2024,Political violence,Battles,Armed clash,484,North America,Mexico,Sinaloa,Culiacan,Colonia Emancipacion (El Coronel),24.2702,-107.2051,Riodoce,"On 17 October 2024, in Colonia Emancipacion (El Coronel), Sinaloa, armed groups clashed. This event is likely part of the war between 'Los Chapitos' and 'Los Mayitos' factions of the Sinaloa Cartel. Casualties unknown.",0,MX25006,Culiacán,2024-12-15,2025-12-15
MEX94181,2024-10-17,2024,Political violence,Battles,Armed clash,484,North America,Mexico,Sinaloa,Culiacan,Guadalupe Victoria (El Atoron),24.2986,-107.2704,24 Horas (Mexico),"On 17 October 2024, in Guadalupe Victoria (El Atoron), Sinaloa, armed groups clashed. This event is likely part of the war between 'Los Chapitos' and 'Los Mayitos' factions of the Sinaloa Cartel. Casualties unknown.",0,MX25006,Culiacán,2024-12-15,2025-12-15
MEX94183,2024-10-18,2024,Political violence,Battles,Armed clash,484,North America,Mexico,Sinaloa,El Fuerte,Santa Lucia,26.2826,-108.7695,Riodoce,"On 18 October 2024, in Santa Lucia, Sinaloa, armed groups clashed. This event is likely part of the war between 'Los Chapitos' and 'Los Mayitos' factions of the Sinaloa Cartel. Casualties unknown.",0,MX25010,El Fuerte,2024-12-15,2025-12-15
MEX94184,2024-10-18,2024,Political violence,Battles,Armed clash,484,North America,Mexico,Guerrero,Cuajinicuilapa,Cuajinicuilapa,16.472,-98.4167,El Sol de Acapulco,"On 18 October 2024, in Cuajinicuilapa, Guerrero, rival gangs clashed in Colonia Los Lirios and Punta Maldonado. Casualties unknown.",0,MX12023,Cuajinicuilapa,2024-12-15,2025-12-15
MEX94187,2024-10-17,2024,Political violence,Battles,Armed clash,484,North America,Mexico,Sinaloa,Navolato,Las Puentes,24.5318,-107.541,Riodoce,"On 17 October 2024, in Las Puentes, Sinaloa, armed groups clashed. Police officers arrived to the place and found 'several' injured and dead people, an unspecified number of people tied up and three vehicles with bullet impacts. This event is likely part of the war between 'Los Chapitos' and 'Los Mayitos' factions of the Sinaloa Cartel. Unspecified number of fatalities coded as 3.",3,MX25018,Navolato,2024-12-15,2025-12-15
MEX94197,2024-10-17,2024,Political violence,Violence against civilians,Attack,484,North America,Mexico,Veracruz de Ignacio de la Llave,Playa Vicente,La Union Juan Enriquez,17.8681,-95.7439,La Jornada; La Silla Rota,"On 17 October 2024, in La Union Juan Enriquez, Veracruz de Ignacio de la Llave, armed individuals on motorbikes entered ranch 'San Sebastian', on the path heading to La Petronila, and shot and killed its owner. The victim was a municipal police officer and veterinarian. 1 fatality.",1,MX30130,Playa Vicente,2024-12-15,2025-12-15
MEX94198,2024-10-16,2024,Political violence,Violence against civilians,Attack,484,North America,Mexico,Michoacán,Jacona,Jacona de Plancarte,19.9563,-102.306,La Voz de Michoacan,"On 16 October 2024, in Jacona de Plancarte, Michoacan de Ocampo, at least four armed men shot at a woman outside her home in Colonia Buenos Aires and then fled the scene. 1 injury.",0,MX16043,Jacona,2024-12-15,2025-12-15
MEX94208,2024-10-16,2024,Political violence,Violence against civilians,Attack,484,North America,Mexico,Chihuahua,Chihuahua,Chihuahua,28.6368,-106.0763,Tiempo,"On 16 October 2024, in Chihuahua, Chihuahua, a man opened fire at the facade of a home and then fled the scene. There were no injuries.",0,MX08019,Chihuahua,2024-12-15,2025-12-15
MEX94215,2024-10-17,2024,Political violence,Violence against civilians,Attack,484,North America,Mexico,Quintana Roo,Benito Juarez,Cancun,21.1614,-86.8248,El Norte,"Around 17 October 2024 (as reported), in Cancun, Quintana Roo, two armed individuals shot and injured two underage people in Villas Otoch, behind the Public Safety academy. The perpetrators later sought refugee inside a store in Supermanzana 218, where army and police officers arrested them.",0,MX23005,Benito Juárez,2024-12-15,2025-12-15
MEX94228,2024-10-16,2024,Political violence,Violence against civilians,Attack,484,North America,Mexico,Veracruz de Ignacio de la Llave,Paso del Macho,Paso del Macho,18.971,-96.7242,Imagen del Golfo,"On 16 October 2024, in Paso del Macho, Veracruz de Ignacio de la Llave, two armed individuals shot and killed a man in Colonia Reforma and then escaped the scene. 1 fatality.",1,MX30125,Paso del Macho,2024-12-15,2025-12-15
MEX94237,2024-10-16,2024,Political violence,Violence against civilians,Attack,484,North America,Mexico,Chiapas,Tuxtla Gutierrez,Tuxtla Gutierrez,16.754,-93.1152,Milenio,"Around 16 October 2024 (as reported), in Tuxtla Gutierrez, Chiapas, a man was killed and his body was found with signs of torture and bullet wounds in fraccionamiento Real del Bosque. The man was abandoned by a group of armed men. 1 fatality.",1,MX07101,Tuxtla Gutiérrez,2024-12-15,2025-12-15
MEX94238,2024-10-17,2024,Political violence,Violence against civilians,Attack,484,North America,Mexico,Tabasco,Huimanguillo,Chontalpa,17.6661,-93.4811,Tabasco Hoy,"Around 17 October 2024 (as reported), in Chontalpa, Tabasco, a man was killed and his body was found together with a cardboard with a written threatening message on the side of Chontalpa-Cardenas road connecting C16 and C9 villages. The victim was suspectedly responsible of robberies in the area, and the message was addressed to people linked to extorsions, abductions, who were given 24 hours to leave the area or there would be more executions. 1 fatality.",1,MX27008,Huimanguillo,2024-12-15,2025-12-15
MEX94240,2024-10-17,2024,Political violence,Violence against civilians,Attack,484,North America,Mexico,Baja California,Tijuana,Tijuana,32.5325,-117.019,AFN - Tijuana,"On 17 October 2024, in Tijuana, Baja California, two armed individuals shot at three men on Soledad Orozco street, in Colonia Mineral de Santa Fe, killing one and injured the two others. The perpetrators fled towards Silverio Aleman street. 1 fatality.",1,MX02004,Tijuana,2024-12-15,2025-12-15
MEX94242,2024-10-18,2024,Political violence,Violence against civilians,Attack,484,North America,Mexico,Tlaxcala,San Pablo del Monte,Ciudad de San Pablo del Monte,19.1197,-98.1704,E-Consulta,"Around 18 October 2024 (as reported), in Ciudad de San Pablo del Monte, Tlaxcala, a man was killed and his body was found with a noose around the neck and inside plastic bags in the intersection of 5 de Marzo street and Ayuntamiento avenue. 1 fatality.",1,MX29025,San Pablo del Monte,2024-12-15,2025-12-15
MEX94243,2024-10-18,2024,Political violence,Violence against civilians,Attack,484,North America,Mexico,Guanajuato,Irapuato,Irapuato,20.6728,-101.3481,La Silla Rota,"Around 18 October 2024 (as reported), in Irapuato, Guanajuato, a person was killed and the body was found inside bags. 1 fatality.",1,MX11017,Irapuato,2024-12-15,2025-12-15
MEX94259,2024-10-18,2024,Political violence,Violence against civilians,Attack,484,North America,Mexico,Colima,Minatitlan,Minatitlan,19.386,-104.0493,Colima Noticias,"Around 18 October 2024 (as reported), near Minatitlan, Colima, a man was killed and his body was found with 'tiro de gracia' and a threatening message written on a cardboard inside a vehicle on Manzanillo-Minatitlan road. The victim was a former local congressman and former municipal president of Minatitlan. 1 fatality.",1,MX06008,Minatitlán,2024-12-15,2025-12-15
MEX94263,2024-10-18,2024,Political violence,Violence against civilians,Attack,484,North America,Mexico,Baja California,Tijuana,Tijuana,32.5325,-117.019,AFN - Tijuana; Zeta Tijuana,"Around 18 October 2024 (as reported), in Tijuana, Baja California, a man was killed and his dismembered body was found inside a plastic container together with a threatening message written on a cardboard in a car on Ninos Heroes street, between Segunda and Tercera streets, in front of Technology Square, in Colonia Centro. The victim was the owner of 'Sodoma' bar and member of the LGBTQ+ community. Police officers arrested the suspected perpetrator on 18 October 2024 in the intersection of Mallorca street and 20 de Noviembre, in Colonia Hidalgo. 1 fatality.",1,MX02004,Tijuana,2024-12-15,2025-12-15
MEX94264,2024-10-18,2024,Political violence,Violence against civilians,Attack,484,North America,Mexico,Morelos,Xochitepec,Xochitepec,18.7808,-99.2305,La Silla Rota,"On 18 October 2024, in Xochitepec, Morelos, according to witnesses, two armed individuals on a motorbike attempted to rob a man that was driving a motorbike, and shot and killed him when the victim attempted to flee (drive-by). The victim was a Programming student at the Center of Industrial Technology and Services Studies (CETis) 43. 1 fatality.",1,MX17028,Xochitepec,2024-12-15,2025-12-15
MEX94291,2024-10-17,2024,Political violence,Violence against civilians,Attack,484,North America,Mexico,Chihuahua,Chihuahua,Chihuahua,28.6368,-106.0763,Tiempo,"On 17 October 2024, in Chihuahua, Chihuahua, armed individuals on a vehicle shot and killed a man on Praderas Patagonicas and Praderas de Australia streets, in Colonia Urbi Villas del Prado (drive-by). Police officer later found the vehicle used by the perpetrators on Praderas de Nebraska and Praderas de Australia streets, in Colonia Praderas del Sur. 1 fatality.",1,MX08019,Chihuahua,2024-12-15,2025-12-15
MEX94293,2024-10-17,2024,Political violence,Violence against civilians,Attack,484,North America,Mexico,Baja California,Tijuana,Tijuana,32.5325,-117.019,AFN - Tijuana,"Around 17 October 2024 (as reported), in Tijuana, Baja California, a person was killed and the burnt body was found on a path near Corredor 2000 and Fraccionamiento Natura. 1 fatality.",1,MX02004,Tijuana,2024-12-15,2025-12-15
MEX94295,2024-10-17,2024,Political violence,Violence against civilians,Attack,484,North America,Mexico,Sonora,Cajeme,Ciudad Obregon,27.4965,-109.9327,Entorno Informativo,"On 17 October 2024, in Ciudad Obregon, Sonora, according to witnesses, armed individuals on a vehicle shot at three people outside a scrapyard on Ejercito Nacional street, between Petalo and Norman El Borlaug streets (drive-by). A man was killed, and two people (a man and a woman) were injured. 1 fatality.",1,MX26018,Cajeme,2024-12-15,2025-12-15
MEX94297,2024-10-16,2024,Political violence,Violence against civilians,Attack,484,North America,Mexico,Baja California,Tecate,Tecate,32.5727,-116.6266,Zeta Tijuana,"On 16 October 2024, in Tecate, Baja California, three armed men on a vehicle shot and killed a man that was driving a van on Mexico avenue, in Colonia Industrial (drive-by). 1 fatality.",1,MX02003,Tecate,2024-12-15,2025-12-15
MEX94298,2024-10-16,2024,Political violence,Violence against civilians,Attack,484,North America,Mexico,Ciudad de Mexico,Iztapalapa,Ciudad de Mexico - Iztapalapa,19.359,-99.0926,El Universal (Mexico),"On 16 October 2024, in Ciudad de Mexico - Iztapalapa, two armed individuals on a motorbike shot and killed a man that was driving a van on San Francisco Culhuacan avenue (drive-by). 1 fatality.",1,MX09007,Iztapalapa,2024-12-15,2025-12-15
MEX94148,2024-10-17,2024,Political violence,Battles,Armed clash,484,North America,Mexico,Nuevo León,Montemorelos,Montemorelos,25.1893,-99.827,El Norte,"On 17 October 2024, in Montemorelos, Nuevo Leon, state and municipal police officers clashed with suspected members of the Cartel del Noreste (CDN) around the boulevard located at the entry of the municipality. A member of the cartel died and two were arrested. Also in Montemorelos, later the same day, police officers and members of the CDN clashed at the General Hospital, where a cartel member was killed and another was injured and arrested. These events are part of three clashes between authorities and the CDN that took place in Nuevo Leon the same day (coded separately). 2 fatalities.",2,MX19038,Montemorelos,2024-12-15,2025-12-15
MEX94305,2024-10-17,2024,Political violence,Violence against civilians,Attack,484,North America,Mexico,Hidalgo,Mineral de la Reforma,San Jose Palma Gorda,20.0227,-98.7515,La Jornada; La Silla Rota,"Around 17 October 2024 (as reported), in San Jose Palma Gorda, Hidalgo, three people were killed and their burnt bodies were found inside a burning van near Las Torres boulevard. According to the authorities, this event is related to a dispute between criminal groups dedicated to drug dealing and Huachicoleo (fuel theft). 3 fatalities.",3,MX13051,Mineral de la Reforma,2024-12-15,2025-12-15
MEX94254,2024-10-16,2024,Political violence,Violence against civilians,Attack,484,North America,Mexico,Hidalgo,Epazoyucan,El Nopalillo,20.0661,-98.5829,La Jornada; Milenio,"Around 16 October 2024 (as reported), in El Nopalillo, Hidalgo, three people were abducted and then killed, and their bodies were found inside plastic bags in a wooden area. One of the perpetrators was arrested around 19 October 2024 in Fraccionamiento La Providencia, in the municipality of Mineral de la Reforma. This attack is suspectedly linked to a dispute over drug deals and the illegal extraction of fuel, and to the killing of six other people whose bodies were found in Puerto Mexico on 3 October 2024 (coded separately). 3 fatalities.",3,MX13022,Epazoyucan,2024-12-15,2025-12-15
MEX94502,2024-10-20,2024,Political violence,Battles,Armed clash,484,North America,Mexico,Michoacán,Paracuaro,Los Bancos,19.1828,-102.2077,La Voz de Michoacan,"On 20 October 2024, in Los Bancos, Michoacan de Ocampo, armed groups clashed. According to military sources, the Jalisco New Generation Cartel (CJNG) and Los Caballeros Templarios Gang were involved in this clash. This event is linked to a clash that took place the same day in Puerta Chica, also known as Barrio Seco (coded separately). Casualties unknown.",0,MX16064,Parácuaro,2024-12-15,2025-12-15
MEX94503,2024-10-20,2024,Political violence,Battles,Armed clash,484,North America,Mexico,Michoacán,Paracuaro,Puerta Chica,19.1913,-102.2075,La Voz de Michoacan,"On 20 October 2024, in Puerta Chica, Michoacan de Ocampo, armed groups clashed. According to military sources, the Jalisco New Generation Cartel (CJNG) and Los Caballeros Templarios Gang were involved in this clash. This event is linked to a clash that took place the same day in Los Bancos (coded separately). Casualties unknown.",0,MX16064,Parácuaro,2024-12-15,2025-12-15
MEX94508,2024-10-20,2024,Political violence,Battles,Armed clash,484,North America,Mexico,Sinaloa,Culiacan,Laguna de Canachi,24.1361,-107.0999,Riodoce,"On 20 October 2024, in Laguna de Canachi, Sinaloa, army officers and armed individuals clashed. An officer died and another was injured. This event is likely part of the war between 'Los Chapitos' and 'Los Mayitos' factions of the Sinaloa Cartel. 1 fatality.",1,MX25006,Culiacán,2024-12-15,2025-12-15
MEX94513,2024-10-20,2024,Political violence,Battles,Armed clash,484,North America,Mexico,Chihuahua,Juarez,Ciudad Juarez,31.7465,-106.485,El Norte,"On 20 October 2024, in Ciudad Juarez, Chihuahua, National Guard officers and around ten armed individuals clashed on Chihuahua-Ciudad Juarez road, near the exit towards Internacional Guadalupe-Tornillo. An armed individual was injured and arrested, and the officers seized 21 fireweapons.",0,MX08037,Juárez,2024-12-15,2025-12-15
MEX94557,2024-10-20,2024,Political violence,Violence against civilians,Attack,484,North America,Mexico,Hidalgo,Zapotlan de Juarez,Acayuca,20.0245,-98.8399,24 Horas (Mexico); La Silla Rota; Noroeste; Sintesis,"On 20 October 2024, in Acayuca, Hidalgo, armed individuals on a vehicle shot at a van with a man, a woman, and a child on Cipres street in Colonia Los Jorges (drive-by). The man, who is the former mayor of Zapotlan from the MC party, got to escape. The perpetrators killed the woman and the two-years-old child remained uninjured. 1 fatality.",1,MX13082,Zapotlán de Juárez,2024-12-15,2025-12-15
MEX94640,2024-10-21,2024,Political violence,Battles,Armed clash,484,North America,Mexico,Sinaloa,Elota,Nuevo Salto Grande,24.093,-106.7673,Riodoce,"On 21 October 2024, in Nuevo Salto Grande, Sinaloa, there was an armed clash between armed individuals (likely affiliated with the Sinaloa Cartel) and the military forces, the National Guard and the State police. The armed individuals also set a (narco) roadblock at the entrance of the community. This event is related to similar clashes involving factions of the Sinaloa Cartel recorded in other locations of this state (coded separately). There were no casualties.",0,MX25008,Elota,2024-12-15,2025-12-15
MEX94642,2024-10-18,2024,Political violence,Violence against civilians,Attack,484,North America,Mexico,Nuevo León,Santa Catarina,Ciudad Santa Catarina,25.6744,-100.4617,Milenio,"On 18 October 2024, in Ciudad Santa Catarina, Nuevo Leon, according to witnesses, armed individuals chased, shot, and killed a man in the intersection of Valencia and Granda streets, in Colonia La Espanola. 1 fatality.",1,MX19048,Santa Catarina,2024-12-15,2025-12-15
MEX94646,2024-10-18,2024,Political violence,Violence against civilians,Attack,484,North America,Mexico,Morelos,Puente de Ixtla,San Jose Vista Hermosa,18.6544,-99.2664,La Jornada,"On 18 October 2024, in San Jose Vista Hermosa, Morelos, according to witnesses, two armed individuals entered a house, and shot and killed an Indigenous woman. 1 fatality.",1,MX17017,Puente de Ixtla,2024-12-15,2025-12-15
MEX94648,2024-10-18,2024,Political violence,Violence against civilians,Attack,484,North America,Mexico,Morelos,Puente de Ixtla,Xoxocotla,18.6846,-99.2458,La Jornada,"On 18 October 2024, in Xoxocotla, Morelos, according to witnesses, armed individuals chased, shot, and killed an Indigenous woman near Alpuyeca-Jojutla federal road. 1 fatality.",1,MX17017,Puente de Ixtla,2024-12-15,2025-12-15
MEX94656,2024-10-19,2024,Political violence,Violence against civilians,Attack,484,North America,Mexico,Baja California,Tijuana,Tijuana,32.5325,-117.019,AFN - Tijuana,"On 19 October 2024, in Tijuana, Baja California, according to witnesses, armed individuals shot at a man while he was getting into an Uber car on Torrecillas avenue, in Colonia Lomas Taurinas, killing him and the driver. 2 fatalities.",2,MX02004,Tijuana,2024-12-15,2025-12-15
MEX94657,2024-10-19,2024,Political violence,Violence against civilians,Abduction/forced disappearance,484,North America,Mexico,Baja California,Tijuana,Tijuana,32.5325,-117.019,AFN - Tijuana,"On 19 October 2024, in Tijuana, Baja California, according to the victim, three individuals abducted a 17-years old boy in Colonia Herrera and released him in Fraccionamiento Real del Mar. The authorities arrested three men, two of whom were former municipal police officers.",0,MX02004,Tijuana,2024-12-15,2025-12-15
MEX94658,2024-10-19,2024,Political violence,Violence against civilians,Attack,484,North America,Mexico,Chiapas,Tuzantan,Tuzantan,15.1459,-92.4213,La Jornada,"Around 19 October 2024 (as reported), in Tuzantan, Chiapas, two people were killed and their bodies were found inside plastic bags floating on the Islamapa river. 2 fatalities.",2,MX07103,Tuzantán,2024-12-15,2025-12-15
MEX94662,2024-10-20,2024,Political violence,Violence against civilians,Attack,484,North America,Mexico,Nuevo León,Garcia,Garcia,25.8005,-100.5855,Metro Monterrey,"On 20 October 2024, in Garcia, Nuevo Leon, according to witnesses, two armed men shot and killed a man in the city center. 1 fatality.",1,MX19018,García,2024-12-15,2025-12-15
MEX94663,2024-10-20,2024,Political violence,Violence against civilians,Attack,484,North America,Mexico,Michoacán,Jacona,Jacona de Plancarte,19.9563,-102.306,MiMorelia; Riodoce,"On 20 October 2024, in Jacona de Plancarte, Michoacan, a municipal commander who was off-duty was shot and killed by unidentified armed individuals inside a restaurant in colonia Lomas de San Pablo. A woman who was with him was also killed. 2 fatalities.",2,MX16043,Jacona,2024-12-15,2025-12-15
MEX94665,2024-10-20,2024,Political violence,Violence against civilians,Attack,484,North America,Mexico,Chihuahua,Aquiles Serdan,Santa Eulalia,28.595,-105.8868,Tiempo,"Around 20 October 2024 (as reported), near Santa Eulalia, Chihuahua, a man was killed and his body was found wrapped in blankets and bags on a path near CERESO, in Libramiento Oriente, Colonia Ladrilleras Sur. 1 fatality.",1,MX08004,Aquiles Serdán,2024-12-15,2025-12-15
MEX94667,2024-10-21,2024,Political violence,Violence against civilians,Attack,484,North America,Mexico,Guanajuato,Celaya,Celaya,20.5215,-100.814,Zona Franca,"Around 21 October 2024 (as reported), in Celaya, Guanajuato, two armed men who arrived on a motorcycle shot at a house in Dolores Avellanal street. One woman was killed and another two people were injured. 1 fatality.",1,MX11007,Celaya,2024-12-15,2025-12-15
MEX94670,2024-10-21,2024,Political violence,Violence against civilians,Attack,484,North America,Mexico,Baja California,Tijuana,Tijuana,32.5325,-117.019,AFN - Tijuana; Zeta Tijuana,"Around 21 October 2024 (as reported), in Tijuana, Baja California, an unknown number of people were killed and the human remains were found inside several bags in colonia Centro. According to witnesses, two men left the bags. Unspecified number of fatalities coded as 3.",3,MX02004,Tijuana,2024-12-15,2025-12-15
MEX94671,2024-10-21,2024,Political violence,Violence against civilians,Attack,484,North America,Mexico,Chiapas,Yajalon,Yajalon,17.1739,-92.3339,El Blog del Narco; La Jornada,"On 21 October 2024, in Yajalon, Chiapas, the mayor of Chilon municipality was attacked during a trip by unidentified armed individuals. The mayor was not injured. The mayor has just took over the position on 1 October.",0,MX07109,Yajalón,2024-12-15,2025-12-15
MEX94672,2024-10-22,2024,Political violence,Violence against civilians,Attack,484,North America,Mexico,Nuevo León,Juarez,Benito Juarez,25.6513,-100.106,Milenio,"On 22 October 2024, in Benito Juarez, Nuevo Leon, two men on a motorcycle stopped in front of a home and shot a man in Colonia San Miguelito Segundo Sector. The man died as a result. 1 fatality.",1,MX19031,Juárez,2024-12-15,2025-12-15
MEX94673,2024-10-22,2024,Political violence,Violence against civilians,Attack,484,North America,Mexico,Sonora,Cajeme,Ciudad Obregon,27.4965,-109.9327,Entorno Informativo,"On 22 October 2024, in Ciudad Obregon, Sonora, two men on a motorcycle approached a man outside his home in Colonia Cajeme and shot him. The man died as a result. 1 fatality.",1,MX26018,Cajeme,2024-12-15,2025-12-15
MEX94677,2024-10-22,2024,Political violence,Violence against civilians,Attack,484,North America,Mexico,Puebla,Puebla,Heroica Puebla de Zaragoza,19.044,-98.1975,Milenio,"On 22 October 2024, in Heroica Puebla de Zaragoza, Puebla, according to witnesses, a groups of armed men shot and killed at the owner business of a car store in Bulevar Valsequillo. Also in Puebla, three armed individuals entered a store and shot the owner and injured a woman in Colonia Xilotzingo. 2 fatalities.",2,MX21114,Puebla,2024-12-15,2025-12-15
MEX94678,2024-10-22,2024,Political violence,Violence against civilians,Attack,484,North America,Mexico,Tabasco,Paraiso,Monte Adentro,18.3638,-93.2006,Tabasco Hoy,"On 22 October 2024, in Monte Adentro, Tabasco, a couple of armed men entered a home and killed a man inside his home. The attack is being investigated for linkages to extortion. 1 fatality.",1,MX27014,Paraíso,2024-12-15,2025-12-15
MEX94680,2024-10-23,2024,Political violence,Violence against civilians,Attack,484,North America,Mexico,Guanajuato,Celaya,Celaya,20.5215,-100.814,La Jornada,"On 23 October 2024, in Celaya, Guanajuato, a couple of armed men shot three municipal police officers (likely off-duty) and former federal police officers inside a bar in Colonia Nuevo Celaya. All three died as a result. 3 fatalities.",3,MX11007,Celaya,2024-12-15,2025-12-15
MEX94681,2024-10-23,2024,Political violence,Violence against civilians,Attack,484,North America,Mexico,Ciudad de Mexico,Alvaro Obregon,Ciudad de Mexico - Alvaro Obregon,19.3908,-99.1954,El Norte,"On 23 October 2024, in Ciudad de Mexico - Alvaro Obregon, two men opened fire and shot a man in Colonia Oliver del Conde segunda seccion. The perpetrators escaped on a motorcycle. 1 fatality.",1,MX09010,Álvaro Obregón,2024-12-15,2025-12-15
MEX94684,2024-10-23,2024,Political violence,Violence against civilians,Attack,484,North America,Mexico,Puebla,Puebla,Heroica Puebla de Zaragoza,19.044,-98.1975,E-Consulta,"On 23 October 2024, in Heroica Puebla de Zaragoza, Puebla, three armed individuals shot and killed a man and injured his partner close to Camino Real. The man died as a result and the woman was injured. 1 fatality, 1 injury.",1,MX21114,Puebla,2024-12-15,2025-12-15
MEX94688,2024-10-23,2024,Political violence,Violence against civilians,Attack,484,North America,Mexico,Puebla,Chalchicomula de Sesma,San Francisco Cuautlancingo,18.996,-97.4149,Milenio,"Around 23 October 2024 (as reported), in San Francisco Cuautlancingo, Puebla, a person was killed and the human remains were found wrapped in a sheet the Volkswagen housing unit 2. 1 fatality.",1,MX21045,Chalchicomula de Sesma,2024-12-15,2025-12-15
MEX94689,2024-10-23,2024,Political violence,Violence against civilians,Attack,484,North America,Mexico,Oaxaca,San Juan Lalana,Santa Maria La Nopalera,17.4864,-95.6712,Quadratin Oaxaca,"On 23 October 2024, close to Santa Maria La Nopalera, Oaxaca, unknown armed individuals shot and killed the construction councilor of City Hall between Santa Maria La Nopalera and El Malucano. 1 fatality.",1,MX20205,San Juan Lalana,2024-12-15,2025-12-15
MEX94690,2024-10-23,2024,Political violence,Violence against civilians,Attack,484,North America,Mexico,Morelos,Tlaltizapan de Zapata,Tlaltizapan,18.683,-99.1182,Diario de Morelos,"On 23 October 2024, in Tlaltizapan, Morelos, two armed individuals arrived on a motorcycle and shot a man driving in his car in Colonia El Mirador while he was parked. The victim died as a result. 1 fatality.",1,MX17024,Tlaltizapán de Zapata,2024-12-15,2025-12-15
MEX94691,2024-10-24,2024,Political violence,Violence against civilians,Attack,484,North America,Mexico,Chihuahua,Chihuahua,Chihuahua,28.6368,-106.0763,Tiempo,"On 24 October 2024, in Chihuahua, Chihuahua, two armed men shot and killed a man in Colonia Diaz Ordaz and then fled the scene. The man died as a result. 1 fatality.",1,MX08019,Chihuahua,2024-12-15,2025-12-15
MEX94697,2024-10-24,2024,Political violence,Violence against civilians,Attack,484,North America,Mexico,Nuevo León,Linares,Linares,24.8597,-99.5679,El Norte,"Around 24 October 2024 (as reported), in Linares, Nuevo Leon, a couple was killed and the bodies were found with signs of torture at the entrance to Ejido Berlanga Garcia. 2 fatalities.",2,MX19033,Linares,2024-12-15,2025-12-15
MEX94698,2024-10-24,2024,Political violence,Violence against civilians,Attack,484,North America,Mexico,Nuevo León,Montemorelos,Montemorelos,25.1893,-99.827,El Norte,"On 24 October 2024, in Montemorelos, Nuevo Leon, two armed individuals opened fire and shot and killed two men in Colonia Arboledas del Rio Pilon. 2 fatalities.",2,MX19038,Montemorelos,2024-12-15,2025-12-15
MEX94699,2024-10-24,2024,Political violence,Violence against civilians,Attack,484,North America,Mexico,Jalisco,Tlajomulco de Zuniga,Tlajomulco de Zuniga,20.4736,-103.4431,El Norte,"On 24 October 2024, in Tlajomulco de Zuniga, Jalisco, two men on a motorcycle arrived and shot at a retired military man in Colonia Hacienda de Oro who repelled the aggression by shooting a gun. The man died as a result and the victim was identified as a former military officer. 1 fatality.",1,MX14097,Tlajomulco de Zúñiga,2024-12-15,2025-12-15
MEX94700,2024-10-24,2024,Political violence,Violence against civilians,Attack,484,North America,Mexico,Michoacán,Tancitaro,Zirimbo,19.3012,-102.3179,MiMorelia,"Around 24 October 2024 (as reported), in Zirimbo, Michoacan de Ocampo, a man was killed and his body was found with signs of torture in an avocado field. 1 fatality.",1,MX16083,Tancítaro,2024-12-15,2025-12-15
MEX94701,2024-10-25,2024,Political violence,Violence against civilians,Attack,484,North America,Mexico,Tabasco,Cardenas,Cardenas,17.9894,-93.3769,La Silla Rota; Tabasco Hoy,"On 25 October 2024, in Cardenas, Tabasco, unknown armed individuals attacked the former collaborator of the former president of the PRI party in his home in Colonia Tabasco. The victim died as a result and his wife was injured. 1 fatality, 1 injury.",1,MX27002,Cárdenas,2024-12-15,2025-12-15
MEX94702,2024-10-25,2024,Political violence,Violence against civilians,Attack,484,North America,Mexico,Nuevo León,El Carmen,Carmen,25.9322,-100.3641,El Norte,"On 25 October 2024, in Carmen, Nuevo Leon, at least two armed men chased a man through the streets and shot him dead. The victim was found with a gun in his hand and investigators were yet to confirm whether he had the gun or it was put it on him. 1 fatality.",1,MX19010,El Carmen,2024-12-15,2025-12-15
MEX94703,2024-10-25,2024,Political violence,Violence against civilians,Attack,484,North America,Mexico,Nuevo León,Apodaca,Ciudad Apodaca,25.7813,-100.1892,Milenio,"On 25 October 2024, in Ciudad Apodaca, Nuevo Leon, at least two armed individuals opened fire at the facade of a home in Colonia Nuevo Amanecer and injured a woman who is the owner of the home. 1 injury.",0,MX19006,Apodaca,2024-12-15,2025-12-15
MEX94704,2024-10-25,2024,Political violence,Violence against civilians,Attack,484,North America,Mexico,Ciudad de Mexico,Venustiano Carranza,Ciudad de Mexico - Venustiano Carranza,19.4193,-99.1137,El Norte; La Jornada,"On 25 October 2024, in Ciudad de Mexico - Venustiano Carranza, several armed individuals opened fire at two men from a roof in Colonia Morelos. Both men died as a result and a woman and a teenager were injured. Also in Venustiano Carranza district, several men entered a home and shot and killed a man in the housing unit Colonia Candelaria de los Patos. 3 fatalities, 2 injuries.",3,MX09017,Venustiano Carranza,2024-12-15,2025-12-15
MEX94708,2024-10-25,2024,Political violence,Explosions/Remote violence,Air/drone strike,484,North America,Mexico,Michoacán,Paracuaro,Los Bancos,19.1828,-102.2077,La Voz de Michoacan,"On 25 October 2024, in Los Bancos, Michoacan de Ocampo, unknown armed individuals launched an explosive device from a drone near a kindergarten. There were no injuries.",0,MX16064,Parácuaro,2024-12-15,2025-12-15
MEX94709,2024-10-25,2024,Political violence,Violence against civilians,Attack,484,North America,Mexico,Tabasco,Paraiso,Paraiso,18.3982,-93.2123,La Silla Rota,"On 25 October 2024, in Paraiso, Tabasco, two armed individuals threw a molotov cocktail at a barbershop which caught fire while people was inside. There were no injuries.",0,MX27014,Paraíso,2024-12-15,2025-12-15
MEX94710,2024-10-25,2024,Political violence,Violence against civilians,Attack,484,North America,Mexico,Oaxaca,San Carlos Yautepec,San Carlos Yautepec,16.4955,-96.1055,Diario de Morelos,"On 25 October 2024, in San Carlos Yautepec, Oaxaca, unknown armed individuals opened fire at the home of a man who is the son of the mayor. The victim was left uninjured.",0,MX20125,San Carlos Yautepec,2024-12-15,2025-12-15
MEX94712,2024-10-19,2024,Political violence,Battles,Armed clash,484,North America,Mexico,Sonora,Hermosillo,Hermosillo,29.0749,-110.959,El Proceso; Riodoce,"On 19 October 2024, in Hermosillo, Sonora, two armed individuals shot at two municipal police officers who approached them on a path around the premises of Union Ganadera, killing one and injuring the other. 1 fatality.",1,MX26030,Hermosillo,2024-12-15,2025-12-15
MEX94713,2024-10-21,2024,Political violence,Battles,Armed clash,484,North America,Mexico,Guanajuato,Acambaro,Acambaro,20.0354,-100.7193,Zona Franca,"On 21 October 2024, in Acambaro, Guanajuato, there was an armed clash between armed individuals and the municipal police during a police control after several armed men shot at the police in Colonia La Carpa. The police repelled the attack. One officer and three armed men were injured.",0,MX11002,Acámbaro,2024-12-15,2025-12-15
MEX94716,2024-10-25,2024,Political violence,Battles,Armed clash,484,North America,Mexico,Ciudad de Mexico,Benito Juarez,Ciudad de Mexico - Benito Juarez,19.372,-99.1579,El Norte,"On 25 October 2024, in Ciudad de Mexico - Benito Juarez, state police officers attempted to stop a man with suspicious behavior who opened fire at the police officers in Colonia Santa Cruz Atoyac. The police officers repelled the aggression and injured the man. 1 injury.",0,MX09014,Benito Juárez,2024-12-15,2025-12-15
MEX94719,2024-10-24,2024,Political violence,Battles,Armed clash,484,North America,Mexico,Sonora,San Luis Rio Colorado,San Luis Rio Colorado,32.4798,-114.7796,Entorno Informativo,"On 24 October 2024, in San Luis Rio Colorado, Sonora, state police officers intercepted individuals inside a vehicle who shot the police officers and fled the scene Ejido Islita. One state police officer was injured and a civilian was injured as well. 2 injuries.",0,MX26055,San Luis Río Colorado,2024-12-15,2025-12-15
MEX94720,2024-10-24,2024,Political violence,Battles,Armed clash,484,North America,Mexico,Chiapas,Tuxtla Gutierrez,Tuxtla Gutierrez,16.754,-93.1152,La Jornada,"On 24 October 2024, in Tuxtla Gutierrez, Chiapas, armed individuals in two vehicles opened fire at state police officers who repelled the aggression and chased the individuals until Colonia Hidalgo. Two armed individuals were killed and two were arrested. Three state police officers were injures. 2 fatalities.",2,MX07101,Tuxtla Gutiérrez,2024-12-15,2025-12-15
MEX94721,2024-10-25,2024,Political violence,Battles,Armed clash,484,North America,Mexico,Tabasco,Comalcalco,Comalcalco,18.266,-93.225,La Silla Rota,"On 25 October 2024, in Comalcalco, Tabasco, unknown armed individuals opened fire at a security guard who died together with a civilian. 2 fatalities.",2,MX27005,Comalcalco,2024-12-15,2025-12-15
MEX94724,2024-10-23,2024,Political violence,Battles,Armed clash,484,North America,Mexico,Sinaloa,Culiacan,Las Arenitas,24.3722,-107.536,El Sol de Sinaloa; Riodoce,"On 23 October 2024, in Las Arenitas, Sinaloa, armed rival groups engaged in an armed clash. There were no casualties.",0,MX25006,Culiacán,2024-12-15,2025-12-15
MEX94725,2024-10-24,2024,Political violence,Battles,Armed clash,484,North America,Mexico,Sonora,Caborca,La Y Griega,30.8076,-112.7174,La Silla Rota,"On 24 October 2024, in La Y Griega, Sonora, an armed clash was reported between rival groups. The armed suspects threw tire punctures on the road. There were no casualties.",0,MX26017,Caborca,2024-12-15,2025-12-15
MEX94727,2024-10-17,2024,Political violence,Violence against civilians,Attack,484,North America,Mexico,Tabasco,Centro,Macultepec,18.1502,-92.8609,Tabasco Hoy,"On 17 October 2024, near Macultepec, Tabasco, two armed individuals on a vehicle shot at a man who was driving a van on km. 16 of Villahermosa-Frontera road (drive-by). The victim, uninjured, fled towards the police station in the village of Ocuitlzapotlan, where he received protection. The victim is the deputy homicide prosecutor of the State Attorney General's Office, and had recently been removed from his position at the High Impact and Anti-Kidnapping Deputy District Attorney's Office.",0,MX27004,Centro,2024-12-15,2025-12-15
MEX94728,2024-10-17,2024,Political violence,Violence against civilians,Attack,484,North America,Mexico,Veracruz de Ignacio de la Llave,Playa Vicente,Playa Vicente,17.8303,-95.8134,24 Horas (Mexico); AFP,"Around 17 October 2024 (as reported), in Playa Vicente, Veraruz de Ignacio de la Llave, a man was killed and his body was found in his ranch. The victim was an afro-descendant community leader and Afro-Mexican rights and culture activist who had been threatened by criminal organizations. The criminal organizations suspectedly wanted the victim to mediate and grant them the community's support. 1 fatality.",1,MX30130,Playa Vicente,2024-12-15,2025-12-15
MEX94729,2024-10-18,2024,Political violence,Violence against civilians,Attack,484,North America,Mexico,Nuevo León,Apodaca,Ciudad Apodaca,25.7813,-100.1892,Milenio,"On 18 October 2024, in Ciudad Apodaca, Nuevo Leon, three armed individuals on a vehicle shot and killed a taxi driver on Del Sendero street, between Elisa Garza and Leona Vicario streets, in Colonia Villa Luz (drive-by). 1 fatality.",1,MX19006,Apodaca,2024-12-15,2025-12-15
MEX94732,2024-10-19,2024,Political violence,Violence against civilians,Attack,484,North America,Mexico,Chihuahua,Chihuahua,Chihuahua,28.6368,-106.0763,Tiempo,"Around 19 October 2024 (as reported), in Chihuahua, Chihuahua, armed individuals on a taxi shot and killed a man in the intersection of 106 and Roberto Fierro streets, in Colonia Pavis Borunda (drive-by). 1 fatality.",1,MX08019,Chihuahua,2024-12-15,2025-12-15
MEX94733,2024-10-19,2024,Political violence,Violence against civilians,Attack,484,North America,Mexico,México,Nezahualcoyotl,Ciudad Nezahualcoyotl,19.4088,-99.0182,Reforma,"On 19 October 2024, in Ciudad Nezahualcoyotl, Mexico, armed individuals on a motorbike shot at people at 'La Guera' butcher's shop on 7 street, in Colonia Juarez Pantitlan, killing three employees (drive-by). 3 fatalities.",3,MX15058,Nezahualcóyotl,2024-12-15,2025-12-15
MEX94734,2024-10-19,2024,Political violence,Violence against civilians,Attack,484,North America,Mexico,Sonora,Cajeme,Ciudad Obregon,27.4965,-109.9327,Entorno Informativo,"Around 19 October 2024 (as reported), in Ciudad Obregon, Sonora, a man was killed and his body was found with signs of violence and a narco-message in colonia Sostenes Valenzuela Miller. 1 fatality.",1,MX26018,Cajeme,2024-12-15,2025-12-15
MEX94735,2024-10-19,2024,Political violence,Violence against civilians,Attack,484,North America,Mexico,Morelos,Cuernavaca,Cuernavaca,18.9218,-99.2349,Diario de Morelos,"On 19 October 2024, in Cuernavaca, Morelos, according to witnesses, several armed men shot and killed a man that was driving a motorbike on Gavilanes street, behind Barona's sport fields, in Colonia Unidad Deportiva. The perpetrators left a cardboard with a message in which they accused the victim of stealing motorbikes. 1 fatality.",1,MX17007,Cuernavaca,2024-12-15,2025-12-15
MEX94740,2024-10-19,2024,Political violence,Violence against civilians,Attack,484,North America,Mexico,Colima,Minatitlan,Minatitlan,19.386,-104.0493,La Verdad; SDP Noticias,"Around 19 October 2024 (as reported), in Minatitlan, Colima, a man was killed and his body was found with gunshot wounds and a cardboard with a threatening message inside a car on Minatitlan-Manzanillo road. The victim was affiliated to the PRI and was a former mayor, former municipal president, former local congressman, and former state police officer. 1 fatality.",1,MX06008,Minatitlán,2024-12-15,2025-12-15
MEX94741,2024-10-20,2024,Political violence,Violence against civilians,Attack,484,North America,Mexico,Tabasco,Cardenas,Cardenas,17.9894,-93.3769,Tabasco Hoy,"Around 20 October 2024 (month of), in Cardenas, Tabasco, a man was killed and his body was found with the feet tied with a chain and in an advance state of decomposition on a side of the road that connects the Second Section of Colonia El Bajio and the First Section of Ejido Habanero. 1 fatality.",1,MX27002,Cárdenas,2024-12-15,2025-12-15
MEX94744,2024-10-20,2024,Political violence,Violence against civilians,Attack,484,North America,Mexico,Chihuahua,Hidalgo del Parral,Hidalgo del Parral,26.9221,-105.6671,Tiempo,"Around 20 October 2024 (as reported), near Hidalgo del Parral, Chihuhua, a man was killed and his body was found with the head covered in tape, the hands tied, and a message that said 'This happened to you for stealing cars', on km. 50 of the road leading to Parral. 1 fatality.",1,MX08032,Hidalgo del Parral,2024-12-15,2025-12-15
MEX94747,2024-10-20,2024,Political violence,Violence against civilians,Attack,484,North America,Mexico,Nuevo León,Montemorelos,Montemorelos,25.1893,-99.827,Metro Monterrey,"Around 20 October 2024 (as reported), in Montemorelos, Nuevo Leon, a man was killed and the body was found beaten up and hanged from a tree. 1 fatality.",1,MX19038,Montemorelos,2024-12-15,2025-12-15
MEX94749,2024-10-20,2024,Political violence,Violence against civilians,Attack,484,North America,Mexico,Michoacán,Zamora,Zamora de Hidalgo,19.9836,-102.286,La Voz de Michoacan; MiMorelia,"Around 20 October 2024 (as reported), near Zamora de Hidalgo, Michoacan de Ocampo, a woman was killed and her burnt body was found on km. 3,5 of Libramiento Norte road, near Colonia El Mirador. 1 fatality.",1,MX16108,Zamora,2024-12-15,2025-12-15
MEX94751,2024-10-21,2024,Political violence,Violence against civilians,Attack,484,North America,Mexico,Guanajuato,Celaya,Celaya,20.5215,-100.814,Zona Franca,"Around 21 October 2024 (as reported), in Celaya, Guanajuato, a man was shot and killed by armed men in a vehicle in a drive-by shooting on Avenida Las Torres. 1 fatality.",1,MX11007,Celaya,2024-12-15,2025-12-15
MEX94752,2024-10-21,2024,Political violence,Violence against civilians,Attack,484,North America,Mexico,Michoacán,Charo,Charo,19.7475,-101.0469,La Voz de Michoacan,"Around 21 October 2024 (as reported), in Charo, Michoacan, a man was killed and his body was found beheaded. According to the investigations, the victim was killed around four days before. 1 fatality.",1,MX16022,Charo,2024-12-15,2025-12-15
MEX94753,2024-10-21,2024,Political violence,Violence against civilians,Attack,484,North America,Mexico,Chihuahua,Chihuahua,Chihuahua,28.6368,-106.0763,Tiempo,"On 21 October 2024, in Chihuahua, Chihuahua, two armed men on a motorcycle shot and killed (drive-by) two men in Colonia Girasoles. 2 fatalities.",2,MX08019,Chihuahua,2024-12-15,2025-12-15
MEX94757,2024-10-21,2024,Political violence,Violence against civilians,Attack,484,North America,Mexico,Guanajuato,Irapuato,Irapuato,20.6728,-101.3481,Milenio; Zona Franca,"On 21 October 2024, in Irapuato, Guanajuato, an off-duty municipal police officer was shot and killed by armed individuals in a vehicle in a drive-by shooting in Plaza del Comercio. 1 fatality.",1,MX11017,Irapuato,2024-12-15,2025-12-15
MEX94761,2024-10-21,2024,Political violence,Violence against civilians,Attack,484,North America,Mexico,Michoacán,Morelia,Morelia,19.7034,-101.192,La Voz de Michoacan,"On 21 October 2024, in Morelia, Michoacan, two armed men on a motorcycle shot and killed a man who was walking his dog in colonia Chapultepec Norte (drive-by). 1 fatality.",1,MX16053,Morelia,2024-12-15,2025-12-15
MEX94762,2024-10-21,2024,Political violence,Violence against civilians,Attack,484,North America,Mexico,Guanajuato,Silao de la Victoria,Silao de la Victoria,20.9445,-101.4262,Zona Franca,"On 21 October 2024, in Silao de la Victoria, Guanajuato, two armed men on a motorcycle shot and killed a man in a drive-by shooting in Colonia Barrio Nuevo. The event occurred after a fight in which the victim was involved. 1 fatality.",1,MX11037,Silao de la Victoria,2024-12-15,2025-12-15
MEX94763,2024-10-21,2024,Political violence,Violence against civilians,Attack,484,North America,Mexico,Jalisco,San Pedro Tlaquepaque,Tlaquepaque,20.6386,-103.3072,Milenio,"Around 21 October 2024 (as reported), in Tlaquepaque, Jalisco, a person was killed and the body was found burned in colonia Guayabitos. 1 fatality.",1,MX14098,San Pedro Tlaquepaque,2024-12-15,2025-12-15
MEX94764,2024-10-22,2024,Political violence,Violence against civilians,Attack,484,North America,Mexico,Nuevo León,Santa Catarina,Ciudad Santa Catarina,25.6744,-100.4617,Milenio,"Around 22 October 2024 (as reported), in Ciudad Santa Catarina, Nuevo Leon, a man was killed and the body was found wrapped in blankets and tied up in Cerro de las Mitras. 1 fatality.",1,MX19048,Santa Catarina,2024-12-15,2025-12-15
MEX94766,2024-10-22,2024,Political violence,Violence against civilians,Attack,484,North America,Mexico,Nuevo León,Garcia,Garcia,25.8005,-100.5855,El Norte,"On 22 October 2024, in Garcia, Nuevo Leon, armed individuals opened fire from a vehicle at a taxi driver and a passenger (drive-by) in Colonia Paseo del Nogal. Both were injured as a result. 2 injuries.",0,MX19018,García,2024-12-15,2025-12-15
MEX94771,2024-10-22,2024,Political violence,Violence against civilians,Attack,484,North America,Mexico,Coahuila de Zaragoza,San Juan de Sabinas,Nueva Rosita,27.9339,-101.217,Entorno Informativo,"Around 22 October 2024 (month of), in Nueva Rosita, Coahuila, a man was killed and the body was found in an advanced state of decomposition with bondages around his feet in Ejido San Jose. 1 fatality.",1,MX05032,San Juan de Sabinas,2024-12-15,2025-12-15
MEX94772,2024-10-22,2024,Political violence,Violence against civilians,Attack,484,North America,Mexico,San Luis Potosí,San Luis Potosi,Villa de Pozos,22.0957,-100.8747,Antena San Luis,"Around 22 October 2024 (as reported), in Villa de Pozos, San Luis Potosi, a man was killed and his body was found tied and on the side of the road close to Colonia Los Silos. 1 fatality.",1,MX24028,San Luis Potosí,2024-12-15,2025-12-15
MEX94773,2024-10-23,2024,Political violence,Violence against civilians,Attack,484,North America,Mexico,Morelos,Ayala,Abelardo L. Rodriguez,18.7379,-98.9858,La Silla Rota,"Around 23 October 2024 (as reported), in Abelardo L. Rodriguez, Morelos, a person was killed and the body was found burned inside a cemetary in Abelardo Rodriguez. 1 fatality.",1,MX17004,Ayala,2024-12-15,2025-12-15
MEX94774,2024-10-23,2024,Political violence,Violence against civilians,Attack,484,North America,Mexico,Nuevo León,Juarez,Benito Juarez,25.6513,-100.106,El Norte,"On 23 October 2024, in Benito Juarez, Nuevo Leon, armed individuals on a motorcycle opened fire at a man from a moving motorcycle (drive-by) in Colonia Cerro de la Silla. The man was injured and transported to the hospital. 1 injury.",0,MX19031,Juárez,2024-12-15,2025-12-15
MEX94775,2024-10-23,2024,Political violence,Violence against civilians,Attack,484,North America,Mexico,Nuevo León,Santa Catarina,Ciudad Santa Catarina,25.6744,-100.4617,El Norte,"Around 23 October 2024 (as reported), in Ciudad Santa Catarina, Nuevo Leon, a man was killed and his body was found tied to a stretcher in Colonia Cima de las Mitras with signs of torture and wrapped in sheets. 1 fatality.",1,MX19048,Santa Catarina,2024-12-15,2025-12-15
MEX94778,2024-10-23,2024,Political violence,Violence against civilians,Attack,484,North America,Mexico,Puebla,Atlixco,San Jeronimo Caleras,18.845,-98.3417,Milenio,"Around 23 October 2024 (month of), in San Jeronimo Caleras, Puebla, a person was killed and the body was found tied and with a plastic bag covering the victim's face. The body was in a state of decomposition. 1 fatality.",1,MX21019,Atlixco,2024-12-15,2025-12-15
MEX94779,2024-10-23,2024,Political violence,Violence against civilians,Attack,484,North America,Mexico,Baja California,Tijuana,Tijuana,32.5325,-117.019,AFN - Tijuana,"Around 23 October 2024 (as reported), in Tijuana, Baja California, a couple was killed and the bodies were found tied and covered with a blanket in Colonia La Joya. 2 fatalities.",2,MX02004,Tijuana,2024-12-15,2025-12-15
MEX94780,2024-10-24,2024,Political violence,Violence against civilians,Attack,484,North America,Mexico,Guerrero,Coyuca de Benitez,Coyuca de Benitez,17.009,-100.0894,El Norte,"Around 24 October 2024 (as reported), in Coyuca de Benitez, Guerrero, a person was killed and the dismembered body was found on the Acapulco-Zihuatanejo highway. The event is linked to a clash that took place in the vicinity of Tecpan de Galeana (coded separately). 1 fatality.",1,MX12021,Coyuca de Benítez,2024-12-15,2025-12-15
MEX94783,2024-10-24,2024,Political violence,Violence against civilians,Attack,484,North America,Mexico,Veracruz de Ignacio de la Llave,Minatitlan,Minatitlan,17.991,-94.5484,El Norte; La Silla Rota,"Around 24 October 2024 (as reported), in Minatitlan, Veracruz de Ignacio de la Llave, a man was killed and the decapitated head was found at the entrance to the state traffic police station in Colonia Petrolera inside a suitcase. The remains of the body were found on the Cosoleacaque-Acayucan highway. 1 fatality.",1,MX30108,Minatitlán,2024-12-15,2025-12-15
MEX94785,2024-10-24,2024,Political violence,Violence against civilians,Attack,484,North America,Mexico,Morelos,Jojutla,Tequesquitengo,18.6115,-99.2595,Diario de Morelos,"On 24 October 2024, in Tequesquitengo, Morelos, armed individuals traveling in two vehicles opened fire at a man while he was driving on the Galeana-Tequesquitengo highway and shot him (drive-by). The man died as a result. 1 fatality.",1,MX17012,Jojutla,2024-12-15,2025-12-15
MEX94786,2024-10-24,2024,Political violence,Violence against civilians,Attack,484,North America,Mexico,Baja California,Tijuana,Tijuana,32.5325,-117.019,AFN - Tijuana,"Around 24 October 2024 (as reported), in Tijuana, Baja California, a person was killed and the body was found with hands and feet tied and covered with a plastic bag in Colonia Centro. 1 fatality.",1,MX02004,Tijuana,2024-12-15,2025-12-15
MEX94787,2024-10-24,2024,Political violence,Violence against civilians,Attack,484,North America,Mexico,Chiapas,Marques de Comillas,Zamora Pico de Oro,16.3323,-90.7653,Milenio,"On 24 October 2024, in Zamora Pico de Oro, Chiapas, two men arrived at the home of the former mayor of Marques de Comillas and shot and killed him in Colonia La Candelaria. The victim was affiliated with the Labor party. 1 fatality.",1,MX07116,Marqués de Comillas,2024-12-15,2025-12-15
MEX94793,2024-10-25,2024,Political violence,Violence against civilians,Attack,484,North America,Mexico,Tabasco,Centro,Villahermosa,17.9878,-92.9194,La Silla Rota,"Around 25 October 2024 (as reported), in Villahermosa, Tabasco, a man was killed and his body was found underneath a bridge at the ranch Acachapan y Colmena. A message was found next to the body. 1 fatality.",1,MX27004,Centro,2024-12-15,2025-12-15
MEX94794,2024-10-21,2024,Political violence,Battles,Armed clash,484,North America,Mexico,Sonora,Caborca,Caborca,30.7166,-112.1562,El Universal (Mexico); Entorno Informativo,"On 21 October 2024, around Caborca, Sonora, there was an armed clash between armed individuals from a criminal group and the military forces and ministerial police. The clash ensued while the officers were carrying out an investigation to look for a man that had been kidnapped a week before on the Caborca-Altar road. Four armed men were killed. 4 fatalities.",4,MX26017,Caborca,2024-12-15,2025-12-15
MEX94796,2024-10-18,2024,Political violence,Battles,Armed clash,484,North America,Mexico,Nuevo León,Apodaca,Ciudad Apodaca,25.7813,-100.1892,El Norte,"On 18 October 2024, in Ciudad Apodaca, Nuevo Leon, according to witnesses, armed individuals on a motorbike shot at houses and vehicles on Yuca street, in Colonia Los Ebanos (drive-by). Armed residents responded and fired back. Police officers later arrested the three people (a man and two underage boys) involved in the shooting, and seized a fireweapon and drugs. Casualties unknown.",0,MX19006,Apodaca,2024-12-15,2025-12-15
MEX94797,2024-10-20,2024,Political violence,Battles,Armed clash,484,North America,Mexico,Sinaloa,Elota,Los Tanques,24.0634,-107.0135,Milenio; Riodoce,"On 20 October 2024, in Los Tanques, Sinaloa, armed groups clashed. Officers arrived at the place and found seven burning vehicles, one of them armored. This event is suspectedly linked to an armed clash that took place in Higueras de Abuya the same day (coded separately), and is likely part of the war between 'Los Chapitos' and 'Los Mayitos' factions of the Sinaloa Cartel. Casualties unknown.",0,MX25008,Elota,2024-12-15,2025-12-15
MEX94798,2024-10-22,2024,Political violence,Battles,Armed clash,484,North America,Mexico,Baja California Sur,Mulege,Mulege,26.8914,-111.9826,Zeta Tijuana,"Around 22 October 2024 (as reported), in Mulege, Baja California, a gang leader in the community of Guerrero Negro was shot and killed by armed individuals in a vehicle who intercepted him (drive-by). The victim was placed on the latest criminal map as the one who controlled the flow of weapons and drugs in the northern part of the state. 1 fatality.",1,MX03002,Mulegé,2024-12-15,2025-12-15
MEX94637,2024-10-21,2024,Political violence,Battles,Armed clash,484,North America,Mexico,Sinaloa,Culiacan,Carboneras,24.7757,-107.2461,El Sol de Sinaloa; La Prensa de Monclova; Riodoce,"On 21 October 2024, in Carboneras, Sinaloa, there was an armed clash between suspected members of the Sinaloa Cartel and the military forces. This event is related to a similar clash reported in Alcoyonqui community in the same municipality. During both clashes a total of 19 people were killed. It is unknown the exact number of people who was killed in this location. 19 fatalities split across two clashes coded in Alcoyonqui and Carboneras, 9 fatalities coded in this event.",9,MX25006,Culiacán,2024-12-15,2025-12-15
MEX94714,2024-10-24,2024,Political violence,Explosions/Remote violence,Remote explosive/landmine/IED,484,North America,Mexico,Guanajuato,Acambaro,Acambaro,20.0354,-100.7193,El Universal (Mexico); La Silla Rota,"On 24 October 2024, in Acambaro, Guanajuato, unknown armed individuals set an explosive device in a car outside the Municipal Public Security building which exploded. Three officers were injured as a result. The attack also caused damages to the building and two homes. Local authorities, later arrested two men for this incident and another one in Jerecuaro (coded separately). 3 injuries.",0,MX11002,Acámbaro,2024-12-15,2025-12-15
MEX94715,2024-10-24,2024,Political violence,Explosions/Remote violence,Remote explosive/landmine/IED,484,North America,Mexico,Guanajuato,Jerecuaro,Jerecuaro,20.15,-100.5105,Diario de Morelos; El Universal (Mexico); La Silla Rota,"On 24 October 2024, in Jerecuaro, Guanajuato, unknown armed individuals set a bomb into a car which exploded in the historic center damaging buildings and a municipal police car. Local authorities, later arrested two men for this incident and another one in Acambaro (coded separately). There were no injuries.",0,MX11019,Jerécuaro,2024-12-15,2025-12-15
MEX94655,2024-10-19,2024,Political violence,Violence against civilians,Attack,484,North America,Mexico,San Luis Potosí,Soledad de Graciano Sanchez,Soledad de Graciano Sanchez,22.1891,-100.9379,Antena San Luis,"On 19 October 2024, in Soledad de Graciano Sanchez, San Luis Potosi, several armed men shot and killed a man when he was driving on Fraccionamiento Residencial del Bosque. 1 fatality.",1,MX24035,Soledad de Graciano Sánchez,2024-12-15,2025-12-15
MEX94804,2024-10-25,2024,Political violence,Violence against civilians,Attack,484,North America,Mexico,Chihuahua,Chihuahua,Chihuahua,28.6368,-106.0763,Tiempo,"On 25 October 2024, in Chihuahua, Chihuahua, two armed individuals opened fire and shot a man in Colonia Urbi Villas del Prado. The man was injured as a result. 1 injury.",0,MX08019,Chihuahua,2024-12-15,2025-12-15
MEX94807,2024-10-25,2024,Political violence,Violence against civilians,Attack,484,North America,Mexico,Jalisco,Union de San Antonio,Union de San Antonio,21.1281,-102.0072,Mural,"Around 25 October 2024 (as reported), in Union de San Antonio, Jalisco, a man was killed and the body was found with his hands tied close to the ranch San Angel on the Union de San Antonio-Lagos de Moreno highway. 1 fatality.",1,MX14109,Unión de San Antonio,2024-12-15,2025-12-15
MEX94809,2024-10-25,2024,Political violence,Violence against civilians,Attack,484,North America,Mexico,Nuevo León,Juarez,Benito Juarez,25.6513,-100.106,El Norte,"On 25 October 2024, in Benito Juarez, Nuevo Leon, according to witnesses, two armed men entered a home in Colonia Residencial Los Olivos and shot a man to death. 1 fatality.",1,MX19031,Juárez,2024-12-15,2025-12-15
MEX94810,2024-10-25,2024,Political violence,Violence against civilians,Attack,484,North America,Mexico,Puebla,Puebla,Heroica Puebla de Zaragoza,19.044,-98.1975,E-Consulta,"On 25 October 2024, in Heroica Puebla de Zaragoza, Puebla, unknown armed individuals shot and killed an off-duty municipal transit officer outside the Las Animas Walmart. 1 fatality.",1,MX21114,Puebla,2024-12-15,2025-12-15
MEX94817,2024-10-26,2024,Political violence,Violence against civilians,Attack,484,North America,Mexico,Campeche,Escarcega,Escarcega,18.6065,-90.738,Tribuna Campeche,"On 26 October 2024, in Escarcega, Campeche, two men arrived at a business and opened fire at the owner and hairdresser in Colonia Benito Juarez. The man was injured as a result. 1 injury.",0,MX04009,Escárcega,2024-12-15,2025-12-15
MEX94821,2024-10-26,2024,Political violence,Violence against civilians,Attack,484,North America,Mexico,Ciudad de Mexico,Iztapalapa,Ciudad de Mexico - Iztapalapa,19.359,-99.0926,Metro Mx,"On 26 October 2024, in Ciudad de Mexico - Iztapalapa, two armed individuals attacked and killed a man at the Central de Abasto (Ceda). One of the perpetrators was found and arrested. 1 fatality.",1,MX09007,Iztapalapa,2024-12-15,2025-12-15
MEX94822,2024-10-26,2024,Political violence,Battles,Armed clash,484,North America,Mexico,Ciudad de Mexico,Venustiano Carranza,Ciudad de Mexico - Venustiano Carranza,19.4193,-99.1137,El Norte,"On 26 October 2024, in Ciudad de Mexico - Venustiano Carranza, armed individuals shot at least 30 times and killed a 19 year old man in Colonia Morelos. The victim was linked to the group La Union Tepito. 1 fatality.",1,MX09017,Venustiano Carranza,2024-12-15,2025-12-15
MEX94829,2024-10-26,2024,Political violence,Battles,Armed clash,484,North America,Mexico,Guerrero,Atlixtac,San Pedro Huitzapula Norte,17.4268,-98.8066,El Sol de Acapulco,"On 26 October 2024, in San Pedro Huitzapula Norte, Guerrero, there was an armed clash between armed men and members of the San Juan Communal Militia. Thirty minutes later, the same armed individuals opened fire at the home of the Commissioner (unknown if he was inside) and members of the community police San Juan repelled the aggression. There were no injuries.",0,MX12010,Atlixtac,2024-12-15,2025-12-15
MEX94830,2024-10-26,2024,Political violence,Battles,Armed clash,484,North America,Mexico,Guerrero,Tecpan de Galeana,Tetitlan,17.1586,-100.6397,Milenio,"Around 26 October 2024 (as reported), near Tetitlan, Guerrero, four people were killed and their bodies were found in the outskirts of the community with signs of torture. Later, two other victims were found, all wearing military-type clothing and boots. All the victims are suspected to be members of the GNG. 6 fatalities.",6,MX12057,Técpan de Galeana,2024-12-15,2025-12-15
MEX94835,2024-10-26,2024,Political violence,Battles,Armed clash,484,North America,Mexico,Michoacán,Tangamandapio,La Cantera,19.8647,-102.4094,La Voz de Michoacan,"On 26 October 2024, in La Cantera, Michoacan de Ocampo, a group of armed individuals in vehicles shot at the base of the municipal police (likely with police officers inside) and a police patrol (drive-by). According to the local Tenencia Chief (assistant to the municipal public administration), after that several armed individuals tried to force their way into his house but failed to do so, fired several shots into the air and left. It is suspected that the perpetrators were the same individuals who shot at the police station moments earlier.There were no casualties",0,MX16084,Tangamandapio,2024-12-15,2025-12-15
MEX94836,2024-10-26,2024,Political violence,Violence against civilians,Attack,484,North America,Mexico,Morelos,Tlaltizapan de Zapata,Pueblo Nuevo,18.7011,-99.153,Diario de Morelos,"On 26 October 2024, in Pueblo Nuevo, Morelos, a couple of armed individuals shot a man on his motorcycle on the Galeana-Cuautla highway and then fled the scene. The man died as a result. 1 fatality.",1,MX17024,Tlaltizapán de Zapata,2024-12-15,2025-12-15
MEX94837,2024-10-26,2024,Political violence,Violence against civilians,Attack,484,North America,Mexico,Morelos,Tlaquiltenango,Tlaquiltenango,18.63,-99.1627,Diario de Morelos,"On 26 October 2024, in Tlaquiltenango, Morelos, two armed individuals shot and killed a man drinking alcoholic beverages in Colonia Centro. The man died as a result in a hospital in Jojutla. 1 fatality.",1,MX17025,Tlaquiltenango,2024-12-15,2025-12-15
MEX94845,2024-10-26,2024,Political violence,Battles,Armed clash,484,North America,Mexico,Sinaloa,Culiacan,Campo Eureka,24.4914,-107.423,El Sol de Sinaloa,"On 26 October 2024, close to Campo Eureka, Sinaloa, armed groups engaged in an armed clash. There were no injuries.",0,MX25006,Culiacán,2024-12-15,2025-12-15
MEX94853,2024-10-26,2024,Political violence,Violence against civilians,Attack,484,North America,Mexico,Tabasco,Centro,Villahermosa,17.9878,-92.9194,Tabasco Hoy,"On 26 October 2024, in Villahermosa, Tabasco, unknown armed individuals opened fire and shot at seven off-duty state police officers in Colonia Indeco. Four were killed and three were injured as a result. 4 fatalities, 3 injuries.",4,MX27004,Centro,2024-12-15,2025-12-15
MEX94855,2024-10-26,2024,Political violence,Violence against civilians,Attack,484,North America,Mexico,Zacatecas,Fresnillo,Fresnillo,23.1749,-102.8682,Pagina 24 Zacatecas,"On 26 October 2024, in Fresnillo, Zacatecas, at least two armed men chased and opened fire from a moving car (drive-by) at least four people in a vehicle, including the queen of the Fresnillo fair close to Colonia Benito Juarez. Two men were arrested as a result and there were no injuries.",0,MX32010,Fresnillo,2024-12-15,2025-12-15
MEX94856,2024-10-27,2024,Political violence,Violence against civilians,Attack,484,North America,Mexico,Baja California,Mexicali,Mexicali,32.6412,-115.476,Zeta Tijuana,"On 27 October 2024, in Mexicali, Baja California, two men on a motorcycle opened fire at a man in Colonia Vista del Valle and then fled the scene (drive-by). The man was injured as a result. 1 injury.",0,MX02002,Mexicali,2024-12-15,2025-12-15
MEX94857,2024-10-27,2024,Political violence,Battles,Armed clash,484,North America,Mexico,Campeche,Champoton,Champoton,19.3474,-90.7203,Tribuna Campeche,"On 27 October 2024, in Champoton, Campeche, armed individuals on a motorcycle opened fire (drive-by) and shot a man driving on a motorcycle with his wife on the Ciudad del Sol-La Joya state highway. The man was killed as a result. The victim is suspected to be linked to the sale of drugs. 1 fatality.",1,MX04004,Champotón,2024-12-15,2025-12-15
MEX94858,2024-10-27,2024,Political violence,Violence against civilians,Attack,484,North America,Mexico,Chihuahua,Chihuahua,Chihuahua,28.6368,-106.0763,Tiempo,"On 27 October 2024, in Chihuahua, Chihuahua, two armed men shot and killed a man in Colonia Revolucion. 1 fatality.",1,MX08019,Chihuahua,2024-12-15,2025-12-15
MEX94859,2024-10-27,2024,Political violence,Battles,Armed clash,484,North America,Mexico,Ciudad de Mexico,Cuauhtemoc,Ciudad de Mexico - Cuauhtemoc,19.4313,-99.1531,Reforma,"On 27 October 2024, in Ciudad de Mexico - Cuauhtemoc, armed individuals on a van shot and injured a municipal police officer in the intersection of Los Misterios and La Ronda streets, in Colonia Ex Hipodromo Peralvillo (drive-by). The perpetrators were later arrested in Colonia Jardin Azpeitia, Azcapotzalco. 1 injured.",0,MX09015,Cuauhtémoc,2024-12-15,2025-12-15
MEX94867,2024-10-27,2024,Political violence,Battles,Armed clash,484,North America,Mexico,Guerrero,Atlixtac,San Pedro Huitzapula Norte,17.4268,-98.8066,El Sol de Acapulco,"On 27 October 2024, in San Pedro Huitzapula Norte, Guerrero, members of the community police of Zapotitlan Tablas attacked residents during a meeting at the municipal police station where residents demanded the return of two people who were kidnapped by the community police. One person died, four were injured and one person was missing after the attack. The whereabouts of the missing victim are unknown. 1 fatality, 4 injuries.",1,MX12010,Atlixtac,2024-12-15,2025-12-15
MEX94868,2024-10-27,2024,Political violence,Battles,Armed clash,484,North America,Mexico,Guerrero,Tecoanapa,El Limon,16.9956,-99.3774,Milenio; Reforma,"Around 27 October 2024 (as reported), in El Limon, Guerrero, four people were killed and their bodies were found. Three of the bodies were tied and were wrapped in blankets on the Las Parotas-Coatan strip. The attack is being linked to an armed confrontation involving the GNG. The victims are suspected to be members of the GNG. 4 fatalities.",4,MX12056,Tecoanapa,2024-12-15,2025-12-15
MEX94869,2024-10-27,2024,Political violence,Violence against civilians,Attack,484,North America,Mexico,Guerrero,Tecpan de Galeana,Tecpan de Galeana,17.2226,-100.6324,El Sol de Acapulco,"Around 27 October 2024 (as reported), in Tecpan de Galeana, Guerrero, a person was killed and the body was found with signs of torture, both hands and feet tied and a rope tied to the victim's neck. 1 fatality.",1,MX12057,Técpan de Galeana,2024-12-15,2025-12-15
MEX94870,2024-10-27,2024,Political violence,Violence against civilians,Attack,484,North America,Mexico,Guerrero,Tecpan de Galeana,Tenexpa,17.1834,-100.6722,El Sol de Acapulco,"Around 27 October 2024 (as reported), in Tenexpa, Guerrero, a man was killed and his body was found with signs of torture and dressed in black near a cemetery. 1 fatality.",1,MX12057,Técpan de Galeana,2024-12-15,2025-12-15
MEX94871,2024-10-27,2024,Political violence,Violence against civilians,Attack,484,North America,Mexico,Guerrero,Tecpan de Galeana,Tenexpa,17.1834,-100.6722,El Sol de Acapulco,"Around 27 October 2024 (as reported), close to Tenexpa, Guerrero, four people were killed and their bodies were found with signs of torture and dressed in black between Tenexpa and Rodesia at a point known as Barrancones. 4 fatalities.",4,MX12057,Técpan de Galeana,2024-12-15,2025-12-15
MEX94872,2024-10-27,2024,Political violence,Violence against civilians,Attack,484,North America,Mexico,Jalisco,Tlajomulco de Zuniga,Tlajomulco de Zuniga,20.4736,-103.4431,Milenio,"Around 27 October 2024 (as reported), in Tlajomulco de Zuniga, Jalisco, a man was killed and his body was found with his hands and feet tied in fraccionamiento Villa Fontana Aqua. 1 fatality.",1,MX14097,Tlajomulco de Zúñiga,2024-12-15,2025-12-15
MEX94877,2024-10-27,2024,Political violence,Violence against civilians,Attack,484,North America,Mexico,Sinaloa,Angostura,Leopoldo Sanchez Celis,25.1254,-108.0138,Noroeste,"Around 27 October 2024 (as reported), in Leopoldo Sanchez Celis, Sinaloa, a man was killed and his body was found on the Culiacan-Eldorado highway with signs of torture. 1 fatality.",1,MX25002,Angostura,2024-12-15,2025-12-15
MEX94883,2024-10-27,2024,Political violence,Violence against civilians,Attack,484,North America,Mexico,Sinaloa,El Fuerte,San Blas,26.0776,-108.7599,Riodoce,"On 27 October 2024, in San Blas, Sinaloa, armed individuals in a vehicle opened fire and shot three people near the toll booth on their way to work in Monterrey (drive-by). All thee were killed as a result. 3 fatalities.",3,MX25010,El Fuerte,2024-12-15,2025-12-15
MEX94894,2024-10-28,2024,Political violence,Violence against civilians,Attack,484,North America,Mexico,Ciudad de Mexico,Cuauhtemoc,Ciudad de Mexico - Cuauhtemoc,19.4313,-99.1531,La Silla Rota,"On 28 October 2024, in Ciudad de Mexico - Cuauhtemoc, four people (one of them minor) 'attacked' a woman in Colonia Morelos. The specific type of attack has not been specified but the perpetrators were armed. The perpetrators were arrested when they tried to flee on Herreros street and Congreso de la Union avenue.",0,MX09015,Cuauhtémoc,2024-12-15,2025-12-15
MEX94902,2024-10-28,2024,Political violence,Violence against civilians,Attack,484,North America,Mexico,Guanajuato,Celaya,Palmita de San Gabriel,20.4983,-100.8773,Zona Franca,"Around 28 October 2024 (as reported), in Palmita de San Gabriel, Guanajuato, two men were killed and their bodies were found wrapped in plastic bags and with gunshot wounds. 2 fatalities.",2,MX11007,Celaya,2024-12-15,2025-12-15
MEX94908,2024-10-28,2024,Political violence,Battles,Armed clash,484,North America,Mexico,Guerrero,Atoyac de Alvarez,Atoyac de Alvarez,17.2127,-100.4331,El Sol de Acapulco; Mural,"On 28 October 2024, in Atoyac de Alvarez, Guerrero, army, National Guard, and federal and state police officers clashed with members of Guerrero New Generation Gang (GNG) in Colonia Miranda Fonseca. At least one police officer died. At least 1 fatality.",1,MX12011,Atoyac de Álvarez,2024-12-15,2025-12-15
MEX94917,2024-10-28,2024,Political violence,Violence against civilians,Attack,484,North America,Mexico,Michoacán,Angamacutiro,Angamacutiro de la Union,20.1491,-101.7129,Reforma,"On 28 October 2024, in Angamacutiro de la Union, Michoacan de Ocampo, the woman local Security Secretariat was shot and killed outside her house on Nicolas Bravo street, in Colonia Centro. 1 fatality.",1,MX16004,Angamacutiro,2024-12-15,2025-12-15
MEX94918,2024-10-28,2024,Political violence,Violence against civilians,Attack,484,North America,Mexico,Michoacán,Aquila,Corralitos,18.6238,-103.5051,MiMorelia,"Around 28 October 2024 (as reported), in Corralitos, Michoacan de Ocampo, a man was killed and his burnt body was found inside his burnt van. 1 fatality.",1,MX16008,Aquila,2024-12-15,2025-12-15
MEX94919,2024-10-28,2024,Political violence,Violence against civilians,Attack,484,North America,Mexico,Michoacán,Cotija,Cotija de la Paz,19.8084,-102.7041,MiMorelia; Reforma; Tabasco Hoy,"On 28 October 2024, in Cotija de la Paz, Michoacan de Ocampo, armed individuals shot and killed a former mayor and PRD candidate for mayor near a high school where he worked as a teacher on Campestre street, in Colonia Los Corrales. 1 fatality.",1,MX16019,Cotija,2024-12-15,2025-12-15
MEX94920,2024-10-28,2024,Political violence,Violence against civilians,Attack,484,North America,Mexico,Michoacán,Morelia,Morelia,19.7034,-101.192,MiMorelia,"On 28 October 2024, in Morelia, Michoacan de Ocampo, armed individuals opened fire from a vehicle (drive-by) at a man driving his car who crashed as a result in Colonia El Realito. The man died as a result. 1 fatality.",1,MX16053,Morelia,2024-12-15,2025-12-15
MEX94922,2024-10-28,2024,Political violence,Violence against civilians,Attack,484,North America,Mexico,Morelos,Jiutepec,Jiutepec,18.882,-99.1772,La Silla Rota,"Around 28 October 2024 (as reported), in Jiutepec, Morelos, a person was killed and the body was found with signs of violence and with a message next to the body in Colonia Centro. 1 fatality.",1,MX17011,Jiutepec,2024-12-15,2025-12-15
MEX94923,2024-10-28,2024,Political violence,Violence against civilians,Abduction/forced disappearance,484,North America,Mexico,Nuevo León,El Carmen,Carmen,25.9322,-100.3641,24 Horas (Mexico); El Norte; Zona Franca,"On 28 October 2024, in Carmen, Nuevo Leon, according to security camera recordings, an armed group got off at least two vehicles and abducted a man and a woman in the intersection of Rio Ramos and Arroyo San Miguel streets, in Colonia El Jaral. The victims suspectedly were delivery drivers that were delivering an order. The victims' whereabouts are unknown.",0,MX19010,El Carmen,2024-12-15,2025-12-15
MEX94924,2024-10-28,2024,Political violence,Violence against civilians,Attack,484,North America,Mexico,Nuevo León,Juarez,Benito Juarez,25.6513,-100.106,El Norte,"On 28 October 2024, in Benito Juarez, Nuevo Leon, according to witnesses, two armed individuals entered a home and opened fire at two men and one woman in Colonia Praderas de San Juan. Two men died and the woman was injured. 2 fatalities, 1 injury.",2,MX19031,Juárez,2024-12-15,2025-12-15
MEX94926,2024-10-28,2024,Political violence,Violence against civilians,Attack,484,North America,Mexico,Puebla,Puebla,Heroica Puebla de Zaragoza,19.044,-98.1975,E-Consulta,"On 28 October 2024, in Heroica Puebla de Zaragoza, Puebla, an armed individual intercepted a street vendor close to the church San Judas to demand extortion payments. When the man refused to pay, the perpetrator shot and killed the man. 1 fatality.",1,MX21114,Puebla,2024-12-15,2025-12-15
MEX94932,2024-10-28,2024,Political violence,Battles,Armed clash,484,North America,Mexico,Sinaloa,San Ignacio,Los Brasiles,24.0391,-106.0597,24 Horas (Mexico); El Sol de Sinaloa; Milenio; Noroeste; Riodoce,"On 28 October 2024, in Los Brasiles, Sinaloa, army officers and armed individuals clashed. During the clash, the officers were also attacked from a light aircraft, although the type of attack has not been specified. Two armed individuals were killed and 14 arrested. Authorities seized 19 fireweapons. 2 fatalities.",2,MX25016,San Ignacio,2024-12-15,2025-12-15
MEX94933,2024-10-28,2024,Political violence,Violence against civilians,Attack,484,North America,Mexico,Sonora,Cajeme,Ciudad Obregon,27.4965,-109.9327,Entorno Informativo,"On 28 October 2024, in Ciudad Obregon, Sonora, armed individuals on a vehicle shot at another vehicle on Jalisco and Misiones streets, in Fraccionamiento San Javier, killing a man and injuring another (drive-by). 1 fatality.",1,MX26018,Cajeme,2024-12-15,2025-12-15
MEX94935,2024-10-28,2024,Political violence,Violence against civilians,Attack,484,North America,Mexico,Sonora,San Luis Rio Colorado,San Luis Rio Colorado,32.4798,-114.7796,24 Horas (Mexico),"On 28 October 2024, in San Luis Rio Colorado, Sonora, army officers hit an unspecified number of people, members of the same family, at their house. At least one of the victims is a journalist, and the victims are relatives of a journalist that was killed in Sonora in 2023. The officers claimed that they hit the victims due to unspecified suspicions about their vehicle.",0,MX26055,San Luis Río Colorado,2024-12-15,2025-12-15
MEX94936,2024-10-28,2024,Political violence,Battles,Armed clash,484,North America,Mexico,Tabasco,Centro,Villahermosa,17.9878,-92.9194,Tabasco Hoy,"On 28 October 2024, in Villahermosa, Tabasco, two armed individuals on a motorbike shot and injured a State Preventive Police officer around a gas station and a bank office in Colonia Guayabal (drive-by). In the previous days, a video on social media indicated that the victim suspectedly worked for an organized crime organization. 1 injured.",0,MX27004,Centro,2024-12-15,2025-12-15
MEX94945,2024-10-29,2024,Political violence,Violence against civilians,Attack,484,North America,Mexico,Colima,Manzanillo,Manzanillo,19.0532,-104.3164,El Proceso,"On 29 October 2024, in Manzanillo, Colima, armed individuals on a van shot at two off-duty army officers in the intersection of 20 de Noviembre and Benito Juarez streets, in Colonia Miramar (drive-by). One of the victims died and the other was injured. 1 fatality, 1 injured.",1,MX06007,Manzanillo,2024-12-15,2025-12-15
MEX94958,2024-10-29,2024,Political violence,Battles,Armed clash,484,North America,Mexico,México,Amanalco,San Mateo,19.2804,-100.015,La Silla Rota; Milenio,"On 29 October 2024, in San Mateo, Mexico, state security officers followed an armed man on a motorbike to a house, where members of La Familia Michoacana Cartel shot at them, initiating a clash. After the clash, the officers arrested 12 people, including two cartel leaders in the Valley of Toluca. One of them was one of the most wanted persons in the country. Officers also seized nine fireweapons, 32 magazines, 900 bullets, tactical equipment similar to that used by federal and state police forces, as well as 15 packages of marijuana. Casualties unknown.",0,MX15007,Amanalco,2024-12-15,2025-12-15
MEX94962,2024-10-29,2024,Political violence,Battles,Armed clash,484,North America,Mexico,Nuevo León,Garcia,Garcia,25.8005,-100.5855,Metro Monterrey,"On 29 October 2024, in Garcia, Nuevo Leon, a man came out of a house and shot and killed another man in Colonia Real de San Joaquin. The victim along with a 13-year-old boy intended to kill a woman who was inside the house. The perpetrator fled by car along with another man, a woman and two minors. The victim's accomplice was arrested by the police. 1 fatality.",1,MX19018,García,2024-12-15,2025-12-15
MEX94966,2024-10-29,2024,Political violence,Violence against civilians,Sexual violence,484,North America,Mexico,San Luis Potosí,San Luis Potosi,Rinconada,22.255,-100.9474,Antena San Luis,"Around 29 October 2024 (month of), in Rinconada, San Luis Potosi, a man was killed and his body was found naked, in an advanced state of decomposition, with a gunshot in the head (likely 'tiro de gracia') and dog bite wounds near Zapata street and the airport. 1 fatality.",1,MX24028,San Luis Potosí,2024-12-15,2025-12-15
MEX94977,2024-10-30,2024,Political violence,Battles,Armed clash,484,North America,Mexico,Chiapas,Tuxtla Gutierrez,Tuxtla Gutierrez,16.754,-93.1152,El Proceso; La Jornada,"On 30 October 2024, in Tuxtla Gutierrez, Chiapas, an armed individual got off a taxi, entered the offices of the Federal Commission of Electricity (CFE) on 12 Poniente and 5 streets, in Colonia El Magueyito, and shot at people. A woman municipal police officer doing security work and a CFE employee died, and another CFE employee was injured, but died a day later at the hospital. 3 fatalities.",3,MX07101,Tuxtla Gutiérrez,2024-12-15,2025-12-15
MEX94978,2024-10-30,2024,Political violence,Violence against civilians,Attack,484,North America,Mexico,Chihuahua,Cuauhtemoc,Cuauhtemoc,28.4063,-106.866,Tiempo,"Around 30 October 2024 (month of), in Cuauhtemoc, Chihuahua, a woman was killed and her body was found in an advanced state of decomposition and with 'tiro de gracia' near Ejido Favela. According to the investigations, she was killed around 16 october 2024. 1 fatality.",1,MX08017,Cuauhtémoc,2024-12-15,2025-12-15
MEX94984,2024-10-30,2024,Political violence,Battles,Armed clash,484,North America,Mexico,Ciudad de Mexico,Tlahuac,Ciudad de Mexico - Tlahuac,19.2706,-99.0048,Milenio,"Around 30 October 2024 (as reported), in Ciudad de Mexico - Tlahuac, armed individuals shot at municipal police officers that were patrolling in the intersection of Emiliano Zapata street and Zaragoza avenue, in Colonia Pueblo de San Juan Ixtayopan, initiating a clash that resulted in one armed individual injured. Two armed individuals fled on motorbikes, but were arrested between Miguel Negrete and Ejido streets, together with three other men that intervened and tried to prevent the arrest. One of the arrested is an underage boy. 1 injured.",0,MX09011,Tláhuac,2024-12-15,2025-12-15
MEX94986,2024-10-30,2024,Political violence,Violence against civilians,Attack,484,North America,Mexico,Guanajuato,Celaya,Celaya,20.5215,-100.814,Zona Franca,"Around 30 October 2024 (as reported), in Celaya, Mexico, two armed men on a motorbike shot at a man and a woman on Las Torres avenue, in Colonia La Calesa (drive-by). The man died and the woman was injured. 1 fatality, 1 injured.",1,MX11007,Celaya,2024-12-15,2025-12-15
MEX94991,2024-10-30,2024,Political violence,Violence against civilians,Attack,484,North America,Mexico,México,Tecamac,San Pablo Tecalco,19.673,-98.9583,La Silla Rota,"Around 30 October 2024 (as reported), in San Pablo Tecalco, Mexico, two men were killed and their bodies were found with the hands tied and signs of torture near the lagoon. Five other bodies were found in similar circumstances in the nearby town of Tecamac de Felipe Villanueva (coded separately). 2 fatalities.",2,MX15081,Tecámac,2024-12-15,2025-12-15
MEX94992,2024-10-30,2024,Political violence,Violence against civilians,Attack,484,North America,Mexico,México,Tecamac,Tecamac de Felipe Villanueva,19.7102,-98.9671,El Siglo de Durango,"Around 30 October 2024 (as reported), in Tecamac de Felipe Villanueva, Mexico, five people (three men and two women) were killed and their bodies were found with 'tiro de gracia' on km. 38+500 of Mexico-Pachuca highway, in a place known as 'Puerta Vieja'. A version indicates that this attack took place due to a dispute over a building. Two other bodies were found in similar circumstances in the nearby town of San Pablo Tecalco (coded separately). 5 fatalities.",5,MX15081,Tecámac,2024-12-15,2025-12-15
MEX94993,2024-10-30,2024,Political violence,Violence against civilians,Attack,484,North America,Mexico,Morelos,Xochitepec,Xochitepec,18.7808,-99.2305,Diario de Morelos,"Around 30 October 2024 (as reported), in Xochitepec, Morelos, at least one person was killed and the dismembered body remains were found inside and around plastic bags at the Third Section of Unidad Morelos. At least 1 fatality.",1,MX17028,Xochitepec,2024-12-15,2025-12-15
MEX94995,2024-10-30,2024,Political violence,Battles,Armed clash,484,North America,Mexico,Nuevo León,Hualahuises,Hualahuises,24.8846,-99.6732,El Norte,"On 30 October 2024, in Hualahuises, Nuevo Leon, there was an armed clash between armed individuals against the state and ministerial police, the National Guard and military forces. Three armed men were killed. 3 fatalities.",3,MX19029,Hualahuises,2024-12-15,2025-12-15
MEX94997,2024-10-30,2024,Political violence,Violence against civilians,Attack,484,North America,Mexico,Oaxaca,San Pedro Mixtepec -Dto. 22,Puerto Escondido,15.871,-97.0757,Quadratin Oaxaca,"On 30 October 2024, in Puerto Escondido, Oaxaca, according to witnesses, armed individuals shot and killed a man in front of a car agency. 1 fatality.",1,MX20318,San Pedro Mixtepec -Dto. 22 -,2024-12-15,2025-12-15
MEX95005,2024-10-30,2024,Political violence,Violence against civilians,Attack,484,North America,Mexico,Tabasco,Cardenas,Cardenas,17.9894,-93.3769,Tabasco Hoy,"Around 30 October 2024 (as reported), in Cardenas, Tabasco, two men were killed and their bodies were found tied up to a pole and with a message in colonia Jacinto Lopez. 2 fatalities.",2,MX27002,Cárdenas,2024-12-15,2025-12-15
MEX95006,2024-10-30,2024,Political violence,Violence against civilians,Attack,484,North America,Mexico,Tabasco,Centro,Villahermosa,17.9878,-92.9194,Tabasco Hoy,"On 30 October 2024, in Villahermosa, Tabasco, according to witnesses, armed individuals shot and injured a man in Central de Abastos, between Periferico and Antonio Reyes Zurita street. 1 injured.",0,MX27004,Centro,2024-12-15,2025-12-15
MEX95007,2024-10-30,2024,Political violence,Violence against civilians,Attack,484,North America,Mexico,Tabasco,Centro,Villahermosa,17.9878,-92.9194,Tabasco Hoy,"On 30 October 2024, in Villahermosa, Tabasco, at least two armed individuals on a motorbike shot at a vehicle on Ruiz Cortines avenue, in Fraccionamiento Bonanza (drive-by), which crashed into a tree. The driver and one of the passengers were injured by bullets, while a third passenger was injured in the collision. A version indicates that two of the victims were a lawyer and his client. 3 injured.",0,MX27004,Centro,2024-12-15,2025-12-15
MEX95017,2024-10-31,2024,Political violence,Violence against civilians,Attack,484,North America,Mexico,Chihuahua,Chihuahua,Chihuahua,28.6368,-106.0763,Tiempo,"On 31 October 2024, in Chihuahua, Chihuahua, a woman was shot and injured by armed men in a vehicle in a drive-by in Juan Escutia street. 1 injured.",0,MX08019,Chihuahua,2024-12-15,2025-12-15
MEX95024,2024-10-31,2024,Political violence,Battles,Armed clash,484,North America,Mexico,Guanajuato,Yuriria,Buenavista de la Libertad,20.2839,-101.3024,La Silla Rota; Milenio,"On 31 October 2024, in Buenavista de la Libertad, Guanajuato, during the early morning, armed individuals shot at ministerial and municipal police officers who were guarding a crime scene. Two police officers were injured. Another version, is that a police commander was also injured, however, after the authorities declared that he was injured during another event near by in an attempt to robbery.",0,MX11046,Yuriria,2024-12-15,2025-12-15
MEX95036,2024-10-31,2024,Political violence,Battles,Armed clash,484,North America,Mexico,Nuevo León,Garcia,Garcia,25.8005,-100.5855,El Norte,"On 31 October 2024, in Garcia, Nuevo Leon, armed individuals shot a state police office and later also against the police. The police repelled the attack. There were no casualties.",0,MX19018,García,2024-12-15,2025-12-15
MEX95041,2024-10-31,2024,Political violence,Violence against civilians,Attack,484,North America,Mexico,San Luis Potosí,Ciudad del Maiz,Ciudad del Maiz,22.4023,-99.6028,La Jornada; La Prensa de Monclova; La Verdad,"On 31 October 2024, in Ciudad del Maiz, San Luis Potosi, a former mayor of Ciudad del Maiz and another two men were shot and killed by unidentified armed individuals on boulevard Miguel Barragan in colonia Buenos Aires. The former mayor was part of the PRI party. 3 fatalities.",3,MX24010,Ciudad del Maíz,2024-12-15,2025-12-15
MEX95042,2024-10-31,2024,Political violence,Violence against civilians,Attack,484,North America,Mexico,Tamaulipas,Reynosa,Reynosa,26.0924,-98.2781,Hoy Tamaulipas,"Around 31 October 2024 (as reported), in Reynosa, Tamaulipas, a man was killed and his body was found wrapped in a blanket and black plastic bags near the Las Anacuas Gap. 1 fatality.",1,MX28032,Reynosa,2024-12-15,2025-12-15
MEX95047,2024-10-31,2024,Political violence,Violence against civilians,Abduction/forced disappearance,484,North America,Mexico,Zacatecas,Fresnillo,Fresnillo,23.1749,-102.8682,Milenio; Pagina 24 Zacatecas; Riodoce,"On 31 October 2024, in Fresnillo, Zacatecas, armed individuals from a criminal group kidnapped three young students from the Universidad Autonoma de Zacatecas (UAZ). A day later, the victims were found alive.",0,MX32010,Fresnillo,2024-12-15,2025-12-15
MEX95048,2024-11-01,2024,Political violence,Violence against civilians,Attack,484,North America,Mexico,Baja California,Tijuana,Tijuana,32.5325,-117.019,AFN - Tijuana,"On 1 November 2024, in Tijuana, Baja California, three men were shot and injured by at least two armed men in Colonia Centro. Three people were arrested. 3 injured.",0,MX02004,Tijuana,2024-12-15,2025-12-15
MEX95060,2024-11-01,2024,Political violence,Violence against civilians,Attack,484,North America,Mexico,Michoacán,Cuitzeo,Cuitzeo del Porvenir,19.9682,-101.1396,La Jornada; La Voz de Michoacan; MiMorelia,"Around 1 November 2024 (as reported), in Cuitzeo del Porvenir, Michoacan, two men were killed and their bodies were found with a message. Both bodies were found in different parts of the city, including colonia Barrio Los Cerritos. One of the bodies was dismembered and another beheaded. 2 fatalities.",2,MX16020,Cuitzeo,2024-12-15,2025-12-15
MEX95061,2024-11-01,2024,Political violence,Battles,Armed clash,484,North America,Mexico,Michoacán,Tangamandapio,Querenguaro,19.8809,-102.3924,La Voz de Michoacan,"On 1 November 2024, in Querenguaro, Michoacan, there was an armed clash between the State police and criminal members on the Jacona - Los Reyes highway. Two men were arrested. There were no casualties.",0,MX16084,Tangamandapio,2024-12-15,2025-12-15
MEX95062,2024-11-01,2024,Political violence,Battles,Armed clash,484,North America,Mexico,Michoacán,Tangamandapio,Santiago Tangamandapio,19.954,-102.4328,La Voz de Michoacan,"On 1 November 2024, in Santiago Tangamandapio municipality, Michoacan, there was an armed clash between the state police and the community indigenous police of Tarecuato against armed men on the Jacona-Los Reyes around Paso del Molino and La Trasquila. One police officer was killed and another two were injured. 1 fatality, 2 injured.",1,MX16084,Tangamandapio,2024-12-15,2025-12-15
MEX95026,2024-10-31,2024,Political violence,Violence against civilians,Attack,484,North America,Mexico,Guerrero,Atoyac de Alvarez,La Zuzuca,17.1775,-100.5103,El Sol de Acapulco; La Prensa de Monclova,"Around 31 October 2024 (month of), in La Zuzuca, Guerrero, three men with Guatemalan identifications were killed and their bodies were found in an advanced state of decomposition and with their hands tied up. According to the authorities, Atoyac and San Jeronimo which are neighboring municipalities of Tecpan had experienced a week of tension after the irruption and clashes between an armed commando identified as 'GNG' and the Army. Local investigations suspect that the GNG could be an alliance between the criminal organizations La Familia Michoacana, Los Rodriguez and Los Rusos to fight Los Granados, who have had Tecpan as their center of operations for at least two decades. 3 fatalities.",3,MX12011,Atoyac de Álvarez,2024-12-15,2025-12-15
MEX95058,2024-11-01,2024,Political violence,Violence against civilians,Attack,484,North America,Mexico,Guerrero,Chilpancingo de los Bravo,Chilpancingo de los Bravo,17.5516,-99.5011,El Sol de Acapulco; Milenio; Riodoce,"Around 1 November 2024 (as reported), in Chilpancingo de los Bravo, Guerrero, three men were killed and their bodies were found dismembered inside six plastic bags that were left in front of the delegation of the Attorney General's Office (FGR). 3 fatalities.",3,MX12029,Chilpancingo de los Bravo,2024-12-15,2025-12-15
MEX95063,2024-11-01,2024,Political violence,Violence against civilians,Attack,484,North America,Mexico,Nuevo León,Garcia,Garcia,25.8005,-100.5855,El Norte; Milenio,"On 1 November 2024, in Garcia, Nuevo Leon, a man was shot and killed in colonia Hacienda del Sol. According to witnesses, the perpetrators were two men. 1 fatality.",1,MX19018,García,2024-12-15,2025-12-15
MEX95331,2024-11-08,2024,Political violence,Violence against civilians,Attack,484,North America,Mexico,Baja California,Tijuana,Tijuana,32.5325,-117.019,Zeta Tijuana,"Around 8 November 2024 (as reported), in Tijuana, Baja California, a man was killed and his body was found wrapped in a blanket inside a vehicle on Mercurio y Apolo street, in Colonia Anexa del Rio. 1 fatality.",1,MX02004,Tijuana,2024-12-15,2025-12-15
MEX95335,2024-11-08,2024,Political violence,Violence against civilians,Attack,484,North America,Mexico,Colima,Manzanillo,Manzanillo,19.0532,-104.3164,Colima Noticias; Diario de Morelos; E-Consulta; El Norte; El Proceso; El Sol de Sinaloa; Imagen del Golfo; La Jornada; La Prensa de Monclova; Milenio; Noroeste; Riodoce; Zeta Tijuana,"On 8 November 2024, in Manzanillo, Colima, according to witnesses, two armed individuals on a motorbike shot and killed an off-duty military officer that was driving a van on Lazaro Cardenas avenue, in Colonia Las Brisas (drive-by). The victim was a rear admiral who had served as customs director of the port of Veracruz, where he was investigated for corruption. 1 fatality.",1,MX06007,Manzanillo,2024-12-15,2025-12-15
MEX95338,2024-11-08,2024,Political violence,Violence against civilians,Attack,484,North America,Mexico,Guanajuato,Apaseo el Grande,San Jose Agua Azul,20.4856,-100.6564,Zona Franca,"Around 8 November 2024 (as reported), in San Jose Agua Azul, Guanajuato, at least two men were killed and their burnt bodies were found inside a burning car on a bridge. At least 2 fatalities.",2,MX11005,Apaseo el Grande,2024-12-15,2025-12-15
MEX95339,2024-11-08,2024,Political violence,Violence against civilians,Attack,484,North America,Mexico,Guanajuato,Celaya,Celaya,20.5215,-100.814,Zona Franca,"On 8 November 2024, in Celaya, Guanajuato, at least three armed men entered a house on Circuito Villas de Guadalupe, in Colonia Villas del Romeral, and shot and killed two men. 2 fatalities.",2,MX11007,Celaya,2024-12-15,2025-12-15
MEX95340,2024-11-08,2024,Political violence,Violence against civilians,Attack,484,North America,Mexico,Guanajuato,Celaya,Segunda Fraccion de Crespo,20.5142,-100.8832,Zona Franca,"Around 8 November 2024 (as reported), in Segunda Fraccion de Crespo, Guanajuato, at least a man was killed and his burnt body was found inside a burning car below a bridge, by the junction towards Panamericana road. At least 1 fatality.",1,MX11007,Celaya,2024-12-15,2025-12-15
MEX95345,2024-11-08,2024,Political violence,Violence against civilians,Attack,484,North America,Mexico,Hidalgo,Tepeji del Rio de Ocampo,Tepeji del Rio de Ocampo,19.9048,-99.3437,Milenio,"Around 8 November 2024 (as reported), in Tepeji del Rio de Ocampo, Hidalgo, a man was killed and his semi-naked body was found in state of decomposition, with sings of torture, and wrapped in a bag and tape. His face had been partially devoured by animals. 1 fatality.",1,MX13063,Tepeji del Río de Ocampo,2024-12-15,2025-12-15
MEX95347,2024-11-08,2024,Political violence,Violence against civilians,Attack,484,North America,Mexico,Michoacán,Alvaro Obregon,Alvaro Obregon,19.8263,-101.0385,La Voz de Michoacan; MiMorelia,"Around 8 November 2024 (as reported), in Alvaro Obregon, Michoacan de Ocampo, a taxi driver was killed and his body was found with gunshot wounds and the hands tied with tape inside the trunk of his vehicle under the bridge on Mexico-Guadalajara highway. 1 fatality.",1,MX16003,Álvaro Obregón,2024-12-15,2025-12-15
MEX95348,2024-11-08,2024,Political violence,Battles,Armed clash,484,North America,Mexico,Michoacán,Apatzingan,Chandio,19.0889,-102.4092,Milenio,"On 8 November 2024, in Chandio, Michoacan de Ocampo, army officers and members of an unidentified gang clashed. A cartel member died. This clash is suspectedly linked to the clashes between Los Caballeros Templarios Gang, the Jalisco New Generation Cartel (CJNG), and military and police officers that took place in diverse locations of Michoacan the same day (coded separately). 1 fatality.",1,MX16006,Apatzingán,2024-12-15,2025-12-15
MEX95349,2024-11-08,2024,Political violence,Battles,Armed clash,484,North America,Mexico,Michoacán,Apatzingan,El Alcalde,18.9583,-102.4589,La Voz de Michoacan; Milenio; MiMorelia,"On 8 November 2024, in El Alcalde, Michoacan de Ocampo, members of Los Caballeros Templarios Gang and the Jalisco New Generation Cartel (CJNG) clashed. This event is related to other clashes that took place in Las Bateas, Los Tepetates, Los Charcos, and El Capire (coded separately). Casualties unknown.",0,MX16006,Apatzingán,2024-12-15,2025-12-15
MEX95353,2024-11-08,2024,Political violence,Battles,Armed clash,484,North America,Mexico,Michoacán,Buenavista,Los Charcos,19.0217,-102.5084,La Voz de Michoacan; Milenio; MiMorelia,"On 8 November 2024, in Los Charcos, Michoacan de Ocampo, members of Los Caballeros Templarios Gang and the Jalisco New Generation Cartel (CJNG) clashed. This event is related to other clashes that took place in El Alcalde, Las Bateas, Los Tepetates, and El Capire (coded separately). Military, National Guard, and State Police officers arrived at the scene and clashed with armed individuals, killing one of them. At least 1 fatality.",1,MX16012,Buenavista,2024-12-15,2025-12-15
MEX95354,2024-11-08,2024,Political violence,Battles,Armed clash,484,North America,Mexico,Michoacán,Gabriel Zamora,El Capire,19.1235,-102.0162,La Voz de Michoacan,"On 8 November 2024, in El Capire, Michoacan de Ocampo, members of Los Caballeros Templarios Gang and the Jalisco New Generation Cartel (CJNG) clashed. This event is related to other clashes that took place in El Alcalde, Las Bateas, Los Tepetates, and Los Charcos (coded separately). Military, National Guard, and Civil Guard officers arrived at the scene and clashed with armed individuals, killing one of them. At least 1 fatality.",1,MX16033,Gabriel Zamora,2024-12-15,2025-12-15
MEX95355,2024-11-08,2024,Political violence,Violence against civilians,Attack,484,North America,Mexico,Michoacán,Jacona,Jacona de Plancarte,19.9563,-102.306,La Voz de Michoacan,"On 8 November 2024, in Jacona de Plancarte, Michoacan de Ocampo, according to witnesses, unidentified individuals got off a vehicle, sprayed gasoline, threw Molotov cocktails, and set fire to several commercial establishments in Colonia Lomas de San Pablo (likely open). There were no casualties.",0,MX16043,Jacona,2024-12-15,2025-12-15
MEX95360,2024-11-08,2024,Political violence,Violence against civilians,Attack,484,North America,Mexico,Oaxaca,San Andres Teotilalpam,San Juan Zautla,17.9167,-96.6167,La Jornada,"Around 8 November 2024 (as reported), in San Juan Zautla, Oaxaca, three people were killed and their burnt bodies were found inside a burnt car on the path to Oaxaca-Mexico highway. 3 fatalities.",3,MX20098,San Andrés Teotilálpam,2024-12-15,2025-12-15
MEX95364,2024-11-08,2024,Political violence,Violence against civilians,Attack,484,North America,Mexico,San Luis Potosí,Villa de Arista,La Escondida,22.7655,-100.8123,Antena San Luis,"Around 8 November 2024 (as reported), in La Escondida, San Luis Potosi, five men were killed and their bodies were found with the hands tied. Two of the victims had disappeared on 6 November 2024. 5 fatalities.",5,MX24056,Villa de Arista,2024-12-15,2025-12-15
MEX95365,2024-11-08,2024,Political violence,Violence against civilians,Attack,484,North America,Mexico,Sinaloa,Culiacan,Carboneras,24.7757,-107.2461,El Sol de Sinaloa; Riodoce,"Around 8 November 2024 (as reported), in Carboneras, Sinaloa, a man was killed and his body was found with gunshot wounds, the hands handcuffed, and the head covered by tape, on a side of the road to Sanalona. 1 fatality.",1,MX25006,Culiacán,2024-12-15,2025-12-15
MEX95366,2024-11-08,2024,Political violence,Violence against civilians,Attack,484,North America,Mexico,Sinaloa,Culiacan,Carboneras,24.7757,-107.2461,El Sol de Sinaloa; Riodoce,"On 8 November 2024, in Carboneras, Sinaloa, armed individuals on a vehicle shot and killed a man that was driving a van on Culiacan-Eldorado road, near the Piggy Back bridge (drive-by). 1 fatality.",1,MX25006,Culiacán,2024-12-15,2025-12-15
MEX95270,2024-11-07,2024,Political violence,Violence against civilians,Attack,484,North America,Mexico,Campeche,Carmen,San Antonio Cardenas,18.6138,-92.223,Tribuna Campeche,"On 7 November 2024, in San Antonio Cardenas, Campeche, according to witnesses, two armed individuals on a motorbike shot and killed a man on Miguel Hidalgo street (drive-by). 1 fatality.",1,MX04003,Carmen,2024-12-15,2025-12-15
MEX95275,2024-11-07,2024,Political violence,Violence against civilians,Attack,484,North America,Mexico,Guanajuato,Celaya,Celaya,20.5215,-100.814,Zona Franca,"Around 7 November 2024 (as reported), in Celaya, Guanajuato, two armed men on a motorbike shot and killed a man on Presa Alvaro Obregon street, in Colonia Residencial Tecnologico (drive-by). 1 fatality.",1,MX11007,Celaya,2024-12-15,2025-12-15
MEX95276,2024-11-07,2024,Political violence,Violence against civilians,Attack,484,North America,Mexico,Guanajuato,Celaya,Celaya,20.5215,-100.814,Zona Franca,"Around 7 November 2024 (as reported), near Celaya, Guanajuato, two armed men shot and killed a man inside a store on Morelos street, in the community of La Cruz. 1 fatality.",1,MX11007,Celaya,2024-12-15,2025-12-15
MEX95284,2024-11-07,2024,Political violence,Violence against civilians,Attack,484,North America,Mexico,Guerrero,Coyuca de Benitez,El Cayaco,17.0472,-100.2682,El Sol de Acapulco,"On 7 November 2024, in El Cayaco, Guerrero, armed individuals got off a vehicle, entered a carwash on Acapulco-Pinotepa Nacional federal road, and shot and killed a (likely off-duty) ministerial federal police officer. 1 fatality.",1,MX12021,Coyuca de Benítez,2024-12-15,2025-12-15
MEX95288,2024-11-07,2024,Political violence,Violence against civilians,Attack,484,North America,Mexico,Jalisco,Guadalajara,Guadalajara,20.6764,-103.3422,Milenio,"Around 7 November 2024 (as reported), in Guadalajara, Jalisco, a man was killed and his dismembered body was found with signs of torture on a suitcase, covered by a blanket, on Jose Maria Gomez street, in Colonia San Juan Bosco. 1 fatality.",1,MX14039,Guadalajara,2024-12-15,2025-12-15
MEX95289,2024-11-07,2024,Political violence,Violence against civilians,Attack,484,North America,Mexico,Jalisco,Tlajomulco de Zuniga,Tlajomulco de Zuniga,20.4736,-103.4431,Milenio,"Around 7 November 2024 (as reported), in Tlajomulco de Zuniga, Jalisco, an unspecified number of people were killed and their dismembered bodies were found inside at least four plastic bags in the area known as 'La Piedrera'. Unspecified number of fatalities coded as 3.",3,MX14097,Tlajomulco de Zúñiga,2024-12-15,2025-12-15
MEX95290,2024-11-07,2024,Political violence,Violence against civilians,Attack,484,North America,Mexico,México,Tenango del Valle,Tenango de Arista,19.1044,-99.5908,Milenio,"On 7 November 2024, in the municipality of Tenango del Valle (coded to Tenango de Arista), Mexico, armed individuals shot at three men vendors, killing two and injuring another. This event is suspectedly related to a settling of scores. 2 fatalities, 1 injured.",2,MX15090,Tenango del Valle,2024-12-15,2025-12-15
MEX95292,2024-11-07,2024,Political violence,Battles,Armed clash,484,North America,Mexico,Michoacán,Aquila,Aquila,18.5991,-103.5048,La Jornada; MiMorelia,"Around 7 November 2024 (as reported), in Aquila, Michoacan de Ocampo, armed individuals ambushed a military escort on the path that connects Ostula and El Solosuchil, initiating a clash. A military officer died. 1 fatality.",1,MX16008,Aquila,2024-12-15,2025-12-15
MEX95294,2024-11-07,2024,Political violence,Violence against civilians,Attack,484,North America,Mexico,Michoacán,Jacona,El Platanal,19.931,-102.2557,La Voz de Michoacan,"Around 7 November 2024 (as reported), in El Platanal, Michoacan de Ocampo, a man was killed and his burnt body was found with gunshot wounds on a path that leads to El Salto, in Colonia Las Penitas. 1 fatality.",1,MX16043,Jacona,2024-12-15,2025-12-15
MEX95295,2024-11-07,2024,Political violence,Battles,Armed clash,484,North America,Mexico,Michoacán,Zamora,Zamora de Hidalgo,19.9836,-102.286,La Voz de Michoacan,"On 7 November 2024, in Zamora de Hidalgo, Michoacan de Ocampo, two armed men shot at state police officers that were patrolling on Ferrocarril and Lazaro Cardenas street, in Colonia Ferrocarril. The officers fired back and injured and arrested one of the perpetrators. The other individual fled. 1 injured.",0,MX16108,Zamora,2024-12-15,2025-12-15
MEX95296,2024-11-07,2024,Political violence,Violence against civilians,Attack,484,North America,Mexico,Michoacán,Zamora,Zamora de Hidalgo,19.9836,-102.286,La Voz de Michoacan,"On 7 November 2024, in Zamora de Hidalgo, Michoacan de Ocampo, two armed men on a motorbike approached the window of a house on El Cairo street, in Fraccionamiento Altamira Seccion E, and one of them shot at the people inside, killing a woman and injuring a man. 1 fatality.",1,MX16108,Zamora,2024-12-15,2025-12-15
MEX95298,2024-11-07,2024,Political violence,Violence against civilians,Attack,484,North America,Mexico,Morelos,Cuernavaca,Cuernavaca,18.9218,-99.2349,Diario de Morelos; La Jornada; La Verdad,"Around 7 November 2024 (as reported), in Cuernavaca, Morelos, a person was killed and unidentified individuals threw the body from a van in Colonia Recursos Hidraulicos. The body was found on 7 November 2024 with gunshot wounds, signs of torture, and the hands tied. A security camera recorded the moment when the body was left. 1 fatality.",1,MX17007,Cuernavaca,2024-12-15,2025-12-15
MEX95299,2024-11-07,2024,Political violence,Violence against civilians,Attack,484,North America,Mexico,Nuevo León,Linares,Linares,24.8597,-99.5679,El Norte; La Prensa de Monclova; Milenio,"Around 7 November 2024 (as reported), in Linares, Nuevo Leon, at least two people were killed and parts of their dismembered bodies were found along National Road: on km. 177,5, near the entry to Ejido Berlanga Garcia, and on km. 175,2, near the entry to Ejido El Brasil. Additional body parts were found on the section of the same road in Montecarmelo (coded separately). At least 2 fatalities split across two events, 1 fatality coded here.",1,MX19033,Linares,2024-12-15,2025-12-15
MEX95300,2024-11-07,2024,Political violence,Violence against civilians,Attack,484,North America,Mexico,Nuevo León,Montemorelos,Montemorelos,25.1893,-99.827,El Norte; La Prensa de Monclova; Milenio,"Around 7 November 2024 (as reported), near Montemorelos, Nuevo Leon, at least two people were killed and parts of their dismembered bodies were found along National Road: on km. 195, near the entry to Monte Sur sport complex (together with an unspecified narco message), on km. 185, north of El Alto del Coyote, and on km. 182 near the community of Cabezones. Additional body parts were found on the section of the same road in Linares (coded separately). At least 2 fatalities split across two events, 1 fatality coded here.",1,MX19038,Montemorelos,2024-12-15,2025-12-15
MEX95302,2024-11-07,2024,Political violence,Violence against civilians,Attack,484,North America,Mexico,Oaxaca,Heroica Ciudad de Juchitan de Zaragoza,Juchitan de Zaragoza,16.4333,-95.0216,Quadratin Oaxaca,"On 7 November 2024, in Juchitan de Zaragoza, Oaxaca, armed individuals on a motorbike shot and killed a taxi diver in Colonia 28 de Enero (drive-by). 1 fatality.",1,MX20043,Heroica Ciudad de Juchitán de Zaragoza,2024-12-15,2025-12-15
MEX95303,2024-11-07,2024,Political violence,Violence against civilians,Attack,484,North America,Mexico,Oaxaca,Oaxaca de Juarez,Oaxaca de Juarez,17.06,-96.7255,24 Horas (Mexico); AFP; El Norte; Entorno Informativo; La Jornada; Quadratin Oaxaca; Reforma; Zeta Tijuana,"On 7 November 2024, in Oaxaca de Juarez, Oaxaca, armed individuals entered El Che Gaucho restaurant in the intersection of Las Rosas and Alamos streets, in Colonia Reforma, and shot at people, killing six men. According to security sources, the target of the attack was the leader of the International Conference of Workers (CIT), who was uninjured or suffered minor injuries, and the dead men are his bodyguards. 6 fatalities.",6,MX20067,Oaxaca de Juárez,2024-12-15,2025-12-15
MEX95304,2024-11-07,2024,Political violence,Violence against civilians,Abduction/forced disappearance,484,North America,Mexico,Puebla,Cuautlancingo,Sanctorum,19.0991,-98.2541,Milenio,"On 7 November 2024, in Sanctorum, Puebla, according to a video published on social media, armed individuals driving three vehicles blocked the movements of a truck, forced the driver to get off the vehicle, and abducted him. The perpetrators also took the truck. The victim's whereabouts are unknown.",0,MX21041,Cuautlancingo,2024-12-15,2025-12-15
MEX95306,2024-11-07,2024,Political violence,Violence against civilians,Attack,484,North America,Mexico,Querétaro,Queretaro,Santiago de Queretaro,20.5934,-100.39,El Proceso; La Silla Rota,"Around 7 November 2024 (as reported), in Santiago de Queretaro, Queretaro, armed individuals entered a house on Manuel Gomez Morin avenue, in Colonia Centro Sur, and shot and killed three people. State police officers later arrested four suspects and seized a fireweapons and two vehicles. 3 fatalities.",3,MX22014,Querétaro,2024-12-15,2025-12-15
MEX95312,2024-11-07,2024,Political violence,Battles,Armed clash,484,North America,Mexico,Sinaloa,Culiacan,Las Arenitas,24.3722,-107.536,El Proceso; La Verdad; Riodoce,"On 7 November 2024, in Las Arenitas, Sinaloa, armed groups clashed in the morning and the afternoon. In the latter clash, the groups launched between two and six explosive devices from drones, damaging several houses. Casualties unknown.",0,MX25006,Culiacán,2024-12-15,2025-12-15
MEX95313,2024-11-07,2024,Political violence,Battles,Armed clash,484,North America,Mexico,Sinaloa,Navolato,Las Puentes,24.5318,-107.541,24 Horas (Mexico); El Sol de Sinaloa; Milenio; Noroeste; Riodoce,"On 7 November 2024, in Las Puentes, Sinaloa, military officers and armed individuals clashed. At least a person was killed, three officers were injured, and a civilian man was collaterally wounded. At least 1 fatality and 4 injured.",1,MX25018,Navolato,2024-12-15,2025-12-15
MEX95316,2024-11-07,2024,Political violence,Battles,Armed clash,484,North America,Mexico,Tabasco,Centro,Ocuiltzapotlan,18.1353,-92.8619,Tabasco Hoy,"Around 7 November 2024 (as reported), in Ocuiltzapotlan, Tabasco, two armed individuals on a motorbike shot at state police officers in the intersection of Mariano Abasolo and Venustiano Carranza streets. The police officers shot back and the armed individuals fled. There were no casualties.",0,MX27004,Centro,2024-12-15,2025-12-15
MEX95317,2024-11-07,2024,Political violence,Battles,Armed clash,484,North America,Mexico,Tabasco,Centro,Villahermosa,17.9878,-92.9194,Tabasco Hoy,"On 7 November 2024, in Villahermosa, Tabasco, armed individuals on a motorbike shot at state police officers in Fraccionamiento Las Rosas (drive-by). Also in Villahermosa, armed individuals on a motorbike shot at state police officers at the police station in Colonia Tamulte (drive-by). These attacks are suspectedly linked to other events that took place in the city the same day: the arson of several vehicles and establishments (coded separately), the placement of 'ponchallantas' (objects to puncture tires) on several locations (coded separately), the finding of four dead bodies (coded separately), and the hanging of unspecified narco messages signed by the Jalisco New Generation Cartel (uncoded). There were no casualties.",0,MX27004,Centro,2024-12-15,2025-12-15
MEX95318,2024-11-07,2024,Political violence,Violence against civilians,Attack,484,North America,Mexico,Tabasco,Centro,Villahermosa,17.9878,-92.9194,Milenio,"Around 7 November 2024 (as reported), in Villahermosa, Tabasco, four people were killed and their bodies were found inside plastic bags. One of them was almost completely dissolved in acid. It is suspected that the event is related to the arrest of several people linked to the CJNG that took place on 6 November in Villahermosa (uncoded). 4 fatalities.",4,MX27004,Centro,2024-12-15,2025-12-15
MEX95322,2024-11-07,2024,Political violence,Violence against civilians,Attack,484,North America,Mexico,Tabasco,Comalcalco,Comalcalco,18.266,-93.225,La Jornada; Tabasco Hoy,"Around 7 November 2024 (as reported), in Comalcalco, Tabasco, an unspecified number of people were killed and their dismembered bodies were found inside plastic bags on Jamaica street, in Fraccionamiento Santo Domingo. Also in Comalcalco, a person was killed and the head was found inside a plastic bag with a narco message in ADO bus terminal. Unspecified number of fatalities coded as 3.",3,MX27005,Comalcalco,2024-12-15,2025-12-15
MEX95324,2024-11-07,2024,Political violence,Violence against civilians,Attack,484,North America,Mexico,Tamaulipas,Matamoros,Heroica Matamoros,25.8799,-97.5048,AFN - Tijuana,"Around 7 November 2024 (as reported), in Heroica Matamoros, Tamaulipas, two men were killed and their bodies were found together with an unspecified threatening message written on a cardboard on Potrero street, in Colonia Granjas del Matamoros. 2 fatalities.",2,MX28022,Matamoros,2024-12-15,2025-12-15
MEX95242,2024-11-06,2024,Political violence,Violence against civilians,Attack,484,North America,Mexico,Guerrero,Coyuca de Benitez,Coyuca de Benitez,17.009,-100.0894,El Sol de Acapulco; La Verdad; Reforma,"Around 6 November 2024 (as reported), in Coyuca de Benitez, Guerrero, three men and one woman were killed and their bodies were found on the Cuajilote bridge, on a side of the Acapulco-Xihuatanejo highway with signs of torture. A message signed by the GNG was found next to the bodies. 4 fatalities.",4,MX12021,Coyuca de Benítez,2024-12-15,2025-12-15
MEX95243,2024-11-06,2024,Political violence,Violence against civilians,Attack,484,North America,Mexico,Guerrero,Iguala de la Independencia,Iguala de la Independencia,18.3445,-99.5384,La Verdad,"On 6 November 2024, in Iguala de la Independencia, Guerrero, unknown armed individuals shot and killed an off-duty member of the navy in Colonia San Jose. 1 fatality.",1,MX12035,Iguala de la Independencia,2024-12-15,2025-12-15
MEX95244,2024-11-06,2024,Political violence,Violence against civilians,Attack,484,North America,Mexico,México,Ocoyoacac,San Pedro Cholula,19.2654,-99.4858,Milenio,"On 6 November 2024, in San Pedro Cholula, Mexico, three people shot a man driving in his car in Plaza San Diego. The man was transported to the hospital where he died. 1 fatality.",1,MX15062,Ocoyoacac,2024-12-15,2025-12-15
MEX95245,2024-11-06,2024,Political violence,Violence against civilians,Attack,484,North America,Mexico,México,Tecamac,Ojo de Agua,19.6704,-99.016,La Silla Rota,"Around 6 November 2024 (as reported), in Ojo de Agua, Mexico, a man was killed and his body was found wrapped in tape and plastic bags and skinned from neck to face. 1 fatality.",1,MX15081,Tecámac,2024-12-15,2025-12-15
MEX95246,2024-11-06,2024,Political violence,Battles,Armed clash,484,North America,Mexico,Michoacán,Huaniqueo,Huaniqueo de Morales,19.8979,-101.5061,MiMorelia,"On 6 November 2024, in Huaniqueo de Morales, Michoacan de Ocampo, at least two armed individuals opened fire at individuals at a property in Colonia Barrio Alto who repelled the aggression and killed both men. 2 fatalities.",2,MX16037,Huaniqueo,2024-12-15,2025-12-15
MEX95249,2024-11-06,2024,Political violence,Violence against civilians,Attack,484,North America,Mexico,Oaxaca,Heroica Ciudad de Huajuapan de Leon,Heroica Ciudad de Huajuapan de Leon,17.8068,-97.7762,24 Horas (Mexico); El Proceso; La Jornada; La Verdad,"Around 6 November 2024 (as reported), in Heroica Ciudad de Huajuapan de Leon, Oaxaca, a man was killed and his body was found with a bag around the head and the hands and feet tied on Amate street, in Colonia Lazaro Cardenas. The victim had disappeared on 4 November 2024 and was the director of the IMSS Hospital in Santiago Tamazola, Oaxaca. 1 fatality.",1,MX20039,Heroica Ciudad de Huajuapan de León,2024-12-15,2025-12-15
MEX95264,2024-11-06,2024,Political violence,Violence against civilians,Attack,484,North America,Mexico,Zacatecas,Fresnillo,Fresnillo,23.1749,-102.8682,Pagina 24 Zacatecas,"On 6 November 2024, in Fresnillo, Zacatecas, according to witnesses, armed individuals on a vehicle shot at a van on Plateros avenue and Los Fresnos street, in Colonia Emiliano Zapata, killing a person and injuring three (drive-by). 1 fatality, 3 injured.",1,MX32010,Fresnillo,2024-12-15,2025-12-15
MEX95193,2024-11-05,2024,Political violence,Violence against civilians,Attack,484,North America,Mexico,Guerrero,Coyuca de Benitez,Coyuca de Benitez,17.009,-100.0894,El Norte,"On 5 November 2024, in Coyuca de Benitez, Guerrero, an armed group broke into the Basic Community Hospital of the Mexican Social Security Institute (IMSS) and shot a man. The victim was receiving medical assistance at the center. The perpetrators then boarded a car driven by an accomplice. 1 fatality.",1,MX12021,Coyuca de Benítez,2024-12-15,2025-12-15
MEX95206,2024-11-05,2024,Political violence,Battles,Armed clash,484,North America,Mexico,Michoacán,Zinapecuaro,Taimeo el Chico,19.8072,-100.7142,El Norte; La Silla Rota; La Voz de Michoacan,"On 5 November 2024, in Taimeo el Chico, Michoacan de Ocampo, armed individuals opened fire at municipal police officers who arrived at the scene upon the report of a confrontation and were shot. A total of nine vehicles were set on fire as a result of an armed clash in Taimeo (coded separately). There were no casualties.",0,MX16110,Zinapécuaro,2024-12-15,2025-12-15
MEX95208,2024-11-05,2024,Political violence,Violence against civilians,Attack,484,North America,Mexico,Morelos,Cuernavaca,Cuernavaca,18.9218,-99.2349,Diario de Morelos; La Jornada; La Verdad,"Around 5 November 2024 (as reported), in Cuernavaca, Morelos, two men were killed and their dismembered bodies were found wrapped with plastic bags, tied with tape, and with an unspecified narco message on Central street, in Colonia Lomas de Atzingo. 2 fatalities.",2,MX17007,Cuernavaca,2024-12-15,2025-12-15
MEX95218,2024-11-05,2024,Political violence,Violence against civilians,Attack,484,North America,Mexico,Tabasco,Huimanguillo,Chontalpa,17.6661,-93.4811,Tabasco Hoy,"Around 5 November 2024 (as reported), in Chontalpa, Tabasco, a person was killed and the body was found with gunshot wounds and a message next to the body. 1 fatality.",1,MX27008,Huimanguillo,2024-12-15,2025-12-15
MEX95219,2024-11-05,2024,Political violence,Violence against civilians,Attack,484,North America,Mexico,Tamaulipas,Reynosa,Reynosa,26.0924,-98.2781,Hoy Tamaulipas,"Around 5 November 2024 (as reported), in Reynosa, Tamaulipas, a man was killed and his body was found close to a ranch San Miguel with the 'tiro de gracia'. 1 fatality.",1,MX28032,Reynosa,2024-12-15,2025-12-15
MEX95252,2024-11-05,2024,Political violence,Battles,Armed clash,484,North America,Mexico,Sinaloa,Angostura,Leopoldo Sanchez Celis,25.1254,-108.0138,Milenio,"On 5 November 2024, in Leopoldo Sanchez Celis, Sinaloa, armed individuals shot at military officers, initiating a clash. The armed individuals fled, and the officers seized 13 fireweapons, two explosive devices, and seven vehicles. There were no injuries.",0,MX25002,Angostura,2024-12-15,2025-12-15
MEX95139,2024-11-04,2024,Political violence,Violence against civilians,Attack,484,North America,Mexico,Campeche,Carmen,Ciudad del Carmen,18.6378,-91.8365,Tribuna Campeche,"On 4 November 2024, in Ciudad del Carmen, Campeche, unknown armed individuals shot and killed a person in Colonia Santa Rita and then left a message next to the body. 1 fatality.",1,MX04003,Carmen,2024-12-15,2025-12-15
MEX95152,2024-11-04,2024,Political violence,Battles,Armed clash,484,North America,Mexico,Jalisco,Lagos de Moreno,Lagos de Moreno,21.3564,-101.9292,El Norte,"On 4 November 2024, in Lagos de Moreno, Jalisco, armed individuals aboard four vehicles attacked military officials who repelled the aggressions in Colonia La Aurora (drive-by). Four people were arrested. There were no casualties.",0,MX14053,Lagos de Moreno,2024-12-15,2025-12-15
MEX95153,2024-11-04,2024,Political violence,Violence against civilians,Attack,484,North America,Mexico,Jalisco,San Pedro Tlaquepaque,Tlaquepaque,20.6386,-103.3072,Milenio,"Around 4 November 2024 (as reported), in Tlaquepaque, Jalisco, a man was killed and his body was found with his hands and feet tied inside a sack in Colonia El Tapatio. 1 fatality.",1,MX14098,San Pedro Tlaquepaque,2024-12-15,2025-12-15
MEX95158,2024-11-04,2024,Political violence,Violence against civilians,Attack,484,North America,Mexico,Morelos,Jiutepec,Jiutepec,18.882,-99.1772,Diario de Morelos,"Around 4 November 2024 (as reported), in Jiutepec, Morelos, two men were killed and their bodies were found with signs of torture tied. One of the men was wrapped in blankets. 2 fatalities.",2,MX17011,Jiutepec,2024-12-15,2025-12-15
MEX95159,2024-11-04,2024,Political violence,Violence against civilians,Attack,484,North America,Mexico,Nuevo León,Garcia,Garcia,25.8005,-100.5855,El Norte,"On 4 November 2024, in Garcia, Nuevo Leon, one man shot another man as he was arriving home in Colonia Los Encinos and then fled the scene in a vehicle with an accomplice. 1 fatality.",1,MX19018,García,2024-12-15,2025-12-15
MEX95175,2024-11-04,2024,Political violence,Violence against civilians,Attack,484,North America,Mexico,Zacatecas,Fresnillo,Estacion San Jose,23.1899,-102.7882,Pagina 24 Zacatecas,"On 4 November 2024, in Estacion San Jose, Zacatecas, an unknown number of suspected gang members opened fire at the facade of a home (with the owner inside) and then fled the scene. There were no casualties.",0,MX32010,Fresnillo,2024-12-15,2025-12-15
MEX95108,2024-11-03,2024,Political violence,Violence against civilians,Attack,484,North America,Mexico,Baja California,Tijuana,Tijuana,32.5325,-117.019,AFN - Tijuana; Zeta Tijuana,"Around 3 November 2024 (as reported), in Tijuana, Baja California, two hands were found with a message in El Pipila area. Later, according to witnesses, two people left a torso and the legs from a person in Colonia Mariano Matamoros. It is unknown if the remains are from the same victim. At least 1 fatality.",1,MX02004,Tijuana,2024-12-15,2025-12-15
MEX95110,2024-11-03,2024,Political violence,Violence against civilians,Attack,484,North America,Mexico,Chihuahua,Chihuahua,Chihuahua,28.6368,-106.0763,Tiempo,"On 3 November 2024, in Chihuahua, Chihuahua, armed individuals on a motorcycle shot and killed two people in a drive-by in Colonia Division del Norte. Also, unidentified armed individuals shot and killed three people inside a house known to be a drug consumption place in Colonia San Jorge. 5 fatalities.",5,MX08019,Chihuahua,2024-12-15,2025-12-15
MEX95111,2024-11-03,2024,Political violence,Violence against civilians,Attack,484,North America,Mexico,Chihuahua,Chihuahua,Chihuahua,28.6368,-106.0763,Tiempo,"On 3 November 2024, in Chihuahua, Chihuahua, unknown armed men entered a home and killed a man in Colonia Ladrilleros Norte. The victim was identified as an off-duty military officer. 1 fatality.",1,MX08019,Chihuahua,2024-12-15,2025-12-15
MEX95114,2024-11-03,2024,Political violence,Violence against civilians,Attack,484,North America,Mexico,Guanajuato,Celaya,Celaya,20.5215,-100.814,AFN - Tijuana,"On 3 November 2024, in Celaya, Guanajuato, according to witnesses, two armed men on a motorcycle shot and killed a man while driving in Colonia La Suiza. 1 fatality.",1,MX11007,Celaya,2024-12-15,2025-12-15
MEX95122,2024-11-03,2024,Political violence,Violence against civilians,Attack,484,North America,Mexico,Michoacán,Morelia,Morelia,19.7034,-101.192,La Voz de Michoacan,"On 3 November 2024, in Morelia, Michoacan, two armed men who arrived on a motorcycle shot at two men in Colonia Presa de Los Reyes. Both of the victims died. 2 fatalities.",2,MX16053,Morelia,2024-12-15,2025-12-15
MEX95124,2024-11-03,2024,Political violence,Violence against civilians,Attack,484,North America,Mexico,Nuevo León,Linares,El Brasil,24.9433,-99.7626,Milenio,"Around 3 November 2024 (as reported), in El Brasil, Nuevo Leon, two men were killed and their bodies were found with signs of torture on the Montemorelos-Hualahuises road. 2 fatalities.",2,MX19033,Linares,2024-12-15,2025-12-15
MEX95128,2024-11-03,2024,Political violence,Battles,Armed clash,484,North America,Mexico,Puebla,Atlixco,Atlixco,18.9088,-98.4342,E-Consulta,"On 3 November 2024, in Atlixco, Puebla, three armed individuals (two men and a woman) approached the Gonzalo Rio Arronte Medical Complex and shot and killed two municipal police officers (a man and a woman) that were at the entry. The two men then entered the hospital, where they shot and killed a man. The victim had been shot and injured by armed individuals in a house in Atlixco earlier the same day (coded separately). Additional police officers arrived at the scene and engaged in a clash with the perpetrators. The clash left no casualties and the armed individuals fled in two vehicles, which were later abandoned in Tecuanipan. 3 fatalities.",3,MX21019,Atlixco,2024-12-15,2025-12-15
MEX95129,2024-11-03,2024,Political violence,Violence against civilians,Attack,484,North America,Mexico,Puebla,Atlixco,Atlixco,18.9088,-98.4342,E-Consulta,"On 3 November 2024, in Atlixco, Puebla, according to the victim and witnesses, two armed individuals entered a house and shot and injured a man that was celebrating his birthday. The rest of the people in the party were uninjured. The victim was later transferred to Gonzalo Rio Arronte Medical Complex, where armed individuals shot and killed him (coded separately). 1 injured.",0,MX21019,Atlixco,2024-12-15,2025-12-15
MEX95133,2024-11-03,2024,Political violence,Violence against civilians,Attack,484,North America,Mexico,Tabasco,Cunduacan,Cunduacan,18.0656,-93.1726,Tabasco Hoy,"Around 3 November 2024 (as reported), in Cunduacan, Tabasco, three people were killed and their bodies were found inside bags. 3 fatalities.",3,MX27006,Cunduacán,2024-12-15,2025-12-15
MEX95134,2024-11-03,2024,Political violence,Violence against civilians,Abduction/forced disappearance,484,North America,Mexico,Veracruz de Ignacio de la Llave,Acultzingo,Acultzingo,18.7181,-97.3071,La Silla Rota,"On 3 November 2024, around Acultzingo, Veracruz, armed individuals chase and kidnapped a priest and four deacons who were travelling on the Ciudad Mendoza - Tehuacan. Hours later, they were found and released.",0,MX30006,Acultzingo,2024-12-15,2025-12-15
MEX95135,2024-11-03,2024,Political violence,Violence against civilians,Attack,484,North America,Mexico,Veracruz de Ignacio de la Llave,Sayula de Aleman,Sayula de Aleman,17.881,-94.9601,La Silla Rota,"On 3 November 2024, close to Sayula de Aleman, Veracruz de Ignacio de la Llave, armed individuals chased a truck driver and shot the truck on the highway 145 Sayula de Aleman-Ciudad Aleman and then threw Molotov cocktails at the truck. The truck driver was not injured but the truck was set on fire. There were no casualties.",0,MX30144,Sayula de Alemán,2024-12-15,2025-12-15
MEX95078,2024-11-02,2024,Political violence,Violence against civilians,Attack,484,North America,Mexico,Baja California,Mexicali,Ejido Chiapas,32.4993,-114.9622,Zeta Tijuana,"Around 2 November 2024 (as reported), in Ejido Chiapas, Baja California, a man was killed and the body was found with his hands tied up. 1 fatality.",1,MX02002,Mexicali,2024-12-15,2025-12-15
MEX95079,2024-11-02,2024,Political violence,Violence against civilians,Attack,484,North America,Mexico,Baja California,Mexicali,Ejido Colima,32.4847,-115.002,Zeta Tijuana,"Around 2 November 2024 (as reported), near Ejido Colima, Baja California, a man was killed and the body was found with his hands and feet tied up between Ejido Mexico and Ejido Colima. 1 fatality.",1,MX02002,Mexicali,2024-12-15,2025-12-15
MEX95080,2024-11-02,2024,Political violence,Violence against civilians,Attack,484,North America,Mexico,Baja California,Mexicali,Mexicali,32.6412,-115.476,Zeta Tijuana,"Around 2 November 2024 (as reported), in Mexicali municipality, Baja California, a man was killed and the body was found with his hands tied up to the back and wrapped in plastic near Ejido Pachuca. 1 fatality.",1,MX02002,Mexicali,2024-12-15,2025-12-15
MEX95081,2024-11-02,2024,Political violence,Battles,Armed clash,484,North America,Mexico,Baja California,Tecate,La Rumorosa,32.5245,-116.0568,24 Horas (Mexico); La Silla Rota,"On 2 November 2024, in La Rumorosa, Baja California, there was an armed clash between armed men and the National Guard. Two people were killed and another four were injured. The armed individuals were suspected of migrant trafficking and the two fatalities were two Colombian migrants. 2 fatalities, 4 injured.",2,MX02003,Tecate,2024-12-15,2025-12-15
MEX95082,2024-11-02,2024,Political violence,Violence against civilians,Attack,484,North America,Mexico,Baja California,Tijuana,Tijuana,32.5325,-117.019,AFN - Tijuana; Zeta Tijuana,"Around 2 November 2024 (as reported), in Tijuana, Baja California, a man was killed and the body was found tied with tape, inside a car on fire in Colonia Ocampo. Another version, indicates that the victim was inside the trunk in Colonia El Pipila. 1 fatality.",1,MX02004,Tijuana,2024-12-15,2025-12-15
MEX95084,2024-11-02,2024,Political violence,Violence against civilians,Attack,484,North America,Mexico,Ciudad de Mexico,Gustavo A. Madero,Ciudad de Mexico - Gustavo A. Madero,19.4829,-99.1135,La Silla Rota,"On 2 November 2024, in Ciudad de Mexico - Gustavo A. Madero, a group of armed individuals attacked a group of people in Avenida Fernando Amilpa. One person was killed and another six people were injured. 1 fatality, 6 injured.",1,MX09005,Gustavo A. Madero,2024-12-15,2025-12-15
MEX95097,2024-11-02,2024,Political violence,Violence against civilians,Attack,484,North America,Mexico,Morelos,Xochitepec,Xochitepec,18.7808,-99.2305,Diario de Morelos,"Around 2 November 2024 (as reported), in Xochitepec, Morelos, an unknown number of people were killed and their bodies were found inside bags on Avenida Crisantemos, including at least the torso of a person. Later, more remains were found in different parts of the city. Unspecified number of fatalities coded as 3.",3,MX17028,Xochitepec,2024-12-15,2025-12-15
MEX95098,2024-11-02,2024,Political violence,Violence against civilians,Attack,484,North America,Mexico,Nuevo León,Santa Catarina,Ciudad Santa Catarina,25.6744,-100.4617,El Norte,"On 2 November 2024, in Ciudad Santa Catarina, Nuevo Leon, according to witnesses, two armed men shot and killed a young man in front of a house in Colonia Cima de las Mitras. 1 fatality.",1,MX19048,Santa Catarina,2024-12-15,2025-12-15
MEX95100,2024-11-02,2024,Political violence,Violence against civilians,Attack,484,North America,Mexico,Puebla,Puebla,Heroica Puebla de Zaragoza,19.044,-98.1975,La Silla Rota,"On 2 November 2024, in Heroica Puebla de Zaragoza, Puebla, two armed individuals on a motorcycle shot and killed (drive-by) a man around de Plaza Crystral. 1 fatality.",1,MX21114,Puebla,2024-12-15,2025-12-15
MEX95102,2024-11-02,2024,Political violence,Battles,Armed clash,484,North America,Mexico,San Luis Potosí,Tamuin,Tamuin,22.0059,-98.7795,Milenio,"On 2 November 2024, around Tamuin, San Luis Potosi, there was an armed clash between armed men and the state police around Ejido 'La Calera' on the Valles - Tamuin highway. Two armed men were injured and three were arrested. 2 injured.",0,MX24040,Tamuín,2024-12-15,2025-12-15
MEX95104,2024-11-02,2024,Political violence,Violence against civilians,Attack,484,North America,Mexico,Tabasco,Comalcalco,Tecolutilla,18.283,-93.3335,Tabasco Hoy,"Around 2 November 2024 (as reported), in Tecolutilla, Tabasco, a woman and a man were killed and their bodies were found in bags with gunshot wounds and a message from a criminal group. 2 fatalities.",2,MX27005,Comalcalco,2024-12-15,2025-12-15
MEX95105,2024-11-02,2024,Political violence,Violence against civilians,Attack,484,North America,Mexico,Veracruz de Ignacio de la Llave,Minatitlan,Minatitlan,17.991,-94.5484,La Silla Rota,"On 2 November 2024, in Minatitlan, Veracruz, according to witnesses, three armed men shot and killed two men in a house in Colonia Aurora. 2 fatalities.",2,MX30108,Minatitlán,2024-12-15,2025-12-15
MEX95106,2024-11-02,2024,Political violence,Battles,Armed clash,484,North America,Mexico,Zacatecas,Fresnillo,Organos,22.9177,-102.9211,La Jornada; Pagina 24 Zacatecas; Riodoce,"On 2 November 2024, in Organos, Zacatecas, gang members intercepted and shot at two state police officers on the road to Jerez in a drive-by. The officers crashed and were killed. The police officers were the bodyguards of a family member of the governor. 2 fatalities.",2,MX32010,Fresnillo,2024-12-15,2025-12-15
MEX95070,2024-11-01,2024,Political violence,Battles,Armed clash,484,North America,Mexico,Guanajuato,Irapuato,Irapuato,20.6728,-101.3481,Zona Franca,"On 1 November 2024, in Irapuato, Guanajuato, armed individuals clashed with the National Guard during a police control in colonia Villas de San Cayetano. Two men were arrested. Two people were injured with stray bullets.",0,MX11017,Irapuato,2024-12-15,2025-12-15
MEX95076,2024-11-01,2024,Political violence,Violence against civilians,Attack,484,North America,Mexico,Zacatecas,Loreto,La Alqueria,22.2721,-101.8233,Pagina 24 Zacatecas,"Around 1 November 2024 (as reported), around La Alqueria, Zacatecas, two men were killed by members of a criminal group and their bodies were found with signs of torture around La Alqueria and Santa Maria de los Angeles communities. One of the victims was handcuffed. 2 fatalities.",2,MX32024,Loreto,2024-12-15,2025-12-15
MEX95068,2024-10-31,2024,Political violence,Violence against civilians,Attack,484,North America,Mexico,Ciudad de Mexico,Gustavo A. Madero,Ciudad de Mexico - Gustavo A. Madero,19.4829,-99.1135,El Blog del Narco; Milenio,"On 31 October 2024, in Ciudad de Mexico - Gustavo A. Madero, two armed men shot at a father and his son. The boy was killed. 1 fatality.",1,MX09005,Gustavo A. Madero,2024-12-15,2025-12-15
MEX95069,2024-10-31,2024,Political violence,Battles,Armed clash,484,North America,Mexico,Tabasco,Paraiso,Paraiso,18.3982,-93.2123,Diario de Morelos,"On 31 October 2024, in Paraiso, Tabasco, there was an armed clash between the military forces and the National Guard and members of La Barredora Gang. A leader of the criminal group was arrested. Weapons were seized. Casualties unknown.",0,MX27014,Paraíso,2024-12-15,2025-12-15
MEX95067,2024-10-21,2024,Political violence,Violence against civilians,Attack,484,North America,Mexico,Guerrero,Cuajinicuilapa,Cuajinicuilapa,16.472,-98.4167,El Faro de la Costa Chica; El Norte,"On 21 October 2024, in Cuajinicuilapa, Guerrero, an unidentified armed group beaten and kidnapped the councilor of the municipality of the PVEM party on his way to Ometepec. The victim's whereabouts are unknown.",0,MX12023,Cuajinicuilapa,2024-12-15,2025-12-15
MEX94664,2024-10-20,2024,Political violence,Violence against civilians,Attack,484,North America,Mexico,Sinaloa,San Ignacio,Las Labradas,23.6205,-106.7667,Milenio,"Around 20 October 2024 (as reported), in Las Labradas, Sinaloa, a man was killed and his body was found wrapped in a blanket on km. 48. 1 fatality.",1,MX25016,San Ignacio,2024-12-15,2025-12-15
MEX95330,2024-11-08,2024,Political violence,Violence against civilians,Attack,484,North America,Mexico,Baja California,Tijuana,Tijuana,32.5325,-117.019,Zeta Tijuana,"Around 8 November 2024 (as reported), in Tijuana, Baja California, a woman was killed and her body was found wrapped in a plastic bag on Cuarta street, between Negrete and Melchor Ocampo avenues, in Colonia Zona Centro. 1 fatality.",1,MX02004,Tijuana,2024-12-15,2025-12-15
MEX94262,2024-10-17,2024,Political violence,Violence against civilians,Attack,484,North America,Mexico,Ciudad de Mexico,Cuauhtemoc,Ciudad de Mexico - Cuauhtemoc,19.4313,-99.1531,24 Horas (Mexico); AFN - Tijuana; Diario de Morelos; El Norte; La Jornada; La Silla Rota; Milenio; Tabasco Hoy,"On 17 October 2024, in Ciudad de Mexico - Cuauhtemoc, two armed men shot at three people on 5 de Mayo street, near the junction with Motolinia street, killing a man and injuring another man and a woman. The woman is an alternate local congresswoman of the coalition 'Va por Mexico' (formed by PAN, PRI and PRD parties), a trans activist, and leader of local vendors. Her mother, also a vendors' leader, affirmed that they had been threatened by La Union Tepito. Both women were arrested in 2021 on charges of extorsion and organized robbery. Authorities later arrested the two perpetrators and a woman accomplice. The injured man died on 11 November 2024. 2 fatalities.",2,MX09015,Cuauhtémoc,2024-12-15,2025-12-15
MEX95297,2024-11-07,2024,Political violence,Violence against civilians,Attack,484,North America,Mexico,Morelos,Cuernavaca,Cuernavaca,18.9218,-99.2349,8 Columnas; Diario de Morelos; La Jornada; La Silla Rota; Milenio; Reforma; Tabasco Hoy,"On 7 November 2024, in Cuernavaca, Morelos, an armed individual on the street shot at the emergency section of the IMSS Regional General Hospital C/MF No. 1, on Plan de Ayala avenue, injuring four people. Previous versions indicated that armed individuals had entered the hospital to kill a person that was being operated due to gunshot wounds caused in Jiutepec earlier the same day, or a relative or friend of such person. Authorities later denied this version and confirmed that the perpetrator did not enter the premises. Authorities arrested a suspect on 8 November 2024, and three more individuals are wanted due to their possible participation in this event. 4 injured.",0,MX17007,Cuernavaca,2024-12-15,2025-12-15
MEX94147,2024-10-17,2024,Political violence,Battles,Armed clash,484,North America,Mexico,Nuevo León,General Teran,General Teran,25.2586,-99.6837,El Norte; La Silla Rota,"On 17 October 2024, in General Teran, Nuevo Leon, state and municipal police officers clashed with suspected members of the Cartel del Noreste in front of a police station on Plutarco Elias Calles avenue. A member of the cartel died, and the rest of them fled towards Montemorelos. This event is part of three clashes between authorities and the CDN that took place in Nuevo Leon the same day (coded separately). 1 fatality.",1,MX19022,General Terán,2024-12-15,2025-12-15
MEX95155,2024-11-04,2024,Political violence,Violence against civilians,Attack,484,North America,Mexico,México,Almoloya de Juarez,Almoloya de Juarez,19.3697,-99.7589,Milenio,"On 4 November 2024, in Almoloya de Juarez, Mexico, according to witnesses, armed individuals on a motorbike shot at people in Fraccionamiento Rancho San Juan, killing a woman and injuring four people (drive-by). 1 fatality, 4 injured.",1,MX15005,Almoloya de Juárez,2024-12-15,2025-12-15
MEX95369,2024-11-08,2024,Political violence,Violence against civilians,Attack,484,North America,Mexico,Tamaulipas,Reynosa,El Guerreno,26.0281,-98.1973,Hoy Tamaulipas,"Around 8 November 2024 (as reported), in El Guerreno, Tamaulipas, armed individuals on a van shot at two people that were changing a wheel of a vehicle on Rio Bravo-Reynosa road, killing a woman and injuring a man (drive-by). The perpetrators suspectedly mistook the victims for members of rival organizations. 1 fatality, 1 injured.",1,MX28032,Reynosa,2024-12-15,2025-12-15
MEX95370,2024-11-08,2024,Political violence,Battles,Armed clash,484,North America,Mexico,Tamaulipas,Rio Bravo,Ciudad Rio Bravo,25.981,-98.0901,Hoy Tamaulipas,"Around 8 November 2024 (as reported), in Ciudad Rio Bravo, Tamaulipas, armed groups clashed and an unknown number of people were killed. One of the people involved in the clash fled the scene and sought medical assistance in Colonia Las Cumbres, where he was arrested. Unspecified number of fatalities coded as 3.",3,MX28033,Río Bravo,2024-12-15,2025-12-15
MEX95372,2024-11-10,2024,Political violence,Violence against civilians,Abduction/forced disappearance,484,North America,Mexico,Baja California,Mexicali,Los Algodones,32.7133,-114.7358,Zeta Tijuana,"On 10 November 2024, in Los Algodones, Baja California, four people were kidnapped by unidentified armed individuals. Two of them were later found alive. The other two are suspected to be found killed, however, this was not confirmed. The whereabouts of the other two people remain unknown.",0,MX02002,Mexicali,2024-12-15,2025-12-15
MEX95374,2024-11-08,2024,Political violence,Violence against civilians,Attack,484,North America,Mexico,Baja California,Tijuana,Tijuana,32.5325,-117.019,Zeta Tijuana,"Around 8 November 2024 (as reported), in Tijuana, Baja California, a woman was killed and her burnt body was found on 5 street, in Colonia Jardines de las Cruces, in the Delegation of San Antonio de los Buenos. 1 fatality.",1,MX02004,Tijuana,2024-12-15,2025-12-15
MEX95375,2024-11-09,2024,Political violence,Violence against civilians,Attack,484,North America,Mexico,Baja California,Tijuana,Tijuana,32.5325,-117.019,Zeta Tijuana,"Around 9 November 2024 (as reported), in Tijuana, Baja California, a man was killed and his head was found in Colonia Kino II. 1 fatality.",1,MX02004,Tijuana,2024-12-15,2025-12-15
MEX95376,2024-11-10,2024,Political violence,Violence against civilians,Attack,484,North America,Mexico,Baja California,Tijuana,Tijuana,32.5325,-117.019,AFN - Tijuana,"Around 10 November 2024 (as reported), in Tijuana, Baja California, a person was killed and the body was found with gunshot wounds and the hands tied on Santo Degollado and 5 de Febrero streets, in Colonia Ninos Heroes. 1 fatality.",1,MX02004,Tijuana,2024-12-15,2025-12-15
MEX95377,2024-11-11,2024,Political violence,Violence against civilians,Attack,484,North America,Mexico,Baja California,Tijuana,Tijuana,32.5325,-117.019,Zeta Tijuana,"Around 11 November 2024 (as reported), in Tijuana, Baja California, according to witnesses, a group of armed men shot and killed a man in Colonia Chihuahua, and then fled in two vehicles. 1 fatality.",1,MX02004,Tijuana,2024-12-15,2025-12-15
MEX95381,2024-11-13,2024,Political violence,Violence against civilians,Attack,484,North America,Mexico,Baja California,Tijuana,Tijuana,32.5325,-117.019,AFN - Tijuana,"On 13 November 2024, in Tijuana, Baja California, according to witnesses, armed men shot and killed a man in Colonia Rancho las Flores. 1 fatality.",1,MX02004,Tijuana,2024-12-15,2025-12-15
MEX95384,2024-11-14,2024,Political violence,Violence against civilians,Attack,484,North America,Mexico,Baja California,Tijuana,Tijuana,32.5325,-117.019,AFN - Tijuana,"Around 14 November 2024 (as reported), in Tijuana, Baja California, a man was killed and his body was found decapitated with a narco message next to his body in Piedrera Canyon. 1 fatality.",1,MX02004,Tijuana,2024-12-15,2025-12-15
MEX95385,2024-11-14,2024,Political violence,Violence against civilians,Attack,484,North America,Mexico,Baja California,Tijuana,Tijuana,32.5325,-117.019,AFN - Tijuana,"On 14 November 2024, in Tijuana, Baja California, two armed individuals shot and killed a man leaving a penitentiary center in Colonia La Mesa. The victim's wife was left uninjured and both perpetrators were later arrested. 1 fatality.",1,MX02004,Tijuana,2024-12-15,2025-12-15
MEX95391,2024-11-12,2024,Political violence,Violence against civilians,Attack,484,North America,Mexico,Campeche,Campeche,San Francisco de Campeche,19.8448,-90.5396,Tribuna Campeche,"On 12 November 2024, in San Francisco de Campeche, Campeche, two armed men on a motorcycle shot and injured two men in a drive-by shooting in the Unidad habitacional Fidel Velazquez.",0,MX04002,Campeche,2024-12-15,2025-12-15
MEX95396,2024-11-13,2024,Political violence,Battles,Armed clash,484,North America,Mexico,Campeche,Champoton,Seybaplaya,19.6411,-90.6856,Tribuna Campeche,"Around 13 November 2024 (as reported), in Seybaplaya, Campeche, a man was killed and the body was found with the 'tiro de gracia'. The victim was a drug dealer. 1 fatality.",1,MX04004,Champotón,2024-12-15,2025-12-15
MEX95397,2024-11-10,2024,Political violence,Violence against civilians,Attack,484,North America,Mexico,Campeche,Escarcega,Escarcega,18.6065,-90.738,Tribuna Campeche,"On 10 November 2024, in Escarcega, Campeche, an armed individual on a motorbike shot at a person who was driving a bicycle in front of Abelardo Carrillo Zavala park (drive-by). The victim was uninjured. Also in Escarcega, armed individuals on a taxi shot at a person who was driving a motorcycle in Colonia Concordia (drive-by). The victim tried to flee, and it is unknown whether he was injured. The perpetrators followed him to his house, and shot at the house facade causing damages.",0,MX04009,Escárcega,2024-12-15,2025-12-15
MEX95407,2024-11-13,2024,Political violence,Violence against civilians,Attack,484,North America,Mexico,Chihuahua,Aldama,Juan Aldama,28.8384,-105.9113,La Jornada; Tiempo,"On 13 November 2024, in Juan Aldama, Chihuahua, two men were shot and killed suspectedly by members of criminal group while driving in colonia El Arbolito. 2 fatalities.",2,MX08002,Aldama,2024-12-15,2025-12-15
MEX95410,2024-11-10,2024,Political violence,Violence against civilians,Attack,484,North America,Mexico,Chihuahua,Chihuahua,Chihuahua,28.6368,-106.0763,Tiempo,"On 10 November 2024, in Chihuahua, Chihuahua, two armed individuals shot and killed a man that was driving a van on Mina San Rafael and Mina La Negrita streets, in Colonia Robinson. 1 fatality.",1,MX08019,Chihuahua,2024-12-15,2025-12-15
MEX95411,2024-11-13,2024,Political violence,Violence against civilians,Attack,484,North America,Mexico,Chihuahua,Chihuahua,Chihuahua,28.6368,-106.0763,La Jornada; Tiempo,"Around 13 November 2024 (as reported), in Chihuahua, Chihuahua, three men were killed and their bodies were found with their hands and feet tied up around Granjas del Valle near Libramiento Oriente. 3 fatalities.",3,MX08019,Chihuahua,2024-12-15,2025-12-15
MEX95413,2024-11-15,2024,Political violence,Battles,Armed clash,484,North America,Mexico,Chihuahua,Guerrero,La Junta,28.4772,-107.3286,Tiempo,"On 15 November 2024, close to La Junta, Chihuahua, members of an organized crime group opened fire and chased members of El Tigre Cartel leading to the death of three members of the El Tigre cartel. 3 fatalities.",3,MX08031,Guerrero,2024-12-15,2025-12-15
MEX95414,2024-11-15,2024,Political violence,Violence against civilians,Attack,484,North America,Mexico,Chihuahua,Valle de Zaragoza,Valerio,27.6638,-106.0951,Tiempo,"Around 15 November 2024 (as reported), in Valerio, Chihuahua, a man was killed and his body was found decapitated. 1 fatality.",1,MX08067,Valle de Zaragoza,2024-12-15,2025-12-15
MEX95419,2024-11-15,2024,Political violence,Battles,Armed clash,484,North America,Mexico,Ciudad de Mexico,Iztacalco,Ciudad de Mexico - Iztacalco,19.3959,-99.0976,El Norte,"On 15 November 2024, in Ciudad de Mexico - Iztacalco, four armed individuals, including two men who claimed to be investigative police agents entered a building in a suspected anti-drug operation in Colonia Santa Anita upon which one man opened fire at them. One man was killed and another was injured. After the attack the armed man escaped. Authorities are investigating the affiliation of the group of armed men after they found that the credentials of the police officers had expired. 1 fatality, 1 injury.",1,MX09006,Iztacalco,2024-12-15,2025-12-15
MEX95422,2024-11-09,2024,Political violence,Violence against civilians,Attack,484,North America,Mexico,Ciudad de Mexico,Tlalpan,Ciudad de Mexico - Tlalpan,19.2883,-99.1671,Diario de Morelos; Milenio,"On 9 November 2024, in Ciudad de Mexico - Tlalpan, a group of armed individuals shot at four people around km. 28 of Mexico-Cuernavaca federal road near San Miguel Topilejo, killing a man and injuring three other people (likely witnesses). 1 fatality, 3 injured.",1,MX09012,Tlalpan,2024-12-15,2025-12-15
MEX95423,2024-11-13,2024,Political violence,Battles,Armed clash,484,North America,Mexico,Ciudad de Mexico,Venustiano Carranza,Ciudad de Mexico - Venustiano Carranza,19.4193,-99.1137,Milenio,"On 13 November 2024, in Ciudad de Mexico - Venustiano Carranza, armed men on a motorcycle shot and killed (drive-by) a man and injured another one in colonia Penitenciaria. The killed victim was identified as a drug dealer. 1 fatality.",1,MX09017,Venustiano Carranza,2024-12-15,2025-12-15
MEX95437,2024-11-12,2024,Political violence,Violence against civilians,Attack,484,North America,Mexico,Guanajuato,Celaya,Celaya,20.5215,-100.814,Zona Franca,"On 12 November 2024, in Celaya, Guanajuato, according to witnesses, an armed man shot and killed a man in a mall. The perpetrator ran away with his accomplice on a motorcycle. Also in Celaya, two armed men entered a house and killed a man in Colonia Ejidal. In a third attack in Celaya, at least two armed individuals who arrived on a motorcycle shot and killed a man in colonia Arboledas de San Rafael. A woman was also injured. 3 fatalities.",3,MX11007,Celaya,2024-12-15,2025-12-15
MEX95438,2024-11-13,2024,Political violence,Violence against civilians,Attack,484,North America,Mexico,Guanajuato,Celaya,Celaya,20.5215,-100.814,La Silla Rota,"On 13 November 2024, in Celaya, Guanajuato, two armed men shot and killed a couple in front of their 5-year-old daughter in Colonia La Alameda. 2 fatalities.",2,MX11007,Celaya,2024-12-15,2025-12-15
MEX95440,2024-11-10,2024,Political violence,Violence against civilians,Attack,484,North America,Mexico,Guanajuato,Leon,Capellania de Loera,21.0382,-101.5961,Zona Franca,"On 10 November 2024, in Capellania de Loera, Guanajuato, four armed men on a vehicle shot at a van on km. 5 of Maxipista Leon-Aguascalientes, killing a woman and injuring six other people, including two minors (drive-by). The victims are members of the same family. 1 fatality, 6 injured.",1,MX11020,León,2024-12-15,2025-12-15
MEX95449,2024-11-08,2024,Political violence,Violence against civilians,Attack,484,North America,Mexico,Guanajuato,Romita,El Jaguey,20.9148,-101.6339,Zona Franca,"Around 8 November 2024 (as reported), in El Jaguey, Guanajuato, a man was killed and his body was found semi-buried and with tape around one of the hands, between the communities of Barretos and Nuevo Lindero. 1 fatality.",1,MX11026,Romita,2024-12-15,2025-12-15
MEX95463,2024-10-27,2024,Political violence,Violence against civilians,Abduction/forced disappearance,484,North America,Mexico,Guerrero,Chilpancingo de los Bravo,Chilpancingo de los Bravo,17.5516,-99.5011,La Silla Rota,"On 27 October 2024, in Chilpancingo de los Bravo, Guerrero, a merchant was kidnapped by members of Los Ardillos gang from Petaquillas. He later was released and made a declaration to the authorities, where he accused a politician and the gang of being involved in the killing of the recent elected mayor (coded separately). The merchant was later killed and his body was found on 6 November (coded separately).",0,MX12029,Chilpancingo de los Bravo,2024-12-15,2025-12-15
MEX95464,2024-11-06,2024,Political violence,Violence against civilians,Attack,484,North America,Mexico,Guerrero,Chilpancingo de los Bravo,Chilpancingo de los Bravo,17.5516,-99.5011,La Silla Rota,"Around 6 November 2024 (as reported), in Chilpancingo de los Bravo, Guerrero, a merchant was killed by members of Los Ardillos gang and his body was found. The victim had been previously abducted by this gang and during his captivity heard information about the involvement of the gang in the killing of the elected mayor (coded separately). After having shared the information he heard with the police, he was killed. 1 fatality.",1,MX12029,Chilpancingo de los Bravo,2024-12-15,2025-12-15
MEX95465,2024-11-08,2024,Political violence,Violence against civilians,Attack,484,North America,Mexico,Guerrero,Chilpancingo de los Bravo,Chilpancingo de los Bravo,17.5516,-99.5011,El Sol de Acapulco,"Around 8 November 2024 (as reported), in Chilpancingo de los Bravo, Guerrero, a man was killed and his body was found with gunshot wounds in the head in Colonia Jardines de Zinnia. The victim was a former bodyguard for public servants, a former ministerial federal police officer, and current leader of 'La Basura Jefa', an association of over 200 particular garbage collectors. 1 fatality.",1,MX12029,Chilpancingo de los Bravo,2024-12-15,2025-12-15
MEX95474,2024-11-12,2024,Political violence,Violence against civilians,Attack,484,North America,Mexico,Guerrero,Coyuca de Benitez,El Cayaco,17.0472,-100.2682,El Sol de Acapulco,"On 12 November 2024, in El Cayaco, Guerrero, armed individuals in a vehicle shot and killed a woman in a drive-by shooting on the Acapulco-Pinotepa Nacional. The woman was driving and crashed after being shot at. 1 fatality.",1,MX12021,Coyuca de Benítez,2024-12-15,2025-12-15
MEX95475,2024-11-14,2024,Political violence,Violence against civilians,Attack,484,North America,Mexico,Guerrero,Iguala de la Independencia,Iguala de la Independencia,18.3445,-99.5384,El Sol de Acapulco,"Around 14 November 2024 (as reported), in Iguala de la Independencia, Guerrero, a man was killed and his body was found with his hands tied in Colonia Insurgentes in the center of the city. 1 fatality.",1,MX12035,Iguala de la Independencia,2024-12-15,2025-12-15
MEX95483,2024-11-13,2024,Political violence,Violence against civilians,Attack,484,North America,Mexico,Hidalgo,Tulancingo de Bravo,Tulancingo,20.0806,-98.3681,Milenio,"Around 13 November 2024 (as reported), in Tulancingo, Hidalgo, two people were killed and their bodies were found burned in an empty lot in colonia Ahuehuetitla. 2 fatalities.",2,MX13077,Tulancingo de Bravo,2024-12-15,2025-12-15
MEX95489,2024-11-15,2024,Political violence,Violence against civilians,Attack,484,North America,Mexico,Jalisco,Lagos de Moreno,Lagos de Moreno,21.3564,-101.9292,El Norte,"Around 15 November 2024 (as reported), in Lagos de Moreno, Jalisco, a man and a woman were attacked and their bodies were found alive with signs of torture and letters scratched into their bodies forming the word 'chapulin' (people linked to gangs who switch sides). 2 injuries.",0,MX14053,Lagos de Moreno,2024-12-15,2025-12-15
MEX95490,2024-11-09,2024,Political violence,Violence against civilians,Attack,484,North America,Mexico,Jalisco,San Pedro Tlaquepaque,Tlaquepaque,20.6386,-103.3072,Mural,"Around 9 November 2024 (as reported), in Tlaquepaque, Jalisco, a man was killed and his body was found wrapped in plastic bags on Agua Dulce street, in Colonia Loma Linda. 1 fatality.",1,MX14098,San Pedro Tlaquepaque,2024-12-15,2025-12-15
MEX95493,2024-11-12,2024,Political violence,Battles,Armed clash,484,North America,Mexico,Jalisco,Teocaltiche,Mechoacanejo,21.5404,-102.5959,El Universal (Mexico); La Verdad,"On 12 November 2024, in Mechoacanejo, Jalisco, a commando of the Jalisco New Generation Cartel (CJNG) broke into the community and clashed with armed residents who tried to stop their entrance. This event was part of other events involving the CJNG in the municipality (coded separately). The CJNG also blocked the roads with vehicles and set them on fire to set a (narco) roadblock. Casualties unknown.",0,MX14091,Teocaltiche,2024-12-15,2025-12-15
MEX95494,2024-11-08,2024,Political violence,Violence against civilians,Attack,484,North America,Mexico,Jalisco,Tlajomulco de Zuniga,Tlajomulco de Zuniga,20.4736,-103.4431,Mural,"Around 8 November 2024 (as reported), in Tlajomulco de Zuniga, Jalisco, a man was killed and his body was found with stab wounds and the hands tied on a path near the intersection of Villa Lisboa and Villa Oporto streets, in Fraccionamiento Villa Fontana Aqua. 1 fatality.",1,MX14097,Tlajomulco de Zúñiga,2024-12-15,2025-12-15
MEX95495,2024-11-12,2024,Political violence,Violence against civilians,Attack,484,North America,Mexico,Jalisco,Tlajomulco de Zuniga,Tlajomulco de Zuniga,20.4736,-103.4431,Milenio,"Around 12 November 2024 (as reported), in Tlajomulco de Zuniga, Jalisco, a man was killed and the body was found inside a mattress in fraccionamiento Canadas del Bosque. 1 fatality.",1,MX14097,Tlajomulco de Zúñiga,2024-12-15,2025-12-15
MEX95498,2024-11-09,2024,Political violence,Violence against civilians,Attack,484,North America,Mexico,Jalisco,Zapopan,Zapopan,20.7206,-103.3883,Mural,"On 9 November 2024, in Zapopan, Jalisco, armed individuals on motorbikes shot and injured two people (a man and a woman) on 2 street, in Lomas del Vergel (drive-by). 2 injured.",0,MX14120,Zapopan,2024-12-15,2025-12-15
MEX95501,2024-11-14,2024,Political violence,Violence against civilians,Attack,484,North America,Mexico,México,Chalco,Santa Catarina Ayotzingo,19.208,-98.9291,El Norte; La Jornada,"On 14 November 2024, near Santa Catarina Ayotzingo, Mexico, several armed individuals in a vehicle chased three men traveling in another vehicle between Santa Catarina Ayotzingo and San Pablo and opened fire at them (drive-by). All three were killed as a result. 3 fatalities.",3,MX15025,Chalco,2024-12-15,2025-12-15
MEX95502,2024-11-11,2024,Political violence,Violence against civilians,Attack,484,North America,Mexico,México,Chicoloapan,Chicoloapan de Juarez,19.4168,-98.902,La Jornada,"On 11 November 2024, in Chicoloapan de Juarez, Mexico, a young man was shot and injured by four armed young men in street Real de Aguascalientes Unidad Habitacional Ara 3.",0,MX15029,Chicoloapan,2024-12-15,2025-12-15
MEX95506,2024-11-14,2024,Political violence,Battles,Armed clash,484,North America,Mexico,México,Cuautitlan Izcalli,Cuautitlan Izcalli,19.657,-99.2093,La Jornada,"On 14 November 2024, in Cuautitlan Izcalli, Mexico, armed men traveling in a vehicle opened fire at a security guard who was escorting a cargo unit (drive-by). The security guard died as a result and the driver of the cargo truck escaped the scene. 1 fatality.",1,MX15121,Cuautitlán Izcalli,2024-12-15,2025-12-15
MEX95514,2024-11-11,2024,Political violence,Violence against civilians,Attack,484,North America,Mexico,Michoacán,Alvaro Obregon,Alvaro Obregon,19.8263,-101.0385,La Voz de Michoacan,"Around 11 November 2024 (as reported), in Alvaro Obregon, Michoacan de Ocampo, two people (a man and a woman) were killed and their bodies were found with gunshot wounds and wrapped in blankets in a field next to Ramal El Venado path and a bridge on Morelia-Aeropuerto highway. 2 fatalities.",2,MX16003,Álvaro Obregón,2024-12-15,2025-12-15
MEX95522,2024-11-10,2024,Political violence,Violence against civilians,Attack,484,North America,Mexico,Michoacán,Zamora,Zamora de Hidalgo,19.9836,-102.286,La Voz de Michoacan,"On 10 November 2024, in Zamora de Hidalgo, Michoacan de Ocampo, armed individual(s) shot and killed an off-duty traffic municipal police officer who was driving a motorcycle on Paseo de Altamira avenue, in Fraccionamiento Altamira. The victim's son was on the vehicle and was injured. 1 fatality, 1 injured.",1,MX16108,Zamora,2024-12-15,2025-12-15
MEX95525,2024-11-09,2024,Political violence,Violence against civilians,Attack,484,North America,Mexico,Morelos,Cuautla,Cuautla,18.8128,-98.9553,Diario de Morelos; Reforma,"On 9 November 2024, in Cuautla, Morelos, according to witnesses, over ten hooded armed men entered a house on Matamoros street, in Colonia Miguel Hidalgo, and shot at people that were celebrating a baptism, injuring at least three. A version indicate that the perpetrators beat and robbed some of the victims. The perpetrators fled in two vehicles. 3 injured.",0,MX17006,Cuautla,2024-12-15,2025-12-15
MEX95527,2024-11-10,2024,Political violence,Violence against civilians,Attack,484,North America,Mexico,Morelos,Cuernavaca,Cuernavaca,18.9218,-99.2349,Diario de Morelos,"On 10 November 2024, in Cuernavaca, Morelos, according to security cameras recordings, armed individuals on a motorbike shot at a vehicle on Castillo de Chapultepec avenue, injuring two men (drive-by). 2 injured.",0,MX17007,Cuernavaca,2024-12-15,2025-12-15
MEX95530,2024-11-14,2024,Political violence,Violence against civilians,Attack,484,North America,Mexico,Morelos,Emiliano Zapata,Tetecalita,18.7682,-99.1775,Diario de Morelos,"Around 14 November 2024 (as reported), in Tetecalita, Morelos, a man was killed and his body was found dismembered on a dirt road in the El Salto area. 1 fatality.",1,MX17008,Emiliano Zapata,2024-12-15,2025-12-15
MEX95533,2024-11-12,2024,Political violence,Battles,Armed clash,484,North America,Mexico,Nayarit,Xalisco,Xalisco,21.4437,-104.8997,El Universal (Mexico),"On 12 November 2024, in Xalisco, Nayarit, officers of the investigative police (ministerial police) went to a home in Fraccionamiento Canoas II upon suspicion of the sale of drugs and a man opened fire at them when they were at the drop and a clash ensued. One police officer was injured as a result and the suspected drug dealer escaped. 1 injury.",0,MX18008,Xalisco,2024-12-15,2025-12-15
MEX95534,2024-11-13,2024,Political violence,Battles,Armed clash,484,North America,Mexico,Nayarit,Xalisco,Xalisco,21.4437,-104.8997,El Universal (Mexico),"On 13 November 2024, I Xalisco, Mexico, ministerial police officers supporter by officers from different state departments went to a home upon suspecting the presence of an armed man who shot two police officers the day before (coded separately). The man who was a suspected drug dealer shot at the police officers who repelled the aggression and killed him. 1 fatality.",1,MX18008,Xalisco,2024-12-15,2025-12-15
MEX95538,2024-11-12,2024,Political violence,Violence against civilians,Attack,484,North America,Mexico,Nuevo León,Cienega de Flores,Cienega de Flores,25.9521,-100.1681,Milenio,"On 12 November 2024, in Cienega de Flores, Nuevo Leon, several armed men shot and injured a man in Colonia Paseos del Roble. The event could be related to drug dealing as drugs were found by the side of the crime scene.",0,MX19012,Ciénega de Flores,2024-12-15,2025-12-15
MEX95539,2024-11-11,2024,Political violence,Violence against civilians,Attack,484,North America,Mexico,Nuevo León,El Carmen,Carmen,25.9322,-100.3641,Milenio,"Around 11 November 2024 (between 10 - 13 November), in Carmen, Nuevo Leon, a couple was killed and their bodies were found on 13 November in a house in fraccionamiento Antares wrapped in plastic bags. Both victims were reported missing on 10 November. 2 fatalities.",2,MX19010,El Carmen,2024-12-15,2025-12-15
MEX95544,2024-11-15,2024,Political violence,Violence against civilians,Attack,484,North America,Mexico,Nuevo León,General Escobedo,Ciudad General Escobedo,25.808,-100.3226,Milenio,"On 15 November 2024, in Ciudad General Escobedo, Nuevo Leon, armed individuals opened fire from a vehicle and shot and injured a man in Colonia Infonavit Monterreal (drive-by). 1 injury.",0,MX19021,General Escobedo,2024-12-15,2025-12-15
MEX95545,2024-11-09,2024,Political violence,Battles,Armed clash,484,North America,Mexico,Nuevo León,General Teran,San Pedro,25.2755,-99.6417,La Verdad; Milenio,"On 9 November 2024, in San Pedro, Nuevo Leon, municipal police officers and armed individuals clashed on the road to the village of Santa Ana Nuevo. Three armed individuals died and an officer was injured. Three women were also collaterally injured. Officers seized several fireweapons and four vehicles. 3 fatalities, 4 injured.",3,MX19022,General Terán,2024-12-15,2025-12-15
MEX95550,2024-11-15,2024,Political violence,Battles,Armed clash,484,North America,Mexico,Nuevo León,Linares,Linares,24.8597,-99.5679,La Silla Rota,"On 15 November 2024, in Linares, Nuevo Leon, armed individuals opened fire at municipal police officers in Colonia La Petaca and Los Naranjos. One woman died as a result and one woman and two police officers were injured. 1 fatality, 3 injuries.",1,MX19033,Linares,2024-12-15,2025-12-15
MEX95557,2024-11-14,2024,Political violence,Violence against civilians,Attack,484,North America,Mexico,Nuevo León,San Nicolas de los Garza,San Nicolas de los Garza,25.7553,-100.2896,El Norte,"On 14 November 2024, in San Nicolas de los Garza, Nuevo Leon, armed individuals opened fire from a car in Colonia Constituyentes de Queretaro and shot and injured two men (drive-by). 2 injuries.",0,MX19046,San Nicolás de los Garza,2024-12-15,2025-12-15
MEX95558,2024-11-09,2024,Political violence,Violence against civilians,Attack,484,North America,Mexico,Oaxaca,Heroica Ciudad de Juchitan de Zaragoza,Juchitan de Zaragoza,16.4333,-95.0216,Quadratin Oaxaca,"Around 9 November 2024 (as reported), in Juchitan de Zaragoza, Oaxaca, a man was killed and his body was found with the hands tied. The victim suspectedly is a man who was abducted during an attack on 8 November 2024, in which another person was killed (unclear circumstances). 1 fatality.",1,MX20043,Heroica Ciudad de Juchitán de Zaragoza,2024-12-15,2025-12-15
MEX95562,2024-11-11,2024,Political violence,Violence against civilians,Attack,484,North America,Mexico,Oaxaca,Putla Villa de Guerrero,Putla Villa de Guerrero,17.0262,-97.9282,El Siglo de Durango; La Jornada; Quadratin Oaxaca,"On 11 November 2024, in Putla Villa de Guerrero, Oaxaca, a member of the Movement of Triqui Unification and Struggle (MULT) from the Mixtec Indigenous Group was killed by unidentified armed individuals. Representatives of the MULT condemned the attack and denounced the targeted attacks against members of this community, including the killing of two activist sisters (coded separately). 1 fatality.",1,MX20073,Putla Villa de Guerrero,2024-12-15,2025-12-15
MEX95563,2024-11-12,2024,Political violence,Violence against civilians,Attack,484,North America,Mexico,Oaxaca,San Juan Bautista Tuxtepec,San Juan Bautista Tuxtepec,18.0812,-96.1185,Quadratin Oaxaca,"Around 12 November 2024 (as reported), in San Juan Bautista Tuxtepec, Oaxaca, a man was killed and the body was found inside a barrel with his hands tied up and signs to be burned with acid. 1 fatality.",1,MX20184,San Juan Bautista Tuxtepec,2024-12-15,2025-12-15
MEX95564,2024-11-09,2024,Political violence,Violence against civilians,Attack,484,North America,Mexico,Oaxaca,San Lorenzo Cacaotepec,San Lorenzo Cacaotepec,17.1278,-96.8017,Quadratin Oaxaca,"Around 9 November 2024 (as reported), in San Lorenzo Cacaotepec, Oaxaca, a person was killed and the body was found inside a plastic bag. 1 fatality.",1,MX20227,San Lorenzo Cacaotepec,2024-12-15,2025-12-15
MEX95567,2024-11-10,2024,Political violence,Violence against civilians,Attack,484,North America,Mexico,Puebla,Chiautla,Ciudad de Chiautla de Tapia,18.2997,-98.6028,E-Consulta; Milenio,"On 10 November 2024, in Ciudad de Chiautla de Tapia, Puebla, several armed individuals on a vehicle shot and killed a man near a bridge in San Miguel neighborhood (drive-by). The victim was the brother of a PAN candidate for the municipal presidency who was abducted, tortured, and killed on 13 July 2023 (coded separately). Their father was also killed on 6 May 2024 (coded separately). 1 fatality.",1,MX21047,Chiautla,2024-12-15,2025-12-15
MEX95574,2024-11-10,2024,Political violence,Battles,Armed clash,484,North America,Mexico,Puebla,Puebla,Heroica Puebla de Zaragoza,19.044,-98.1975,Milenio,"On 10 November 2024, in Heroica Puebla de Zaragoza, Puebla, state and municipal police officers chased and clashed with armed individuals along Periferico Ecologico area. The armed individuals crashed their vehicle and were arrested. There were no casualties.",0,MX21114,Puebla,2024-12-15,2025-12-15
MEX95575,2024-11-11,2024,Political violence,Violence against civilians,Attack,484,North America,Mexico,Puebla,Puebla,Heroica Puebla de Zaragoza,19.044,-98.1975,E-Consulta,"On 11 November 2024, in Heroica Puebla de Zaragoza, Puebla, according to the witness victim's partner, armed individuals on a vehicle shot and killed a man who was driving a van on Valsequillo boulevard, by the entry to Fraccionamiento Santo Tomas 4 (drive-by). 1 fatality.",1,MX21114,Puebla,2024-12-15,2025-12-15
MEX95576,2024-11-12,2024,Political violence,Violence against civilians,Attack,484,North America,Mexico,Puebla,Puebla,Heroica Puebla de Zaragoza,19.044,-98.1975,E-Consulta,"On 12 November 2024, in Heroica Puebla de Zaragoza, Puebla, eight armed men shot at a couple who were driving a vehicle. A man was injured and taken to the hospital. He died due to the injuries. 1 fatality.",1,MX21114,Puebla,2024-12-15,2025-12-15
MEX95579,2024-11-13,2024,Political violence,Violence against civilians,Attack,484,North America,Mexico,Puebla,Puebla,Santa Maria Xonacatepec,19.0873,-98.1036,Milenio,"Around 13 November 2024 (as reported), in Santa Maria Xonacatepec, Puebla, a person was killed and the body was found wrapped in a plastic inside a ravine near La Resurreccion. 1 fatality.",1,MX21114,Puebla,2024-12-15,2025-12-15
MEX95580,2024-11-11,2024,Political violence,Violence against civilians,Attack,484,North America,Mexico,Puebla,Tehuacan,Tehuacan,18.4622,-97.392,E-Consulta; Milenio,"On 11 November 2024, in Tehuacan, Puebla, according to witnesses, two armed individuals on a motorbike shot and killed an employee of the Tehuacan Drinking Water and Sewage Service Operating Agency (Oosapat) who was inspecting a well between Tonala and 19 Poniente streets and Arenas avenue in Fraccionamiento Xochipilli, in front of a municipal pantheon (drive-by). 1 fatality.",1,MX21156,Tehuacán,2024-12-15,2025-12-15
MEX95584,2024-11-09,2024,Political violence,Violence against civilians,Attack,484,North America,Mexico,Puebla,Tochtepec,Tochtepec,18.8393,-97.8228,E-Consulta,"On 9 November 2024, in Tochtepec, Puebla, armed individuals in a van shot at a vehicle on La Colorada-Tepexi de Rodriguez state road, between San Lorenzo Ometepec and Santa Ana Coapan, killing a man and injuring two others (drive-by). 1 fatality, 2 injured.",1,MX21189,Tochtepec,2024-12-15,2025-12-15
MEX95593,2024-11-09,2024,Political violence,Violence against civilians,Attack,484,North America,Mexico,Sinaloa,Angostura,Leopoldo Sanchez Celis,25.1254,-108.0138,El Sol de Sinaloa,"Around 9 November 2024 (as reported), in Leopoldo Sanchez Celis, Sinaloa, a man was killed and his body was found with signs of torture on a side of the road that connects Eldorado and Culiacan. 1 fatality.",1,MX25002,Angostura,2024-12-15,2025-12-15
MEX95594,2024-11-10,2024,Political violence,Violence against civilians,Abduction/forced disappearance,484,North America,Mexico,Sinaloa,Angostura,Leopoldo Sanchez Celis,25.1254,-108.0138,Riodoce,"Around 10 November 2024 (as reported), in Leopoldo Sanchez Celis, Sinaloa, several armed individuals shot (likely into the air) and entered a house, where they abducted three members of a family (the father, the mother, and their son). The victims' whereabouts are unknown.",0,MX25002,Angostura,2024-12-15,2025-12-15
MEX95596,2024-11-13,2024,Political violence,Violence against civilians,Attack,484,North America,Mexico,Sinaloa,Concordia,El Palmito,23.5633,-105.8374,El Siglo de Durango; Noroeste,"On 13 November 2024, in El Palmito, Sinaloa, a group of armed men beat up with wooden boards (tableados) two workers of a funeral home on their way from Durango to Sinaloa to pick up a body. The victims were left injured. According to local sources, the perpetrators might have also kidnapped two relatives of the death person they were going to pick up. However, this was not confirmed. The victim's whereabouts are unknown.",0,MX25004,Concordia,2024-12-15,2025-12-15
MEX95625,2024-11-13,2024,Political violence,Violence against civilians,Attack,484,North America,Mexico,Sinaloa,Culiacan,Laguna de Canachi,24.1361,-107.0999,AFN - Tijuana; El Siglo de Durango; El Sol de Sinaloa; La Jornada; La Silla Rota; Riodoce,"Around 13 November 2024 (as reported), in Laguna de Canachi, Sinaloa, seven people were killed and their bodies were found dismembered and with two messages signed by Los Chapos threatening anyone who passed on information. The bodies were found on the Mazatlan-Culiacan highway around km 116. At least one of the bodies were beheaded. The victims were relatives and have been reported kidnapped days before by an armed group. 7 fatalities.",7,MX25006,Culiacán,2024-12-15,2025-12-15
MEX95626,2024-11-15,2024,Political violence,Violence against civilians,Attack,484,North America,Mexico,Sinaloa,Culiacan,Laguna de Canachi,24.1361,-107.0999,El Sol de Sinaloa,"Around 15 November 2024 (as reported), in Laguna de Canachi, Sinaloa a man was killed and his body was found with signs of torture on the side of the Mazatlan-Culiacan highway at KM 116. 1 fatality.",1,MX25006,Culiacán,2024-12-15,2025-12-15
MEX95632,2024-11-14,2024,Political violence,Battles,Armed clash,484,North America,Mexico,Sinaloa,Guasave,San Rafael,25.4926,-108.3021,El Sol de Sinaloa,"On 14 November 2024, close to San Rafael, Sinaloa, armed individuals attacked military officers close to the military base El Sauz. One armed individual was injured as a result. 1 injury.",0,MX25011,Guasave,2024-12-15,2025-12-15
MEX95639,2024-11-09,2024,Political violence,Violence against civilians,Attack,484,North America,Mexico,Sonora,Cajeme,Ciudad Obregon,27.4965,-109.9327,Entorno Informativo,"On 9 November 2024, in Ciudad Obregon, Sonora, armed individuals on a vehicle shot and injured a man that was driving on Pascual Orozco and Benjamin Hill streets, in Colonia Cajeme (drive-by). The victim is a prison guard of the Social Reinsertion Center (Cereso) (likely off-duty). 1 injured.",0,MX26018,Cajeme,2024-12-15,2025-12-15
MEX95644,2024-11-13,2024,Political violence,Violence against civilians,Attack,484,North America,Mexico,Tabasco,Cardenas,Cardenas,17.9894,-93.3769,Tabasco Hoy,"On 13 November 2024, in Cardenas, Tabasco, according to relatives, armed men entered a house and killed a woman in Colonia El Bajio. The woman was a local healer. 1 fatality",1,MX27002,Cárdenas,2024-12-15,2025-12-15
MEX95645,2024-11-14,2024,Political violence,Battles,Armed clash,484,North America,Mexico,Tabasco,Centro,Gonzalez 3era. Seccion,17.9786,-93.078,La Prensa de Monclova; Tabasco Hoy,"On 14 November 2024, in Gonzalez 3era. Seccion, Tabasco, several armed individuals got out of a car and attacked elements of the investigative police (ministerial police) at a gas station injuring two officers. 2 injuries.",0,MX27004,Centro,2024-12-15,2025-12-15
MEX95649,2024-11-11,2024,Political violence,Violence against civilians,Attack,484,North America,Mexico,Tabasco,Centro,Tamulte de las Sabanas,18.1591,-92.7835,El Norte; La Silla Rota,"On 11 November 2024, near Tamulte de las Sabanas, Tabasco, according to videos published on social media, armed individuals on motorbikes shot at a vehicle on Villahermosa-Frontera road (drive-by), killing a person and injuring another. This event is likely linked to the (narco) roadblocks that unidentified individuals set with burning vehicles and 'ponchallantas' (objects to puncture tires) on the same road and other parts of Villahermosa and Centro municipality the same day. 1 fatality, 1 injured.",1,MX27004,Centro,2024-12-15,2025-12-15
MEX95651,2024-11-09,2024,Political violence,Violence against civilians,Attack,484,North America,Mexico,Tabasco,Centro,Villahermosa,17.9878,-92.9194,La Silla Rota; La Verdad,"Around 9 November 2024 (as reported), in Villahermosa, Tabasco, a man was killed and his body was found inside a car parked in front of CRESET prison, on 180 Villahermosa-Frontera federal road, in Ciudad Industrial. There was also a cardboard with an unspecified threatening message signed by the Jalisco New Generation Cartel (CJNG) against 'La Barredora' criminal group, the director of the prison, and an individual named 'Ulises'. The victim was a prison guard who had been abducted on an unspecified date together with two other guards, whose whereabouts are unknown. 1 fatality.",1,MX27004,Centro,2024-12-15,2025-12-15
MEX95652,2024-11-09,2024,Political violence,Violence against civilians,Attack,484,North America,Mexico,Tabasco,Centro,Villahermosa,17.9878,-92.9194,La Silla Rota,"On 9 November 2024, in Villahermosa, Tabasco, two armed individuals shot and killed two workers of a windshield store on Emiliano Zapata street, between Ruiz Cortines and Ninos Heroes avenues, in Colonia Atasta. 2 fatalities.",2,MX27004,Centro,2024-12-15,2025-12-15
MEX95660,2024-11-14,2024,Political violence,Explosions/Remote violence,Air/drone strike,484,North America,Mexico,Tamaulipas,Rio Bravo,Los Alacranes,26.0524,-98.1406,El Norte; Hoy Tamaulipas,"On 14 November 2024, in Los Alacranes, Tamaulipas, armed individuals aboard several vehicles used drones charged with explosives to attack state police officers on patrol in the border region with the US. Three state police officers were injured. 3 injuries.",0,MX28033,Río Bravo,2024-12-15,2025-12-15
MEX95661,2024-11-13,2024,Political violence,Battles,Armed clash,484,North America,Mexico,Tamaulipas,San Fernando,Gonzalez Villarreal,25.3948,-97.9842,Milenio,"On 13 November 2024, in Gonzalez Villarreal, Tamaulipas, armed individuals attacked state police officers with drones charged with explosives. The officers repelled the aggression and killed two men while an officer was injured. Officers arrested two armed individuals and seized weapons and two vehicles. 2 fatalities.",2,MX28035,San Fernando,2024-12-15,2025-12-15
MEX95662,2024-11-09,2024,Political violence,Battles,Armed clash,484,North America,Mexico,Tamaulipas,San Fernando,Las Escobas,24.9775,-98.3219,Hoy Tamaulipas,"Around 9 November 2024 (as reported), in Las Escobas, Tamaulipas, officers of the Special Group of Immediate Force of Tamaulipas clashed with armed individuals. Four armed individuals died, and officers seized fireweapons and a van with logos of an unspecified criminal group on it. 4 fatalities.",4,MX28035,San Fernando,2024-12-15,2025-12-15
MEX95672,2024-11-10,2024,Political violence,Violence against civilians,Attack,484,North America,Mexico,Veracruz de Ignacio de la Llave,Espinal,Entabladero,20.2759,-97.5509,El Proceso; El Universal (Mexico); Imagen del Golfo; La Silla Rota; Tabasco Hoy,"On 10 November 2024, in Entabladero, Veracruz de Ignacio de la Llave, according to witnesses, armed individuals shot and killed two underage boys in a park in front of Nuestra Senora de Guadalupe church. The perpetrators fled on a motorcycle. The victims were brothers. 2 fatalities.",2,MX30066,Espinal,2024-12-15,2025-12-15
MEX95675,2024-11-13,2024,Political violence,Violence against civilians,Attack,484,North America,Mexico,Veracruz de Ignacio de la Llave,Ixtaczoquitlan,Ixtaczoquitlan,18.8606,-97.0621,La Silla Rota,"On 13 November 2024, in Ixtaczoquitlan, Veracruz, armed individuals intercepted a man in a drive-by shooting and killed him while driving on Boulevard Fernando Gutierrez Barrios. 1 fatality.",1,MX30085,Ixtaczoquitlán,2024-12-15,2025-12-15
MEX95680,2024-11-10,2024,Political violence,Battles,Armed clash,484,North America,Mexico,Veracruz de Ignacio de la Llave,Tuxpan,Tuxpan,20.9518,-97.4045,Imagen del Golfo,"Around 10 November 2024 (as reported), in Tuxpan, Veracruz de Ignacio de la Llave, municipal, state and National Guard police officers and armed individuals clashed along Mexico-Tuxpan highway. Casualties unknown.",0,nan,,2024-12-15,2025-12-15
MEX95688,2024-11-14,2024,Political violence,Violence against civilians,Attack,484,North America,Mexico,Zacatecas,Pinos,El Rayo,21.9812,-101.6107,Pagina 24 Zacatecas,"Around 14 November 2024 (as reported), in El Rayo, Zacatecas, a man was killed and his body was found with signs of torture. 1 fatality.",1,MX32038,Pinos,2024-12-15,2025-12-15
MEX95689,2024-11-11,2024,Political violence,Violence against civilians,Attack,484,North America,Mexico,Zacatecas,Tepetongo,Viboras,22.4153,-103.1731,El Universal (Mexico),"Around 11 November 2024 (as reported), in Viboras, Zacatecas, a man was killed and his mutilated body was found. Authorities found an undetonated explosive device nearby, and a version suggests that the victim may have been killed by an explosion. 1 fatality.",1,MX32046,Tepetongo,2024-12-15,2025-12-15
MEX95505,2024-11-10,2024,Political violence,Battles,Armed clash,484,North America,Mexico,México,Cuautitlan Izcalli,Cuautitlan Izcalli,19.657,-99.2093,24 Horas (Mexico); AFP; Colima Noticias; El Norte; El Proceso; El Siglo de Durango; La Jornada; La Silla Rota; La Verdad; Milenio; Quadratin Oaxaca; Riodoce; Tabasco Hoy; Yucatan a la Mano; Zeta Tijuana; Zona Franca,"On 10 November 2024, in Cuautitlan Izcalli, Mexico, according to witnesses, several armed individuals shot at people and employees inside Bling Bling bar, on Jose Maria Morelos avenue, in Colonia San Francisco Tepojaco, killing six men (including a minor) and injuring between five and seven. The attack suspectedly targeted two men linked to the Jalisco New Generation Cartel (CJNG) that were at the bar who had recently abandoned the group and joined another gang. It is unknown whether these men are among the victims. Other sources claim that the attack is linked to the conflict between La Familia Michoacan and the CJNG. At least ten people were arrested. 6 fatalities, between 5 and 7 injured.",6,MX15121,Cuautitlán Izcalli,2024-12-15,2025-12-15
MEX95099,2024-11-02,2024,Political violence,Battles,Armed clash,484,North America,Mexico,Oaxaca,Oaxaca de Juarez,Oaxaca de Juarez,17.06,-96.7255,Milenio; Quadratin Oaxaca,"On 2 November 2024, in Oaxaca de Juarez, Oaxaca, groups of armed individuals clashed in a pantheon (cemetery) in San Martin Mexicapan. A person was injured. The individuals used stones, knives and firearms. It is suspected that the clash began when one of the groups tried to enter the cemetery and was prevented from doing so by an opposing group. Later, seven people were arrested for this event. According to the authorities, this event is related to criminal gangs in the area that are related to drug dealing. 1 injured.",0,MX20067,Oaxaca de Juárez,2024-12-15,2025-12-15
MEX95578,2024-11-14,2024,Political violence,Violence against civilians,Attack,484,North America,Mexico,Puebla,Puebla,Heroica Puebla de Zaragoza,19.044,-98.1975,E-Consulta,"On 14 November 2024, in Heroica Puebla de Zaragoza, Puebla, two armed men shot at an off-duty state police that was refueling on 14 Oriente street, in Colonia La Providencia (an alternative version indicates that the attack took place in Colonia America Norte). The victim is the former director of Special Operations of the Secretariat of Public Safety. He was injured and transported to the hospital. 1 injury.",0,MX21114,Puebla,2024-12-15,2025-12-15
MEX95085,2024-11-02,2024,Political violence,Violence against civilians,Attack,484,North America,Mexico,Durango,Durango,Victoria de Durango,24.024,-104.6702,El Siglo de Durango,"On 2 November 2024, in Victoria de Durango, Durango, according to relatives, a group of young men attacked a 17-year-old woman after at least one of the perpetrators shot and injured her in Colonia Morga. 1 injured.",0,MX10005,Durango,2024-12-15,2025-12-15
MEX95433,2024-11-15,2024,Political violence,Violence against civilians,Attack,484,North America,Mexico,Durango,Durango,Victoria de Durango,24.024,-104.6702,El Siglo de Durango,"Around 15 November 2024 (as reported), close to Victoria de Durango, Durango, a man was killed and his body was found with gunshot wounds and signs of torture on the side of the Durango-Gomez Palacio highway with a message next to the body. 1 fatality.",1,MX10005,Durango,2024-12-15,2025-12-15
MEX95694,2024-11-01,2024,Political violence,Violence against civilians,Attack,484,North America,Mexico,Baja California,Tijuana,Tijuana,32.5325,-117.019,Zeta Tijuana,"Around 1 November 2024 (as reported), in Tijuana, Baja California, an underage boy was killed and his body was found beheaded and mutilated inside a baby stroller on Nicolas Bravo y Sauce street, in Colonia Mariano Matamoros Norte. The body had a threatening message stabbed in a leg with a knife. It is suspected that the victim is a 14-years old boy who disappeared on 31 October 2024. 1 fatality.",1,MX02004,Tijuana,2024-12-15,2025-12-15
MEX95696,2024-11-15,2024,Political violence,Violence against civilians,Attack,484,North America,Mexico,Baja California,Tijuana,Tijuana,32.5325,-117.019,AFN - Tijuana,"Around 15 November 2024 (as reported), in Tijuana, Baja California, a man was killed and the body was found with his feet and hands tied up and wrapped with a blanket in Colonia Manuel Paredes III. 1 fatality.",1,MX02004,Tijuana,2024-12-15,2025-12-15
MEX95798,2024-11-15,2024,Political violence,Violence against civilians,Attack,484,North America,Mexico,Jalisco,Guadalajara,Guadalajara,20.6764,-103.3422,Pagina 24 Jalisco,"On 15 November 2024, in Guadalajara, Jalisco, a man was attacked and burned. After surviving the attack, he walked to the Agustin Yanez street where he died and his body was found. He was identified as a homeless man. It is unknown who was the perpetrator. 1 fatality.",1,MX14039,Guadalajara,2024-12-15,2025-12-15
MEX95851,2024-11-15,2024,Political violence,Battles,Armed clash,484,North America,Mexico,Morelos,Cuernavaca,Cuernavaca,18.9218,-99.2349,Diario de Morelos,"On 15 November 2024, in Cuernavaca, Morelos, several armed men shot against the bar 'La Cruderia' in Colonia Teopanzolco. One private security guard was injured.",0,MX17007,Cuernavaca,2024-12-15,2025-12-15
MEX95858,2024-11-13,2024,Political violence,Violence against civilians,Attack,484,North America,Mexico,Nuevo León,El Carmen,Carmen,25.9322,-100.3641,Diario de Morelos,"Around 13 November 2024 (as reported), in Carmen, Nuevo Leon, two young people were killed and their bodies were found inside plastic bags. 2 fatalities.",2,MX19010,El Carmen,2024-12-15,2025-12-15
MEX95860,2024-11-15,2024,Political violence,Violence against civilians,Attack,484,North America,Mexico,Nuevo León,Garcia,Garcia,25.8005,-100.5855,El Norte,"Around 15 November 2024 (as reported), in Garcia, Nuevo Leon, a man was killed and the body was found with signs of torture and their hands tie up to the chest in Libramiento Noreste. 1 fatality.",1,MX19018,García,2024-12-15,2025-12-15
MEX95934,2024-11-15,2024,Political violence,Violence against civilians,Attack,484,North America,Mexico,Sonora,Cajeme,Esperanza,27.5791,-109.9298,Entorno Informativo,"Around 15 November 2024 (as reported), in Esperanza, Sonora, a man was killed and the body was found with the hands tied up. 1 fatality.",1,MX26018,Cajeme,2024-12-15,2025-12-15
MEX95940,2024-11-15,2024,Political violence,Violence against civilians,Attack,484,North America,Mexico,Tamaulipas,Reynosa,Reynosa,26.0924,-98.2781,Hoy Tamaulipas,"Around 15 November 2024 (as reported), in Reynosa, Tamaulipas, a man was killed and the body was found with signs of violence in colonia Las Torres. According to authorities, it is suspected that this event is related to a settling of accounts between criminal groups. 1 fatality.",1,MX28032,Reynosa,2024-12-15,2025-12-15
MEX95978,2024-10-26,2024,Political violence,Violence against civilians,Abduction/forced disappearance,484,North America,Mexico,Chihuahua,Juarez,Ciudad Juarez,31.7465,-106.485,La Jornada,"Around 26 October 2024 (as reported), in Ciudad Juarez, Chihuahua, at least two unidentified individuals abducted four Jordanian migrants. Around 26 November 2024, municipal police officers released the victims and arrested two armed underage men in a house in the intersection of Licenciado Benito Juarez and Jose Isabel Sanchez streets, in Colonia Campesina.",0,MX08037,Juárez,2024-12-15,2025-12-15
MEX95168,2024-11-04,2024,Political violence,Battles,Armed clash,484,North America,Mexico,Tabasco,Centro,Villahermosa,17.9878,-92.9194,Tabasco Hoy,"On 4 November 2024, in Villahermosa, Tabasco, an armed individual shot and killed two officers of the Attorney General's office (FGR) in fraccionamiento Estrellas de Buenavista on patrol. Several people were arrested. The perpetrator is a business man who was owed money by the victims. 2 fatalities.",2,MX27004,Centro,2024-12-15,2025-12-15
MEX95210,2024-11-05,2024,Political violence,Violence against civilians,Attack,484,North America,Mexico,Oaxaca,Oaxaca de Juarez,Oaxaca de Juarez,17.06,-96.7255,24 Horas (Mexico); La Jornada; La Verdad; Quadratin Oaxaca,"On 5 November 2024, in Oaxaca de Juarez, Oaxaca, two armed individuals opened fire from a motorcycle (drive-by) and shot two women indigenous Triqui (coded to Mixtec Indigenous Group) and members of MULT while they were in a vehicle in Colonia Union. Both women died, and the driver was injured. One of the perpetrators was an active state police officer (likely off-duty) who was hired to carry out the attack; he was arrested. 2 fatalities, 1 injury.",2,MX20067,Oaxaca de Juárez,2024-12-15,2025-12-15
MEX95003,2024-10-30,2024,Political violence,Battles,Armed clash,484,North America,Mexico,Sinaloa,Rosario,Corral de Piedras,22.9262,-105.6121,Noroeste,"On 30 October 2024, in Corral de Piedras, Sinaloa, there was an armed clash between armed men. Two people were arrested. Casualties unknown.",0,MX25014,Rosario,2024-12-15,2025-12-15
MEX95217,2024-11-05,2024,Political violence,Violence against civilians,Attack,484,North America,Mexico,Sinaloa,Rosario,Otatitan,23.0118,-105.6672,El Sol de Sinaloa,"Around 5 November 2024 (as reported), in Otatitan, Sinaloa, a person was killed and the body was found burned inside a burning car. 1 fatality.",1,MX25014,Rosario,2024-12-15,2025-12-15
MEX96307,2024-10-22,2024,Political violence,Violence against civilians,Attack,484,North America,Mexico,Guerrero,Taxco de Alarcon,Taxco de Alarcon,18.5574,-99.6046,El Sol de Acapulco,"On 22 October 2024, in Taxco de Alarcon, Guerrero, a journalist was assaulted by the security personnel of the municipal president during a religious cultural-musical event after the escort tried to snatch the work equipment, and carried out physical and verbal aggressions. There were no fatalities.",0,MX12055,Taxco de Alarcón,2024-12-15,2025-12-15
MEX94641,2024-10-17,2024,Political violence,Violence against civilians,Abduction/forced disappearance,484,North America,Mexico,San Luis Potosí,San Luis Potosi,San Luis Potosi,22.1517,-100.977,Antena San Luis,"On 17 October 2024, in San Luis Potosi, San Luis Potosi, a group on individuals abducted three people (a man and two women). The Civil State Guard (GCE) and the State Commission for the Search for Persons (CEBP) released them near the community of Pozas de Santa Ana and 57 Matehuala-San Luis road.",0,MX24028,San Luis Potosí,2024-12-15,2025-12-15
MEX94654,2024-10-19,2024,Political violence,Violence against civilians,Attack,484,North America,Mexico,San Luis Potosí,San Luis Potosi,San Luis Potosi,22.1517,-100.977,Antena San Luis,"On 19 October 2024, in San Luis Potosi, San Luis Potosi, a group of armed masked and hooded individuals entered restaurant 'La Revolucion' on Ignacio Comonfort street, in Colonia Alamitos, and shot and killed a man. 1 fatality.",1,MX24028,San Luis Potosí,2024-12-15,2025-12-15
MEX94788,2024-10-25,2024,Political violence,Violence against civilians,Attack,484,North America,Mexico,Michoacán,Buenavista,Buenavista Tomatlan,19.2117,-102.588,La Jornada; La Voz de Michoacan,"On 25 October 2024, in Buenavista Tomatlan, Michoacan de Ocampo, four men abducted and killed a taxi driver, whose body was found with signs of torture and with his ears mutilated and wrapped in sacks in a field next to the Apatzingan-Tepalcatepec highway near Ejido Benito Juarez. The perpetrators were the former leader and current members of Andres Quintana Roo Taxi Union, and suspectedly killed the victim for refusing a collaboration between the union and criminal organizations for the distribution of drugs. 1 fatality.",1,MX16012,Buenavista,2024-12-15,2025-12-15
MEX94876,2024-10-27,2024,Political violence,Violence against civilians,Attack,484,North America,Mexico,San Luis Potosí,San Luis Potosi,San Luis Potosi,22.1517,-100.977,Antena San Luis,"Around 27 October 2024 (as reported), in San Luis Potosi, San Luis Potosi, a man was killed and his body was found covered in a plastic bag and with gunshot wounds in Colonia Arbolitos on the Mexico-Laredo highway. 1 fatality.",1,MX24028,San Luis Potosí,2024-12-15,2025-12-15
MEX94996,2024-10-30,2024,Political violence,Violence against civilians,Attack,484,North America,Mexico,Oaxaca,Matias Romero Avendano,Palomares,17.1375,-95.0623,Quadratin Oaxaca,"On 30 October 2024, in Palomares, Oaxaca, armed individuals in a vehicle shot in a drive-by at a woman and a man. The man was killed and the woman was injured. 1 fatality.",1,MX20057,Matías Romero Avendaño,2024-12-15,2025-12-15
MEX94998,2024-10-30,2024,Political violence,Violence against civilians,Attack,484,North America,Mexico,San Luis Potosí,San Luis Potosi,San Luis Potosi,22.1517,-100.977,Antena San Luis,"Around 30 October 2024 (as reported), in San Luis Potosi, San Luis Potosi, a man and a woman were killed and their bodies were found with gunshot wounds, including 'tiro de gracia', behind the premises of Tabicel company, in Colonia Puerta Real. The man's body had the hands and feet tied, and the woman's was gagged. 2 fatalities.",2,MX24028,San Luis Potosí,2024-12-15,2025-12-15
MEX95033,2024-10-31,2024,Political violence,Violence against civilians,Attack,484,North America,Mexico,Michoacán,Buenavista,Buenavista Tomatlan,19.2117,-102.588,La Voz de Michoacan,"On 31 October 2024, in Buenavista Tomatlan, Michoacan, an unknown number of armed individuals shot and killed a woman driving a motorcycle. According to local sources, the women is suspected to be a 'vigilante' from a criminal group, however, this was not confirmed. 1 fatality.",1,MX16012,Buenavista,2024-12-15,2025-12-15
MEX95075,2024-11-01,2024,Political violence,Violence against civilians,Attack,484,North America,Mexico,San Luis Potosí,San Luis Potosi,San Luis Potosi,22.1517,-100.977,Antena San Luis,"On 1 November 2024, in San Luis Potosi, San Luis Potosi, several armed men shot at a house in colonia San Francisco. A woman was injured but died later at the hospital. 1 fatality.",1,MX24028,San Luis Potosí,2024-12-15,2025-12-15
MEX95352,2024-11-08,2024,Political violence,Battles,Armed clash,484,North America,Mexico,Michoacán,Apatzingan,Los Tepetates,19.0922,-102.3208,La Voz de Michoacan; Milenio; MiMorelia,"On 8 November 2024, in Los Tepetates, Michoacan de Ocampo, members of Los Caballeros Templarios Gang and the Jalisco New Generation Cartel (CJNG) clashed. This event is related to other clashes that took place in El Alcalde, Las Bateas, Los Charcos, and El Capire (coded separately). Military, National Guard, and Civil Guard officers arrived at the scene and arrested one of the armed individuals, who affirmed to belong to the CJNG. Casualties unknown.",0,MX16006,Apatzingán,2024-12-15,2025-12-15
MEX95531,2024-11-12,2024,Political violence,Violence against civilians,Attack,484,North America,Mexico,Morelos,Huitzilac,Huitzilac,19.0305,-99.2658,Diario de Morelos,"On 12 November 2024, in Huitzilac, Morelos, according to witnesses, a taxi driver was shot and killed by armed men who escaped in a vehicle on the Mexico-Cuernavaca highway. 1 fatality.",1,MX17009,Huitzilac,2024-12-15,2025-12-15
MEX94961,2024-10-29,2024,Political violence,Violence against civilians,Attack,484,North America,Mexico,Michoacán,Uruapan,Uruapan,19.4209,-102.0628,24 Horas (Mexico); AFP; El Norte; La Jornada; La Voz de Michoacan; Milenio; MiMorelia; Yucatan a la Mano,"On 29 October 2024, in Uruapan, Michoacan de Ocampo, at least three armed individuals shot and killed a journalist a few meters from the House of Culture and the Municipal Pergola. Another person was collaterally injured. One perpetrator was arrested on 6 January 2025. 1 fatality.",1,MX16102,Uruapan,2024-12-15,2025-12-15
MEX94826,2024-10-26,2024,Political violence,Violence against civilians,Attack,484,North America,Mexico,Guanajuato,San Miguel de Allende,San Miguel de Allende,20.904,-100.7134,Borderland Beat,"On 26 October 2024, in San Miguel de Allende, Guanajuato, armed men attacked a drug and alcohol rehabilitation center in Colonia San Martin and killed three individuals and injured two. This is the second attack on a rehab center in Guanajuato in October. 3 fatalities, 2 injuries.",3,MX11003,San Miguel de Allende,2024-12-15,2025-12-15
MEX94960,2024-10-29,2024,Political violence,Violence against civilians,Attack,484,North America,Mexico,Michoacán,Uruapan,Tzararacua,19.3523,-102.074,La Voz de Michoacan; MiMorelia,"Around 29 October 2024 (as reported), in Tzararacua, Michoacan de Ocampo, a man was killed and his body was found with gunshot wounds, wrapped in a blanket, and with a cardboard with a threatening message on Uruapan-Lombardia road. The message was signed by a criminal group. 1 fatality.",1,MX16102,Uruapan,2024-12-15,2025-12-15
MEX95092,2024-11-02,2024,Political violence,Violence against civilians,Attack,484,North America,Mexico,Jalisco,Tonala,Tonala,20.6233,-103.2456,El Norte,"On 2 November 2024, in Tonala, Jalisco, armed men on a motorcycle shot and killed a 17-year-old man in a drive-by during a bike ride in Colonia La Ladrillera. 1 fatality.",1,MX14101,Tonalá,2024-12-15,2025-12-15
MEX95497,2024-11-08,2024,Political violence,Violence against civilians,Attack,484,North America,Mexico,Jalisco,Tonala,Tonala,20.6233,-103.2456,Mural,"On 8 November 2024, in Tonala, Jalisco, according to witnesses, armed individuals on a motorbike shot and killed a man in the intersection of Andador Laurel and La Fresa avenue, in Colonia Lomas del Laurel (drive-by). 1 fatality.",1,MX14101,Tonalá,2024-12-15,2025-12-15
MEX95568,2024-11-15,2024,Political violence,Violence against civilians,Attack,484,North America,Mexico,Puebla,Chietla,Chietla,18.5188,-98.5762,E-Consulta,"On 15 November 2024, in Chietla, Puebla, armed men who arrived on a motorcycle shot and killed the former mayor of the Tepeojuma (affiliated with the PT party). 1 fatality.",1,MX21051,Chietla,2024-12-15,2025-12-15
MEX95571,2024-11-15,2024,Political violence,Violence against civilians,Attack,484,North America,Mexico,Puebla,Izucar de Matamoros,Izucar de Matamoros,18.6022,-98.4654,E-Consulta,"On 15 November 2024, in Izucar de Matamoros, Puebla, one armed individual on a motorcycle opened fire (drive-by) and injured another man driving his motorcycle on the Mexico-Oaxaca highway. 1 injury.",0,MX21085,Izúcar de Matamoros,2024-12-15,2025-12-15
MEX95086,2024-11-02,2024,Political violence,Explosions/Remote violence,Air/drone strike,484,North America,Mexico,Durango,Rodeo,Tierra Blanca,25.2287,-104.5737,La Verdad,"On 2 November 2024, in Tierra Blanca, Durango, unidentified groups launched explosive devices from drones. Casualties unknown.",0,MX10024,Rodeo,2024-12-15,2025-12-15
MEX94795,2024-10-24,2024,Political violence,Violence against civilians,Attack,484,North America,Mexico,Oaxaca,Santo Domingo Teojomulco,Santo Domingo Teojomulco,16.5886,-97.2258,Quadratin Oaxaca,"On 24 October 2024, in Santo Domingo Teojomulco, Oaxaca, unknown armed individuals shot at the municipal president who was accompanied by police officers during an operation against illegal animal hunt. The officers answered the attack, while the mayor was injured along with two collaborators. One armed individual was killed. 1 fatality, 3 injuries.",1,MX20516,Santo Domingo Teojomulco,2024-12-15,2025-12-15
MEX94666,2024-10-20,2024,Political violence,Violence against civilians,Attack,484,North America,Mexico,Michoacán,Tlalpujahua,Tlalpujahua de Rayon,19.8055,-100.1737,La Voz de Michoacan,"On 20 October 2024, in Tlalpujahua de Rayon, Michoacan de Ocampo, an off-duty municipal police officer was shot and killed on Calzada del Carmen street. 1 fatality.",1,MX16093,Tlalpujahua,2024-12-15,2025-12-15
MEX94901,2024-10-28,2024,Political violence,Explosions/Remote violence,Air/drone strike,484,North America,Mexico,Durango,Santiago Papasquiaro,Vascogil,24.8958,-106.3808,La Jornada; La Prensa de Monclova; La Verdad,"On 28 October 2024, in Vascogil, Durango, unidentified individuals threw at least four explosive devices at residential areas from a light aircraft, out of which at least three exploded. There were no casualties.",0,MX10032,Santiago Papasquiaro,2024-12-15,2025-12-15
MEX95054,2024-11-01,2024,Political violence,Violence against civilians,Attack,484,North America,Mexico,Guanajuato,Leon,Alvaro Obregon,20.9573,-101.578,La Jornada; Milenio; Zona Franca,"On 1 November 2024, around Alvaro Obregon (Santa Ana del Conde), Guanajuato, three armed men shot and attacked at three prison guards who were just out of work and were at a beer shop in San Agustin del Mirasol. Two of the victims were killed and another one was injured. The injured victim died later at the hospital. Around 31 January 2025, two members of the CJNG were arrested for this attack. According to the investigations, the attack was orchestrated by the CJNG to prevent the transfer of one of its leaders. 3 fatalities.",3,MX11020,León,2024-12-15,2025-12-15
MEX94653,2024-10-19,2024,Political violence,Violence against civilians,Attack,484,North America,Mexico,Sinaloa,Mazatlan,Mazatlan,23.2003,-106.4222,Noroeste,"Around 19 October 2024 (as reported), in Mazatlan, Sinaloa, two armed men who arrived on a motorbike shot and killed a man on Kena Moreno street. 1 fatality.",1,MX25012,Mazatlán,2024-12-15,2025-12-15
MEX94686,2024-10-23,2024,Political violence,Violence against civilians,Abduction/forced disappearance,484,North America,Mexico,Sinaloa,Mazatlan,Mazatlan,23.2003,-106.4222,El Norte; La Jornada,"On 23 October 2024, in Mazatlan, Sinaloa, between four and five armed individuals kidnapped three men and a woman from a home in Colonia Telleria while they were on vacation. The whereabouts of the individuals remain unknown.",0,MX25012,Mazatlán,2024-12-15,2025-12-15
MEX94687,2024-10-23,2024,Political violence,Violence against civilians,Abduction/forced disappearance,484,North America,Mexico,Sinaloa,Mazatlan,Mazatlan,23.2003,-106.4222,Noroeste,"On 23 October 2024, close to Mazatlan, Sinaloa, unknown armed individuals intercepted a truck driver and kidnapped the co-pilot on the Mazatlan-Culiacan highway. The whereabouts of the man remain unknown.",0,MX25012,Mazatlán,2024-12-15,2025-12-15
MEX94739,2024-10-19,2024,Political violence,Violence against civilians,Attack,484,North America,Mexico,Sinaloa,Mazatlan,Mazatlan,23.2003,-106.4222,El Siglo de Durango,"Around 19 October 2024 (month of), in Mazatlan, Sinaloa, a man was killed and his beheaded body was found in a state of decomposition in Ejido El Venadillo, in Sector Salud de Badiraguato. There was a birth certificate next to the body, although it is unknown whether it belongs to the victim. The body was found after an anonymous call indicated its location. 1 fatality.",1,MX25012,Mazatlán,2024-12-15,2025-12-15
MEX94746,2024-10-20,2024,Political violence,Violence against civilians,Attack,484,North America,Mexico,Sinaloa,Mazatlan,Mazatlan,23.2003,-106.4222,Noroeste,"On 20 October 2024, in Mazatlan, Sinaloa, two armed men on a motorcycle shot and killed a man (drive-by) on Avenida Francisco Solis. 1 fatality.",1,MX25012,Mazatlán,2024-12-15,2025-12-15
MEX94884,2024-10-27,2024,Political violence,Battles,Armed clash,484,North America,Mexico,Sinaloa,Mazatlan,Mazatlan,23.2003,-106.4222,Entorno Informativo,"On 27 October 2024, in Mazatlan, Sinaloa, an armed clash between rival groups took place. The clash resulted in the death of one civilian in a vehicle and the injury of one taxi driver. 1 fatality, 1 injury.",1,MX25012,Mazatlán,2024-12-15,2025-12-15
MEX94900,2024-10-28,2024,Political violence,Violence against civilians,Attack,484,North America,Mexico,Colima,Coquimatlan,Coquimatlan,19.2037,-103.8082,Colima Noticias,"On 28 October 2024, in Coquimatlan, Colima, armed individuals who arrived on a motorcycle intercepted a man, shot him several times and fled the scene. The man died as a result. 1 fatality.",1,MX06004,Coquimatlán,2024-12-15,2025-12-15
MEX94964,2024-10-29,2024,Political violence,Violence against civilians,Abduction/forced disappearance,484,North America,Mexico,Puebla,San Martin Texmelucan,San Lucas Atoyatenco,19.2826,-98.4156,E-Consulta,"On 29 October 2024, in San Lucas Atoyatenco, Puebla, armed men on a motorbike intercepted a Bimbo company vehicle on Arco Norte, and abducted the driver. The victim's whereabouts are unknown.",0,MX21132,San Martín Texmelucan,2024-12-15,2025-12-15
MEX95051,2024-11-01,2024,Political violence,Violence against civilians,Attack,484,North America,Mexico,Colima,Colima,El Chanal,19.2945,-103.7046,Colima Noticias,"On 1 November 2024, in El Chanal, Colima, armed individuals on a motorcycle shot and killed (drive-by) a man. 1 fatality.",1,MX06002,Colima,2024-12-15,2025-12-15
MEX95166,2024-11-04,2024,Political violence,Violence against civilians,Attack,484,North America,Mexico,Sinaloa,Mazatlan,Mazatlan,23.2003,-106.4222,Noroeste,"On 4 November 2024, in Mazatlan, Sinaloa, two armed individuals who arrived on a motorcycle shot and injured a man in Colonia Francisco Villa. 1 injury.",0,MX25012,Mazatlán,2024-12-15,2025-12-15
MEX95633,2024-11-09,2024,Political violence,Violence against civilians,Attack,484,North America,Mexico,Sinaloa,Mazatlan,Mazatlan,23.2003,-106.4222,El Siglo de Durango; La Jornada; Noroeste; Riodoce,"On 9 November 2024, in Mazatlan, Sinaloa, armed individuals shot and killed a man at his house on Mutualismo street, in Colonia Benito Juarez. The victim was a former director of the municipal police of Mazatlan. A victim's bodyguard was injured. 1 fatality, 1 injured.",1,MX25012,Mazatlán,2024-12-15,2025-12-15
MEX95635,2024-11-11,2024,Political violence,Violence against civilians,Attack,484,North America,Mexico,Sinaloa,Mazatlan,Mazatlan,23.2003,-106.4222,Riodoce,"On 11 November 2024, in Mazatlan, Sinaloa, two armed individuals entered Mino's GYM on Estero e Insurgentes street, in Colonia Villas del Estero, and shot and killed a man and injured another. 1 fatality, 1 injured.",1,MX25012,Mazatlán,2024-12-15,2025-12-15
MEX95636,2024-11-12,2024,Political violence,Violence against civilians,Attack,484,North America,Mexico,Sinaloa,Mazatlan,Mazatlan,23.2003,-106.4222,El Universal (Mexico); Noroeste; Riodoce,"On 12 November 2024, in Mazatlan, Sinaloa, armed men who arrived in vehicles shot and killed a municipal police officer who was just arriving to his house in fraccionamiento San Marcos. 1 fatality.",1,MX25012,Mazatlán,2024-12-15,2025-12-15
MEX95638,2024-11-14,2024,Political violence,Violence against civilians,Attack,484,North America,Mexico,Sinaloa,Mazatlan,Mazatlan,23.2003,-106.4222,Noroeste,"On 14 November 2024, in Mazatlan, Sinaloa, two men on a motorcycle approached a woman and shot her at least three times, leaving her seriously injured in fraccionamiento Urbi Villas del Real. 1 injury.",0,MX25012,Mazatlán,2024-12-15,2025-12-15
MEX95929,2024-11-15,2024,Political violence,Violence against civilians,Abduction/forced disappearance,484,North America,Mexico,Sinaloa,Mazatlan,Mazatlan,23.2003,-106.4222,El Universal (Mexico),"On 15 November 2024, in Mazatlan, Sinaloa, unidentified individuals abducted a person. On 20 November 2024, military officers of the 8th Naval Zone released the victim and arrested four people.",0,MX25012,Mazatlán,2024-12-15,2025-12-15
MEX95979,2024-11-15,2024,Political violence,Violence against civilians,Attack,484,North America,Mexico,Sinaloa,Mazatlan,Mazatlan,23.2003,-106.4222,Noroeste,"Around 15 November 2024 (as reported), in Mazatlan, Sinaloa, a father and her daughter were kidnapped by unidentified individuals in Isla de la Piedra. They were tortured and found alive on 28 November in Fraccionamiento Santa Fe.",0,MX25012,Mazatlán,2024-12-15,2025-12-15
MEX98340,2024-11-02,2024,Political violence,Violence against civilians,Abduction/forced disappearance,484,North America,Mexico,Jalisco,Zapopan,Zapopan,20.7206,-103.3883,El Norte,"On 2 November 2024, in Zapopan, Jalisco, unidentified individuals abducted a state police officer who was visiting friends in Paseos del Sol (likely off-duty). According to a video published on social media, the perpetrators partially undressed him and questioned him. The victim was released on 6 November 2024.",0,MX14120,Zapopan,2024-12-15,2025-12-15
MEX95500,2024-11-13,2024,Political violence,Violence against civilians,Attack,484,North America,Mexico,México,Almoloya de Juarez,San Francisco Tlalcilalcalpan,19.2932,-99.7686,Metro Toluca,"On 13 November 2024, in San Francisco Tlalcilalcalpan, Mexico, two armed individuals on a motorcycle chased a man traveling in his vehicle who got out of his car and attempted to flee. The armed men continued to chase him and shot and killed him. 1 fatality.",1,MX15005,Almoloya de Juárez,2024-12-15,2025-12-15
MEX95470,2024-11-12,2024,Political violence,Violence against civilians,Attack,484,North America,Mexico,Guerrero,Chilpancingo de los Bravo,Chilpancingo de los Bravo,17.5516,-99.5011,El Sol de Acapulco; El Universal (Mexico); Milenio,"On 12 November 2024, in Chilpancingo de los Bravo, Guerrero, a man was shot and killed by unidentified armed individuals behind the Baltazar R. Leyva Mancilla Market in Chilpancingo in Colonia Elias Naime Nemer. One version is that the victim was a worker from the Municipal Government Department and another version indicated that he was a worker of the municipal market. 1 fatality.",1,MX12029,Chilpancingo de los Bravo,2024-12-15,2025-12-15
MEX95523,2024-11-15,2024,Political violence,Battles,Armed clash,484,North America,Mexico,Michoacán,Zinapecuaro,Zinapecuaro de Figueroa,19.8603,-100.8276,La Silla Rota,"On 15 November 2024, in Zinapecuaro de Figueroa, Michoacan de Ocampo, rival criminal groups engaged in an armed clash near the municipal palace. During the clash the groups fired at the facade of the Manipal palace and set fire to a vehicle parked outside the palace. Also, armed men threw tire punctures close to the municipal presidency to avoid their rivals from catching up with them after an armed clash. There were no casualties.",0,MX16110,Zinapécuaro,2024-12-15,2025-12-15
MEX94756,2024-10-21,2024,Political violence,Violence against civilians,Attack,484,North America,Mexico,México,Ecatepec de Morelos,Ecatepec de Morelos,19.5991,-99.0492,Milenio,"Around 21 October 2024 (as reported), in Ecatepec de Morelos, Mexico, a person was killed and the body was found dismembered and wrapped in bags on the Lecheria-Texcoco road. 1 fatality.",1,MX15033,Ecatepec de Morelos,2024-12-15,2025-12-15
MEX94851,2024-10-26,2024,Political violence,Violence against civilians,Attack,484,North America,Mexico,Sinaloa,Navolato,Licenciado Benito Juarez,24.6574,-107.5451,El Sol de Sinaloa,"Around 26 October 2024 (as reported), in Licenciado Benito Juarez, Sinaloa, two men were killed and their bodies were found shot to death with signs of torture and covered in a tarp in Villa Juarez. 2 fatalities.",2,MX25018,Navolato,2024-12-15,2025-12-15
MEX94931,2024-10-28,2024,Political violence,Battles,Armed clash,484,North America,Mexico,Sinaloa,Culiacan,Mojolo,24.8839,-107.4165,Riodoce,"On 28 October 2024, in Mojolo, Sinaloa, armed individuals opened fire at ministerial federal police officers. There were no casualties.",0,MX25006,Culiacán,2024-12-15,2025-12-15
MEX95145,2024-11-04,2024,Political violence,Violence against civilians,Attack,484,North America,Mexico,Guerrero,Acapulco de Juarez,Tres Palos,16.8305,-99.7769,La Jornada,"On 4 November 2024, in Tres Palos, Guerrero, unknown armed individuals shot and killed a family inside their home. Four men, two women and a minor were found inside the home. Three vehicles were set on fire. 7 fatalities.",7,MX12001,Acapulco de Juárez,2024-12-15,2025-12-15
MEX95503,2024-11-14,2024,Political violence,Violence against civilians,Attack,484,North America,Mexico,México,Coacalco de Berriozabal,San Francisco Coacalco,19.6293,-99.1044,La Jornada,"On 14 November 2024, in San Francisco Coacalco, Mexico, two men arrived at a diner and shot at a couple inside in Colonia Colina San Rafael. The man died as a result and the woman was injured. 1 fatality, 1 injury.",1,MX15020,Coacalco de Berriozábal,2024-12-15,2025-12-15
MEX99406,2024-10-25,2024,Political violence,Violence against civilians,Attack,484,North America,Mexico,Quintana Roo,Benito Juarez,Cancun,21.1614,-86.8248,La Verdad,"On 25 October 2024, in Cancun, Quintana Roo, armed men abducted and on the same day killed a member of the Andres Quintana Roo Taxi Union and his body was found next to Cancun-Merida road. Nine men were arrested, including the union's secretary for suspectedly having ordered the killing. A search in the union's premises on 6 November 2024 led to the seizure of drugs and the location of a torture room. 1 fatality.",1,MX23005,Benito Juárez,2024-12-15,2025-12-15
MEX94782,2024-10-24,2024,Political violence,Violence against civilians,Attack,484,North America,Mexico,Guerrero,Huamuxtitlan,Huamuxtitlan,17.8044,-98.5641,Colima Noticias; El Norte; Milenio,"On 24 October 2024, in Huamuxtitlan, Guerrero, a group of several armed men intercepted the former Morena mayor, kidnapped him and killed his driver. The former mayor was found dead the same day. 2 fatalities.",2,MX12033,Huamuxtitlán,2024-12-15,2025-12-15
MEX94504,2024-10-24,2024,Political violence,Battles,Armed clash,484,North America,Mexico,Guerrero,Tecpan de Galeana,Tecpan de Galeana,17.2226,-100.6324,Diario de Morelos; El Norte; La Jornada; La Prensa de Monclova; La Silla Rota; Milenio,"On 24 October 2024, in Tecpan de Galeana, Guerrero, members of Guerrero New Generation aboard at least 20 trucks engaged in an armed clash with Los Granados gang on a road that leads to El Moreno. Municipal police officers on duty were involved in the attack resulting in the death of two municipal police officers. The military also came under attack and received support from elements of the National Guard. Three military officers were injured as a result. 17 armed individuals died. It is believed that one of the rival gangs have links with the CJNG. Over 100 gang members had entered the municipality the same day and were being searched by military and police officers. Police and military seized 16 vehicles, weapons, cartridges and explosive devices. 11 armed individuals were arrested. 19 fatalities.",19,MX12057,Técpan de Galeana,2024-12-15,2025-12-15
MEX94839,2024-10-26,2024,Political violence,Violence against civilians,Attack,484,North America,Mexico,Puebla,Amozoc,Amozoc de Mota,19.0446,-98.0449,Milenio,"Around 26 October 2024 (as reported), in Amozoc de Mota, Puebla, two men were killed and their bodies were found dismembered inside plastic bags in Colonia San Jose Las Flores. 2 fatalities.",2,MX21015,Amozoc,2024-12-15,2025-12-15
MEX94260,2024-10-16,2024,Political violence,Violence against civilians,Attack,484,North America,Mexico,Veracruz de Ignacio de la Llave,Cosamaloapan de Carpio,Cosamaloapan,18.3676,-95.7962,El Universal (Mexico); Milenio,"On 16 October 2024, in Cosamaloapan, Veracruz de Ignacio de la Llave, according to witnesses, armed men on a vehicle shot at a vehicle, killing a man and injuring his underage daughter (drive-by) on Adolfo Ruiz Cortines y Morelos street. An alternative version indicates that his daughter remained uninjured. The man was a former municipal police officer. 1 fatality.",1,MX30045,Cosamaloapan de Carpio,2024-12-15,2025-12-15
MEX100011,2024-10-19,2024,Political violence,Violence against civilians,Attack,484,North America,Mexico,Guanajuato,Irapuato,Irapuato,20.6728,-101.3481,Milenio,"On 19 October 2024, in Irapuato, Guanajuato, unidentified men entered a house in the intersection of Santander and Matogrosso streets, in Colonia Las Americas, and attempted to abduct a man. His mother, who was in the house, hit the men to try to prevent the abduction. The men then shot and killed the man and the woman. The perpetrators fled aboard two vans. 2 fatalities.",2,MX11017,Irapuato,2024-12-15,2025-12-15
MEX100059,2024-10-30,2024,Political violence,Battles,Armed clash,484,North America,Mexico,Guerrero,Tecpan de Galeana,Tetitlan,17.1586,-100.6397,Milenio,"Around 30 October 2024 (as reported), in Tetitlan, Guerrero, military, National Guard, state police, and ministerial federal police officers clashed with members of the GNG. The officers arrested five individuals. Casualties unknown.",0,MX12057,Técpan de Galeana,2024-12-15,2025-12-15
MEX100085,2024-10-20,2024,Political violence,Violence against civilians,Attack,484,North America,Mexico,Jalisco,Tonala,Tonala,20.6233,-103.2456,Milenio,"On 20 October 2024, in Tonala, Jalisco, unidentified individuals shot and killed a man, and his body was found hours later wrapped in plastic in the intersection of Trincheras and Vicente Guerrero streets, in Colonia Altamira. 1 fatality.",1,MX14101,Tonalá,2024-12-15,2025-12-15
MEX100086,2024-10-16,2024,Political violence,Violence against civilians,Attack,484,North America,Mexico,Jalisco,Zapopan,Zapopan,20.7206,-103.3883,Milenio,"On 16 October 2024, in Zapopan, Jalisco, several armed individuals arrived at a family party in Colonia Santa Margarita and opened fire at a man who died as a result. 1 fatality.",1,MX14120,Zapopan,2024-12-15,2025-12-15
MEX100202,2024-10-28,2024,Political violence,Violence against civilians,Attack,484,North America,Mexico,Puebla,Coronango,Santa Maria Coronango,19.1311,-98.3081,Milenio,"Around 28 October 2024 (as reported), in the municipality of Santa Maria Coronango, Puebla, two people were killed and their bodies were found with signs of torture on Mexico-Puebla highway. Different versions indicate that the victims are a man and a woman or two men. 2 fatalities.",2,MX21034,Coronango,2024-12-15,2025-12-15
MEX100391,2024-10-16,2024,Political violence,Battles,Armed clash,484,North America,Mexico,Zacatecas,Guadalupe,Guadalupe,22.7468,-102.5188,Milenio,"On 16 October 2024, in Guadalupe, Zacatecas, officers of the military and municipal police were carrying out an arrest when they were shot at by armed individuals and repelled the aggression in Colonia Las Americas. Three men were arrested, including one minor, accused of being members of the CDN. Police officers seized weapons, drugs and homemade explosives.",0,MX32017,Guadalupe,2024-12-15,2025-12-15
MEX94150,2024-10-18,2024,Political violence,Battles,Armed clash,484,North America,Mexico,Nuevo León,Cienega de Flores,Cienega de Flores,25.9521,-100.1681,La Silla Rota; Milenio,"On 18 October 2024, in the municipality of Cienega de Flores, Nuevo Leon, state police officers and unidentified gang members clashed on Cienagade Flores-Salinas Victoria road, by Colonia Real del Sol. Three armed individuals died and five officers were injured. 3 fatalities, 5 injured.",3,MX19012,Ciénega de Flores,2024-12-15,2025-12-15
MEX94252,2024-10-18,2024,Political violence,Battles,Armed clash,484,North America,Mexico,Puebla,Tepeojuma,Tepeojuma,18.7247,-98.4506,E-Consulta; Milenio,"On 18 October 2024, in Tepeojuma, Puebla, according to witnesses, unidentified individuals shot at three members of a family who were refueling at a Pemex gas station, killing two (a man and his underage son) and injuring a woman (their wife and mother). An employee of the station was collaterally injured. The attack was suspectedly linked to drug deals and targeted the two dead men, who were members of a gang led by someone known as 'El Medina'. 2 fatalities, 2 injured.",2,MX21166,Tepeojuma,2024-12-15,2025-12-15
MEX94711,2024-10-19,2024,Political violence,Explosions/Remote violence,Remote explosive/landmine/IED,484,North America,Mexico,Michoacán,Coahuayana,Coahuayana de Hidalgo,18.6963,-103.662,El Proceso; La Voz de Michoacan,"Around 19 October 2024 (as reported), in the bordering area between Michoacan and Colima (coded to Coahuayana de Hidalgo), Michoacan de Ocampo, a landmine exploded and injured four members of the Coahuayana de Hidalgo Communal Militia (Mexico) that travelled in a van. Other members of the militia later found three other mines in the area.",0,MX16014,Coahuayana,2024-12-15,2025-12-15
MEX99929,2024-10-23,2024,Political violence,Violence against civilians,Attack,484,North America,Mexico,Chiapas,Huehuetan,Canton San Luis,15.0487,-92.4495,Milenio,"Around 23 October 2024 (as reported), in Canton San Luis, Chiapas, a person was killed and the human remains were found dismembered inside plastic bags including one bag with the limbs and legs and the other bag with the rest of the body. 1 fatality.",1,MX07037,Huehuetán,2024-12-15,2025-12-15
MEX99982,2024-10-17,2024,Political violence,Battles,Armed clash,484,North America,Mexico,Coahuila de Zaragoza,Progreso,Progreso,27.4282,-100.9885,Milenio,"On 17 October 2024, in the municipality of Progreso, Coahuila de Zaragoza, unidentified individuals shot at officers of the State Attorney General's office, the Agency of Criminal Investigations (AIC) and the Action and Reaction Police (PAR). The officers repelled the attack, killed three men and seized three fireweapons. 3 fatalities.",3,MX05026,Progreso,2024-12-15,2025-12-15
MEX94758,2024-10-21,2024,Political violence,Violence against civilians,Attack,484,North America,Mexico,Colima,Manzanillo,Manzanillo,19.0532,-104.3164,Colima Noticias; Milenio; Zeta Tijuana,"On 21 October 2024, in Manzanillo, Colima, armed men in a vehicle shot and killed a woman in a drive-by shooting on Avenida Elias Zamora Verduzco. The woman was an employee of the Attorney General's Office (FGR). 1 fatality.",1,MX06007,Manzanillo,2024-12-15,2025-12-15
MEX100034,2024-10-28,2024,Political violence,Violence against civilians,Attack,484,North America,Mexico,Guerrero,Acapulco de Juarez,Acapulco de Juarez,16.8619,-99.8866,Milenio,"On 28 October 2024, in Acapulco de Juarez, Guerrero, two individuals on a motorcycle shot and killed a woman who was driving on Alta Quebradora street, in Ciudad Renacimiento (drive-by). The victim was a preschool teacher at Las Casitas El Quemado kindergarten. 1 fatality.",1,MX12001,Acapulco de Juárez,2024-12-15,2025-12-15
MEX94302,2024-10-16,2024,Political violence,Violence against civilians,Attack,484,North America,Mexico,Guerrero,Acapulco de Juarez,Acapulco de Juarez,16.8619,-99.8866,El Sol de Acapulco,"Around 16 October 2024 (as reported), in Acapulco de Juarez, Guerrero, two people were killed and their human remains were found inside a vehicle that was set on fire in Colonia Libertadores. 2 fatalities.",2,MX12001,Acapulco de Juárez,2024-12-15,2025-12-15
MEX94659,2024-10-19,2024,Political violence,Violence against civilians,Attack,484,North America,Mexico,Michoacán,Morelia,Uruapilla,19.6212,-101.275,MiMorelia; Quadratin Oaxaca; Tabasco Hoy,"On 19 October 2024, in Uruapilla, Michoacan de Ocampo, an armed group shot and killed an off-duty state police officer who was driving on Morelia-Patzcuaro road. The victim was the chief of the escort of the municipal president of Huiramba, Michoacan. 1 fatality.",1,MX16053,Morelia,2024-12-15,2025-12-15
MEX94718,2024-10-21,2024,Political violence,Battles,Armed clash,484,North America,Mexico,Guerrero,Acapulco de Juarez,Acapulco de Juarez,16.8619,-99.8866,El Sol de Acapulco,"On 21 October 2024, in Acapulco de Juarez, Guerrero, there was an armed clash between the state police and armed individuals in Colonia Emiliano Zapata. One officer was killed and another two people were arrested. 1 fatality.",1,MX12001,Acapulco de Juárez,2024-12-15,2025-12-15
MEX94730,2024-10-19,2024,Political violence,Violence against civilians,Attack,484,North America,Mexico,Guerrero,Acapulco de Juarez,Acapulco de Juarez,16.8619,-99.8866,El Sol de Acapulco,"On 19 October 2024, in Acapulco de Juarez, Guerrero, two armed individuals on a car shot and killed a man on Velazquez de Leon street, in an area known as 'Tamarindo', in Colonia Centro (drive-by). 1 fatality.",1,MX12001,Acapulco de Juárez,2024-12-15,2025-12-15
MEX94750,2024-10-21,2024,Political violence,Violence against civilians,Attack,484,North America,Mexico,Guerrero,Acapulco de Juarez,Acapulco de Juarez,16.8619,-99.8866,El Sol de Acapulco,"Around 21 October 2024 (as reported), in Acapulco de Juarez, Guerrero, a man was killed and his body was found with a tourniquet around his neck, tied up hands and feet, and with visible signs of torture in Colonia La Libertad. 1 fatality.",1,MX12001,Acapulco de Juárez,2024-12-15,2025-12-15
MEX94767,2024-10-22,2024,Political violence,Violence against civilians,Attack,484,North America,Mexico,México,Jilotepec,Jilotepec de Molina Enriquez,19.9532,-99.5375,Metro Toluca,"Around 22 October 2024 (as reported), in Jilotepec de Molina Enriquez, Mexico, a man was killed and his body was found with a shot to his head, tied, and with a message next to the body in San Pablo Huantepec. 1 fatality.",1,MX15045,Jilotepec,2024-12-15,2025-12-15
MEX94863,2024-10-27,2024,Political violence,Violence against civilians,Attack,484,North America,Mexico,Guerrero,Acapulco de Juarez,Acapulco de Juarez,16.8619,-99.8866,El Sol de Acapulco,"On 27 October 2024, in Acapulco de Juarez, Guerrero, unknown armed individuals shot and killed a traffic municipal police officer when he arrived at his home in Colonia Postal. 1 fatality.",1,MX12001,Acapulco de Juárez,2024-12-15,2025-12-15
MEX94864,2024-10-27,2024,Political violence,Violence against civilians,Attack,484,North America,Mexico,Guerrero,Acapulco de Juarez,Acapulco de Juarez,16.8619,-99.8866,El Sol de Acapulco,"Around 27 October 2024 (as reported), in Acapulco de Juarez, Guerrero, two men were killed and their bodies were found with signs of torture, tied up and with a tourniquet inside a trunk in Colonia Juan R. Escudero. 2 fatalities.",2,MX12001,Acapulco de Juárez,2024-12-15,2025-12-15
MEX94950,2024-10-29,2024,Political violence,Violence against civilians,Attack,484,North America,Mexico,Guerrero,Acapulco de Juarez,Acapulco de Juarez,16.8619,-99.8866,El Sol de Acapulco,"Around 29 October 2024 (as reported), in Acapulco de Juarez, Guerrero, the amputated hand of a man was found on 16 de Septiembre street, in front of a kids playground, in Colonia La Fabrica. Authorities investigate whether it belongs to a dead body found in Colonia Ciudad Renacimiento on 28 October 2024 (uncoded). At least 1 injured.",0,MX12001,Acapulco de Juárez,2024-12-15,2025-12-15
MEX95071,2024-11-01,2024,Political violence,Violence against civilians,Attack,484,North America,Mexico,Guerrero,Acapulco de Juarez,Acapulco de Juarez,16.8619,-99.8866,Milenio,"Around 1 November 2024 (as reported), in Acapulco de Juarez, Guerrero, a man was killed and the body was found with signs of torture, as well as a tourniquet on the neck and multiple gunshot wounds around Lazaro Cardenas and Morelos streets. 1 fatality.",1,MX12001,Acapulco de Juárez,2024-12-15,2025-12-15
MEX95088,2024-11-02,2024,Political violence,Violence against civilians,Attack,484,North America,Mexico,Guerrero,Acapulco de Juarez,Acapulco de Juarez,16.8619,-99.8866,Milenio,"Around 2 November 2024 (as reported), in Acapulco de Juarez, Guerrero, at least one man was killed and the human remains were found inside four containers. Later, more human remains were found around the area. At least 1 fatality.",1,MX12001,Acapulco de Juárez,2024-12-15,2025-12-15
MEX95117,2024-11-03,2024,Political violence,Violence against civilians,Attack,484,North America,Mexico,Guerrero,Acapulco de Juarez,Acapulco de Juarez,16.8619,-99.8866,Milenio,"Around 3 November 2024 (as reported), in Acapulco de Juarez, Guerrero, a man was killed and his body was found with his hands tied up and signs of torture in colonia Vicente Guerrero. 1 fatality.",1,MX12001,Acapulco de Juárez,2024-12-15,2025-12-15
MEX95144,2024-11-04,2024,Political violence,Violence against civilians,Attack,484,North America,Mexico,Guerrero,Acapulco de Juarez,Acapulco de Juarez,16.8619,-99.8866,El Sol de Acapulco,"Around 4 November 2024 (as reported), in Acapulco de Juarez, Guerrero, a man was killed and his body was found with signs of torture and a torniquet around his neck in Colonia Libertadores. 1 fatality.",1,MX12001,Acapulco de Juárez,2024-12-15,2025-12-15
MEX95189,2024-11-05,2024,Political violence,Battles,Armed clash,484,North America,Mexico,Guerrero,Acapulco de Juarez,Acapulco de Juarez,16.8619,-99.8866,El Sol de Acapulco,"On 5 November 2024, in Acapulco de Juarez, Guerrero, unknown armed individuals opened fire at elements of the National Guard who repelled the aggression in the tourist area of the city. There were no injuries.",0,MX12001,Acapulco de Juárez,2024-12-15,2025-12-15
MEX95237,2024-11-06,2024,Political violence,Violence against civilians,Attack,484,North America,Mexico,Guerrero,Acapulco de Juarez,Acapulco de Juarez,16.8619,-99.8866,Reforma,"On 6 November 2024, in Acapulco de Juarez, Guerrero, two armed individuals on a motorbike shot at people outside the central market, killing one and injuring two others (drive-by). 1 fatality, 2 injured.",1,MX12001,Acapulco de Juárez,2024-12-15,2025-12-15
MEX95281,2024-11-07,2024,Political violence,Violence against civilians,Attack,484,North America,Mexico,Guerrero,Acapulco de Juarez,Acapulco de Juarez,16.8619,-99.8866,El Sol de Acapulco; La Silla Rota; La Verdad; Mural; Zona Franca,"Around 7 November 2024 (as reported), in Acapulco de Juarez, Guerrero, four men were killed and their bodies were found inside a car with signs of torture, the hands tied, and tourniquets made of wire and wood around the neck. The vehicle was abandoned on Lerdo de Tejada, in Colonia Centro, by individuals onboard another vehicle. 4 fatalities.",4,MX12001,Acapulco de Juárez,2024-12-15,2025-12-15
MEX95451,2024-11-09,2024,Political violence,Violence against civilians,Attack,484,North America,Mexico,Guerrero,Acapulco de Juarez,Acapulco de Juarez,16.8619,-99.8866,El Sol de Acapulco,"Around 9 November 2024 (as reported), in Acapulco de Juarez, Guerrero, a man was killed and his body was found with signs of torture and the hands tied on Hornitos street, in the neighborhood of Petaquillas, behind the Historic Museum of San Diego Fort. 1 fatality.",1,MX12001,Acapulco de Juárez,2024-12-15,2025-12-15
MEX95452,2024-11-10,2024,Political violence,Violence against civilians,Attack,484,North America,Mexico,Guerrero,Acapulco de Juarez,Acapulco de Juarez,16.8619,-99.8866,El Sol de Acapulco,"Around 10 November 2024 (as reported), in Acapulco de Juarez, Guerrero, a man was killed and his body was found with signs of torture and a tourniquet on an unspecified part of the body on Viaducto Diamante. The victim had been thrown from a moving vehicle. 1 fatality.",1,MX12001,Acapulco de Juárez,2024-12-15,2025-12-15
MEX95458,2024-11-13,2024,Political violence,Violence against civilians,Attack,484,North America,Mexico,Guerrero,Acapulco de Juarez,Acapulco de Juarez,16.8619,-99.8866,El Sol de Acapulco,"Around 13 November 2024 (as reported), in Acapulco de Juarez, Guerrero, a person was killed and the body was found with feet and hands tied up in colonia Progreso. 1 fatality.",1,MX12001,Acapulco de Juárez,2024-12-15,2025-12-15
MEX95459,2024-11-14,2024,Political violence,Violence against civilians,Attack,484,North America,Mexico,Guerrero,Acapulco de Juarez,Acapulco de Juarez,16.8619,-99.8866,El Sol de Acapulco,"On 14 November 2024, in Acapulco de Juarez, Guerrero, armed individuals opened fire from a moving vehicle and two women and one man in Colonia Ciudad Renacimiento (drive-by). All three were injured as a result. 3 injuries.",0,MX12001,Acapulco de Juárez,2024-12-15,2025-12-15
MEX95460,2024-11-14,2024,Political violence,Violence against civilians,Attack,484,North America,Mexico,Guerrero,Acapulco de Juarez,Acapulco de Juarez,16.8619,-99.8866,El Norte,"On 14 November 2024, in Acapulco de Juarez, Guerrero, several armed individuals shot and killed a taxi driver close to the old City Hall building. 1 fatality.",1,MX12001,Acapulco de Juárez,2024-12-15,2025-12-15
MEX97916,2024-10-24,2024,Political violence,Violence against civilians,Attack,484,North America,Mexico,Guerrero,Acapulco de Juarez,Acapulco de Juarez,16.8619,-99.8866,La Silla Rota; Milenio,"Around 24 October 2024 (as reported), in Acapulco de Juarez, Guerrero, a man was killed by at least four individuals (three men and one woman who was a preventive municipal police officer) and his body was found. The victim was a veterinarian abducted in Fraccionamiento Costa Azu and the perpetrators had demanded a ramson for his family. The perpetrators were arrested on 10 January 2025. 1 fatality.",1,MX12001,Acapulco de Juárez,2024-12-15,2025-12-15
MEX94850,2024-10-26,2024,Political violence,Violence against civilians,Attack,484,North America,Mexico,Sinaloa,Culiacan,Sanalona,24.8017,-107.1391,Borderland Beat; Riodoce,"Around 26 October 2024 (as reported), in Sanalona, Sinaloa, a person was killed and the body was found wrapped in a tarp at the El Carrizalejo police station. A video was released and it is suspected that the man in the video is a member of La Chapiza where he is interrogated. 1 fatality.",1,MX25006,Culiacán,2024-12-15,2025-12-15
MEX95537,2024-11-10,2024,Political violence,Violence against civilians,Attack,484,North America,Mexico,Nuevo León,Cadereyta Jimenez,Cadereyta Jimenez,25.591,-100.0016,El Norte,"Around 10 November 2024 (as reported), in Cadereyta Jimenez, Nuevo Leon, a man was killed and his body was found with tape on the eyes, the hands and feet tied with wire and tape, and wrapped in a canvas, on km. 26 of the highway to Reynosa. 1 fatality.",1,MX19009,Cadereyta Jiménez,2024-12-15,2025-12-15
MEX94505,2024-10-21,2024,Political violence,Battles,Armed clash,484,North America,Mexico,Sinaloa,Culiacan,Alcoyonqui,24.7473,-107.2072,El Blog del Narco; El Siglo de Durango; El Sol de Sinaloa; La Prensa de Monclova; La Verdad; Milenio; Riodoce,"On 21 October 2024, in Alcoyonqui, Sinaloa, there was an armed clash between at least 30 armed individuals and the military forces. During the armed clash, a gang leader from the Sinaloa Cartel, belonging to Los Mayitos gang, and 20 other gang members were arrested. An alternative version indicates that rival armed groups had clashed before the army officers arrived at the scene and that, once they arrived, the military agreed not to arrest the cartel's leader in exchange for a million dollars. The officers would have subsequently broken the agreement, stolen the money, and clashed with the members of the cartel. This version is supported by a message on a blanket that was hung in Culiacan Rosales on 24 October 2024. In the message, Los Chapitos Gang claims to have an alliance with the military against Los Mayitos. This event is related to a similar clash reported in Carboneras community in the same municipality (coded separately). During both clashes, a total of 19 people were killed.19 fatalities split across two clashes, 10 fatalities coded in this event.",10,MX25006,Culiacán,2024-12-15,2025-12-15
MEX94808,2024-10-25,2024,Political violence,Violence against civilians,Attack,484,North America,Mexico,México,Naucalpan de Juarez,Naucalpan de Juarez,19.4788,-99.2332,Reforma,"Around 25 October 2024 (as reported), in Naucalpan de Juarez, Mexico, a man was killed and his body was found wit gunshot wounds and a message next to his body in Colonia San Jose de los Leones. 1 fatality.",1,MX15057,Naucalpan de Juárez,2024-12-15,2025-12-15
MEX95120,2024-11-03,2024,Political violence,Battles,Armed clash,484,North America,Mexico,Michoacán,Apatzingan,Apatzingan de la Constitucion,19.0872,-102.3553,La Voz de Michoacan; Quadratin Oaxaca,"On 3 November 2024, Apatzingan de la Constitucion, Michoacan, armed individuals clashed in Colonia Lomas de Palmira. Five people, including two adults and three minors were injured with stray bullets. 5 injured.",0,MX16006,Apatzingán,2024-12-15,2025-12-15
MEX95121,2024-11-03,2024,Political violence,Battles,Armed clash,484,North America,Mexico,Michoacán,Apatzingan,Apatzingan de la Constitucion,19.0872,-102.3553,La Voz de Michoacan,"On 3 November 2024, in Apatzingan de la Constitucion, Michoacan, armed individuals clashed with the municipal police around the area known as 'La Financiera'. This event occurred after there was an armed clash between armed men in colonia Lomas de Palmira (coded separately). There were no casualties.",0,MX16006,Apatzingán,2024-12-15,2025-12-15
MEX95515,2024-11-09,2024,Political violence,Violence against civilians,Attack,484,North America,Mexico,Michoacán,Apatzingan,Apatzingan de la Constitucion,19.0872,-102.3553,La Voz de Michoacan,"Around 9 November 2024 (as reported), in Apatzingan de la Constitucion, Michoacan de Ocampo, a man was killed and his body was found with gunshot wounds and wrapped in a blanket, wearing tactical clothing, on a side of Apatzingan-Presa del Rosario road, near El Semental bullring. Authorities investigate whether the man participated in the armed clashed that took place in the area on 8 November 2024 (coded separately). 1 fatality.",1,MX16006,Apatzingán,2024-12-15,2025-12-15
MEX101098,2024-10-30,2024,Political violence,Violence against civilians,Attack,484,North America,Mexico,Puebla,Huejotzingo,Santa Ana Xalmimilulco,19.2111,-98.3807,Milenio,"On 30 October 2024, in Santa Ana Xalmimilulco, Puebla, four members of La Barredora Gang fired shots in a suspected attempt to carry out an attack (it is not known against whom) on El Angel street. The four members were arrested. There were no casualties.",0,MX21074,Huejotzingo,2024-12-15,2025-12-15
MEX94647,2024-10-22,2024,Political violence,Battles,Armed clash,484,North America,Mexico,Puebla,San Miguel Xoxtla,San Miguel Xoxtla,19.1692,-98.3089,E-Consulta,"On 22 October 2024, in San Miguel Xoxtla, Puebla, two municipal police officers were shot and killed by unidentified armed individuals on the Mexico-Puebla highway. According to the authorities, the victims were not registered in the National Registry of Public Security Personnel and their confidence control evaluations were not updated. 2 fatalities.",2,MX21136,San Miguel Xoxtla,2024-12-15,2025-12-15
MEX94886,2024-10-27,2024,Political violence,Violence against civilians,Attack,484,North America,Mexico,Veracruz de Ignacio de la Llave,Jesus Carranza,Jesus Carranza,17.4375,-95.0284,La Silla Rota,"On 27 October 2024, in Jesus Carranza, Veracruz de Ignacio de la Llave, according to witnesses, two armed men shot and injured a trans woman on 16 de Septiembre street, 30 meters from the town hall and the municipal police station. The perpetrators fled on a motorbike.",0,MX30091,Jesús Carranza,2024-12-15,2025-12-15
MEX95001,2024-10-30,2024,Political violence,Battles,Armed clash,484,North America,Mexico,Sinaloa,Culiacan,El Tepuche,24.9427,-107.3496,Noroeste; Riodoce,"On 30 October 2024, near El Tepuche, Sinaloa, armed groups clashed in the village of San Antonio, resulting in three people injured.",0,MX25006,Culiacán,2024-12-15,2025-12-15
MEX95403,2024-11-12,2024,Political violence,Violence against civilians,Abduction/forced disappearance,484,North America,Mexico,Chiapas,Tapachula,Tapachula de Cordova y Ordonez,14.9111,-92.2643,Milenio,"On 12 November 2024, in Tapachula de Cordova y Ordonez, Chiapas, seven migrants from Venezuela, including five adults and two children were kidnapped by a hooded group of armed men in Colonia Centro after they entered a house. The victim's whereabouts are unknown.",0,MX07089,Tapachula,2024-12-15,2025-12-15
MEX94511,2024-10-19,2024,Political violence,Battles,Armed clash,484,North America,Mexico,Michoacán,Huiramba,El Carmen,19.5412,-101.4602,La Voz de Michoacan; MiMorelia,"On 19 October 2024, in El Carmen, Michoacan de Ocampo, state police officers and armed individuals clashed when the latter opened fire at officers who approached them. There were no fatalities.",0,MX16039,Huiramba,2024-12-15,2025-12-15
MEX94745,2024-10-20,2024,Political violence,Violence against civilians,Attack,484,North America,Mexico,Zacatecas,Luis Moya,Luis Moya,22.4325,-102.2492,Pagina 24 Zacatecas,"On 20 October 2024, in Luis Moya, Zacatecas, members of a criminal groups shot and injured a woman in the city center. She died later at the hospital. 1 fatality.",1,MX32025,Luis Moya,2024-12-15,2025-12-15
MEX94784,2024-10-24,2024,Political violence,Violence against civilians,Attack,484,North America,Mexico,Tabasco,Nacajuca,Nacajuca,18.1689,-93.02,Tabasco Hoy,"Around 24 October 2024 (as reported), in Nacajuca, Tabasco, man was killed and his body was found wrapped in plastic bags on the Villahermosa-Nacajuca highway. A message was found next to the body. 1 fatality.",1,MX27013,Nacajuca,2024-12-15,2025-12-15
MEX95091,2024-11-02,2024,Political violence,Violence against civilians,Attack,484,North America,Mexico,Hidalgo,Tula de Allende,San Lucas Teacalco,19.9808,-99.3609,Diario Via Libre; El Sol de Hidalgo; Milenio,"Around 2 November 2024 (as reported), in San Lucas Teacalco, Hidalgo, a person was killed and the body was found beheaded with the hands tied up and wrapped in a blanket. 1 fatality.",1,MX13076,Tula de Allende,2024-12-15,2025-12-15
MEX95519,2024-11-15,2024,Political violence,Battles,Armed clash,484,North America,Mexico,Michoacán,Querendaro,Querendaro,19.8097,-100.8836,MiMorelia,"On 15 November 2024, in Querendaro, Michoacan de Ocampo, armed men aboard a vehicle opened fire at municipal police officers, resulting in the death of one policeman and the injury of one policewoman. 1 fatality, 1 injury.",1,MX16072,Queréndaro,2024-12-15,2025-12-15
MEX95622,2024-11-14,2024,Political violence,Violence against civilians,Attack,484,North America,Mexico,Sinaloa,Culiacan,Ejido Los Huizaches,24.705,-107.3824,El Sol de Sinaloa,"Around 14 November 2024 (as reported), in Ejido Los Huizaches, Sinaloa, a man was killed and his body was found with signs of torture and with his hands tied in Colonia Pemex. 1 fatality.",1,MX25006,Culiacán,2024-12-15,2025-12-15
MEX94180,2024-10-17,2024,Political violence,Battles,Armed clash,484,North America,Mexico,Sinaloa,Culiacan,Quila,24.4246,-107.2196,El Sol de Sinaloa,"On 17 October 2024, in Quila, Sinaloa, armed groups clashed on Maxipista Culiacan-Mazatlan road. Authorities found four vehicles with bullet impacts around km. 135 of the road. This event is likely part of the war between 'Los Chapitos' and 'Los Mayitos' factions of the Sinaloa Cartel. Casualties unknown.",0,MX25006,Culiacán,2024-12-15,2025-12-15
MEX94241,2024-10-18,2024,Political violence,Violence against civilians,Attack,484,North America,Mexico,Colima,Colima,Colima,19.2429,-103.7281,Colima Noticias,"On 18 October 2024, Colima, Colima, armed individuals shot and killed a man in Colonia Moctezuma. 1 fatality.",1,MX06002,Colima,2024-12-15,2025-12-15
MEX94296,2024-10-17,2024,Political violence,Violence against civilians,Attack,484,North America,Mexico,Colima,Colima,Colima,19.2429,-103.7281,Colima Noticias,"On 17 October 2024, in Colima, Colima, armed individuals on a vehicle shot and killed a man on Liceo de Varones street, in Colonia Torres Quintero (drive-by). 1 fatality.",1,MX06002,Colima,2024-12-15,2025-12-15
MEX94299,2024-10-18,2024,Political violence,Violence against civilians,Attack,484,North America,Mexico,Veracruz de Ignacio de la Llave,Coscomatepec,Coscomatepec de Bravo,19.0728,-97.0469,Imagen del Golfo,"On 18 October 2024, in Coscomatepec de Bravo, Veracruz de Ignacio de la Llave, armed individuals on a vehicle shot at another vehicle on Miguel Lerdo de Tejada avenue, in Colonia Centro, killing a man and injuring two underage boys (drive-by). The perpetrators fled on 143 Huatusco-Fortin federal road. 1 fatality",1,MX30047,Coscomatepec,2024-12-15,2025-12-15
MEX94300,2024-10-18,2024,Political violence,Violence against civilians,Attack,484,North America,Mexico,Colima,Colima,Colima,19.2429,-103.7281,Colima Noticias,"On 18 October 2024, Colima, Colima, armed individuals on a motorbike shot and killed a man on Isidro Sanchez street, in Colonia Torres Quintero (drive-by). 1 fatality.",1,MX06002,Colima,2024-12-15,2025-12-15
MEX94668,2024-10-21,2024,Political violence,Violence against civilians,Attack,484,North America,Mexico,Colima,Villa de Alvarez,Ciudad de Villa de Alvarez,19.2648,-103.7368,Colima Noticias,"On 21 October 2024, in Ciudad de Villa de Alvarez, Colima, armed individuals who arrived in a vehicle shot and killed three men in Colonia Real de Minas. 3 fatalities.",3,MX06010,Villa de Álvarez,2024-12-15,2025-12-15
MEX94705,2024-10-25,2024,Political violence,Violence against civilians,Attack,484,North America,Mexico,Colima,Colima,Colima,19.2429,-103.7281,Colima Noticias,"On 25 October 2024, in Colima, Colima, one armed individual shot a man several times and then fled the scene with an accomplice on a motorcycle. The man died as a result. 1 fatality.",1,MX06002,Colima,2024-12-15,2025-12-15
MEX94742,2024-10-20,2024,Political violence,Violence against civilians,Attack,484,North America,Mexico,Colima,Villa de Alvarez,Ciudad de Villa de Alvarez,19.2648,-103.7368,Colima Noticias,"On 20 October 2024, in Ciudad de Villa de Alvarez, Colima, armed individuals on a motorbike shot at two men who were digging a well on Orbita street, in Colonia Manuel M. Dieguez (drive-by). A man died and the other was injured. 1 fatality.",1,MX06010,Villa de Álvarez,2024-12-15,2025-12-15
MEX94754,2024-10-21,2024,Political violence,Violence against civilians,Attack,484,North America,Mexico,Colima,Colima,Colima,19.2429,-103.7281,Colima Noticias; Milenio,"On 21 October 2024, in Colima, Colima, a man and a woman were shot and injured by armed men in a vehicle in a drive-by shooting in Colonia El Moralete. One version is that both were workers of the penitentiary system (likely off-duty). Another version, is that the man was a state police and the woman was a penitentiary officer (likely off-duty).",0,MX06002,Colima,2024-12-15,2025-12-15
MEX94985,2024-10-30,2024,Political violence,Violence against civilians,Attack,484,North America,Mexico,Colima,Colima,Colima,19.2429,-103.7281,24 Horas (Mexico); Colima Noticias; El Proceso; La Jornada; La Prensa de Monclova; La Silla Rota; La Voz de Michoacan; Milenio; MiMorelia; Riodoce; Tabasco Hoy; Vanguardia MX; Zeta Tijuana,"On 30 October 2024, in Colima, Colima, according to witnesses, an armed individual entered a food store on Gabino Barreda street, in Colonia La Atrevida, and shot and killed the woman owner. The victim was also a journalist. According to the Colima Attorney General's Office, the attack is related to the drug trafficking of people in the victim's personal environment and not to her journalistic activity. 1 fatality.",1,MX06002,Colima,2024-12-15,2025-12-15
MEX95020,2024-10-31,2024,Political violence,Violence against civilians,Attack,484,North America,Mexico,Colima,Villa de Alvarez,Ciudad de Villa de Alvarez,19.2648,-103.7368,Colima Noticias,"On 31 October 2024, in Ciudad de Villa de Alvarez, Colima, armed individuals on a motorcycle shot and killed in a drive-by a man in colonia Villas Coliman. 1 fatality.",1,MX06010,Villa de Álvarez,2024-12-15,2025-12-15
MEX95049,2024-11-01,2024,Political violence,Violence against civilians,Attack,484,North America,Mexico,Colima,Colima,Colima,19.2429,-103.7281,Colima Noticias,"On 1 November 2024, in Colima, Colima, unidentified armed individuals shot and killed a lawyer in Colonia Placetas Estadio. 1 fatality.",1,MX06002,Colima,2024-12-15,2025-12-15
MEX95050,2024-11-01,2024,Political violence,Violence against civilians,Attack,484,North America,Mexico,Colima,Colima,Colima,19.2429,-103.7281,Colima Noticias,"On 1 November 2024, in Colima, Colima, armed individuals in a vehicle shot and killed a transgender person in a drive-by on avenida Rodolfo Chavez Carrillo. 1 fatality.",1,MX06002,Colima,2024-12-15,2025-12-15
MEX95052,2024-11-01,2024,Political violence,Violence against civilians,Attack,484,North America,Mexico,Colima,Villa de Alvarez,Ciudad de Villa de Alvarez,19.2648,-103.7368,Colima Noticias,"On 1 November 2024, in Ciudad de Villa de Alvarez, Colima, armed individuals on a motorcycle shot and killed (drive-by) a man in colonia San Isidro. 1 fatality.",1,MX06010,Villa de Álvarez,2024-12-15,2025-12-15
MEX95074,2024-11-01,2024,Political violence,Violence against civilians,Attack,484,North America,Mexico,Oaxaca,Santiago Pinotepa Nacional,Pinotepa Nacional,16.339,-98.0503,La Jornada,"Around 1 November 2024 (as reported), in Pinotepa Nacional, Oaxaca, a person was killed and the body was found with signs of torture and a message from a criminal group. 1 fatality.",1,MX20482,Santiago Pinotepa Nacional,2024-12-15,2025-12-15
MEX95113,2024-11-03,2024,Political violence,Violence against civilians,Attack,484,North America,Mexico,Colima,Colima,Colima,19.2429,-103.7281,Colima Noticias,"On 3 November 2024, in Colima, Colima, armed men on a motorcycle shot and killed a man in a drive-by around habitacional Reforma or El Mezcalito. 1 fatality.",1,MX06002,Colima,2024-12-15,2025-12-15
MEX95182,2024-11-05,2024,Political violence,Violence against civilians,Attack,484,North America,Mexico,Colima,Colima,Colima,19.2429,-103.7281,Colima Noticias,"On 5 November 2024, in Colima, Colima, armed individuals in a vehicle intercepted two men driving in Colonia Prados del Sur, opened fire (drive-by) and then fled the scene. One was killed and the other injured. 1 fatality, 1 injury.",1,MX06002,Colima,2024-12-15,2025-12-15
MEX95184,2024-11-05,2024,Political violence,Violence against civilians,Attack,484,North America,Mexico,Colima,Cuauhtemoc,El Trapiche,19.2778,-103.6608,Colima Noticias,"Around 5 November 2024 (as reported), close to El Trapiche, Colima, a woman was killed and her body was found with signs of torture. 1 fatality.",1,MX06005,Cuauhtémoc,2024-12-15,2025-12-15
MEX95185,2024-11-05,2024,Political violence,Violence against civilians,Attack,484,North America,Mexico,Colima,Villa de Alvarez,Ciudad de Villa de Alvarez,19.2648,-103.7368,Colima Noticias,"Around 5 November 2024 (as reported), in Ciudad de Villa de Alvarez, Colima, a man was killed and his body was found dismembered in Colonia San Isidro. 1 fatality,",1,MX06010,Villa de Álvarez,2024-12-15,2025-12-15
MEX95274,2024-11-07,2024,Political violence,Violence against civilians,Attack,484,North America,Mexico,Colima,Colima,Colima,19.2429,-103.7281,Colima Noticias,"On 7 November 2024, in Colima, Colima, armed individuals on a motorbike shot and killed a woman on Republica de Colombia street, in Colonia Las Americas (drive-by). 1 fatality.",1,MX06002,Colima,2024-12-15,2025-12-15
MEX95336,2024-11-08,2024,Political violence,Violence against civilians,Attack,484,North America,Mexico,Colima,Villa de Alvarez,Ciudad de Villa de Alvarez,19.2648,-103.7368,Colima Noticias,"On 8 November 2024, in Ciudad de Villa de Alvarez, Colima, armed individuals on a vehicle shot and killed a 17-years old boy that was driving a motorbike in the intersection of Ninos Heroes avenue and Palomito, in Colonia Higueras del Espinas (drive-by). 1 fatality.",1,MX06010,Villa de Álvarez,2024-12-15,2025-12-15
MEX95427,2024-11-10,2024,Political violence,Violence against civilians,Attack,484,North America,Mexico,Colima,Colima,Colima,19.2429,-103.7281,Colima Noticias,"Around 10 November 2024 (as reported), in Colima, Colima, a man was killed and his body was found with signs of torture on Felipe Sevilla del Rio avenue. 1 fatality.",1,MX06002,Colima,2024-12-15,2025-12-15
MEX95430,2024-11-12,2024,Political violence,Violence against civilians,Attack,484,North America,Mexico,Colima,Colima,Colima,19.2429,-103.7281,Colima Noticias,"On 12 November 2024, in Colima, Colima, according to witnesses, armed men shot and killed a vendor in Colonia La Virgencita. 1 fatality.",1,MX06002,Colima,2024-12-15,2025-12-15
MEX95431,2024-11-12,2024,Political violence,Violence against civilians,Attack,484,North America,Mexico,Colima,Villa de Alvarez,Ciudad de Villa de Alvarez,19.2648,-103.7368,Colima Noticias,"On 12 November 2024, in Ciudad de Villa de Alvarez, Colima, armed individuals on a motorcycle shot and killed a man in a drive-by shooting in colonia Villas Bugambilias. 1 fatality.",1,MX06010,Villa de Álvarez,2024-12-15,2025-12-15
MEX95627,2024-11-07,2024,Political violence,Battles,Armed clash,484,North America,Mexico,Sinaloa,Culiacan,Las Milpas,24.5426,-107.1993,24 Horas (Mexico); El Sol de Sinaloa; Noroeste,"On 7 November 2024, in Las Milpas, Sinaloa, military officers and armed individuals clashed. The officers arrested ten people (eight men and two women), including a leader of Los Mayitos faction of the Sinaloa Cartel. The officers also seized nine fireweapons and three vehicles. Casualties unknown.",0,MX25006,Culiacán,2024-12-15,2025-12-15
MEX94638,2024-10-21,2024,Political violence,Battles,Armed clash,484,North America,Mexico,Sinaloa,Cosala,Cosala,24.4127,-106.6913,Riodoce,"On 21 October 2024, in Cosala, Sinaloa, there was an armed clash between armed individuals (likely affiliated with the Sinaloa Cartel) and the military forces, the National Guard and the state police. This event is related to similar clashes involving factions of the Sinaloa Cartel recorded in other locations of this state (coded separately). There were no casualties.",0,MX25005,Cosalá,2024-12-15,2025-12-15
MEX94738,2024-10-19,2024,Political violence,Violence against civilians,Attack,484,North America,Mexico,Guerrero,Juchitan,Juchitan,16.6271,-98.6367,Quadratin Oaxaca,"Around 19 October 2024 (as reported), in Juchitan, Guerrero, a person was killed and the body was found with a gunshot wound in the head (likely tiro de gracia) and the hands tied. 1 fatality.",1,MX12080,Juchitán,2024-12-15,2025-12-15
MEX95096,2024-11-02,2024,Political violence,Violence against civilians,Attack,484,North America,Mexico,Morelos,Jiutepec,Tejalpa,18.9023,-99.1682,Diario de Morelos,"On 2 November 2024, in Tejalpa, Morelos, according to witnesses, armed men shot and killed a man in a gaming shop. According to local sources, the victim was the owner of the shop. 1 fatality.",1,MX17011,Jiutepec,2024-12-15,2025-12-15
MEX95508,2024-11-14,2024,Political violence,Violence against civilians,Attack,484,North America,Mexico,México,Mexicaltzingo,Mexicaltzingo,19.2124,-99.594,El Norte,"Around 14 November 2024 (as reported), in Mexicaltzingo, Mexico, a man was killed and his body was found dismembered inside five plastic bags in Colonia San Jose. 1 fatality.",1,MX15055,Mexicaltzingo,2024-12-15,2025-12-15
MEX95591,2024-11-13,2024,Political violence,Violence against civilians,Abduction/forced disappearance,484,North America,Mexico,Sinaloa,Ahome,Los Mochis,25.7834,-108.9943,Milenio,"On 13 November 2024, in Los Mochis, Sinaloa, three armed individuals kidnapped a 14-year-old teenager when he left his home in fraccionamiento Los Laureles. The minor was released on 15 November.",0,MX25001,Ahome,2024-12-15,2025-12-15
MEX96754,2024-10-27,2024,Political violence,Violence against civilians,Attack,484,North America,Mexico,Michoacán,Tarimbaro,Tarimbaro,19.7957,-101.1764,La Voz de Michoacan,"On 27 October 2024, in Tarimbaro, Michoacan de Ocampo, a man on a motorcycle shot at a man who was driving on La Palma avenue, in Fraccionamiento San Jose de la Palma (drive-by). The man was with his two underage daughters, one of whom was killed. The man and the other girl remained uninjured. A suspect was arrested on 16 November 2024, and another one is wanted. 1 fatality.",1,MX16088,Tarímbaro,2024-12-15,2025-12-15
MEX103670,2024-10-25,2024,Political violence,Violence against civilians,Abduction/forced disappearance,484,North America,Mexico,Guanajuato,Silao de la Victoria,Silao de la Victoria,20.9445,-101.4262,Zona Franca,"On 25 October 2024, in Silao de la Victoria, Guanajuato, a woman and two men abducted a person in the intersection of 16 de Septiembre and Vicente Guerrero streets. The woman was arrested. The victim's whereabouts are unknown.",0,MX11037,Silao de la Victoria,2024-12-15,2025-12-15
MEX95094,2024-11-02,2024,Political violence,Violence against civilians,Attack,484,North America,Mexico,Michoacán,Morelia,Jesus del Monte,19.6514,-101.1517,Riodoce,"On 2 November 2024, in Jesus del Monte, Michoacan, according to witnesses, three armed men shot and killed a woman and injured other three women in a pantheon. 1 fatality, 3 injured.",1,MX16053,Morelia,2024-12-15,2025-12-15
MEX94266,2024-10-17,2024,Political violence,Violence against civilians,Attack,484,North America,Mexico,Ciudad de Mexico,Cuauhtemoc,Ciudad de Mexico - Cuauhtemoc,19.4313,-99.1531,24 Horas (Mexico); AFN - Tijuana; Diario de Morelos; El Blog del Narco; El Norte; El Proceso; El Universal (Mexico); La Jornada; La Silla Rota; La Verdad; La Voz de Michoacan; Milenio; Tabasco Hoy,"On 17 October 2024, in Ciudad de Mexico - Cuauhtemoc, two armed individuals on a motorbike shot and killed a woman lawyer who was driving a van on Viaducto Miguel Aleman, near Parque Delta shopping mall and the intersection with Cuauhtemoc avenue, in Colonia Roma (drive-by). A version indicates that the perpetrators were following the victim since she left a bank. Police officers later found the motorbike used by the perpetrators in Colonia Obrera. The victim had previously been threatened by an officer of the Mexico City Attorney General's Office due to personal disputes. The suspected accomplices of the perpetrators, a man and two women, were arrested in Colonia Doctores, Cuauhtemoc, on 25 October 2024. One of the perpetrators was arrested in Colonia Obrera, Cuauhtemoc, on 13 December 2024. Another perpetrator (a man) and a woman who suspectedly planned the attack were arrested on 13 May 2025. 1 fatality.",1,MX09015,Cuauhtémoc,2024-12-15,2025-12-15
MEX94251,2024-10-18,2024,Political violence,Violence against civilians,Attack,484,North America,Mexico,Sinaloa,Navolato,San Pedro,24.7734,-107.5504,Riodoce,"Around 18 October 2024 (as reported), in San Pedro, Sinaloa, two people were killed and their bodies were found with signs of torture and wrapped in plastic on the path that connects Las Cribas and the landfill, 300 meters north of the Obelisk to the Battle of San Pedro. 2 fatalities.",2,MX25018,Navolato,2024-12-15,2025-12-15
MEX94311,2024-10-18,2024,Political violence,Violence against civilians,Attack,484,North America,Mexico,Sonora,Altar,Altar,30.717,-111.838,AP; El Norte; Infobae; La Verdad; Tabasco Hoy; Univision,"On 18 October 2024, in Altar, Sonora, according to witnesses, armed individuals on a vehicle shot at a vehicle on Caborca-Altar road, killing an American man (drive-by). The victim was an off-duty American Marine. Two other women who were in the vehicle were not injured. One of the perpetrators, a suspected member of Los Deltas armed cell of Los Mayitos Gang, was arrested in Altar on 30 October 2024. Another perpetrator was killed during an armed clash with security forces in Altar around 30 October 2024 (coded separately). A third perpetrator was arrested in Altar on 13 February 2025. 1 fatality.",1,MX26004,Altar,2024-12-15,2025-12-15
MEX94717,2024-10-25,2024,Political violence,Battles,Armed clash,484,North America,Mexico,Sinaloa,Navolato,San Pedro,24.7734,-107.5504,El Sol de Sinaloa; Riodoce,"On 25 October 2024, in San Pedro, Sinaloa, armed men opened fire at municipal security and traffic police officers on patrol, leading to the death of two officers while two other officers were injured. 2 fatalities, 2 injuries.",2,MX25018,Navolato,2024-12-15,2025-12-15
MEX94748,2024-10-20,2024,Political violence,Violence against civilians,Attack,484,North America,Mexico,Chiapas,San Cristobal de las Casas,San Cristobal de las Casas,16.737,-92.6376,AFP; AP; Borderland Beat; Diario de Morelos; El Siglo de Durango; Imagen del Golfo; La Jornada; La Verdad; MiMorelia; Quadratin Oaxaca; SDP Noticias; Tabasco Hoy; Zeta Tijuana; Zona Franca,"On 20 October 2024, in San Cristobal de las Casas, Chiapas, according to witnesses, between two and four masked armed individuals on motorbikes shot and killed a man inside a van in the intersection of Las Peras and Franz Bloom streets, in the neighborhood of Cuxtitali (drive-by). The victim was a Tzotzil Indigenous (Mayan Indigenous group) catholic priest and human rights activist who had just officiated a mass at the church of Cuxtitali and was heading to the church of Guadalupe. The victim was known for denouncing the presence of criminal groups in Chiapas and participating in negotiations to solve conflicts between Indigenous communities and criminal groups. In 2021, the victim supported and mediated with the government for the formation of El Machete Policia Comunitaria in Pantelho. The same year, he was accused of being linked to the abduction of 21 men in Pantelho. According to some versions, the victim had been previously threatened by politicians connected to organized crime in the municipality of Simojovel, where the victim practiced as a priest. Additional versions indicate that the perpetrators of this attack could be members of Los Motonetos Gang or Los Herreras Gang. 1 fatality.",1,MX07078,San Cristóbal de las Casas,2024-12-15,2025-12-15
MEX94852,2024-10-26,2024,Political violence,Battles,Armed clash,484,North America,Mexico,Sinaloa,Navolato,San Pedro,24.7734,-107.5504,Milenio,"On 26 October 2024, in San Pedro, Sinaloa, unknown armed individuals attacked municipal police officers killing two police officers and injuring two while they were on surveillance. 2 fatalities, 2 injuries.",2,MX25018,Navolato,2024-12-15,2025-12-15
MEX94967,2024-10-29,2024,Political violence,Violence against civilians,Attack,484,North America,Mexico,Sinaloa,Culiacan,Carrizalejo,24.8104,-107.2887,El Sol de Sinaloa; Mural,"Around 29 October 2024 (as reported), near Carrizalejo, Sinaloa, two men were killed and their bodies were found with gunshot wounds, signs of torture, and covered by a canvas on a path that connects the road to Sanalona and La Grunidora village, a few meters from the bridge on Del Toro river. 2 fatalities.",2,MX25006,Culiacán,2024-12-15,2025-12-15
MEX95004,2024-10-30,2024,Political violence,Battles,Armed clash,484,North America,Mexico,Sonora,Altar,Altar,30.717,-111.838,AP; Infobae; Univision,"Around 30 October 2024 (as reported), in Altar, Sonora, two armed men on a vehicle shot at municipal police officers on Obregon street. The officers fired back and killed the two men. One of them, an Honduran citizen, was a deserter from the Presidential Honor Guard of Honduras who was also a member of Los Delta Gang (allied of Los Mayitos Gang) and was one of the perpetrators of the killing of an American citizen in Altar on 18 October 2024 (coded separately). 2 fatalities.",2,MX26004,Altar,2024-12-15,2025-12-15
MEX95009,2024-10-30,2024,Political violence,Battles,Armed clash,484,North America,Mexico,Veracruz de Ignacio de la Llave,Martinez de la Torre,Martinez de la Torre,20.0734,-97.0538,Imagen del Golfo; Milenio,"On 30 October 2024, in Martinez de la Torre, Veracruz, according to witnesses, armed individuals threw a Molotov bomb at a municipal police patrol in colonia Ejidal. There were no casualties.",0,MX30102,Martínez de la Torre,2024-12-15,2025-12-15
MEX95239,2024-11-06,2024,Political violence,Violence against civilians,Attack,484,North America,Mexico,Guerrero,Chilpancingo de los Bravo,Chilpancingo de los Bravo,17.5516,-99.5011,24 Horas (Mexico); 8 Columnas; AFN - Tijuana; AFP; AP; Diario de Morelos; E-Consulta; El Blog del Narco; El Proceso; El Siglo de Durango; El Sol de Acapulco; El Sol de Sinaloa; Entorno Informativo; La Jornada; La Prensa de Monclova; La Silla Rota; La Verdad; Milenio; Mural; Reforma; Riodoce; Sintesis; Tabasco Hoy; Xinhua; Zeta Tijuana; Zona Franca,"Around 6 November 2024 (as reported), in Chilpancingo de los Bravo, Guerrero, 11 people (two women and nine men, four of them minors) were killed and their dismembered bodies were found inside a van on Vicente Guerrero boulevard, on km. 272 of Del Sol highway, by Parador del Marques. The victims have been identified as part of the 17 vendors from Chautipan that disappeared in the villages of El Epazote (municipality of Chilapa de Alvarez) and Tlanicuilulco (municipality of Quechultenango) between 21-27 October 2024 (uncoded). On 4 November 2024, one of the minors appeared in a video on social media with the hands tied and saying that Los Jaleacos Gang had sent him to register the movements of Los Ardillos Gang. According to the military, members of Los Ardillos Gang abducted the victims and perpetrated this attack. 11 fatalities.",11,MX12029,Chilpancingo de los Bravo,2024-12-15,2025-12-15
MEX95308,2024-11-07,2024,Political violence,Violence against civilians,Attack,484,North America,Mexico,Sinaloa,Culiacan,Carrizalejo,24.8104,-107.2887,Borderland Beat; El Blog del Narco; El Proceso; El Sol de Sinaloa; La Prensa de Monclova; La Verdad; Milenio; Noroeste; Riodoce,"Around 7 November 2024 (as reported), in Carrizalejo, Sinaloa, a man was killed and his body was found with gunshot wounds, signs of torture, and wrapped in a canvas on the road to Sinaloa, in front of a pantheon. The victim was a former judicial police officer that had been in prison due to his participation in a plan to kill President Felipe Calderon, in response to security operations against the Sinaloa Cartel. 1 fatality.",1,MX25006,Culiacán,2024-12-15,2025-12-15
MEX95350,2024-11-08,2024,Political violence,Battles,Armed clash,484,North America,Mexico,Michoacán,Apatzingan,Las Bateas,18.9906,-102.4858,La Voz de Michoacan; Milenio; MiMorelia,"On 8 November 2024, in Las Bateas, Michoacan de Ocampo, members of Los Caballeros Templarios Gang and the Jalisco New Generation Cartel (CJNG) clashed. This event is related to other clashes that took place in El Alcalde, Los Tepetates, Los Charcos, and El Capire (coded separately). Casualties unknown.",0,MX16006,Apatzingán,2024-12-15,2025-12-15
MEX95351,2024-11-08,2024,Political violence,Battles,Armed clash,484,North America,Mexico,Michoacán,Apatzingan,Las Bateas,18.9906,-102.4858,La Voz de Michoacan; Milenio; MiMorelia,"On 8 November 2024, in Las Bateas, Michoacan de Ocampo, there was an armed clash between members of the CJNG and Military, National Guard, and state police officers. The police were patrolling the area following a confrontation between members of the CJNG and Los Caballeros Templarios gang (coded separately). Four members of the cartel were arrested. The officers also seized four fireweapons and tactical equipment with the letters 'F.E.M. CJNG' written on it. There were no fatalities.",0,MX16006,Apatzingán,2024-12-15,2025-12-15
MEX95585,2024-11-09,2024,Political violence,Battles,Armed clash,484,North America,Mexico,Querétaro,Queretaro,Santiago de Queretaro,20.5934,-100.39,24 Horas (Mexico); AFN - Tijuana; AFP; AP; Borderland Beat; Colima Noticias; Diario de Morelos; E-Consulta; El Norte; El Proceso; El Siglo de Durango; El Universal (Mexico); GardaWorld; La Jornada; La Silla Rota; La Verdad; La Voz de Michoacan; Milenio; Reforma; Sintesis; Tabasco Hoy; Xinhua; Zeta Tijuana,"On 9 November 2024, in Santiago de Queretaro, Queretaro, according to witnesses, four suspected members of the Santa Rosa de Lima Cartel entered Los Cantaritos bar on Circunvalacion avenue, in Colonia San Javier, and shot and killed 10 people (seven men and three women). 13 other people were injured. According to security authorities, the attack targeted one of the killed men, who was the leader of the Jalisco New Generation Cartel (CJNG) in Queretaro. He led a cell dedicated to the theft of fuel (huachicol) and was engaged in a territorial dispute with the Santa Rosa de Lima Cartel. A suspect was arrested the same day in the town of La Piedad, in the municipality of El Marques; three other suspects were arrested on 19 November 2024 in unspecified locations; two other were arrested on 21 November 2024 in the municipalities of Queretaro and Corregidora; and another was arrested in Queretaro around 22 August 2025. 10 fatalities, 13 injured.",10,MX22014,Querétaro,2024-12-15,2025-12-15
MEX95598,2024-11-11,2024,Political violence,Violence against civilians,Attack,484,North America,Mexico,Sinaloa,Culiacan,Carrizalejo,24.8104,-107.2887,El Sol de Sinaloa; Riodoce,"Around 11 November 2024 (as reported), in Carrizalejo, Sinaloa, two men were killed and their bodies were found with signs of torture and gunshot wounds near a pantheon on the road to Sanalona. 2 fatalities.",2,MX25006,Culiacán,2024-12-15,2025-12-15
MEX95599,2024-11-13,2024,Political violence,Violence against civilians,Attack,484,North America,Mexico,Sinaloa,Culiacan,Carrizalejo,24.8104,-107.2887,El Sol de Sinaloa; La Jornada; La Silla Rota,"Around 13 November 2024 (as reported), in Carrizalejo, Sinaloa, two men were killed and their bodies were found with signs of torture, their hands tied up, and wire around their neck. 2 fatalities.",2,MX25006,Culiacán,2024-12-15,2025-12-15
MEX95600,2024-11-14,2024,Political violence,Violence against civilians,Attack,484,North America,Mexico,Sinaloa,Culiacan,Carrizalejo,24.8104,-107.2887,Noroeste; Riodoce,"Around 14 November 2024 (as reported), in Carrizalejo, Sinaloa, three men were killed and their bodies were found with signs of torture and covered with a white tarp. 3 fatalities.",3,MX25006,Culiacán,2024-12-15,2025-12-15
MEX100100,2024-10-16,2024,Political violence,Violence against civilians,Attack,484,North America,Mexico,México,Ocuilan,San Juan Atzingo,19.0107,-99.3851,Milenio,"On 16 October 2024, close to San Juan Atzingo, Mexico, armed men aboard a vehicle opened fire and shot at two men accused of illegal logging on the way to Lagunas de Zempuala (drive-by). 2 fatalities.",2,MX15063,Ocuilan,2024-12-15,2025-12-15
MEX94500,2024-10-24,2024,Political violence,Violence against civilians,Attack,484,North America,Mexico,México,Chalco,San Marcos Huixtoco,19.2951,-98.8641,El Norte; La Jornada; Milenio,"Around 24 October 2024 (as reported), in the outskirts of San Marcos Huixtoco, Mexico, two people were killed and their bodies with their hands tied and gunshot wounds were found on a road leading to the community. A message signed by the CJNG was found next to the bodies. On 30 October 2024, six state police officers were arrested in the municipality of Chalco due to their suspected participation in this attack. 2 fatalities.",2,MX15025,Chalco,2024-12-15,2025-12-15
MEX94501,2024-10-24,2024,Political violence,Violence against civilians,Attack,484,North America,Mexico,México,Chalco,San Martin Cuautlalpan,19.2762,-98.8317,El Norte; El Universal (Mexico),"Around 24 October 2024 (as reported), in San Martin Cuautlalpan, Mexico, two men were killed and their bodies were found on a dirt road with their hands tied and decapitated behind fraccionamiento Los Heroes Tercera Seccion. A message was found signed by the CJNG. 2 fatalities.",2,MX15025,Chalco,2024-12-15,2025-12-15
MEX94649,2024-10-19,2024,Political violence,Violence against civilians,Attack,484,North America,Mexico,Veracruz de Ignacio de la Llave,Amatlan de los Reyes,Amatlan de los Reyes,18.8476,-96.9155,Imagen del Golfo,"Around 19 October 2024 (as reported), in Amatlan de los Reyes, Veracruz de Ignacio de la Llave, a person was killed and the body was found wrapped in blankets on a path that connects Paraje and Rio Seco. 1 fatality.",1,MX30014,Amatlán de los Reyes,2024-12-15,2025-12-15
MEX95221,2024-11-05,2024,Political violence,Violence against civilians,Sexual violence,484,North America,Mexico,Veracruz de Ignacio de la Llave,Cordoba,Cordoba,18.8944,-96.9353,Imagen del Golfo,"Around 5 November 2024 (between 3 - 8 November), in Cordoba, Veracruz de Ignacio de la Llave, a man was killed and his naked body was found on 8 November in an advanced state of decomposition, with signs of violence and the neck tied with branches at the bottom of a cliff in the community of Francisco I. Madero. The victim had disappeared on 3 November 2024. 1 fatality.",1,MX30044,Córdoba,2024-12-15,2025-12-15
MEX95327,2024-11-07,2024,Political violence,Violence against civilians,Abduction/forced disappearance,484,North America,Mexico,Veracruz de Ignacio de la Llave,Cordoba,Cordoba,18.8944,-96.9353,Imagen del Golfo,"On 7 November 2024, in Cordoba, Veracruz de Ignacio de la Llave, at least four armed individuals abducted a woman in the intersection of Libertad street and Union avenue, in Colonia Antorchista de Cordoba. The victim's whereabouts are unknown.",0,MX30044,Córdoba,2024-12-15,2025-12-15
MEX95507,2024-11-12,2024,Political violence,Battles,Armed clash,484,North America,Mexico,México,Ixtapaluca,Ixtapaluca,19.3131,-98.8842,Milenio,"On 12 November 2024, in Ixtapaluca, Mexico, armed individuals opened fire at municipal police officers on patrol. Two officers were injured as a result. 2 injuries.",0,MX15039,Ixtapaluca,2024-12-15,2025-12-15
MEX95631,2024-11-12,2024,Political violence,Violence against civilians,Attack,484,North America,Mexico,Sinaloa,Elota,El Espinal,24.1228,-106.8922,24 Horas (Mexico); Borderland Beat; Colima Noticias; Riodoce,"On 12 November 2024, in El Espinal, Sinaloa, armed individuals in two vehicles intercepted and kidnapped at the president of the Livestock Association of Coyotitan in Higueras de Abuya. He was killed and later his body was found with his eyes removed, his tongue cut out, and a message signed by a local commander of Los Chapos in El Espinal, in Elota. 1 fatality.",1,MX25008,Elota,2024-12-15,2025-12-15
MEX95171,2024-11-04,2024,Political violence,Violence against civilians,Abduction/forced disappearance,484,North America,Mexico,Veracruz de Ignacio de la Llave,Poza Rica de Hidalgo,Poza Rica de Hidalgo,20.5341,-97.4436,Imagen del Golfo,"On 4 November 2024, in Poza Rica de Hidalgo, Veracruz de Ignacio de la Llave, unknown armed individuals kidnapped a City Hall employee assigned to the area of governance in the municipal administration when he was at a gas station. The whereabouts of the man remain unknown.",0,MX30131,Poza Rica de Hidalgo,2024-12-15,2025-12-15
MEX95326,2024-11-07,2024,Political violence,Violence against civilians,Attack,484,North America,Mexico,Veracruz de Ignacio de la Llave,Apazapan,Chahuapan,19.3475,-96.6839,Imagen del Golfo,"On 7 November 2024, in Chahuapan, Veracruz de Ignacio de la Llave, according to witnesses, armed individuals got off a van and a motorbike on Independencia street, took a man out of a house, and shot and killed him. According to a version, the victim is a relative of a municipal police officer, which is suspected to be related to this attack. 1 fatality.",1,MX30017,Apazapan,2024-12-15,2025-12-15
MEX100273,2024-10-27,2024,Political violence,Violence against civilians,Attack,484,North America,Mexico,Sinaloa,Culiacan,Eldorado,24.3228,-107.3629,Milenio,"Around 27 October 2024 (as reported), in Eldorado, Sinaloa, a man and a woman were killed and their bodies were found inside a room that is believed to be used for the sale of drugs in El Realito. 2 fatalities.",2,MX25006,Culiacán,2024-12-15,2025-12-15
MEX94723,2024-10-23,2024,Political violence,Battles,Armed clash,484,North America,Mexico,Sinaloa,Culiacan,Eldorado,24.3228,-107.3629,El Sol de Sinaloa; Riodoce,"On 23 October 2024, in Eldorado, Sinaloa, armed individuals engaged in an armed clash on the Culiacan-Eldorado highway close to Mezquitillo and the road was blocked with trucks that were later removed. One house and three vehicles were damaged. There were no casualties.",0,MX25006,Culiacán,2024-12-15,2025-12-15
MEX94731,2024-10-19,2024,Political violence,Violence against civilians,Attack,484,North America,Mexico,México,Apaxco,Apaxco de Ocampo,19.9756,-99.1716,Reforma,"Around 19 October 2024 (as reported), in Apaxco de Ocampo, Mexico, a man was killed and his body was found with gunshot wounds and a threatening message in a field in Colonia Perez de Galeana. 1 fatality.",1,MX15010,Apaxco,2024-12-15,2025-12-15
MEX95325,2024-11-07,2024,Political violence,Violence against civilians,Abduction/forced disappearance,484,North America,Mexico,Veracruz de Ignacio de la Llave,Acajete,La Joya,19.6107,-97.027,Imagen del Golfo,"On 7 November 2024, in La Joya, Veracruz de Ignacio de la Llave, four armed men got off a vehicle and abducted a man on Gladiolas street. The victim's whereabouts are unknown.",0,MX30001,Acajete,2024-12-15,2025-12-15
MEX95629,2024-11-11,2024,Political violence,Violence against civilians,Attack,484,North America,Mexico,Sinaloa,Culiacan,Las Piedritas,24.4125,-107.3659,El Universal (Mexico),"Around 11 November 2024 (as reported), in Las Piedritas, Sinaloa, a man was killed and his body was found with the hands tied and gunshot wounds on a side of a hydraulic channel. 1 fatality.",1,MX25006,Culiacán,2024-12-15,2025-12-15
MEX105941,2024-10-17,2024,Political violence,Violence against civilians,Attack,484,North America,Mexico,Nuevo León,Mina,La Carroza,26.1072,-100.7302,El Norte,"Around 17 October 2024 (between 17 - 18 October), in La Carroza, Nuevo Leon, a man was killed and his body was found partially burned on 18 October 2024. At least three individuals had abducted the victim from his house in San Jose de la Popa on 17 October 2024. The perpetrators also burned his house. 1 fatality.",1,MX19037,Mina,2024-12-15,2025-12-15
MEX94507,2024-10-20,2024,Political violence,Battles,Armed clash,484,North America,Mexico,Sinaloa,Culiacan,Higueras de Abuya,24.2599,-107.0716,El Sol de Sinaloa; La Prensa de Monclova; Milenio; Riodoce,"On 20 October 2024, in Higueras de Abuya, Sinaloa, army officers and armed individuals clashed. An officer died and several were injured. This event is suspectedly linked to an armed clash that took place in Los Tanques the same day (coded separately), and is likely part of the war between 'Los Chapitos' and 'Los Mayitos' factions of the Sinaloa Cartel. 1 fatality.",1,MX25006,Culiacán,2024-12-15,2025-12-15
MEX94791,2024-10-25,2024,Political violence,Violence against civilians,Attack,484,North America,Mexico,Puebla,Puebla,Santo Tomas Chautla,18.9657,-98.1529,Milenio,"On 25 October 2024, near Santo Tomas Chautla, Puebla, armed individuals in two vehicles shot and injured a woman traveling in her truck to Valsequillo (drive-by). The perpetrators fled the scene. 1 injury.",0,MX21114,Puebla,2024-12-15,2025-12-15
MEX95107,2024-11-02,2024,Political violence,Battles,Armed clash,484,North America,Mexico,Zacatecas,Villanueva,Villanueva,22.357,-102.8833,La Jornada; Pagina 24 Zacatecas; Riodoce,"On 2 November 2024, in Villanueva, Zacatecas, gang members travelling in several vehicles attacked at the state police during a police operation. The police officers from the Zacatecas Immediate Reaction Forces (FRIZ) repelled the attack. The regional director of security operations in the municipality was killed along with an armed man. Also four police officers were injured. The armed men also launched tire-puncturing devices. 2 fatalities.",2,MX32055,Villanueva,2024-12-15,2025-12-15
MEX95690,2024-11-09,2024,Political violence,Violence against civilians,Attack,484,North America,Mexico,Zacatecas,Villanueva,Villanueva,22.357,-102.8833,Pagina 24 Zacatecas,"Around 9 November 2024 (as reported), in Villanueva, Zacatecas, members of an unidentified criminal organization abducted a man, tortured him, and shot and killed him. The body was found on a path leading to the community of La Encarnacion. 1 fatality.",1,MX32055,Villanueva,2024-12-15,2025-12-15
MEX100170,2024-10-24,2024,Political violence,Violence against civilians,Attack,484,North America,Mexico,Nuevo León,Monterrey,Monterrey,25.6647,-100.311,Milenio,"On 24 October 2024, in Monterrey, Nuevo Leon, two armed individuals traveling on a motorcycle attacked two men at the Monterrey park in the north of the city in Colonia Fomerrey 15. One man died and another was injured. 1 fatality, 1 injury.",1,MX19039,Monterrey,2024-12-15,2025-12-15
MEX94144,2024-10-17,2024,Political violence,Battles,Armed clash,484,North America,Mexico,Sinaloa,Culiacan,Ejido Canan,24.6422,-107.4418,La Silla Rota,"On 17 October 2024, near Ejido Canan, Sinaloa, military and state police officers clashed with armed individuals. Casualties unknown.",0,MX25006,Culiacán,2024-12-15,2025-12-15
MEX94145,2024-10-17,2024,Political violence,Battles,Armed clash,484,North America,Mexico,Sinaloa,Culiacan,Costa Rica,24.5895,-107.392,24 Horas (Mexico); El Sol de Sinaloa; Riodoce,"On 17 October 2024, in Costa Rica, Sinaloa, army officers and armed individuals clashed in the intersection of Culiacan-Eldorado and La 20 roads. The officers seized a fireweapon and homemade explosive devices, which were defused. This event is likely part of the war between 'Los Chapitos' and 'Los Mayitos' factions of the Sinaloa Cartel. Casualties unknown.",0,MX25006,Culiacán,2024-12-15,2025-12-15
MEX94146,2024-10-17,2024,Political violence,Battles,Armed clash,484,North America,Mexico,Nuevo León,Monterrey,Monterrey,25.6647,-100.311,El Norte,"On 17 October 2024, near Monterrey, Nuevo Leon, state and municipal police officers clashed with suspected members of the Cartel del Noreste (CDN) along kms. 195 and 200 of Carretera Nacional. The cartel members threw 'ponchallantas' (objects to puncture tires), abandoned two vehicles, and fled in different directions. A stray bullet collaterally injured a trailer driver, who was transferred to a hospital. This event is part of three clashes between authorities and the CDN that took place in Nuevo Leon the same day (coded separately). Casualties unknown.",0,MX19039,Monterrey,2024-12-15,2025-12-15
MEX94182,2024-10-17,2024,Political violence,Battles,Armed clash,484,North America,Mexico,Sinaloa,Culiacan,Pueblos Unidos,24.2937,-107.1532,24 Horas (Mexico),"On 17 October 2024, in Pueblos Unidos, Sinaloa, armed groups clashed. This event is likely part of the war between 'Los Chapitos' and 'Los Mayitos' factions of the Sinaloa Cartel. Casualties unknown.",0,MX25006,Culiacán,2024-12-15,2025-12-15
MEX94301,2024-10-18,2024,Political violence,Violence against civilians,Attack,484,North America,Mexico,Nuevo León,Guadalupe,Guadalupe,25.6773,-100.2599,El Norte; Milenio,"On 18 October 2024, in Guadalupe, Nuevo Leon, according to witnesses, two armed men on a motorcycle shot and killed a man who was also driving a motorcycle on Laguna Madre and Isla Revillagigedo streets, in Colonia Valle de Guadalupe (drive-by). 1 fatality.",1,MX19026,Guadalupe,2024-12-15,2025-12-15
MEX94639,2024-10-21,2024,Political violence,Battles,Armed clash,484,North America,Mexico,Sinaloa,Culiacan,Costa Rica,24.5895,-107.392,El Sol de Sinaloa; Riodoce,"On 21 October 2024, in Costa Rica, Sinaloa, there was an armed clash between military officers and armed individuals (likely affiliated with the Sinaloa Cartel). This event is related to similar clashes involving factions of the Sinaloa Cartel recorded in other locations of this state (coded separately). There were no casualties.",0,MX25006,Culiacán,2024-12-15,2025-12-15
MEX94645,2024-10-18,2024,Political violence,Violence against civilians,Attack,484,North America,Mexico,Nuevo León,Guadalupe,Guadalupe,25.6773,-100.2599,El Norte,"On 18 October 2024, in Guadalupe, Nuevo Leon, according to witnesses, armed individuals shot and killed a man inside a house on Puebla y Monterrey street, in Colonia Josefa Zozaya. 1 fatality.",1,MX19026,Guadalupe,2024-12-15,2025-12-15
MEX94669,2024-10-21,2024,Political violence,Violence against civilians,Attack,484,North America,Mexico,Sinaloa,Culiacan,Costa Rica,24.5895,-107.392,El Sol de Sinaloa; Riodoce,"Around 21 October 2024 (as reported), in Costa Rica, Sinaloa, a man was killed and his body was found with signs of torture in Colonia La huerta. 1 fatality.",1,MX25006,Culiacán,2024-12-15,2025-12-15
MEX94707,2024-10-25,2024,Political violence,Violence against civilians,Attack,484,North America,Mexico,Zacatecas,Tepetongo,Los Aparicio,22.4715,-103.0054,Pagina 24 Zacatecas,"Around 25 October 2024 (as reported), in Los Aparicio, Zacatecas, a person was killed and the body was found with signs of torture and gunshot wounds. 1 fatality.",1,MX32046,Tepetongo,2024-12-15,2025-12-15
MEX94759,2024-10-21,2024,Political violence,Violence against civilians,Attack,484,North America,Mexico,Nuevo León,Monterrey,Monterrey,25.6647,-100.311,Milenio,"Around 21 October 2024 (as reported), in Monterrey, Nuevo Leon, an unknown number of people were killed and the human remains were found in at least five point in the city including Colonia Industrial. According to local sources, a female torso, a female head, a body without limbs, two arms, a male torso, two upper limbs, a male head and a left leg have been found. The remaining would belong to at least one man and one woman. At least 2 fatalities.",2,MX19039,Monterrey,2024-12-15,2025-12-15
MEX94760,2024-10-21,2024,Political violence,Violence against civilians,Attack,484,North America,Mexico,Nuevo León,Monterrey,Monterrey,25.6647,-100.311,El Norte,"On 21 October 2024, in Monterrey, Nuevo Leon, an armed man shot and killed two young men who were sitting in front of a house known as a drug dealing point in Colonia Hogares Ferrocarrileros. 2 fatalities.",2,MX19039,Monterrey,2024-12-15,2025-12-15
MEX94765,2024-10-22,2024,Political violence,Violence against civilians,Attack,484,North America,Mexico,Sinaloa,Culiacan,Ejido El Quemadito,24.6975,-107.4145,El Sol de Sinaloa; Riodoce,"Around 22 October 2024 (as reported), in Ejido El Quemadito, Sinaloa, a person was killed and the body was found dismembered and signs of torture. 1 fatality.",1,MX25006,Culiacán,2024-12-15,2025-12-15
MEX94770,2024-10-22,2024,Political violence,Violence against civilians,Attack,484,North America,Mexico,Nuevo León,Monterrey,Monterrey,25.6647,-100.311,Milenio,"Around 22 October 2024 (month of), in Monterrey, Nuevo Leon, a man was killed and the body was found in an advanced state of decomposition and burned. 1 fatality.",1,MX19039,Monterrey,2024-12-15,2025-12-15
MEX94789,2024-10-25,2024,Political violence,Violence against civilians,Attack,484,North America,Mexico,Sinaloa,Culiacan,Costa Rica,24.5895,-107.392,El Sol de Sinaloa; Riodoce,"Around 25 October 2024 (as reported), in Costa Rica, Sinaloa, four men were killed and their bodies were found with their hands tied, signs of torture, and gunshot wounds on the Culiacan-Eldorado highway on the road to Campo Victoria. 4 fatalities.",4,MX25006,Culiacán,2024-12-15,2025-12-15
MEX94846,2024-10-26,2024,Political violence,Violence against civilians,Attack,484,North America,Mexico,Sinaloa,Culiacan,Costa Rica,24.5895,-107.392,Riodoce,"Around 26 October 2024 (as reported), in Costa Rica, Sinaloa, two men were killed and their bodies were found with signs of torture and with their hands and feet tied and faces covered with tape at the junction of the Culiacan-Eldorado highway with La 20. 2 fatalities.",2,MX25006,Culiacán,2024-12-15,2025-12-15
MEX94878,2024-10-27,2024,Political violence,Violence against civilians,Attack,484,North America,Mexico,Sinaloa,Culiacan,Costa Rica,24.5895,-107.392,Riodoce,"Around 27 October 2024 (as reported), in Costa Rica, Sinaloa, a person was killed and the body was found wrapped in plastic on the highway 19. 1 fatality.",1,MX25006,Culiacán,2024-12-15,2025-12-15
MEX94989,2024-10-30,2024,Political violence,Battles,Armed clash,484,North America,Mexico,Hidalgo,Tula de Allende,Tula de Allende,20.0552,-99.3432,La Silla Rota; Milenio,"On 30 October 2024, near Tula de Allende, Hidalgo, state and municipal police officers and armed huachicoleros (oil thieves) who drove three vehicles clashed along the Tula-Tlahuelilpan road, when officers tried to stop a tanker that suspectedly carried stolen oil. No officers were injured. It is unknown whether there were casualties among the huachicoleros. A huachicolero was arrested. Casualties unknown.",0,MX13076,Tula de Allende,2024-12-15,2025-12-15
MEX94994,2024-10-30,2024,Political violence,Violence against civilians,Attack,484,North America,Mexico,Nuevo León,Guadalupe,Guadalupe,25.6773,-100.2599,El Norte,"On 30 October 2024, in Guadalupe, Nuevo Leon, two armed men on a motorbike shot and killed a man that was driving a motorbike in the intersection of Del Amanecer and Rio Bravo streets, in Colonia Valle del Sol (drive-by). 1 fatality.",1,MX19026,Guadalupe,2024-12-15,2025-12-15
MEX95073,2024-11-01,2024,Political violence,Violence against civilians,Attack,484,North America,Mexico,Nuevo León,Monterrey,Monterrey,25.6647,-100.311,El Norte,"On 1 November 2024, in Monterrey, Nuevo Leon, two armed men shot and killed a man in Colonia Valle de San Martin. 1 fatality.",1,MX19039,Monterrey,2024-12-15,2025-12-15
MEX95125,2024-11-03,2024,Political violence,Violence against civilians,Attack,484,North America,Mexico,Nuevo León,Monterrey,Monterrey,25.6647,-100.311,Milenio,"On 3 November 2024, in Monterrey, Nuevo Leon, according to witnesses, armed men travelling in two motorcycles shot at a house in colonia Riveras del Rio. A woman was killed, a minor and a man were injured. The house is known as a drug dealing point. 1 fatality, 2 injured.",1,MX19039,Monterrey,2024-12-15,2025-12-15
MEX95126,2024-11-03,2024,Political violence,Violence against civilians,Attack,484,North America,Mexico,Nuevo León,Monterrey,Monterrey,25.6647,-100.311,Milenio,"On 3 November 2024, in Monterrey, Nuevo Leon, according to witnesses, armed men on a motorcycle shot at a man in a vehicle in a drive-by in colonia Fomerrey 112. The victim was killed. 1 fatality.",1,MX19039,Monterrey,2024-12-15,2025-12-15
MEX95130,2024-11-03,2024,Political violence,Battles,Armed clash,484,North America,Mexico,Sinaloa,Culiacan,Costa Rica,24.5895,-107.392,24 Horas (Mexico); El Blog del Narco; El Sol de Sinaloa; Riodoce,"On 3 November 2024, in Costa Rica, Sinaloa, there was an armed clash between the military forces and armed men travelling in three vehicles on the Culiacan-Eldorado highway around the Cuba community. One person was injured and four people were arrested. One of the arrested was the former chief of security of the Sinaloa Cartel and current member of Los Mayitos Gang. 1 injured.",0,MX25006,Culiacán,2024-12-15,2025-12-15
MEX95247,2024-11-06,2024,Political violence,Battles,Armed clash,484,North America,Mexico,Nuevo León,Guadalupe,Guadalupe,25.6773,-100.2599,Milenio,"On 6 November 2024, in Guadalupe, Nuevo Leon, several armed individuals opened fire at municipal police officers which led to a chase and the crashing of a car in Colonia Arboledas del Oriente. There were no injuries and the armed individuals escaped the scene.",0,MX19026,Guadalupe,2024-12-15,2025-12-15
MEX95253,2024-11-06,2024,Political violence,Battles,Armed clash,484,North America,Mexico,Sinaloa,Culiacan,Costa Rica,24.5895,-107.392,AFN - Tijuana; El Sol de Sinaloa,"Around 6 November 2024 (as reported), in Costa Rica, Sinaloa, two men were killed and their bodies were found with signs of torture, the hands tied to their backs, tape on the mouth, and gunshot wounds near an agricultural field known as 'Florencia'. One of the victims was a police officer at the office of the State Attorney General and also a member of the Sinaloa Cartel. He had requested a voluntary leave of absence from the police force to join the fighting between cartel factions in Culiacan. He had previously survived an attack in San Quintin on 9 June 2024 (coded separately). 2 fatalities.",2,MX25006,Culiacán,2024-12-15,2025-12-15
MEX95548,2024-11-13,2024,Political violence,Violence against civilians,Attack,484,North America,Mexico,Nuevo León,Guadalupe,Guadalupe,25.6773,-100.2599,El Norte,"On 13 November 2024, in Guadalupe, Nuevo Leon, two men entered a mechanic's workshop and killed two mechanics in Colonia Rafael Ramirez. 2 fatalities.",2,MX19026,Guadalupe,2024-12-15,2025-12-15
MEX95555,2024-11-11,2024,Political violence,Violence against civilians,Abduction/forced disappearance,484,North America,Mexico,Nuevo León,Monterrey,Monterrey,25.6647,-100.311,Milenio,"On 11 November 2024, in Monterrey, Nuevo Leon, armed men traveling in five vehicles intercepted and kidnapped a man when he was driving in Colonia del Paseo Residencial. The man was found alive days later.",0,MX19039,Monterrey,2024-12-15,2025-12-15
MEX95556,2024-11-15,2024,Political violence,Violence against civilians,Attack,484,North America,Mexico,Nuevo León,Monterrey,Monterrey,25.6647,-100.311,El Norte,"Around 15 November 2024 (as reported), in Monterrey, Nuevo Leon, a man was killed and his body was found wrapped in plastic bags and a blanket inside a barrel in the city center. 1 fatality.",1,MX19039,Monterrey,2024-12-15,2025-12-15
MEX95602,2024-11-09,2024,Political violence,Violence against civilians,Attack,484,North America,Mexico,Sinaloa,Culiacan,Costa Rica,24.5895,-107.392,Noroeste; Riodoce,"Around 9 November 2024 (as reported), in Costa Rica, Sinaloa, a man was killed and his body was found with gunshot wounds, tape on the mouth, and the hands and feet tied, under a bridge in the field on Nuevo Mexico. 1 fatality.",1,MX25006,Culiacán,2024-12-15,2025-12-15
MEX95603,2024-11-09,2024,Political violence,Violence against civilians,Attack,484,North America,Mexico,Sinaloa,Culiacan,Costa Rica,24.5895,-107.392,El Sol de Sinaloa,"Around 9 November 2024 (as reported), in Costa Rica, Sinaloa, a man was killed and his body was found with signs of torture. 1 fatality.",1,MX25006,Culiacán,2024-12-15,2025-12-15
MEX95604,2024-11-10,2024,Political violence,Violence against civilians,Attack,484,North America,Mexico,Sinaloa,Culiacan,Costa Rica,24.5895,-107.392,El Sol de Sinaloa; Riodoce,"Around 10 November 2024 (as reported), in Costa Rica, Sinaloa, two men were killed and their bodies were found with gunshot wounds and signs of torture in a field between a poultry processing plant and the path to El Quemadito, 100 meters from Culiacan-Eldorado road. One of them had the hands tied. 2 fatalities.",2,MX25006,Culiacán,2024-12-15,2025-12-15
MEX95605,2024-11-11,2024,Political violence,Violence against civilians,Attack,484,North America,Mexico,Sinaloa,Culiacan,Costa Rica,24.5895,-107.392,El Sol de Sinaloa; El Universal (Mexico); Riodoce,"Around 11 November 2024 (as reported), in Costa Rica, Sinaloa, two men were killed and their bodies were found with gunshot wounds, signs of torture, and a cardboard with unspecified messages in the junction of Culiacan-Eldorado road and the path to Lazareto. One of the victims had been abducted by armed men hours earlier. 2 fatalities.",2,MX25006,Culiacán,2024-12-15,2025-12-15
MEX95606,2024-11-13,2024,Political violence,Violence against civilians,Attack,484,North America,Mexico,Sinaloa,Culiacan,Costa Rica,24.5895,-107.392,La Jornada; La Silla Rota,"Around 13 November 2024 (as reported), in Costa Rica, Sinaloa, a man was killed and the body was found with a message. 1 fatality.",1,MX25006,Culiacán,2024-12-15,2025-12-15
MEX95670,2024-11-11,2024,Political violence,Violence against civilians,Attack,484,North America,Mexico,Veracruz de Ignacio de la Llave,Coatzacoalcos,Coatzacoalcos,18.1379,-94.453,El Proceso; Imagen del Golfo,"Around 11 November 2024 (as reported), in Coatzacoalcos, Veracruz de Ignacio de la Llave, a woman was killed and her body was found tied to a chair in a building on Benito Juarez avenue, in Colonia Centro. The victim had suspectedly been abducted and was a former Pemex employee. 1 fatality.",1,MX30039,Coatzacoalcos,2024-12-15,2025-12-15
MEX95671,2024-11-14,2024,Political violence,Violence against civilians,Attack,484,North America,Mexico,Veracruz de Ignacio de la Llave,Coatzacoalcos,Coatzacoalcos,18.1379,-94.453,La Silla Rota,"On 14 November 2024, in Coatzacoalcos, Veracruz de Ignacio de la Llave, two armed men got out of a car and entered a home Barrio Alegre and shot and killed one man and one woman. 2 fatalities.",2,MX30039,Coatzacoalcos,2024-12-15,2025-12-15
MEX100305,2024-10-20,2024,Political violence,Violence against civilians,Attack,484,North America,Mexico,Sinaloa,Navolato,Navolato,24.7672,-107.6968,Milenio,"Around 20 October 2024 (as reported), in Navolato, Sinaloa, a man was admitted to a hospital with signs of violence and handcuffs on 27 October. The victim reported that he was kidnapped 7 days earlier. 1 injury.",0,MX25018,Navolato,2024-12-15,2025-12-15
MEX94141,2024-10-17,2024,Political violence,Violence against civilians,Abduction/forced disappearance,484,North America,Mexico,Sinaloa,Culiacan,Culiacan Rosales,24.8088,-107.394,El Norte,"On 17 October 2024, in Culiacan Rosales, Sinaloal according to witnesses, armed individuals abducted a man from his house in Fraccionamiento Valle del Sol. The victim's whereabouts are unknown.",0,MX25006,Culiacán,2024-12-15,2025-12-15
MEX94178,2024-10-17,2024,Political violence,Battles,Armed clash,484,North America,Mexico,Sinaloa,Culiacan,Culiacan Rosales,24.8088,-107.394,El Sol de Sinaloa; Riodoce,"On 17 October 2024, in Culiacan Rosales, Sinaloa, armed groups clashed across several areas of the city, including El Barrio, Ayune, Emiliano Zapata, El Diez, Portezuelos, Las Quintas, Campo 10, Agua Blanca, La Pitayita, 'the sector of the landfill', El Carrizalejo, Camino Real, Bachigualato, and around the airport and the south entries to the city. These events are likely part of the war between 'Los Chapitos' and 'Los Mayitos' factions of the Sinaloa Cartel. Casualties unknown.",0,MX25006,Culiacán,2024-12-15,2025-12-15
MEX94203,2024-10-17,2024,Political violence,Violence against civilians,Attack,484,North America,Mexico,Guanajuato,Leon,Leon de los Aldama,21.122,-101.6832,Zona Franca,"On 17 October 2024, in Leon de los Aldama, Guanajuato, according to witnesses, two armed men entered a house on Costa del Mar Rojo street, in Colonia Santa Maria de Cementos, and shot at two women (mother and daughter). One of the women died and the other was injured. 1 fatality.",1,MX11020,León,2024-12-15,2025-12-15
MEX94212,2024-10-16,2024,Political violence,Violence against civilians,Attack,484,North America,Mexico,Guanajuato,Leon,Leon de los Aldama,21.122,-101.6832,Zona Franca,"On 16 October 2024, in Leon de los Aldama, Guanajuato, two men on motorcycles shot a teenager and a man who were inside a mechanic's shop in Colonia La Ermita i. Both were injured as a result. The same day, several men shot at a couple outside a home in Colonia Haciendas de Ibarrilla I. One woman and one man were injured as a result. 4 injuries.",0,MX11020,León,2024-12-15,2025-12-15
MEX94214,2024-10-16,2024,Political violence,Violence against civilians,Attack,484,North America,Mexico,Sinaloa,Culiacan,Culiacan Rosales,24.8088,-107.394,El Sol de Sinaloa; Riodoce,"On 16 October 2024, in Culiacan Rosales, Sinaloa, according to witnesses, a group of armed individuals entered Moreh's funeral parlor on Emiliano Zapata boulevard, in Colonia Jorge Almada, and attempted to abduct a man that was attending a funeral. The victim resisted, and the perpetrators hit his head with their weapons and shot into the air. The victim was injured and the perpetrators fled without him. Armed individuals had abducted an employee of the same funeral parlor on 7 October 2024 (coded separately).",0,MX25006,Culiacán,2024-12-15,2025-12-15
MEX94239,2024-10-18,2024,Political violence,Violence against civilians,Attack,484,North America,Mexico,Sinaloa,Culiacan,Culiacan Rosales,24.8088,-107.394,El Sol de Sinaloa; Riodoce,"On 18 October 2024, in Culiacan Rosales, Sinaloa, according to witnesses, an armed group entered a store where a man was playing with slot machines on Mina de Tayoltita street, between Miguel de la Madrid Hurtado and Luis Echevarria avenues, in Colonia Huizaches (another version indicates that this is located in Colonia Miguel de la Madrid), took him out of the establishment, and shot and killed him. 1 fatality.",1,MX25006,Culiacán,2024-12-15,2025-12-15
MEX94250,2024-10-17,2024,Political violence,Violence against civilians,Attack,484,North America,Mexico,Sinaloa,Culiacan,Culiacan Rosales,24.8088,-107.394,El Siglo de Durango; El Sol de Sinaloa; Riodoce,"Around 17 October 2024 (as reported), in Culiacan Rosales, Sinaloa, two individuals shot and killed a man on Antonio Castro street, near a fire station and Number 22 secondary school, in Colonia Ignacio Allende. Also in Culiacan Rosales, a man was killed and his body was found with gunshot wounds, signs of torture and wrapped in canvas on a side of the road to Sanalona, in Colonia El Barrio. 2 fatalities.",2,MX25006,Culiacán,2024-12-15,2025-12-15
MEX94256,2024-10-18,2024,Political violence,Violence against civilians,Attack,484,North America,Mexico,Guanajuato,Leon,Leon de los Aldama,21.122,-101.6832,La Silla Rota,"Around 18 October 2024 (month of), in Leon de los Aldama, Guanajuato, four people were killed and their bodies were found buried inside plastic bags and in an advanced state of decomposition in the area around Colonia Los Castillos and the community of Los Ramirez. 4 fatalities.",4,MX11020,León,2024-12-15,2025-12-15
MEX94294,2024-10-17,2024,Political violence,Violence against civilians,Attack,484,North America,Mexico,Guanajuato,Leon,Leon de los Aldama,21.122,-101.6832,Zona Franca,"On 17 October 2024, in Leon de los Aldama, Guanajuato, armed men on a motorbike shot and killed a man in the intersection of Doctor Barajas and Faisan streets, in Colonia San Sebastian (drive-by). 1 fatality.",1,MX11020,León,2024-12-15,2025-12-15
MEX94643,2024-10-18,2024,Political violence,Violence against civilians,Abduction/forced disappearance,484,North America,Mexico,Sinaloa,Culiacan,Culiacan Rosales,24.8088,-107.394,La Prensa de Monclova,"On 18 October 2024, in Culiacan Rosales, Sinaloa, unidentified individuals abducted three people in Colonia Amistad. Two of the victims were later released. The third victim's whereabouts are unknown.",0,MX25006,Culiacán,2024-12-15,2025-12-15
MEX94651,2024-10-19,2024,Political violence,Violence against civilians,Attack,484,North America,Mexico,Sinaloa,Culiacan,Culiacan Rosales,24.8088,-107.394,El Sol de Sinaloa; La Prensa de Monclova,"On 19 October 2024, in Culiacan Rosales, Sinaloa, armed individuals abducted an employee of El Debate newspaper, whose offices were shot and damaged on 17 October 2024 (coded separately). Unidentified individuals initially chased the victim and threw him off his motorcycle on Venustiano Carranza and Hidalgo streets. Injured, the victim hid in a store and then, together with a co-worker, sought medical assistance at the IMSS 1 Hospital. The perpetrators located him at the hospital, where he was abducted. The victim's co-worker was left at the hospital. The victim's whereabouts are unknown.",0,MX25006,Culiacán,2024-12-15,2025-12-15
MEX94652,2024-10-19,2024,Political violence,Violence against civilians,Attack,484,North America,Mexico,Guanajuato,Leon,Leon de los Aldama,21.122,-101.6832,Zona Franca,"Around 19 October 2024 (as reported), in Leon de los Aldama, Guanajuato, a person was killed and the body was found inside plastic bags in the intersection of Hierro and Malaga streets, in Colonia Piletas IV. 1 fatality.",1,MX11020,León,2024-12-15,2025-12-15
MEX94660,2024-10-20,2024,Political violence,Violence against civilians,Abduction/forced disappearance,484,North America,Mexico,Sinaloa,Culiacan,Culiacan Rosales,24.8088,-107.394,El Sol de Acapulco; Noroeste,"On 20 October 2024, in Culiacan Rosales, Sinaloa, according to a witness, armed individuals abducted a man in the baseball fields of La Liga Recursos and fled in a van on Rolando Arjona boulevard. The victim's whereabouts are unknown.",0,MX25006,Culiacán,2024-12-15,2025-12-15
MEX94674,2024-10-22,2024,Political violence,Violence against civilians,Attack,484,North America,Mexico,Sinaloa,Culiacan,Culiacan Rosales,24.8088,-107.394,El Sol de Sinaloa; Riodoce,"Around 22 October 2024 (as reported), in Culiacan Rosales, Sinaloa, a man was killed and the body was found with signs of torture in fraccionamiento Colinas del Bosque. 1 fatality.",1,MX25006,Culiacán,2024-12-15,2025-12-15
MEX94675,2024-10-22,2024,Political violence,Violence against civilians,Abduction/forced disappearance,484,North America,Mexico,Sinaloa,Culiacan,Culiacan Rosales,24.8088,-107.394,Noroeste,"On 22 October 2024, in Culiacan Rosales, Sinaloa, two young men were kidnapped by individuals travelling in two vehicles in colonia Laureles Pinos. The victims' whereabouts are unknown.",0,MX25006,Culiacán,2024-12-15,2025-12-15
MEX94682,2024-10-23,2024,Political violence,Violence against civilians,Attack,484,North America,Mexico,Sinaloa,Culiacan,Culiacan Rosales,24.8088,-107.394,Milenio,"On 23 October 2024, in Culiacan Rosales, Sinaloa, armed individuals opened fire at the facade of a home in Colonia El Barrio. The house and a vehicle outside were damaged. Also in Culiacan, two unknown armed individuals opened fire and shot a man repeatedly in Colonia Francisco I. Madero in Los Huizaches sector. The man injured as a result.",0,MX25006,Culiacán,2024-12-15,2025-12-15
MEX94683,2024-10-23,2024,Political violence,Violence against civilians,Abduction/forced disappearance,484,North America,Mexico,Sinaloa,Culiacan,Culiacan Rosales,24.8088,-107.394,El Sol de Sinaloa; Milenio,"On 23 October 2024, in Culiacan Rosales, Sinaloa, armed individuals traveling in two vehicles kidnapped two men in Colonia Nuevo Culiacan. The men were later released.",0,MX25006,Culiacán,2024-12-15,2025-12-15
MEX94685,2024-10-23,2024,Political violence,Violence against civilians,Attack,484,North America,Mexico,Guanajuato,Leon,Leon de los Aldama,21.122,-101.6832,Zona Franca,"On 23 October 2024, in Leon de los Aldama, Guanajuato, two men on a motorcycle approached a woman and the co-pilot shot her when she attempted to escape in Colonia San Miguel. The woman was injured as a result. 1 injury.",0,MX11020,León,2024-12-15,2025-12-15
MEX94695,2024-10-24,2024,Political violence,Violence against civilians,Attack,484,North America,Mexico,Sinaloa,Culiacan,Culiacan Rosales,24.8088,-107.394,El Sol de Sinaloa; Riodoce,"On 24 October 2024, in Culiacan Rosales, Sinaloa, two armed individuals shot and injured a man playing soccer in fraccionamiento Valle Alto. 1 injury.",0,MX25006,Culiacán,2024-12-15,2025-12-15
MEX94696,2024-10-24,2024,Political violence,Violence against civilians,Attack,484,North America,Mexico,Guanajuato,Leon,Leon de los Aldama,21.122,-101.6832,Milenio,"On 24 October 2024, in Leon de los Aldama, Guanajuato, two men who arrived on a motorcycle shot at a girl and a woman walking on the street in Colonia Balcones de la Joya and then fled the scene. Both were injured as a result. 2 injuries.",0,MX11020,León,2024-12-15,2025-12-15
MEX94706,2024-10-25,2024,Political violence,Violence against civilians,Attack,484,North America,Mexico,Guanajuato,Leon,Leon de los Aldama,21.122,-101.6832,Zona Franca,"On 25 October 2024, in Leon de los Aldama, Guanajuato, two armed individuals got out of a car and opened fire several times at two men in a parking lot between Colonia Santo Domingo and Cementos. The armed men fled the scene with several other individuals in a car. 2 fatalities.",2,MX11020,León,2024-12-15,2025-12-15
MEX94722,2024-10-19,2024,Political violence,Battles,Armed clash,484,North America,Mexico,Sinaloa,Culiacan,Culiacan Rosales,24.8088,-107.394,La Silla Rota; Noroeste; Riodoce,"On 19 October 2024, in Culiacan Rosales, Sinaloa, armed individuals clashed on Presidente Mariano Paredes street, between Adolfo Ruiz Cortines and Miguel Aleman streets, in Colonia Lazaro Cardenas. A person was injured and at least one (an American citizen) died. It is unclear if the victims were involved in the clash. Following the clash, an armed group entered the Red Cross medical facilities on Leyva Solano boulevard where the injured victims had been taken, and threatened medical personnel to locate a man whom they intended to kill. The armed group fled in several vans. At least 1 fatality.",1,MX25006,Culiacán,2024-12-15,2025-12-15
MEX94736,2024-10-19,2024,Political violence,Violence against civilians,Attack,484,North America,Mexico,Sinaloa,Culiacan,Culiacan Rosales,24.8088,-107.394,24 Horas (Mexico),"On 19 October 2024, in Culiacan Rosales, Sinaloa, armed individuals on a motorbike shot and killed a man on Tachichilte street, in Fraccionamiento Isla Musala (drive-by). The victim sold candy and USB flash drives with preloaded music, and made videos on TikTok alluding to 'El Chapo'. The victim had also appeared in videos with a youtuber who is suspectedly linked to Los Chapitos Gang. 1 fatality.",1,MX25006,Culiacán,2024-12-15,2025-12-15
MEX94743,2024-10-20,2024,Political violence,Violence against civilians,Attack,484,North America,Mexico,Sinaloa,Culiacan,Culiacan Rosales,24.8088,-107.394,Milenio; Riodoce,"Around 20 October 2024 (as reported), in Culiacan Rosales, Sinaloa, a person was killed and the burnt body was found on km. 140 of Maxipista Culiacan-Mazatlan, between Estacion Obispo and El Coronel, in Emiliano Zapata. 1 fatality.",1,MX25006,Culiacán,2024-12-15,2025-12-15
MEX94755,2024-10-21,2024,Political violence,Violence against civilians,Attack,484,North America,Mexico,Sinaloa,Culiacan,Culiacan Rosales,24.8088,-107.394,El Sol de Sinaloa; Riodoce,"Around 21 October 2024 (as reported), in Culiacan Rosales, Sinaloa, two people were killed and their bodies were found with their hands tied up and wrapped in bags and inside the trunk of a car near Laguna Colorada. 2 fatalities.",2,MX25006,Culiacán,2024-12-15,2025-12-15
MEX94768,2024-10-22,2024,Political violence,Violence against civilians,Attack,484,North America,Mexico,Guanajuato,Leon,Leon de los Aldama,21.122,-101.6832,Zona Franca,"On 22 October 2024, in Leon de los Aldama, Guanajuato, two armed men on a motorcycle shot and killed two street vendors in Colonia Industrial in a drive-by shooting. One of the victims had drug dealing records. 2 fatalities.",2,MX11020,León,2024-12-15,2025-12-15
MEX94769,2024-10-22,2024,Political violence,Violence against civilians,Attack,484,North America,Mexico,Guanajuato,Leon,Leon de los Aldama,21.122,-101.6832,Zona Franca,"On 22 October 2024, in Leon de los Aldama, Guanajuato, at least two armed individuals traveling in a vehicle with several armed men opened fire and shot a man in Colonia Santa Anita A.C (drive-by). The man died as a result. 1 fatality.",1,MX11020,León,2024-12-15,2025-12-15
MEX94776,2024-10-23,2024,Political violence,Violence against civilians,Attack,484,North America,Mexico,Sinaloa,Culiacan,Culiacan Rosales,24.8088,-107.394,El Sol de Sinaloa; Riodoce,"Around 23 October 2024 (as reported), in Culiacan Rosales, Sinaloa, a man was killed and his body was found at the southern exit of the city on the Culiacan-Eldorado highway. A message was found next to the body. The same day, in Culiacan, another man was killed and his body was found with signs of torture and with his hands tied in Libramiento Benito Juarez. 2 fatalities.",2,MX25006,Culiacán,2024-12-15,2025-12-15
MEX94777,2024-10-23,2024,Political violence,Violence against civilians,Attack,484,North America,Mexico,Guanajuato,Leon,Leon de los Aldama,21.122,-101.6832,Zona Franca,"On 23 October 2024, in Leon de los Aldama, Guanajuato, two men on a motorcycle overtook a food delivery man on his motorcycle and opened fire at him near Colonia San Nicolas (drive-by). The man was killed as a result. 1 fatality.",1,MX11020,León,2024-12-15,2025-12-15
MEX94781,2024-10-24,2024,Political violence,Violence against civilians,Attack,484,North America,Mexico,Sinaloa,Culiacan,Culiacan Rosales,24.8088,-107.394,Riodoce,"On 24 October 2024, in Culiacan Rosales, Sinaloa, armed individuals on motorcycles chased a car and shot repeatedly causing the car to crash in Colonia Emiliano Zapata (drive-by). The car caught fire and both passenger and driver died. Two people were hit by a stray bullet, one of whom died. 3 fatalities, 1 injury.",3,MX25006,Culiacán,2024-12-15,2025-12-15
MEX94790,2024-10-25,2024,Political violence,Violence against civilians,Attack,484,North America,Mexico,Guanajuato,Leon,Leon de los Aldama,21.122,-101.6832,Zona Franca,"On 25 October 2024, in Leon de los Aldama, Guanajuato, two armed individuals on a motorcycle overtook two men traveling in a vehicle and shot them in Colonia Colinas del Carmen (drive-by). One man died as a result and the other was injured. Both perpetrators were later arrested. 1 fatality, 1 injury.",1,MX11020,León,2024-12-15,2025-12-15
MEX94806,2024-10-25,2024,Political violence,Violence against civilians,Attack,484,North America,Mexico,Guanajuato,Leon,Leon de los Aldama,21.122,-101.6832,Zona Franca,"On 25 October 2024, in Leon de los Aldama, Guanajuato, two armed who were traveling on a motorcycle opened fire at shot two men inside a vehicle in Colonia Colinas del Carmen II. Both died as a result and the two men were arrested. 2 fatalities.",2,MX11020,León,2024-12-15,2025-12-15
MEX94811,2024-10-25,2024,Political violence,Violence against civilians,Attack,484,North America,Mexico,Sinaloa,Culiacan,Culiacan Rosales,24.8088,-107.394,El Sol de Sinaloa,"Around 25 October 2024 (as reported), in Culiacan Rosales, Sinaloa, a person was killed and the body was found burned inside a home in Colonia Guadalupe Victoria after armed individuals shot at the home and set it on fire. 1 fatality.",1,MX25006,Culiacán,2024-12-15,2025-12-15
MEX94825,2024-10-26,2024,Political violence,Violence against civilians,Attack,484,North America,Mexico,Guanajuato,Leon,Leon de los Aldama,21.122,-101.6832,Zona Franca,"On 26 October 2024, in Leon de los Aldama, Guanajuato, an armed individual shot and killed a man walking on the street in Los Olivos and then fled the scene with an accomplice. The same day, two armed individuals approached a man and shot him while he attempted to flee the scene in Colonia Valle de Jerez III. The perpetrators fled the scene. 2 fatalities.",2,MX11020,León,2024-12-15,2025-12-15
MEX94847,2024-10-26,2024,Political violence,Battles,Armed clash,484,North America,Mexico,Sinaloa,Culiacan,Culiacan Rosales,24.8088,-107.394,El Siglo de Durango,"On 26 October 2024, in Culiacan Rosales, Sinaloa, armed rival groups engaged in an armed clashes which led to the looting of businesses. An unknown number of people were killed during the clash. Unspecified number of fatalities coded as 3.",3,MX25006,Culiacán,2024-12-15,2025-12-15
MEX94848,2024-10-26,2024,Political violence,Violence against civilians,Attack,484,North America,Mexico,Sinaloa,Culiacan,Culiacan Rosales,24.8088,-107.394,Milenio; Riodoce,"Around 26 October 2024 (as reported), in Culiacan Rosales, Sinaloa, a person was killed and the decapitated head was found inside a cooler at the entrance to Parque Culiacan 7. A messages was found addressed to Los Chapos and with a hat drawn on it (perpetrators coded as likely member of Los Mayitos Gang since the hat is symbol used by them). The victim is suspected to be a relative of a gang member of Los Chapos, although this was not officially confirmed. 1 fatality.",1,MX25006,Culiacán,2024-12-15,2025-12-15
MEX94879,2024-10-27,2024,Political violence,Violence against civilians,Abduction/forced disappearance,484,North America,Mexico,Sinaloa,Culiacan,Culiacan Rosales,24.8088,-107.394,Noroeste; Riodoce,"On 27 October 2024, in Culiacan Rosales, Sinaloa, an armed group kidnapped two men at the municipal landfill, both of whom was identified as security guards. The whereabouts of the men remain unknown.",0,MX25006,Culiacán,2024-12-15,2025-12-15
MEX94880,2024-10-27,2024,Political violence,Violence against civilians,Attack,484,North America,Mexico,Sinaloa,Culiacan,Culiacan Rosales,24.8088,-107.394,Milenio; Riodoce,"Around 27 October 2024 (as reported), in Culiacan Rosales, Sinaloa, a man was killed and his body was found in Colonia Las Costera with his hands tied and bullet wounds. Also in Culiacan, a man was killed and his body was found with his hands and feet tied in the sector Barrancas in fraccionamiento Punta Azul. 2 fatalities.",2,MX25006,Culiacán,2024-12-15,2025-12-15
MEX94881,2024-10-27,2024,Political violence,Violence against civilians,Attack,484,North America,Mexico,Sinaloa,Culiacan,Culiacan Rosales,24.8088,-107.394,El Sol de Sinaloa; Riodoce,"On 27 October 2024, in Culiacan Rosales, Sinaloa, unknown armed individuals in a vehicle opened fire at a driver close to Infonavit Canadas (drive-by) and injured him. The victim fled the scene and received support from elements of the National Guard. 1 injury.",0,MX25006,Culiacán,2024-12-15,2025-12-15
MEX94882,2024-10-27,2024,Political violence,Violence against civilians,Attack,484,North America,Mexico,Sinaloa,Culiacan,Culiacan Rosales,24.8088,-107.394,El Sol de Sinaloa; Riodoce,"On 27 October 2024, in Culiacan Rosales, Sinaloa, several armed individuals shot and killed a pizza deliverer in fraccionamiento Prados del Sur. 1 fatality.",1,MX25006,Culiacán,2024-12-15,2025-12-15
MEX94904,2024-10-28,2024,Political violence,Battles,Armed clash,484,North America,Mexico,Guanajuato,Leon,Leon de los Aldama,21.122,-101.6832,Zona Franca,"On 28 October 2024, in Leon de los Aldama, Guanajuato, armed groups clashed in the intersection of Iztaccihuatl street and Juan Alonso de Torres boulevard, in Colonia Piletas. Municipal police and National Guard officers arrived at the scene and arrested a person. A National Guard officer was injured by a stray bullet. 1 injured.",0,MX11020,León,2024-12-15,2025-12-15
MEX94905,2024-10-28,2024,Political violence,Violence against civilians,Attack,484,North America,Mexico,Guanajuato,Leon,Leon de los Aldama,21.122,-101.6832,Zona Franca,"On 28 October 2024, in Leon de los Aldama, Guanajuato, one armed man entered a home and shot a man several times in front of his family in Colonia Villanueva. The armed man then fled the scene with an accomplice. 1 fatality.",1,MX11020,León,2024-12-15,2025-12-15
MEX94929,2024-10-28,2024,Political violence,Battles,Armed clash,484,North America,Mexico,Sinaloa,Culiacan,Culiacan Rosales,24.8088,-107.394,El Sol de Sinaloa,"On 28 October 2024, in Culiacan Rosales, Sinaloa, armed individuals opened fire and attacked elements of the military and the National Guard in the Barrio de San Juan. There were no casualties.",0,MX25006,Culiacán,2024-12-15,2025-12-15
MEX94946,2024-10-29,2024,Political violence,Violence against civilians,Attack,484,North America,Mexico,Guanajuato,Leon,Leon de los Aldama,21.122,-101.6832,Zona Franca,"On 29 October 2024, in Leon de los Aldama, Guanajuato, two armed men who arrived on a motorbike shot and killed a man that was buying street food on Honda de San Miguel street, in the neighborhood of San Miguel. The woman vendor that was attending him resulted injured. 1 fatality.",1,MX11020,León,2024-12-15,2025-12-15
MEX94947,2024-10-29,2024,Political violence,Violence against civilians,Attack,484,North America,Mexico,Guanajuato,Leon,Leon de los Aldama,21.122,-101.6832,Zona Franca,"On 29 October 2024, in Leon de los Aldama, Guanajuato, two armed men on a motorbike shot and killed a man on Miguel de Cervantes Saavedra boulevard, in Colonia La Piscina (drive-by). According to witnesses, the perpetrators were chasing the victim since Juan Jose Torres Landa boulevard. Also in Leon de los Aldama, two armed men on a motorbike shot and injured a man on Jose Maria Robles Hurtado, in Colonia Cristo Rey (drive-by). 1 fatality, 1 injured.",1,MX11020,León,2024-12-15,2025-12-15
MEX94948,2024-10-29,2024,Political violence,Violence against civilians,Attack,484,North America,Mexico,Guanajuato,Leon,Leon de los Aldama,21.122,-101.6832,La Silla Rota; Zona Franca,"On 29 October 2024, in Leon de los Aldama, Guanajuato, two armed men on a motorbike shot and killed a woman on Malecon del Rio bridge, near Francisco Marquez street, between Colonias Heroes de Chapultepec and Penitas (drive-by). 1 fatality.",1,MX11020,León,2024-12-15,2025-12-15
MEX94949,2024-10-29,2024,Political violence,Violence against civilians,Attack,484,North America,Mexico,Guanajuato,Leon,Leon de los Aldama,21.122,-101.6832,Zona Franca,"On 29 October 2024, in Leon de los Aldama, Guanajuato, according to witnesses, at least four armed men who arrived on two motorbikes shot at a group of young people in the intersection of Marcel and Darwin streets, in Colonia Soledad de la Joya, injuring two men and a woman. 3 injured.",0,MX11020,León,2024-12-15,2025-12-15
MEX94969,2024-10-29,2024,Political violence,Violence against civilians,Abduction/forced disappearance,484,North America,Mexico,Sinaloa,Culiacan,Culiacan Rosales,24.8088,-107.394,El Sol de Acapulco; Noroeste,"On 29 October 2024, in Culiacan Rosales, Sinaloa, according to the victim's relatives, an armed group abducted a 16-years old boy from his house on Ecuador avenue, in Fraccionamiento Santa Fe. The victim suffers from dengue fever and had just returned home from a doctor's visit. The victim's whereabouts are unknown.",0,MX25006,Culiacán,2024-12-15,2025-12-15
MEX94970,2024-10-29,2024,Political violence,Violence against civilians,Attack,484,North America,Mexico,Sinaloa,Culiacan,Culiacan Rosales,24.8088,-107.394,Noroeste,"Around 29 October 2024 (as reported), near Culiacan Rosales, Sinaloa, a man was killed and his body was found with the hands tied and blindfolded on km. 162 of Culiacan-Eldorado road. 1 fatality.",1,MX25006,Culiacán,2024-12-15,2025-12-15
MEX94987,2024-10-30,2024,Political violence,Violence against civilians,Attack,484,North America,Mexico,Guanajuato,Leon,Leon de los Aldama,21.122,-101.6832,Zona Franca,"On 30 October 2024, in Leon de los Aldama, Guanajuato, two armed individuals on a motorbike chased a man along Yaquis Oriente and Arroyo de Alfaro streets, near the bridge that separates Colonias Rinconada and Bugambilias and Fraccionamiento Porton de Bugambilias, got off the vehicle, and hit, shot, and killed him. The perpetrators fled and left the motorbike on Yaquis street. 1 fatality.",1,MX11020,León,2024-12-15,2025-12-15
MEX94999,2024-10-30,2024,Political violence,Violence against civilians,Attack,484,North America,Mexico,Sinaloa,Culiacan,Culiacan Rosales,24.8088,-107.394,El Sol de Sinaloa; Noroeste; Riodoce,"Around 30 October 2024 (as reported), in Culiacan Rosales, Sinaloa, a man was killed and his body was found semi-naked, with gunshot wounds, the hands tied, and a plastic bag around the head in the middle of the lanes of Libramiento Benito Juarez La Costerita. 1 fatality.",1,MX25006,Culiacán,2024-12-15,2025-12-15
MEX95023,2024-10-31,2024,Political violence,Violence against civilians,Attack,484,North America,Mexico,Guanajuato,Leon,Leon de los Aldama,21.122,-101.6832,Zona Franca,"On 31 October 2024, in Leon de los Aldama, Guanajuato, armed men on a motorcycle shot and killed (drive-by) a man in Alfaro. 1 fatality.",1,MX11020,León,2024-12-15,2025-12-15
MEX95055,2024-11-01,2024,Political violence,Violence against civilians,Attack,484,North America,Mexico,Guanajuato,Leon,Leon de los Aldama,21.122,-101.6832,Zona Franca,"On 1 November 2024, in Leon de los Aldama, Guanajuato, several armed men who arrived on a motorcycle and a vehicle entered a place in Colonia Flores Magon and shot against a group of people who were participating in a ritual to the cult of 'La Santa Muerte'. Three people were killed and six people were injured. Among the killed victims, there was a woman dedicated to make the rituals. 3 fatalities, 6 injured.",3,MX11020,León,2024-12-15,2025-12-15
MEX95056,2024-11-01,2024,Political violence,Violence against civilians,Attack,484,North America,Mexico,Guanajuato,Leon,Leon de los Aldama,21.122,-101.6832,Zona Franca,"Around 1 November 2024 (as reported), in Leon de los Aldama, Guanajuato, a woman was killed and the body was found with signs of violence and covered with a tarp around the San Sebastian pantheon. 1 fatality.",1,MX11020,León,2024-12-15,2025-12-15
MEX95115,2024-11-03,2024,Political violence,Battles,Armed clash,484,North America,Mexico,Guanajuato,Leon,Leon de los Aldama,21.122,-101.6832,Zona Franca,"On 3 November 2024, in Leon de los Aldama, Guanajuato, according to witnesses, armed men on a motorcycle shot at a vehicle in colonia San Juan Bosco. Four people were injured, including two minors. According to local sources, it is suspected that the victims tried to repel the attack as percussion casings were found inside the attacked vehicle, however, this was not confirmed. 4 injured.",0,MX11020,León,2024-12-15,2025-12-15
MEX95116,2024-11-03,2024,Political violence,Violence against civilians,Attack,484,North America,Mexico,Guanajuato,Leon,Leon de los Aldama,21.122,-101.6832,Zona Franca,"Around 3 November 2024 (month of), in Leon de los Aldama, Guanajuato, two men were killed and their bodies were found in an advanced state of decomposition inside bags in colonia Balcones de la Joya. 2 fatalities.",2,MX11020,León,2024-12-15,2025-12-15
MEX95118,2024-11-03,2024,Political violence,Violence against civilians,Attack,484,North America,Mexico,Hidalgo,Pachuca de Soto,Pachuca de Soto,20.1224,-98.737,El Sol de Hidalgo; La Silla Rota; Milenio; News Hidalgo,"On 3 November 2024, near Pachuca de Soto, Hidalgo, armed men in a vehicle shot and injured a man and two women in a drive-by around Pachuca on the way to Emiliano Zapata. 3 injured.",0,MX13048,Pachuca de Soto,2024-12-15,2025-12-15
MEX95188,2024-11-05,2024,Political violence,Violence against civilians,Attack,484,North America,Mexico,Guanajuato,Leon,Leon de los Aldama,21.122,-101.6832,Zona Franca,"Around 5 November 2024 (as reported), in Leon de los Aldama, Guanajuato, two people were killed and their bodies were found tied and with signs of violence in Colonia Balcones de la Joya. A message was found next to both bodies. 2 fatalities",2,MX11020,León,2024-12-15,2025-12-15
MEX95235,2024-11-06,2024,Political violence,Violence against civilians,Attack,484,North America,Mexico,Guanajuato,Leon,Leon de los Aldama,21.122,-101.6832,Zona Franca,"On 6 November 2024, in Leon de los Aldama, Guanajuato, two armed men on a motorbike stopped on Eros street, in Colonia La Ermita, one of them got off the vehicle, entered a house, and shot at four men, killing one and injuring the other three. 1 fatality, 3 injured.",1,MX11020,León,2024-12-15,2025-12-15
MEX95236,2024-11-06,2024,Political violence,Violence against civilians,Attack,484,North America,Mexico,Guanajuato,Leon,Leon de los Aldama,21.122,-101.6832,La Jornada,"Around 6 November 2024 (as reported), in Leon de los Aldama, Guanajuato, four people (two men and two women) were killed and their bodies were found in decomposition, with gunshot wounds, and the hands and feet tied, in a house on Cultura Maya street, in Colonia Valle de los Castillos. 4 fatalities.",4,MX11020,León,2024-12-15,2025-12-15
MEX95279,2024-11-07,2024,Political violence,Violence against civilians,Attack,484,North America,Mexico,Guanajuato,Leon,Leon de los Aldama,21.122,-101.6832,Zona Franca,"On 7 November 2024, in Leon de los Aldama, Guanajuato, two armed men on a motorbike approached a man on 2 de Junio street, in Colonia San Martin de Porres, one of them got off the vehicle, and shot and killed the man. Also in Leon de los Aldama, two armed men on a motorbike stopped on De la Resurreccion street, in Colonia Lomas de Guadalupe, one of them got off the vehicle, entered a house, and shot and injured a man. Also, armed men on a motorbike chased and shot a man that was driving a van on Carlos Valenzuela street and Enrique Aranda Guedea avenue, in Colonia Leon I. The man was injured and crashed into other vehicles, after which one of the perpetrators got off the motorbike, approached him, and shot and injured him again. 1 fatality, 2 injured.",1,MX11020,León,2024-12-15,2025-12-15
MEX95280,2024-11-07,2024,Political violence,Violence against civilians,Attack,484,North America,Mexico,Guanajuato,Leon,Leon de los Aldama,21.122,-101.6832,Zona Franca,"On 7 November 2024, in Leon de los Aldama, Guanajuato, two armed men on a motorbike shot and killed a man that was cleaning a van on Obrero Mundial street, in Colonia La Piscina CTM (drive-by). 1 fatality.",1,MX11020,León,2024-12-15,2025-12-15
MEX95309,2024-11-07,2024,Political violence,Violence against civilians,Attack,484,North America,Mexico,Sinaloa,Culiacan,Culiacan Rosales,24.8088,-107.394,Noroeste,"Around 7 November 2024 (as reported), in Culiacan Rosales, Sinaloa, a man was killed and his body was found wearing tactical clothing, with gunshot wounds, and with a hood covering his head, on a path in Sector Tres Rios. 1 fatality.",1,MX25006,Culiacán,2024-12-15,2025-12-15
MEX95341,2024-11-08,2024,Political violence,Violence against civilians,Attack,484,North America,Mexico,Guanajuato,Leon,Leon de los Aldama,21.122,-101.6832,Zona Franca,"Around 8 November 2024 (as reported), in Leon de los Aldama, Guanajuato, a person was killed and the body was found inside plastic bags on the path heading to Mesa de Ibarrilla, a few meters from the old path to San Felipe. 1 fatality.",1,MX11020,León,2024-12-15,2025-12-15
MEX95367,2024-11-08,2024,Political violence,Violence against civilians,Attack,484,North America,Mexico,Sinaloa,Culiacan,Culiacan Rosales,24.8088,-107.394,Noroeste,"Around 8 November 2024 (as reported), in Culiacan Rosales, Sinaloa, unidentified individual(s) attacked a man, and he was found injured and with the hands and feet tied on Culiacan-Eldorado road, near Puente 12. 1 injured.",0,MX25006,Culiacán,2024-12-15,2025-12-15
MEX95441,2024-11-09,2024,Political violence,Violence against civilians,Attack,484,North America,Mexico,Guanajuato,Leon,Leon de los Aldama,21.122,-101.6832,Zona Franca,"On 9 November 2024, in Leon de los Aldama, Guanajuato, two armed men shot and killed a vendor of churros in the intersection of Mariano Escobedo boulevard and Jose Prado street, in Colonia Leon II. 1 fatality.",1,MX11020,León,2024-12-15,2025-12-15
MEX95442,2024-11-09,2024,Political violence,Violence against civilians,Attack,484,North America,Mexico,Guanajuato,Leon,Leon de los Aldama,21.122,-101.6832,Zona Franca,"On 9 November 2024, in Leon de los Aldama, Guanajuato, two armed men shot and killed a man that had just left his house on Doctor Salomon Torres Nery street, between Eucalipto and Pirul Chino, in Colonia Los Pinos. 1 fatality.",1,MX11020,León,2024-12-15,2025-12-15
MEX95443,2024-11-11,2024,Political violence,Violence against civilians,Attack,484,North America,Mexico,Guanajuato,Leon,Leon de los Aldama,21.122,-101.6832,Zona Franca,"On 11 November 2024, in Leon de los Aldama, Guanajuato, according to witnesses, two men on a motorbike arrived to the intersection of Sierra del Fraile and Caferino Ortiz streets, in Colonia Las Hilamas, and one of them got off the vehicle and shot and killed a man. 1 fatality.",1,MX11020,León,2024-12-15,2025-12-15
MEX95444,2024-11-12,2024,Political violence,Battles,Armed clash,484,North America,Mexico,Guanajuato,Leon,Leon de los Aldama,21.122,-101.6832,Milenio; Zona Franca,"On 12 November 2024, in Leon de los Aldama, Guanajuato, there was an armed clash between armed men in colonia San Juan Bosco. One man was killed. A merchant and a little girl were also injured. The killed victim was also a merchant. 1 fatality.",1,MX11020,León,2024-12-15,2025-12-15
MEX95445,2024-11-12,2024,Political violence,Battles,Armed clash,484,North America,Mexico,Guanajuato,Leon,Leon de los Aldama,21.122,-101.6832,Zona Franca,"On 12 November 2024, in Leon de los Aldama, Guanajuato, an armed man on a motorcycle shot and injured in a drive-by shooting a member of Los Pinguinos Gang in Barrio de San Miguel.",0,MX11020,León,2024-12-15,2025-12-15
MEX95446,2024-11-13,2024,Political violence,Violence against civilians,Attack,484,North America,Mexico,Guanajuato,Leon,Leon de los Aldama,21.122,-101.6832,Zona Franca,"Around 13 November 2024 (as reported), in Leon de los Aldama, Guanajuato, a person was killed and the body was found with signs of torture and inside plastic bags in Brisas del Campestre. 1 fatality.",1,MX11020,León,2024-12-15,2025-12-15
MEX95447,2024-11-15,2024,Political violence,Violence against civilians,Attack,484,North America,Mexico,Guanajuato,Leon,Leon de los Aldama,21.122,-101.6832,Zona Franca,"Around 15 November 2024 (as reported), in Leon de los Aldama, Guanajuato, a man was killed and his body was found wrapped in plastic bags in Colonia Piletas I and II. 1 fatality.",1,MX11020,León,2024-12-15,2025-12-15
MEX95608,2024-11-09,2024,Political violence,Explosions/Remote violence,Grenade,484,North America,Mexico,Sinaloa,Culiacan,Culiacan Rosales,24.8088,-107.394,Borderland Beat; El Sol de Sinaloa; Noroeste,"Property destruction: On 9 November 2024, in Culiacan Rosales, Sinaloa, unidentified individual(s) threw two explosive devices at a house on Gardenia street, in Colonia Lazaro Cardenas. Only one of the devices exploded, causing damages to the building. There were no casualties.",0,MX25006,Culiacán,2024-12-15,2025-12-15
MEX95609,2024-11-09,2024,Political violence,Violence against civilians,Attack,484,North America,Mexico,Sinaloa,Culiacan,Culiacan Rosales,24.8088,-107.394,Quadratin Oaxaca,"Around 9 November 2024 (as reported), in Culiacan Rosales, Sinaloa, a person was killed and the body was found covered wrapped in a blanket on Cruz Galvez street, in Colonia Felipe Angeles. 1 fatality.",1,MX25006,Culiacán,2024-12-15,2025-12-15
MEX95610,2024-11-09,2024,Political violence,Violence against civilians,Attack,484,North America,Mexico,Sinaloa,Culiacan,Culiacan Rosales,24.8088,-107.394,El Sol de Sinaloa,"On 9 November 2024, in Culiacan Rosales, Sinaloa, two armed individuals on a motorbike shot and injured a woman on Agricultores boulevard, in Colonia Renato Vega Amador (drive-by). 1 injured.",0,MX25006,Culiacán,2024-12-15,2025-12-15
MEX95612,2024-11-10,2024,Political violence,Violence against civilians,Attack,484,North America,Mexico,Sinaloa,Culiacan,Culiacan Rosales,24.8088,-107.394,El Sol de Sinaloa; Riodoce,"Around 10 November 2024 (as reported), in Culiacan Rosales, Sinaloa, a person was killed and the body was found wrapped in a blanket and on a mattress, on Constituyente Rafael Martinez Escobar street, between Cruz Galvez and Rosendo Rodriguez. 1 fatality.",1,MX25006,Culiacán,2024-12-15,2025-12-15
MEX95613,2024-11-11,2024,Political violence,Violence against civilians,Attack,484,North America,Mexico,Sinaloa,Culiacan,Culiacan Rosales,24.8088,-107.394,El Universal (Mexico),"Around 11 November 2024 (as reported), in Culiacan Rosales, Sinaloa, two people were beaten and were found with the hands tied near a kindergarten on San Ricardo avenue, in Colonia Providencia. One of them died. 1 fatality.",1,MX25006,Culiacán,2024-12-15,2025-12-15
MEX95614,2024-11-12,2024,Political violence,Violence against civilians,Attack,484,North America,Mexico,Sinaloa,Culiacan,Culiacan Rosales,24.8088,-107.394,El Sol de Sinaloa; Riodoce,"On 12 November 2024, in Culiacan Rosales, Sinaloa, according to witnesses, armed men in a vehicle chased and shot a man (drive-by) near the Culiacan-Mazatlan highway. The victim was killed. 1 fatality.",1,MX25006,Culiacán,2024-12-15,2025-12-15
MEX95615,2024-11-12,2024,Political violence,Violence against civilians,Attack,484,North America,Mexico,Sinaloa,Culiacan,Culiacan Rosales,24.8088,-107.394,El Sol de Sinaloa; Noroeste; Riodoce,"Around 12 November 2024 (as reported), in Culiacan Rosales, Sinaloa, a man was killed and his body was found with signs of torture and wrapped in plastics with tape around colonia El Barrio on the road to Sanalona. 1 fatality.",1,MX25006,Culiacán,2024-12-15,2025-12-15
MEX95617,2024-11-13,2024,Political violence,Violence against civilians,Attack,484,North America,Mexico,Sinaloa,Culiacan,Culiacan Rosales,24.8088,-107.394,La Silla Rota; Quadratin Oaxaca,"On 13 November 2024, in Culiacan Rosales, Sinaloa, two men were shot and killed by armed men in Colonia Emiliano Zapata. The bodies were left with their hands tied up. 2 fatalities.",2,MX25006,Culiacán,2024-12-15,2025-12-15
MEX95618,2024-11-13,2024,Political violence,Battles,Armed clash,484,North America,Mexico,Sinaloa,Culiacan,Culiacan Rosales,24.8088,-107.394,Milenio; Noroeste,"On 13 November 2024, in Culiacan Rosales, Sinaloa, there was an armed clash between armed men and the military forces in sector Villa del Real and Colonia El Barrio. Two men were injured.",0,MX25006,Culiacán,2024-12-15,2025-12-15
MEX95619,2024-11-13,2024,Political violence,Battles,Armed clash,484,North America,Mexico,Sinaloa,Culiacan,Culiacan Rosales,24.8088,-107.394,El Sol de Sinaloa,"On 13 November 2024, in Culiacan Rosales, Sinaloa, armed individuals opened fire at officers of the National Guard in the eastern sector of the city and a clash ensued close to Colonia Ampliacion El Barrio. Two minors involved in the clash were injured. 2 injuries.",0,MX25006,Culiacán,2024-12-15,2025-12-15
MEX95620,2024-11-14,2024,Political violence,Violence against civilians,Attack,484,North America,Mexico,Sinaloa,Culiacan,Culiacan Rosales,24.8088,-107.394,El Sol de Sinaloa,"On 14 November 2024, in Culiacan Rosales, Sinaloa, armed civilians arrived at a home and opened fire at it in Colonia Villa La Esperanza. The same day, armed individuals opened fire at a home in Colonia Las Coloradas. There were no injuries.",0,MX25006,Culiacán,2024-12-15,2025-12-15
MEX95621,2024-11-15,2024,Political violence,Violence against civilians,Attack,484,North America,Mexico,Sinaloa,Culiacan,Culiacan Rosales,24.8088,-107.394,Diario de Morelos,"Around 15 November 2024 (as reported), in Culiacan Rosales, Sinaloa, a man was killed and his body was found with a message next to it in Colonia Huizaches. 1 fatality.",1,MX25006,Culiacán,2024-12-15,2025-12-15
MEX96308,2024-10-28,2024,Political violence,Violence against civilians,Attack,484,North America,Mexico,Sinaloa,Culiacan,Culiacan Rosales,24.8088,-107.394,Borderland Beat,"Around 28 October 2024 (as reported), in Culiacan Rosales, Sinaloa, a man was killed and his body was found dismembered inside a cooler. The victim was a cousin of the leader of Los Chapitos gang and a managers of La numerada Gang in Guamuchil. A video made by Los Mayitos gang who captured him, interrogated him and killed was published and shared on social media on 2 December 2024. 1 fatality.",1,MX25006,Culiacán,2024-12-15,2025-12-15
MEX99999,2024-10-16,2024,Political violence,Violence against civilians,Attack,484,North America,Mexico,Guanajuato,Apaseo el Alto,Marroquin,20.5131,-100.5599,Milenio,"On 16 October 2024, near Marroquin, Guanajuato, armed individuals aboard three vehicles arrived at a junkyard on the Queretaro-Celaya highway and opened fire at a group of people, killing four people. 4 fatalities.",4,MX11004,Apaseo el Alto,2024-12-15,2025-12-15
MEX108094,2024-11-03,2024,Political violence,Violence against civilians,Attack,484,North America,Mexico,Jalisco,San Pedro Tlaquepaque,Tlaquepaque,20.6386,-103.3072,Milenio,"On 3 November 2024, in Tlaquepaque, Jalisco, armed men shot and killed an environmental activists in Colonia El Alamo. 1 fatality.",1,MX14098,San Pedro Tlaquepaque,2024-12-15,2025-12-15
MEX108928,2024-10-27,2024,Political violence,Violence against civilians,Attack,484,North America,Mexico,Sonora,Cajeme,Ciudad Obregon,27.4965,-109.9327,Entorno Informativo,"On 27 October 2024, in Ciudad Obregon, Sonora, two men shot and killed a man in his house in the intersection of Tepeyac and Aquiles Serdan streets, in colonia Villa de las Flores. One of the perpetrators was arrested. 1 fatality.",1,MX26018,Cajeme,2024-12-15,2025-12-15
MEX109341,2024-10-20,2024,Political violence,Violence against civilians,Attack,484,North America,Mexico,Sonora,Cajeme,Ciudad Obregon,27.4965,-109.9327,Entorno Informativo,"On 20 October 2024, in Ciudad Obregon, Sonora, two men shot at a man and two children in colonia Campanario. The victims remained uninjured and escaped the scene. One of the perpetrators was arrested. There were no casualties.",0,MX26018,Cajeme,2024-12-15,2025-12-15
