event_id_cnty,event_date,year,disorder_type,event_type,sub_event_type,iso,region,country,admin1,admin2,location,latitude,longitude,source,notes,fatalities,adm2_code,adm2_name,data_as_of,run_date
MEX92901,2024-09-17,2024,Political violence,Battles,Armed clash,484,North America,Mexico,Baja California,Playas de Rosarito,Playas de Rosarito,32.3637,-117.0545,AFN - Tijuana; Zeta Tijuana,"On 17 September 2024, in Playas de Rosarito, Baja California, two armed individuals shot at municipal police officers that approached to arrest them on Corredor 2000 by Colonia Los Arroyos, initiating a clash and a persecution. The persecution ended on a path 200 meters from Corredor 2000 in direction to the municipality of Tijuana, where police officers shot and killed the armed individuals. 2 fatalities.",2,MX02005,Playas de Rosarito,2024-12-16,2025-12-16
MEX92905,2024-09-17,2024,Political violence,Violence against civilians,Attack,484,North America,Mexico,Baja California,Tijuana,Tijuana,32.5325,-117.019,AFN - Tijuana,"On 17 September 2024, in Tijuana, Baja California, armed individuals shot at people in 'La Postal' Japanese take away restaurant, on Defensores de Baja California avenue, in Colonia Empleado Postal, killing a man and injuring another. The perpetrators had suspectedly followed the dead victim there, and fled in a van after the attack. 1 fatality.",1,MX02004,Tijuana,2024-12-16,2025-12-16
MEX92909,2024-09-19,2024,Political violence,Violence against civilians,Attack,484,North America,Mexico,Baja California,Tijuana,Tijuana,32.5325,-117.019,AFN - Tijuana,"Around 19 September 2024 (as reported), in Tijuana, Baja California, four men were killed and their bodies were found with signs of violence and torture inside the trunk of a car in Colonia El Soler. 4 fatalities.",4,MX02004,Tijuana,2024-12-16,2025-12-16
MEX92912,2024-09-20,2024,Political violence,Violence against civilians,Attack,484,North America,Mexico,Baja California,Tijuana,Tijuana,32.5325,-117.019,AFN - Tijuana,"Around 20 September 2024 (as reported), in Tijuana, Baja California, a man was killed and his body was found wrapped in a blanket in Colonia 20 de noviembre. 1 fatality.",1,MX02004,Tijuana,2024-12-16,2025-12-16
MEX92921,2024-09-18,2024,Political violence,Battles,Armed clash,484,North America,Mexico,Chiapas,Tonala,Tonala,16.0914,-93.7518,La Jornada,"On 18 September 2024, in Tonala, armed individuals opened fire at elements of the marine (Semar) who repelled the aggression and led to a chase and the crash of the armed vehicle close to Huizachal. One marine officer was injured and two armed individuals were arrested. 1 injury.",0,MX07097,Tonalá,2024-12-16,2025-12-16
MEX92926,2024-09-17,2024,Political violence,Violence against civilians,Attack,484,North America,Mexico,Chihuahua,Chihuahua,Chihuahua,28.6368,-106.0763,Tiempo,"Around 17 September 2024 (as reported), in Chihuahua, Chihuahua, three armed individuals entered a house in the intersection of Tierra y Libertad street and Reforma, in Colonia Revolucion, and shot and killed two men. 2 fatalities.",2,MX08019,Chihuahua,2024-12-16,2025-12-16
MEX92927,2024-09-18,2024,Political violence,Violence against civilians,Attack,484,North America,Mexico,Chihuahua,Chihuahua,Chihuahua,28.6368,-106.0763,Tiempo,"On 18 September 2024, in Chihuahua, Chihuahua, three armed individuals arrived at a home, opened fire at a man in Colonia Ladrilleras. The man was injured as a result. 1 injury.",0,MX08019,Chihuahua,2024-12-16,2025-12-16
MEX92928,2024-09-18,2024,Political violence,Violence against civilians,Attack,484,North America,Mexico,Chihuahua,Chihuahua,Chihuahua,28.6368,-106.0763,Tiempo,"Around 18 September 2024 (as reported), in Chihuahua, Chihuahua, a man was killed and his body was found in Colonia Camino Real. The victim was identified as a former municipal police officer. 1 fatality.",1,MX08019,Chihuahua,2024-12-16,2025-12-16
MEX92929,2024-09-18,2024,Political violence,Violence against civilians,Attack,484,North America,Mexico,Chihuahua,Chihuahua,Chihuahua,28.6368,-106.0763,Tiempo,"On 18 September 2024, in Chihuahua, Chihuahua, unknown armed individuals set a vehicle on fire located on the Jimenez-Parral highway at the junction to Allende and set up a (narco) roadblock. The event occurred amid a security operation following a clash on Sunday (coded separately), and authorities are investigating whether the two events are related. There were no casualties, but bullets were found at the scene.",0,MX08019,Chihuahua,2024-12-16,2025-12-16
MEX92936,2024-09-20,2024,Political violence,Violence against civilians,Attack,484,North America,Mexico,Ciudad de Mexico,Azcapotzalco,Ciudad de Mexico - Azcapotzalco,19.4841,-99.1844,El Norte,"Around 20 September 2024 (as reported), in Ciudad de Mexico - Azcapotzalco, a man was killed and his body was found wrapped in a blanket and a message next to the body in Colonia San Pablo Xalpa. 1 fatality.",1,MX09002,Azcapotzalco,2024-12-16,2025-12-16
MEX92940,2024-09-18,2024,Political violence,Violence against civilians,Attack,484,North America,Mexico,Ciudad de Mexico,Cuauhtemoc,Ciudad de Mexico - Cuauhtemoc,19.4313,-99.1531,El Siglo de Durango,"On 18 September 2024, in Ciudad de Mexico - Cuauhtemoc, witnesses reported that armed individuals on a motorcycle opened fire at a grandfather and his grandson inside a mechanic shop killing both (drive-by). 2 fatalities.",2,MX09015,Cuauhtémoc,2024-12-16,2025-12-16
MEX92941,2024-09-18,2024,Political violence,Violence against civilians,Attack,484,North America,Mexico,Ciudad de Mexico,Cuauhtemoc,Ciudad de Mexico - Cuauhtemoc,19.4313,-99.1531,El Proceso; La Jornada,"On 18 September 2024, in Ciudad de Mexico - Cuauhtemoc, a couple of armed individuals opened fire and killed a 71 year old woman in Colonia Doctores and then fled the scene. Both individuals were later arrested. 1 fatality.",1,MX09015,Cuauhtémoc,2024-12-16,2025-12-16
MEX92947,2024-09-17,2024,Political violence,Violence against civilians,Attack,484,North America,Mexico,Ciudad de Mexico,Gustavo A. Madero,Ciudad de Mexico - Gustavo A. Madero,19.4829,-99.1135,El Proceso,"On 17 September 2024, in Ciudad de Mexico - Gustavo A. Madero, two armed individuals on a motorbike arrived at Martin Carrera market, one of them got off the vehicle, entered the market, and shot and injured two people. The perpetrators fled on the motorbike, heading towards Mexico state.",0,MX09005,Gustavo A. Madero,2024-12-16,2025-12-16
MEX92949,2024-09-17,2024,Political violence,Battles,Armed clash,484,North America,Mexico,Ciudad de Mexico,Tlahuac,Ciudad de Mexico - Tlahuac,19.2706,-99.0048,24 Horas (Mexico),"Around 17 September 2024 (as reported), in Ciudad de Mexico - Tlahuac, municipal police officers clashed with a suspected member of La Familia Michoacana cartel in the intersection of Rio Ameca street and Cuauhtemoc avenue. The officers arrested the man. Casualties unknown.",0,MX09011,Tláhuac,2024-12-16,2025-12-16
MEX92961,2024-09-17,2024,Political violence,Violence against civilians,Attack,484,North America,Mexico,Guanajuato,Celaya,Celaya,20.5215,-100.814,Zona Franca,"Around 17 September 2024 (as reported), in Celaya, Guanajuato, two armed individuals shot and injured two men on Frida Khalo street, in Colonia Valle de los Naranjos.",0,MX11007,Celaya,2024-12-16,2025-12-16
MEX92962,2024-09-17,2024,Political violence,Violence against civilians,Attack,484,North America,Mexico,Guanajuato,Celaya,Celaya,20.5215,-100.814,Quadratin Oaxaca; Zona Franca,"On 17 September 2024, in Celaya, Guanajuato, armed individuals on a motorbike shot and killed a man on Abasolo street (drive-by). 1 fatality.",1,MX11007,Celaya,2024-12-16,2025-12-16
MEX92963,2024-09-18,2024,Political violence,Violence against civilians,Attack,484,North America,Mexico,Guanajuato,Celaya,Celaya,20.5215,-100.814,La Silla Rota,"On 18 September 2024, in Celaya, Guanajuato, unknown armed individuals shot and killed a prosecution inspector working for the municipality while he was on his way to work. The victim was an inspector of trades. 1 fatality.",1,MX11007,Celaya,2024-12-16,2025-12-16
MEX92975,2024-09-20,2024,Political violence,Battles,Armed clash,484,North America,Mexico,Guanajuato,Santa Cruz de Juventino Rosas,Juventino Rosas,20.6432,-100.994,Milenio,"On 20 September 2024, in Juventino Rosas, Guanajuato, unknown armed individuals attacked a municipal policewoman traveling together with an agent of the Investigation Agency of the Attorney General's office on the Juventino Rosas-Salamanca highway near Colonia Ejidal Linda Vista. The woman police officer died as a result and the Investigative police officer was injured. 1 fatality, 1 injury.",1,MX11035,Santa Cruz de Juventino Rosas,2024-12-16,2025-12-16
MEX92997,2024-09-20,2024,Political violence,Violence against civilians,Attack,484,North America,Mexico,Hidalgo,Ixmiquilpan,Ixmiquilpan,20.4849,-99.2188,La Silla Rota,"On 20 September 2024, in Ixmiquilpan, Hidalgo, armed individuals shot a man while he was leaving his home in Colonia Benito Juarez from a car (drive-by). The man died as a result. 1 fatality.",1,MX13030,Ixmiquilpan,2024-12-16,2025-12-16
MEX93006,2024-09-17,2024,Political violence,Violence against civilians,Attack,484,North America,Mexico,Jalisco,Guadalajara,Guadalajara,20.6764,-103.3422,24 Horas (Mexico); Riodoce,"Around 17 September 2024 (as reported), in Guadalajara, Jalisco, two men and a woman were killed and their bodies were found wrapped in blankets in the coaches of a train coming from Nayarit, on Inglaterra y Mariano Otero avenue, in Colonia Jardines del Bosque. The bodies were found when one of the couches of the train exploded for unknown reasons. 3 fatalities.",3,MX14039,Guadalajara,2024-12-16,2025-12-16
MEX93007,2024-09-19,2024,Political violence,Violence against civilians,Attack,484,North America,Mexico,Jalisco,San Juan de los Lagos,San Juan de los Lagos,21.2451,-102.3348,Milenio,"Around 19 September 2024 (as reported), in San Juan de los Lagos, Jalisco, a person was killed and the body was found decapitated at the junction to El Carrizo. 1 fatality.",1,MX14073,San Juan de los Lagos,2024-12-16,2025-12-16
MEX93010,2024-09-20,2024,Political violence,Violence against civilians,Attack,484,North America,Mexico,Jalisco,San Pedro Tlaquepaque,Tlaquepaque,20.6386,-103.3072,El Norte,"Around 20 September 2024 (as reported), in Tlaquepaque, Jalisco, a man was killed and his body was found covered in a bag in Colonia Terralta. 1 fatality.",1,MX14098,San Pedro Tlaquepaque,2024-12-16,2025-12-16
MEX93017,2024-09-18,2024,Political violence,Violence against civilians,Attack,484,North America,Mexico,México,Nezahualcoyotl,Ciudad Nezahualcoyotl,19.4088,-99.0182,Milenio,"On 18 September 2024, in Ciudad Nezahualcoyotl, Mexico, four men opened fire and shot a woman and a man in Colonia San Lorenzo. When police officers attempted to arrest the two men, women intervened and threatened police officers with grenades to prevent the arrest. All four men were arrested as a result. Both victims were injured. 2 injuries.",0,MX15058,Nezahualcóyotl,2024-12-16,2025-12-16
MEX93019,2024-09-19,2024,Political violence,Violence against civilians,Attack,484,North America,Mexico,México,Toluca,Toluca de Lerdo,19.2935,-99.6573,Milenio,"On 19 September 2024, in Toluca de Lerdo, Mexico, armed individuals on motorcycles opened fire at three men in San Felipe Tlalmimilolpan. The location is possibly a point for the sale of drugs. 3 fatalities.",3,MX15106,Toluca,2024-12-16,2025-12-16
MEX93022,2024-09-20,2024,Political violence,Battles,Armed clash,484,North America,Mexico,Michoacán,Apatzingan,El Alcalde,18.9583,-102.4589,La Voz de Michoacan; MiMorelia,"On 20 September 2024, in El Alcalde, Michoacan de Ocampo, Los Caballeros Templarios gang and the CJNG from Jalisco and Michoacan de Ocampo engaged in armed clashes in several municipalities of Apatzingan. No casualties.",0,MX16006,Apatzingán,2024-12-16,2025-12-16
MEX93023,2024-09-20,2024,Political violence,Battles,Armed clash,484,North America,Mexico,Michoacán,Apatzingan,El Llano Grande,18.9924,-102.5366,La Voz de Michoacan; MiMorelia,"On 20 September 2024, in El Llano Grande, Michoacan de Ocampo, Los Caballeros Templarios gang and the CJNG from Jalisco and Michoacan de Ocampo engaged in armed clashes in several municipalities of Apatzingan. No casualties.",0,MX16006,Apatzingán,2024-12-16,2025-12-16
MEX93027,2024-09-20,2024,Political violence,Battles,Armed clash,484,North America,Mexico,Michoacán,Buenavista,Los Charcos,19.0217,-102.5084,La Voz de Michoacan; MiMorelia,"On 20 September 2024, in Los Charcos, Michoacan de Ocampo, Los Caballeros Templarios gang and the CJNG from Jalisco and Michoacan de Ocampo engaged in armed clashes in several municipalities of Apatzingan. No casualties.",0,MX16012,Buenavista,2024-12-16,2025-12-16
MEX93036,2024-09-18,2024,Political violence,Violence against civilians,Attack,484,North America,Mexico,Michoacán,Morelia,Morelia,19.7034,-101.192,MiMorelia,"Around 18 September 2024 (as reported), in Morelia, Michoacan de Ocampo, a woman was killed and her body was found close to fraccionamiento Arko San Pedro with a message next to the body. 1 fatality.",1,MX16053,Morelia,2024-12-16,2025-12-16
MEX93046,2024-09-17,2024,Political violence,Violence against civilians,Attack,484,North America,Mexico,Michoacán,Zamora,Zamora de Hidalgo,19.9836,-102.286,La Voz de Michoacan,"Around 17 September 2024 (as reported), in Zamora de Hidalgo, Michoacan de Ocampo, armed individuals on a motorbike shot and injured a 15 years-old boy on Juarez avenue, between Rafael J. Rubio and Ignacio Torres de Guzman streets, in Colonia Adolfo Lopez Mateos (drive-by).",0,MX16108,Zamora,2024-12-16,2025-12-16
MEX93049,2024-09-17,2024,Political violence,Battles,Armed clash,484,North America,Mexico,Morelos,Cuautla,Tetelcingo,18.8716,-98.933,Imagen del Golfo; La Silla Rota,"On 17 September 2024, in Tetelcingo, Morelos, five armed individuals in vehicles shot at people who were organizing a protest at the intersection of 16 de Septiembre Street and Miguel Hidalgo Avenue (drive-by) to protest against the arrest of six people on 11 September. The perpetrators attempted to flee but were shot by another group of people, initiating a clash that resulted in one dead and one injured. After the clash, residents detained four police officers and seized six police cars (coded separately) to demand the release of six people who were arrested on 11 September. 1 fatality.",1,MX17006,Cuautla,2024-12-16,2025-12-16
MEX93054,2024-09-19,2024,Political violence,Violence against civilians,Attack,484,North America,Mexico,Morelos,Cuernavaca,Cuernavaca,18.9218,-99.2349,El Norte; La Jornada,"Around 19 September 2024 (as reported), in Cuernavaca, Morelos, seven men were killed and their bodies were found in a dumpster in Loma de Mejia with signs of torture and with their hands tied. 7 fatalities.",7,MX17007,Cuernavaca,2024-12-16,2025-12-16
MEX93055,2024-09-19,2024,Political violence,Violence against civilians,Attack,484,North America,Mexico,Morelos,Cuernavaca,Cuernavaca,18.9218,-99.2349,Diario de Morelos,"On 19 September 2024, in Cuernavaca, Morelos, armed individuals on a motorcycle chased a man and shot at him (drive-by) causing the man to crash into a pole. The man died as a result. 1 fatality.",1,MX17007,Cuernavaca,2024-12-16,2025-12-16
MEX93056,2024-09-19,2024,Political violence,Violence against civilians,Attack,484,North America,Mexico,Morelos,Cuernavaca,Cuernavaca,18.9218,-99.2349,Diario de Morelos,"Around 19 September 2024 (as reported), in Cuernavaca, Morelos, two men were killed and their bodies were found beaten, with signs of torture and with their hands and feet tied on the Cuernavaca-Acapulco highway at the height of the Cuernavaca bridge.",2,MX17007,Cuernavaca,2024-12-16,2025-12-16
MEX93061,2024-09-19,2024,Political violence,Violence against civilians,Attack,484,North America,Mexico,Morelos,Jiutepec,Jiutepec,18.882,-99.1772,La Jornada,"Around 19 September 2024 (as reported), in Jiutepec, Morelos, a man was killed and his body was found with his hands tied and with signs of torture. 1 fatality.",1,MX17011,Jiutepec,2024-12-16,2025-12-16
MEX93062,2024-09-19,2024,Political violence,Violence against civilians,Attack,484,North America,Mexico,Morelos,Temixco,Temixco,18.8453,-99.2241,El Norte; La Jornada,"Around 19 September 2024 (as reported), in Temixco, Morelos, two men were killed and their bodies were found close to the Autopista del Sol with signs of torture and their hands tied in fraccionamiento Burgos. 2 fatalities.",2,MX17018,Temixco,2024-12-16,2025-12-16
MEX93064,2024-09-19,2024,Political violence,Battles,Armed clash,484,North America,Mexico,Morelos,Tlaquiltenango,Tlaquiltenango,18.63,-99.1627,Diario de Morelos,"On 19 September 2024, in Tlaquiltenango, Morelos, at least seven armed individuals engaged in an armed clash with municipal police officers near the entrance to Las Huertas. During the operation, police officers rescued three kidnapped persons and two vehicles belonging to the victims were recovered. One suspect was arrested and two vehicles were seized. Six individuals fled the scene in several vehicles.",0,MX17025,Tlaquiltenango,2024-12-16,2025-12-16
MEX93066,2024-09-18,2024,Political violence,Violence against civilians,Attack,484,North America,Mexico,Morelos,Xochitepec,Xochitepec,18.7808,-99.2305,Diario de Morelos,"On 18 September 2024, in Xochitepec, Morelos, two armed individuals on a motorcycle opened fire and shot a man in Colonia Lazaro Cardenas. The man was injured as a result. 1 injury.",0,MX17028,Xochitepec,2024-12-16,2025-12-16
MEX93067,2024-09-17,2024,Political violence,Violence against civilians,Attack,484,North America,Mexico,Nuevo León,Allende,Los Sabinos,25.3218,-99.9878,24 Horas (Mexico); Riodoce,"Around 17 September 2024 (as reported), in Los Sabinos, Nuevo Leon, two women were killed and their dismembered bodies were found in the intersection of Anillo Periferico and Allende-Cadereyta roads, together with a threatening message written on a cardboard. The bodies were inside ice buckets, one of which had a head on it. The other body was also wrapped in a blanket. The victims had suspectedly been abducted in Cadereyta. 2 fatalities.",2,MX19004,Allende,2024-12-16,2025-12-16
MEX93068,2024-09-17,2024,Political violence,Violence against civilians,Attack,484,North America,Mexico,Nuevo León,Cienega de Flores,Cienega de Flores,25.9521,-100.1681,El Norte,"On 17 September 2024, in Cienega de Flores, Nuevo Leon, armed men traveling in several vehicles opened fire and killed a person in Colonia Villas de Carrizalejo and kidnapped two people. The whereabouts of the kidnapped individuals remain unknown. 1 fatality.",1,MX19012,Ciénega de Flores,2024-12-16,2025-12-16
MEX93070,2024-09-18,2024,Political violence,Violence against civilians,Attack,484,North America,Mexico,Nuevo León,Juarez,Benito Juarez,25.6513,-100.106,El Norte; Milenio,"On 18 September 2024, in Benito Juarez, Nuevo Leon, two armed individuals attacked a man outside his home in Colonia Valle de Vaqueria. The man died as a result. 1 fatality.",1,MX19031,Juárez,2024-12-16,2025-12-16
MEX93071,2024-09-18,2024,Political violence,Battles,Armed clash,484,North America,Mexico,Nuevo León,Juarez,Benito Juarez,25.6513,-100.106,El Blog del Narco,"On 18 September 2024, in Benito Juarez, Nuevo Leon, unknown armed individuals shot and killed the leader of the Gulf Cartel Metros when he was leaving a soccer field. 1 fatality.",1,MX19031,Juárez,2024-12-16,2025-12-16
MEX93081,2024-09-19,2024,Political violence,Violence against civilians,Attack,484,North America,Mexico,Nuevo León,San Nicolas de los Garza,San Nicolas de los Garza,25.7553,-100.2896,El Norte,"On 19 September 2024, in San Nicolas de los Garza, Nuevo Leon, two armed men shot at two teenagers inside a barber shop and then fled the scene in a vehicle driven by a third individual in Colonia Unidad Laboral. 2 fatalities.",2,MX19046,San Nicolás de los Garza,2024-12-16,2025-12-16
MEX93082,2024-09-19,2024,Political violence,Violence against civilians,Attack,484,North America,Mexico,Nuevo León,Santa Catarina,Ciudad Santa Catarina,25.6744,-100.4617,Milenio,"On 19 September 2024, in Ciudad Santa Catarina, Nuevo Leon, two men entered a home and shot and injured a man in Colonia Rincon de las Mitras. The victim has a history of the sale of drugs. 1 injury.",0,MX19048,Santa Catarina,2024-12-16,2025-12-16
MEX93083,2024-09-17,2024,Political violence,Violence against civilians,Attack,484,North America,Mexico,Oaxaca,Heroica Ciudad de Juchitan de Zaragoza,Juchitan de Zaragoza,16.4333,-95.0216,Quadratin Oaxaca,"Around 17 September 2024 (as reported), in Juchitan de Zaragoza, Oaxaca, a man was killed and his body was found inside a plastic bag on a path in Colonia Margarita Maza de Juarez. 1 fatality.",1,MX20043,Heroica Ciudad de Juchitán de Zaragoza,2024-12-16,2025-12-16
MEX93089,2024-09-20,2024,Political violence,Violence against civilians,Attack,484,North America,Mexico,Puebla,Amozoc,Amozoc de Mota,19.0446,-98.0449,E-Consulta; La Jornada,"On 20 September 2024, in Amozoc de Mota, Puebla, armed men entered the home of a man and shot and killed a man inside a rehabilitation center. A message was found next to the body. The victim was identified as a retired military officer and former Morena candidate for mayor. 1 fatality.",1,MX21015,Amozoc,2024-12-16,2025-12-16
MEX93090,2024-09-17,2024,Political violence,Violence against civilians,Attack,484,North America,Mexico,Puebla,Cuautinchan,Cuautinchan,18.9575,-98.0175,E-Consulta,"Around 17 September 2024, in Cuautinchan, Puebla, a woman was killed and her body was found with 'tiro de gracia' in a field. 1 fatality.",1,MX21040,Cuautinchán,2024-12-16,2025-12-16
MEX93093,2024-09-19,2024,Political violence,Violence against civilians,Attack,484,North America,Mexico,Puebla,Palmar de Bravo,Palmar de Bravo,18.8357,-97.547,E-Consulta,"Around 19 September 2024 (as reported), in Palmar de Bravo, Puebla, a man was killed and his body was found wrapped in a plastic bag with a message next to the body on the Puebla-Orizaba highway at KM 204.6. 1 fatality.",1,MX21110,Palmar de Bravo,2024-12-16,2025-12-16
MEX93141,2024-09-19,2024,Political violence,Battles,Armed clash,484,North America,Mexico,Sonora,Caborca,Caborca,30.7166,-112.1562,El Siglo de Durango,"On 19 September 2024, in Caborca, Sonora, armed individuals opened fire at military officers during an operation who repelled the aggression killing three armed individuals and arrested eight in fraccionamiento Palma Dorada. Six of those arrested were reported as minors. Military seized weapons, cartridges, vests and magazines. 3 fatalities.",3,MX26017,Caborca,2024-12-16,2025-12-16
MEX93150,2024-09-17,2024,Political violence,Violence against civilians,Attack,484,North America,Mexico,Tabasco,Cardenas,Cardenas,17.9894,-93.3769,Tabasco Hoy,"Around 17 September 2024 (as reported), in Cardenas, Tabasco, a man was killed and his body was found with a threatening message written on a cardboard in a house on Zaragoza street, in front of El Eden and Zaragoza hotels. The message was suspectedly addressed to people involved in robberies and extortion. 1 fatality.",1,MX27002,Cárdenas,2024-12-16,2025-12-16
MEX93151,2024-09-19,2024,Political violence,Violence against civilians,Attack,484,North America,Mexico,Tabasco,Cardenas,Cardenas,17.9894,-93.3769,Tabasco Hoy,"Around 19 September 2024 (as reported), in Cardenas, Tabasco, a man was killed and his body was found inside a house in Colonia Agua Zula with a message next to the body. 1 fatality.",1,MX27002,Cárdenas,2024-12-16,2025-12-16
MEX93163,2024-09-18,2024,Political violence,Violence against civilians,Attack,484,North America,Mexico,Tabasco,Cunduacan,Amado Gomez,18.1486,-93.3552,Tabasco Hoy,"On 18 September 2024, in Amado Gomez, Tabasco, unknown armed individuals shot and killed a man outside his home. A message was found next to the body. 1 fatality.",1,MX27006,Cunduacán,2024-12-16,2025-12-16
MEX93191,2024-09-18,2024,Political violence,Violence against civilians,Attack,484,North America,Mexico,Veracruz de Ignacio de la Llave,Soconusco,Soconusco,17.9629,-94.8811,La Silla Rota,"On 18 September 2024, in Soconusco, Veracruz de Ignacio de la Llave, two armed men on a motorcycle opened fire at a woman at her home. The woman died as a result. 1 fatality.",1,MX30145,Soconusco,2024-12-16,2025-12-16
MEX93192,2024-09-17,2024,Political violence,Violence against civilians,Attack,484,North America,Mexico,Veracruz de Ignacio de la Llave,Texistepec,Texistepec,17.8946,-94.8171,Imagen del Golfo,"Around 17 September 2024 (as reported), in Texistepec, Veracruz de Ignacio de la Llave, a man was killed and his body was found with gunshot wounds and signs of torture on a road leading to Francisco I. Madero. The body had a cardboard with a threatening message against traitors ('chapulines') and a member of the Secretariat of Public Safety (SSP). 1 fatality.",1,MX30172,Texistepec,2024-12-16,2025-12-16
MEX93199,2024-09-18,2024,Political violence,Violence against civilians,Attack,484,North America,Mexico,Zacatecas,Fresnillo,Fresnillo,23.1749,-102.8682,Pagina 24 Zacatecas,"Around 18 September 2024 (as reported), in Fresnillo, Zacatecas, a person was killed and the body was found after being thrown out of a moving car with signs of torture. 1 fatality.",1,MX32010,Fresnillo,2024-12-16,2025-12-16
MEX93204,2024-09-17,2024,Political violence,Violence against civilians,Attack,484,North America,Mexico,Guanajuato,Celaya,Celaya,20.5215,-100.814,Quadratin Oaxaca; Zona Franca,"Around 17 September 2024 (as reported), in Celaya, Guanajuato, a woman was killed and her body was found with signs of torture, gunshot and stab wounds and wrapped in a blanket on Salamanca-Celaya road. 1 fatality.",1,MX11007,Celaya,2024-12-16,2025-12-16
MEX93037,2024-09-19,2024,Political violence,Violence against civilians,Attack,484,North America,Mexico,Michoacán,Morelia,Morelia,19.7034,-101.192,La Voz de Michoacan; MiMorelia,"On 19 September 2024, in Morelia, Michoacan de Ocampo, two armed individuals shot and killed a tattoo artist at his business on Antonio Alzate street, in Colonia Centro, and then fled the scene. The underage son of the victim was injured. 1 fatality.",1,MX16053,Morelia,2024-12-16,2025-12-16
MEX92916,2024-09-20,2024,Political violence,Violence against civilians,Attack,484,North America,Mexico,Chiapas,Berriozabal,Berriozabal,16.7965,-93.2731,Antena San Luis; Borderland Beat; El Norte; Milenio,"On 20 September 2024, in Berriozabal, Chiapas, an armed group broke into a home, kidnapped a man and set fire to the home. A three-year-old girl was killed inside the home from the fire. The victim's whereabouts are unknown. Three men from a criminal group were arrested. 1 fatality.",1,MX07012,Berriozábal,2024-12-16,2025-12-16
MEX92933,2024-09-20,2024,Political violence,Battles,Armed clash,484,North America,Mexico,Chihuahua,Ojinaga,Manuel Ojinaga,29.5645,-104.4157,Tiempo,"Around 20 September 2024 (as reported), in Manuel Ojinaga, Chihuahua, eleven people were killed and their bodies were found wrapped in plastic bags near the facilities of the Federal Electricity Commission (CFE). Two of the bodies were decapitated. One of the bodies was identified as a member of La Linea Gang. A message was found next to the bodies. 11 fatalities.",11,MX08052,Ojinaga,2024-12-16,2025-12-16
MEX93200,2024-09-20,2024,Political violence,Violence against civilians,Attack,484,North America,Mexico,Zacatecas,Loreto,Loreto,22.2722,-101.9866,El Universal (Mexico),"Around 20 September 2024 (as reported), in Loreto, Zacatecas, two women were killed and their bodies were found inside a burning vehicle in the downtown area. 2 fatalities.",2,MX32024,Loreto,2024-12-16,2025-12-16
MEX93211,2024-09-21,2024,Political violence,Violence against civilians,Attack,484,North America,Mexico,Baja California,Tijuana,Tijuana,32.5325,-117.019,AFN - Tijuana,"Around 21 September 2024 (as reported), in Tijuana, Baja California, a person was killed and the body was found inside a suitcase in Colonia Morelos. 1 fatality.",1,MX02004,Tijuana,2024-12-16,2025-12-16
MEX93212,2024-09-21,2024,Political violence,Battles,Armed clash,484,North America,Mexico,Chiapas,Villaflores,Calzada Larga,16.3516,-93.3137,La Jornada; Milenio,"On 21 September 2024, in Calzada Larga, Chiapas, there was an armed clash between criminal members and the National Guard during a patrol in Colonia Calzada Larga. Five armed men were killed and two officers were injured. One armed men was arrested. 5 fatalities.",5,MX07108,Villaflores,2024-12-16,2025-12-16
MEX93216,2024-09-21,2024,Political violence,Violence against civilians,Attack,484,North America,Mexico,Colima,Manzanillo,Manzanillo,19.0532,-104.3164,Colima Noticias,"On 21 September 2024, in Manzanillo, Colima, armed men in a vehicle intercepted and shot at two men in another vehicle in a drive-by shooting. One man was killed and another one was injured. The victim's vehicle crashed after the car chase. 1 fatality.",1,MX06007,Manzanillo,2024-12-16,2025-12-16
MEX93220,2024-09-21,2024,Political violence,Violence against civilians,Attack,484,North America,Mexico,Guerrero,Xalpatlahuac,Xalpatlahuac,17.4721,-98.6064,El Sol de Acapulco,"Around 21 September 2024 (month of), in Xalpatlahuac, Guerrero, two men were killed and their bodies were found in an advanced state of decomposition with their feet tied up on the Tlapa-Marquelia highway. 2 fatalities.",2,MX12069,Xalpatláhuac,2024-12-16,2025-12-16
MEX93222,2024-09-21,2024,Political violence,Violence against civilians,Attack,484,North America,Mexico,Morelos,Cuernavaca,Cuernavaca,18.9218,-99.2349,Diario de Morelos,"On 21 September 2024, in Cuernavaca, Morelos, according to witnesses, a man was killed and another man was injured inside a workshop in Colonia Miguel Hidalgo. The perpetrators are suspected to be two men who were seen fleeing the scene. 1 fatality.",1,MX17007,Cuernavaca,2024-12-16,2025-12-16
MEX93223,2024-09-21,2024,Political violence,Violence against civilians,Attack,484,North America,Mexico,Morelos,Cuernavaca,Cuernavaca,18.9218,-99.2349,Diario de Morelos,"On 21 September 2024, in Cuernavaca, Morelos, armed individuals on a motorcycle shot and injured another man in a drive-by shooting in Paso Express Cuernavaca.",0,MX17007,Cuernavaca,2024-12-16,2025-12-16
MEX93225,2024-09-21,2024,Political violence,Violence against civilians,Attack,484,North America,Mexico,Morelos,Atlatlahucan,San Juan Texcalpan,18.9358,-98.9286,Diario de Morelos,"On 21 September 2024, around San Juan Texcalpan, Morelos, two armed men on a motorcycle shot and killed a man in a drive-by on the San Juan Texcalpan-Atlatlahucan road. 1 fatality.",1,MX17002,Atlatlahucan,2024-12-16,2025-12-16
MEX93226,2024-09-21,2024,Political violence,Violence against civilians,Attack,484,North America,Mexico,Morelos,Tlaquiltenango,Valle de Vazquez,18.5286,-99.0694,Diario de Morelos,"Around 21 September 2024 (as reported), in Valle de Vazquez, Morelos, a man was killed and the body was found with signs of violence, with his hands tied up, wrapped in a blanket, and with a message. 1 fatality.",1,MX17025,Tlaquiltenango,2024-12-16,2025-12-16
MEX93231,2024-09-21,2024,Political violence,Violence against civilians,Attack,484,North America,Mexico,Quintana Roo,Benito Juarez,Cancun,21.1614,-86.8248,Yucatan a la Mano,"On 21 September 2024, in Cancun, Quintana Roo, two armed individuals opened fire and shot a man several times and then fled the scene in fraccionamiento Paseos del Mar. The man died as a result. 1 fatality.",1,MX23005,Benito Juárez,2024-12-16,2025-12-16
MEX93237,2024-09-21,2024,Political violence,Battles,Armed clash,484,North America,Mexico,Zacatecas,Loreto,La Union,22.2306,-101.9847,La Jornada,"On 21 September 2024, in La Union, Zacatecas, there was an armed clash among the state police, National Guard, and military officers against suspected gang members. Casualties unknown.",0,MX32024,Loreto,2024-12-16,2025-12-16
MEX93239,2024-09-21,2024,Political violence,Violence against civilians,Attack,484,North America,Mexico,Zacatecas,Zacatecas,Zacatecas,22.7761,-102.5718,La Jornada,"Around 21 September 2024 (as reported), in Zacatecas, Zacatecas, two men were killed and their bodies were found with signs of torture. 2 fatalities.",2,MX32056,Zacatecas,2024-12-16,2025-12-16
MEX93252,2024-09-22,2024,Political violence,Battles,Armed clash,484,North America,Mexico,Morelos,Jojutla,Jojutla,18.6166,-99.181,Diario de Morelos,"Around 22 September 2024 (as reported), in Jojutla, Morelos, two men were killed and one of the bodies was found tied and inside a trunk and the other next to the car beaten and shot to death in Colonia Nicolas Bravo. One of the men was identified and accused of extortion of merchants, kidnapping and murder as well as being the leader of the gang Los Jairos. The second victim was involved in drug dealing activities. 2 fatalities.",2,MX17012,Jojutla,2024-12-16,2025-12-16
MEX93253,2024-09-22,2024,Political violence,Violence against civilians,Attack,484,North America,Mexico,Nuevo León,China,China,25.7059,-99.2393,El Norte,"Around 22 September 2024 (as reported), in China, Nuevo Leon, three people were killed and their bodies were found close to the El Cuchillo dam. One of the bodies was wrapped in a rug. 3 fatalities.",3,MX19013,China,2024-12-16,2025-12-16
MEX93256,2024-09-22,2024,Political violence,Violence against civilians,Attack,484,North America,Mexico,Puebla,Puebla,Heroica Puebla de Zaragoza,19.044,-98.1975,E-Consulta; Milenio,"Around 22 September 2024 (as reported), in Heroica Puebla de Zaragoza, Puebla, at least three people were killed and their human remains were found inside a vehicle in Colonia La Loma with a message signed by the CJNG. 3 fatalities.",3,MX21114,Puebla,2024-12-16,2025-12-16
MEX93261,2024-09-22,2024,Political violence,Battles,Armed clash,484,North America,Mexico,Sonora,Cajeme,Ciudad Obregon,27.4965,-109.9327,El Universal (Mexico); Milenio; Riodoce,"On 22 September 2024, in Ciudad Obregon, Sonora, there was an armed clash between armed individuals in Colonia Mision del Sol 2. One person was injured. One person was arrested. Also in Ciudad Obregon, rival groups clashed in other colonias, including Real de Sevilla, Mision del Real, Alameda, Villa Bonita, Matias Mendez, and Urbi Villa. Suspectedly, these clashes are related and came after the arrest of a person in colonia Prados del Tepeyac.",0,MX26018,Cajeme,2024-12-16,2025-12-16
MEX93262,2024-09-22,2024,Political violence,Battles,Armed clash,484,North America,Mexico,Sonora,Cajeme,Ciudad Obregon,27.4965,-109.9327,El Universal (Mexico),"On 22 September 2024, in Ciudad Obregon, Sonora, armed men clashed with National Guard officers in colonia Montecarlo. The clash ensued amid several clashes between rival groups recorded in other colonias (coded separately). Military officers patrolled the city using helicopters. Casualties unknown.",0,MX26018,Cajeme,2024-12-16,2025-12-16
MEX93269,2024-09-23,2024,Political violence,Violence against civilians,Attack,484,North America,Mexico,Baja California,Playas de Rosarito,Playas de Rosarito,32.3637,-117.0545,AFN - Tijuana,"On 23 September 2024, in Playas de Rosarito, Baja California, a couple arrived on a motorcycle and shot and killed two men in the downtown sector of the city. 2 fatalities.",2,MX02005,Playas de Rosarito,2024-12-16,2025-12-16
MEX93280,2024-09-23,2024,Political violence,Violence against civilians,Attack,484,North America,Mexico,Ciudad de Mexico,Gustavo A. Madero,Ciudad de Mexico - Gustavo A. Madero,19.4829,-99.1135,La Silla Rota,"On 23 September 2024, in Ciudad de Mexico - Gustavo A. Madero, two men on a motorcycle shot at a butcher shop in Colonia La Forestal injuring a 15-year old boy and killing a woman. 1 fatality, 1 injury.",1,MX09005,Gustavo A. Madero,2024-12-16,2025-12-16
MEX93288,2024-09-23,2024,Political violence,Battles,Armed clash,484,North America,Mexico,Guerrero,Petatlan,San Jeronimito,17.5682,-101.3456,El Sol de Acapulco,"On 23 September 2024, in San Jeronimito, Guerrero, unknown armed individuals ambushed elements of the Marines on surveillance patrol who repelled the aggression. One armed individual was killed and the marine arrested nine armed individuals. Officials seized weapons, magazines, cartridge and tactical equipment. 1 fatality.",1,MX12048,Petatlán,2024-12-16,2025-12-16
MEX93292,2024-09-23,2024,Political violence,Violence against civilians,Attack,484,North America,Mexico,Jalisco,El Salto,El Salto,20.5194,-103.1817,Milenio,"Around 23 September 2024 (as reported), in El Salto, Jalisco, a man was killed and his body was found with signs of torture inside a drum in Colonia El Castillo. 1 fatality.",1,MX14070,El Salto,2024-12-16,2025-12-16
MEX93294,2024-09-23,2024,Political violence,Violence against civilians,Attack,484,North America,Mexico,Jalisco,Guadalajara,Guadalajara,20.6764,-103.3422,El Norte,"Around 23 September 2024 (as reported), in Guadalajara, Jalisco, one man and one woman were killed and their bodies were found wrapped in plastic in Colonia Loma Linda. 2 fatalities.",2,MX14039,Guadalajara,2024-12-16,2025-12-16
MEX93296,2024-09-23,2024,Political violence,Violence against civilians,Attack,484,North America,Mexico,Jalisco,San Pedro Tlaquepaque,Tlaquepaque,20.6386,-103.3072,El Norte,"Around 23 September 2024 (as reported), in Tlaquepaque, Jalisco, a person was killed and the body was found wrapped in a blanket in Colonia Santa Maria Tequepexpan. 1 fatality.",1,MX14098,San Pedro Tlaquepaque,2024-12-16,2025-12-16
MEX93299,2024-09-23,2024,Political violence,Battles,Armed clash,484,North America,Mexico,Michoacán,Tangancicuaro,San Antonio Ocampo,19.9332,-102.1377,Milenio,"On 23 September 2024, in San Antonio Ocampo, Michoacan de Ocampo, armed individuals opened fire at elements of the National Guard who repelled the aggression. Two officers were injured as a result and the perpetrators fled the scene. 2 injuries.",0,MX16085,Tangancícuaro,2024-12-16,2025-12-16
MEX93302,2024-09-23,2024,Political violence,Violence against civilians,Attack,484,North America,Mexico,Morelos,Temixco,Temixco,18.8453,-99.2241,Diario de Morelos,"Around 23 September 2024 (as reported), in Temixco, Morelos, a man was killed and his body was found decapitated in Colonia Azteca. 1 fatality.",1,MX17018,Temixco,2024-12-16,2025-12-16
MEX93312,2024-09-23,2024,Political violence,Battles,Armed clash,484,North America,Mexico,Sonora,Cajeme,Cocorit,27.5751,-109.9591,Entorno Informativo,"On 23 September 2024, in Cocorit, Sonora, one armed individual opened fire at elements of the National Guard after they were alerted about a shooting and repelled the aggression. One officer died as a result and magazines and a weapon were seized. 1 fatality.",1,MX26018,Cajeme,2024-12-16,2025-12-16
MEX93314,2024-09-23,2024,Political violence,Battles,Armed clash,484,North America,Mexico,Sonora,San Luis Rio Colorado,San Luis Rio Colorado,32.4798,-114.7796,Entorno Informativo,"On 23 September 2024, in San Luis Rio Colorado, Sonora, armed rival groups engaged in an armed clash resulting in the death of two people and the injury of two in Colonia Arenosa. This clash is likely related to internal disputes between factions and allies of the Sinaloa Cartel. 2 fatalities, 2 injuries.",2,MX26055,San Luis Río Colorado,2024-12-16,2025-12-16
MEX93315,2024-09-23,2024,Political violence,Violence against civilians,Attack,484,North America,Mexico,Tabasco,Centro,Platano y Cacao 1er seccion,17.9718,-93.1282,Tabasco Hoy,"Around 23 September 2024 (as reported), in Platano y Cacao 1er seccion, Tabasco, a woman was killed and her body was found near a Pemex store. A message was found next to the body. 1 fatality.",1,MX27004,Centro,2024-12-16,2025-12-16
MEX93319,2024-09-23,2024,Political violence,Violence against civilians,Attack,484,North America,Mexico,Tamaulipas,Reynosa,Reynosa,26.0924,-98.2781,El Norte,"On 23 September 2024, in Reynosa, Tamaulipas, armed individuals chased and shot at a woman driving her car together with two other people and two minors (drive-by) at the entrance to Colonia Renacimiento y Jacinto Lopez. The woman crashed and tried to flee the car by foot when she was killed. 1 fatality.",1,MX28032,Reynosa,2024-12-16,2025-12-16
MEX93330,2024-09-23,2024,Political violence,Violence against civilians,Attack,484,North America,Mexico,Zacatecas,Zacatecas,Zacatecas,22.7761,-102.5718,El Siglo de Durango,"On 23 September 2024, in Zacatecas, Zacatecas, according to witnesses, unknown armed men entered a home and opened fire at four women, including one girl. Three women died as a result and the girl was injured. The armed men then set fire to the home in Colonia Alma Obrera. 3 fatalities, 1 injury.",3,MX32056,Zacatecas,2024-12-16,2025-12-16
MEX93331,2024-09-23,2024,Political violence,Violence against civilians,Attack,484,North America,Mexico,Zacatecas,Zacatecas,Zacatecas,22.7761,-102.5718,La Jornada,"On 23 September 2024, in Zacatecas, Zacatecas, police officers physically assaulted two journalists to prevent them from covering an attack with an explosive device that have occurred moments before in the facilities of the Zacatecas National Fair during a concert (coded separately).",0,MX32056,Zacatecas,2024-12-16,2025-12-16
MEX93332,2024-09-23,2024,Political violence,Explosions/Remote violence,Remote explosive/landmine/IED,484,North America,Mexico,Zacatecas,Zacatecas,Zacatecas,22.7761,-102.5718,La Jornada,"On 23 September 2024, in Zacatecas, Zacatecas, unknown armed individuals detonated an explosive device inside facilities of the Zacatecas National Fair during a concert, injuring 14 people, including state police officers. After the attack, police found three other explosive devices set underneath vehicles which were defused. Police suspects that this was a direct attack against the officers guarding the event.",0,MX32056,Zacatecas,2024-12-16,2025-12-16
MEX93334,2024-09-24,2024,Political violence,Violence against civilians,Attack,484,North America,Mexico,Chihuahua,Chihuahua,Chihuahua,28.6368,-106.0763,Tiempo,"Around 24 September 2024 (as reported), in Chihuahua, Chihuahua, two men were killed and their bodies were found wrapped in blankets inside a vehicle and arrested one individual driving the vehicle in Colonia Nuevo Triunfo. 2 fatalities.",2,MX08019,Chihuahua,2024-12-16,2025-12-16
MEX93347,2024-09-24,2024,Political violence,Violence against civilians,Attack,484,North America,Mexico,Guanajuato,Celaya,Celaya,20.5215,-100.814,Zona Franca,"On 24 September 2024, in Celaya, Guanajuato, one man opened fire at a group of people at a beer warehouse injuring three people, including a 16-yea- old boy and then fled the scene on a motorcycle driven by an accomplice. The same day in Celaya, one individual opened fire and shot and injured a man outside his home in Colonia Bellavista and then fled the scene with another individual. 4 injuries.",0,MX11007,Celaya,2024-12-16,2025-12-16
MEX93352,2024-09-24,2024,Political violence,Violence against civilians,Abduction/forced disappearance,484,North America,Mexico,Jalisco,El Salto,El Salto,20.5194,-103.1817,El Norte,"On 24 September 2024, in El Salto, Jalisco, several armed men kidnapped an off-duty municipal police traffic officer from his home in Colonia Parques del Castillo. The man was released the next day together with another man who was also kidnapped.",0,MX14070,El Salto,2024-12-16,2025-12-16
MEX93354,2024-09-24,2024,Political violence,Violence against civilians,Attack,484,North America,Mexico,Jalisco,Zapopan,Zapopan,20.7206,-103.3883,Milenio,"On 24 September 2024, in Zapopan, Jalisco, two armed individuals on a motorcycle opened fire at a 16-years-old boy and injured him. 1 injury.",0,MX14120,Zapopan,2024-12-16,2025-12-16
MEX93361,2024-09-24,2024,Political violence,Battles,Armed clash,484,North America,Mexico,Michoacán,Erongaricuaro,Erongaricuaro,19.5883,-101.7201,La Silla Rota; MiMorelia; Quadratin Oaxaca,"On 24 September 2024, in Erongaricuaro, Michoacan de Ocampo, unknown armed individuals in two trucks opened fire at elements of the Attorney General's Office (ministerial police) and the National Guard who repelled the aggression at the exit Napizaro. One armed individual was killed and five were arrested. Police seized weapons and vehicles. The armed individuals retained several vehicles and set fire to them as part of a (narco) roadblock, several other roadblocks were set in other villages after the clash (coded separately). 1 fatality.",1,MX16032,Erongarícuaro,2024-12-16,2025-12-16
MEX93369,2024-09-24,2024,Political violence,Violence against civilians,Attack,484,North America,Mexico,Nuevo León,Santa Catarina,Ciudad Santa Catarina,25.6744,-100.4617,Milenio,"On 24 September 2024, in Ciudad Santa Catarina, Nuevo Leon, three men entered a home and killed a man in Colonia Enrique Rangel. 1 fatality.",1,MX19048,Santa Catarina,2024-12-16,2025-12-16
MEX93373,2024-09-24,2024,Political violence,Violence against civilians,Attack,484,North America,Mexico,Puebla,Chignahuapan,Nuevo San Claudio,19.8251,-98.2467,E-Consulta; Milenio,"Around 24 September 2024 (between 22 - 26 September), in Nuevo San Claudio, Puebla, two people were killed and their bodies were found buried in a wooded area on 26 september. One of the victims is a municipal police officer from Almoloya de Juarez who disappeared on 22 September 2024. The other victim was buried alive. 2 fatalities.",2,MX21053,Chignahuapan,2024-12-16,2025-12-16
MEX93374,2024-09-24,2024,Political violence,Violence against civilians,Attack,484,North America,Mexico,Quintana Roo,Cozumel,Cozumel,20.5038,-86.9576,La Silla Rota,"On 24 September 2024, in Cozumel, Quintana Roo, unknown armed individuals shot at the house of a woman journalist from the news platform Codigo Rojo Quintana Roo. The attack happened hours after the journalist filed a complaint for death threats at the State Attorney General's Office (FGE).",0,MX23001,Cozumel,2024-12-16,2025-12-16
MEX93390,2024-09-25,2024,Political violence,Violence against civilians,Attack,484,North America,Mexico,Baja California,Tijuana,Tijuana,32.5325,-117.019,AFN - Tijuana,"Around 25 September 2024 (as reported), in Tijuana, Baja California, three men were killed and their bodies were found with signs of violence inside a vehicle in Playas. A message was found next to the bodies. 3 fatalities.",3,MX02004,Tijuana,2024-12-16,2025-12-16
MEX93399,2024-09-25,2024,Political violence,Battles,Armed clash,484,North America,Mexico,Coahuila de Zaragoza,Guerrero,Guerrero,28.3084,-100.3787,La Prensa de Monclova,"On 25 September 2024, in Guerrero, Coahuila de Zaragoza, state police and army officers clashed with armed individuals. Three officers were injured. The armed individuals fled towards Tamaulipas.",0,MX05012,Guerrero,2024-12-16,2025-12-16
MEX93404,2024-09-25,2024,Political violence,Violence against civilians,Attack,484,North America,Mexico,Jalisco,San Pedro Tlaquepaque,Tlaquepaque,20.6386,-103.3072,Metro Gdl,"On 25 September 2024, in Tlaquepaque, Jalisco, according to authorities, armed individuals shot and killed two men and a woman outside their house on Loreto Sur street, between Teatro de las Americas and Prolongacion Gobernador Curiel, in Colonia Cerro del Cuatro. 3 fatalities.",3,MX14098,San Pedro Tlaquepaque,2024-12-16,2025-12-16
MEX93405,2024-09-25,2024,Political violence,Violence against civilians,Attack,484,North America,Mexico,Jalisco,Zapopan,Zapopan,20.7206,-103.3883,El Norte,"On 25 September 2024, in Zapopan, Jalisco, two men approached a couple in a parking lot and opened fire killing a man in Colonia Hacienda del Valle. The woman was left uninjured. 1 fatality.",1,MX14120,Zapopan,2024-12-16,2025-12-16
MEX93411,2024-09-25,2024,Political violence,Violence against civilians,Attack,484,North America,Mexico,Morelos,Cuernavaca,Cuernavaca,18.9218,-99.2349,Diario de Morelos,"On 25 September 2024, in Cuernavaca, Morelos, armed individuals entered a vigil and shot against a group of people, injuring a woman in Colonia Patios de la Estacion. Some of those present fired back. The perpetrators fled in a vehicle which was recorded by a surveillance camera. The vigil was for a man that had been killed in a gym in Gualupita neighborhood on 23 September.",0,MX17007,Cuernavaca,2024-12-16,2025-12-16
MEX93412,2024-09-25,2024,Political violence,Violence against civilians,Attack,484,North America,Mexico,Morelos,Jiutepec,Jiutepec,18.882,-99.1772,Diario de Morelos,"On 25 September 2024, in Jiutepec, Morelos, three armed individuals in a taxi opened fire and killed a man driving a motorcycle and then fled the scene in Colonia Ampliacion Bugambilias (drive-by). 1 fatality.",1,MX17011,Jiutepec,2024-12-16,2025-12-16
MEX93417,2024-09-25,2024,Political violence,Battles,Armed clash,484,North America,Mexico,Nuevo León,Los Ramones,Los Ramones,25.6968,-99.6237,La Jornada,"On 25 September 2024, in Los Ramones, Nuevo Leon, armed individuals traveling in eight pick up trucks were intercepted by military officers, the National Guard and state police officers after an armed attack on the same day in General Teran (coded separately). The armed individuals opened fire and officials with the support of state police helicopters repelled the aggression, killing 11 individuals. Six pick up trucks were seized together with weapons, tactical equipment, magazines, and radios. 11 fatalities.",11,MX19042,Los Ramones,2024-12-16,2025-12-16
MEX93422,2024-09-25,2024,Political violence,Battles,Armed clash,484,North America,Mexico,San Luis Potosí,Matehuala,Matehuala,23.6464,-100.6442,El Universal (Mexico),"On 25 September 2024, in Matehuala municipality, San Luis Potosi, National Guard officers clashed with a group or armed men travelling in a van on the road that connects to Ramal. An armed individual was killed, another was arrested, and two people that had been abducted and travelled in the same van were released. 1 fatality.",1,MX24020,Matehuala,2024-12-16,2025-12-16
MEX93423,2024-09-25,2024,Political violence,Battles,Armed clash,484,North America,Mexico,San Luis Potosí,Matehuala,Ojo de Agua,23.6792,-100.6436,El Universal (Mexico),"On 25 September 2024, in Ojo de Agua, San Luis Potosi, National Guard officers and armed individuals clashed, resulting in five injured (four officers and an armed individual).",0,MX24020,Matehuala,2024-12-16,2025-12-16
MEX93430,2024-09-25,2024,Political violence,Violence against civilians,Attack,484,North America,Mexico,Tabasco,Comalcalco,Cuxcuxapa,18.262,-93.161,Tabasco Hoy,"Around 25 September 2024 (as reported), in Cuxcuxapa, Tabasco, one person was killed and the human remains were found inside plastic bags. A message was found next to the bags. 1 fatality.",1,MX27005,Comalcalco,2024-12-16,2025-12-16
MEX93437,2024-09-26,2024,Political violence,Violence against civilians,Attack,484,North America,Mexico,Baja California,Tijuana,Tijuana,32.5325,-117.019,AFN - Tijuana,"On 26 September 2024, in Tijuana, Baja California, an armed man shot and injured a man who was driving a public transport vehicle in the intersection of Martires de Chicago and Pedro Maya streets, in Colonia Obrera. The perpetrators fled and was later arrested together with an underage accomplice.",0,MX02004,Tijuana,2024-12-16,2025-12-16
MEX93442,2024-09-26,2024,Political violence,Violence against civilians,Attack,484,North America,Mexico,Chihuahua,Cuauhtemoc,Cuauhtemoc,28.4063,-106.866,Tiempo,"Around 26 September 2024 (as reported), in Cuauhtemoc, Chihuahua, two men were killed and their bodies were found together with a threatening message near a road in the area between Libramiento and Gomez Morin. 2 fatalities.",2,MX08017,Cuauhtémoc,2024-12-16,2025-12-16
MEX93457,2024-09-26,2024,Political violence,Battles,Armed clash,484,North America,Mexico,Jalisco,Ixtlahuacan de los Membrillos,Ixtlahuacan de los Membrillos,20.3467,-103.1914,Milenio,"On 26 September 2024, in Ixtlahuacan de los Membrillos, Jalisco, armed individuals on motorbikes clashed near the old road to Chapala and on Quetzal street, in Colonia Las Aguilillas, resulting in the death of a man. 1 fatality.",1,MX14044,Ixtlahuacán de los Membrillos,2024-12-16,2025-12-16
MEX93458,2024-09-26,2024,Political violence,Violence against civilians,Attack,484,North America,Mexico,Jalisco,San Pedro Tlaquepaque,Tlaquepaque,20.6386,-103.3072,Milenio,"On 26 September 2024, in Tlaquepaque, Jalisco, two armed individuals, suspectedly a man and a woman, shot and killed a man in the intersection of Pemex and Arroyo streets, in Colonia Los Puestos. 1 fatality.",1,MX14098,San Pedro Tlaquepaque,2024-12-16,2025-12-16
MEX93459,2024-09-26,2024,Political violence,Violence against civilians,Attack,484,North America,Mexico,Jalisco,Zapopan,Zapopan,20.7206,-103.3883,Metro Gdl; Pagina 24 Jalisco,"Around 26 September 2024 (as reported), in Zapopan, Jalisco, a man was killed and his body was found wrapped in plastic bags on the path leading to Copalita and Jose Maria Morelos street, in Colonia Nuevo Mexico. Also in Zapopan, two armed individuals shot and killed a man that was leaving the parking lot of his house in the intersection of Calzada de las Flores and Hacienda de las Hortensias, in Colonia Hacienda del Valle. 2 fatalities.",2,MX14120,Zapopan,2024-12-16,2025-12-16
MEX93462,2024-09-26,2024,Political violence,Battles,Armed clash,484,North America,Mexico,Michoacán,Erongaricuaro,Erongaricuaro,19.5883,-101.7201,El Proceso; MiMorelia,"Around 26 September 2024 (as reported), in Erongaricuaro, Michoacan de Ocampo, suspected members of the Jalisco New Generation Cartel shot at Ministerial Police, National Guard, and army officers who were conducting an operation against the theft of cargo vehicles, initiating a clash that resulted in the death of an armed individual and five arrested. The officers seized six fireweapons and a grenade. 1 fatality.",1,MX16032,Erongarícuaro,2024-12-16,2025-12-16
MEX93466,2024-09-26,2024,Political violence,Battles,Armed clash,484,North America,Mexico,Nuevo León,Mina,Mina,26.001,-100.5292,El Norte,"Around 26 September 2024 (as reported), in Mina, Nuevo Leon, armed individuals shot at a police car in the intersection of Francisco Javier Mina and Alvaro Obregon, around 300 meters from the municipal presidency, in Colonia La Loma, initiating a clash that resulted in the death of an officer. 1 fatality.",1,MX19037,Mina,2024-12-16,2025-12-16
MEX93471,2024-09-26,2024,Political violence,Battles,Armed clash,484,North America,Mexico,Oaxaca,San Pedro Mixtepec -Dto. 22,Puerto Escondido,15.871,-97.0757,Quadratin Oaxaca,"On 26 September 2024, in Puerto Escondido, Oaxaca, unidentified rival armed groups clashed, resulting in the death of four individuals. 4 fatalities.",4,MX20318,San Pedro Mixtepec -Dto. 22 -,2024-12-16,2025-12-16
MEX93474,2024-09-26,2024,Political violence,Violence against civilians,Attack,484,North America,Mexico,Quintana Roo,Benito Juarez,Cancun,21.1614,-86.8248,Yucatan a la Mano,"Around 26 September 2024 (as reported), in Cancun, Quintana Roo, a person was killed and his/her body was found wrapped in a hammock and inside a plastic bag in Colonia Irregular El Sheriff, in Region 236, near Arco Vial. Also in Cancun, a person was killed and his/her body was also found wrapped in a hammock and inside a plastic bag in Supermanzana 251, in Fraccionamiento Paseos del Mar. 2 fatalities.",2,MX23005,Benito Juárez,2024-12-16,2025-12-16
MEX93476,2024-09-26,2024,Political violence,Battles,Armed clash,484,North America,Mexico,Quintana Roo,Cozumel,Cozumel,20.5038,-86.9576,Yucatan a la Mano,"Around 26 September 2024 (as reported), in Cozumel, Quintana Roo, ministerial police officers clashed with two suspected gang members driving a motorbike, who attempted to avoid being arrested on Transversal avenue by 85 street. One of the men was injured and transferred to a hospital. Both men were wanted due to their involvement in an attack against a woman journalist in Cozumel on 24 September 2024 (coded separately).",0,MX23001,Cozumel,2024-12-16,2025-12-16
MEX93482,2024-09-26,2024,Political violence,Battles,Armed clash,484,North America,Mexico,Sinaloa,Elota,La Cruz,23.9154,-106.8927,El Siglo de Durango,"On 26 September 2024, in the municipality of Elota (coded to La Cruz), Sinaloa, armed groups clashed. The event is likely related to the ongoing fight between the Sinaloa Cartel factions in the municipality of Culiacan that started on 9 September (coded separately). Casualties unknown.",0,MX25008,Elota,2024-12-16,2025-12-16
MEX93485,2024-09-26,2024,Political violence,Violence against civilians,Attack,484,North America,Mexico,Sonora,Hermosillo,Hermosillo,29.0749,-110.959,Entorno Informativo,"Around 26 September 2024 (as reported), in Hermosillo, Sonora, at least two women were killed and their dismembered bodies were found in five plastic bags in a building in the intersection of Jose Alberto Healy Noriega boulevard and Carlos B. Maldonado street, in Fraccionamiento Real de Palmas. The victims had disappeared in April 2024 and were suspectedly linked to criminals. At least 2 fatalities.",2,MX26030,Hermosillo,2024-12-16,2025-12-16
MEX93486,2024-09-26,2024,Political violence,Violence against civilians,Attack,484,North America,Mexico,Sonora,Hermosillo,San Pedro El Saucito,29.1784,-110.885,Entorno Informativo,"Around 26 September 2024 (as reported), near San Pedro El Saucito, Sonora, a man was killed and his body was found with the hands tied inside a vehicle on km. 17+300 of the road that connects the town with San Miguel de Horcasitas. 1 fatality.",1,MX26030,Hermosillo,2024-12-16,2025-12-16
MEX93489,2024-09-26,2024,Political violence,Violence against civilians,Attack,484,North America,Mexico,Tabasco,Centro,Villahermosa,17.9878,-92.9194,Tabasco Hoy,"Around 26 September 2024 (as reported), in Centro municipality (coded to Villahermosa), Tabasco, armed individuals in a vehicle shot at a man in Barranca y Amate ranch, killing him (drive-by). The victim was armed and tried to answer the attack. 1 fatality.",1,MX27004,Centro,2024-12-16,2025-12-16
MEX93493,2024-09-26,2024,Political violence,Battles,Armed clash,484,North America,Mexico,Zacatecas,Cuauhtemoc,San Pedro Piedra Gorda,22.4495,-102.3477,El Siglo de Durango,"On 26 September 2024, in Cuauhtemoc municipality (coded to San Pedro Piedra Gorda), Zacatecas, armed groups clashed and shot at houses. Casualties unknown.",0,MX32008,Cuauhtémoc,2024-12-16,2025-12-16
MEX93494,2024-09-26,2024,Political violence,Violence against civilians,Attack,484,North America,Mexico,Zacatecas,Tabasco,Tabasco,21.8653,-102.9131,Tabasco Hoy,"Around 26 September 2024 (as reported), in Tabasco, Zacatecas, a man was killed and his dismembered body was found in five plastic bags on the side of a road by Cuxcuxapa ranch. 1 fatality.",1,MX32044,Tabasco,2024-12-16,2025-12-16
MEX93497,2024-09-27,2024,Political violence,Violence against civilians,Attack,484,North America,Mexico,Baja California,Playas de Rosarito,Playas de Rosarito,32.3637,-117.0545,Zeta Tijuana,"Around 27 September 2024 (as reported), near Playas de Rosarito, Baja California, a person was killed and his/her dismembered body was found in two plastic bags on Tijuana-Rosarito road, together with threatening messages against municipal police officers. One of the bags was near Loma Blanca bridge, and the other was near Cuesta Blanca and the altar to the singer Chuy Montana. The message threatened relatives of police officers. 1 fatality.",1,MX02005,Playas de Rosarito,2024-12-16,2025-12-16
MEX93498,2024-09-27,2024,Political violence,Violence against civilians,Abduction/forced disappearance,484,North America,Mexico,Baja California,Tijuana,Tijuana,32.5325,-117.019,AFN - Tijuana,"Around 27 September 2024 (as reported), in Tijuana, Baja California, four armed men abducted an American woman for six days in a house on Lazaro Cardenas street, in Colonia Obrera. The victim managed to escape and went to a military barracks. Military officers conducted an operation and arrested the four perpetrators and seized arms and drugs.",0,MX02004,Tijuana,2024-12-16,2025-12-16
MEX93506,2024-09-27,2024,Political violence,Violence against civilians,Attack,484,North America,Mexico,Guerrero,Chilpancingo de los Bravo,Chilpancingo de los Bravo,17.5516,-99.5011,24 Horas (Mexico); El Sol de Acapulco,"On 27 September 2024, in Chilpancingo de los Bravo, Guerrero, armed individuals shot at a car on 17 de Octubre street, near Prolongacion Abasolo street, in Colonia Caminos, killing a man and a woman. The man was a former Coordinator of the Special Forces Unit of the state police. 2 fatalities.",2,MX12029,Chilpancingo de los Bravo,2024-12-16,2025-12-16
MEX93508,2024-09-27,2024,Political violence,Violence against civilians,Attack,484,North America,Mexico,Jalisco,Guadalajara,Guadalajara,20.6764,-103.3422,Metro Gdl,"On 27 September 2024, in Guadalajara, Jalisco, two armed individuals on a motorbike shot and killed a man who was walking by the canal of Dean park (drive-by). 1 fatality.",1,MX14039,Guadalajara,2024-12-16,2025-12-16
MEX93511,2024-09-27,2024,Political violence,Violence against civilians,Attack,484,North America,Mexico,Jalisco,Tlajomulco de Zuniga,Tlajomulco de Zuniga,20.4736,-103.4431,Milenio,"On 27 September 2024, in Tlajomulco de Zuniga, Jalisco, according to a witness, armed men shot and killed a man in a house in the intersection of Monte Reyes and Circuito Monte Vinzon Oeste streets, in Colonia Lomas del Mirador. 1 fatality.",1,MX14097,Tlajomulco de Zúñiga,2024-12-16,2025-12-16
MEX93512,2024-09-27,2024,Political violence,Violence against civilians,Attack,484,North America,Mexico,Jalisco,Tlajomulco de Zuniga,Tlajomulco de Zuniga,20.4736,-103.4431,Metro Gdl,"Around 27 September 2024 (as reported), in Tlajomulco de Zuniga, Jalisco, a person was killed and his/her body was found in an advanced state of decomposition inside a plastic bag on Sierra Cabrera street, near the intersection with Sierra Cabrera Norte, in Colonia Lomas del Mirador. 1 fatality.",1,MX14097,Tlajomulco de Zúñiga,2024-12-16,2025-12-16
MEX93513,2024-09-27,2024,Political violence,Violence against civilians,Attack,484,North America,Mexico,México,Tenango del Valle,Tenango de Arista,19.1044,-99.5908,Milenio,"On 27 September 2024, in Tenango de Arista, Mexico, armed individuals in a vehicle shot and killed a man and a woman who were driving a motorbike on Toluca-Tenango road, near De la Llama street and the Industrial Park of Tenango del Valle (drive-by). 2 fatalities.",2,MX15090,Tenango del Valle,2024-12-16,2025-12-16
MEX93514,2024-09-27,2024,Political violence,Violence against civilians,Attack,484,North America,Mexico,México,Tlalnepantla de Baz,Tlalnepantla,19.5385,-99.1952,Reforma,"Around 27 September 2024, in Tlalnepantla, Mexico, a man was killed and his body was found with gunshot wounds, the hands tied and gagged in a field known as 'Cola de Caballo', 500 meters from a football pitch, in Ejido de Tenayuca. 1 fatality.",1,MX15104,Tlalnepantla de Baz,2024-12-16,2025-12-16
MEX93518,2024-09-27,2024,Political violence,Violence against civilians,Attack,484,North America,Mexico,Oaxaca,Heroica Ciudad de Huajuapan de Leon,Heroica Ciudad de Huajuapan de Leon,17.8068,-97.7762,Metro Toluca; Quadratin Oaxaca,"Around 27 September 2024 (as reported), in Heroica Ciudad de Huajuapan de Leon, Oaxaca, a man was killed and his flayed body was found with a nylon bag on the head, signs of torture, gunshot wounds, and the hands tied on a side of the path that leads to Santo Reyes Yucunaa, by a place known as 'La Cienaga', near Santiago Chilixtlahuaca road. The victim was suspectedly linked to the commission of burglary and car theft. 1 fatality.",1,MX20039,Heroica Ciudad de Huajuapan de León,2024-12-16,2025-12-16
MEX93529,2024-09-27,2024,Political violence,Battles,Armed clash,484,North America,Mexico,Sonora,Saric,Saric,31.1032,-111.3795,La Verdad,"Around 27 September 2024 (as reported), in Saric, Sonora, armed individuals ambushed National Guard and army officers who answered the attack. Casualties unknown.",0,MX26060,Sáric,2024-12-16,2025-12-16
MEX93535,2024-09-27,2024,Political violence,Violence against civilians,Attack,484,North America,Mexico,Veracruz de Ignacio de la Llave,Atzacan,Dios Rios,18.945,-97.0275,Imagen del Golfo,"On 27 September 2024, in Dios Rios, Veracruz de Ignacio de la Llave, three armed men in a vehicle shot and injured a man on 16 de Septiembre avenue by Benito Juarez, 40 meters from 20 de Noviembre primary school (drive-by). The perpetrators fled towards Sumidero, in the municipality of Ixtaczoquitlan.",0,MX30022,Atzacan,2024-12-16,2025-12-16
MEX93541,2024-09-27,2024,Political violence,Violence against civilians,Attack,484,North America,Mexico,Zacatecas,Tepetongo,San Tadeo,22.429,-103.0834,El Siglo de Durango; Pagina 24 Zacatecas,"Around 27 September 2024 (as reported), in San Tadeo, Zacatecas, three men were killed and their bodies were found with signs of torture, gunshot wounds, and military tactic clothing. 3 fatalities.",3,MX32046,Tepetongo,2024-12-16,2025-12-16
MEX93502,2024-09-27,2024,Political violence,Violence against civilians,Attack,484,North America,Mexico,Ciudad de Mexico,Gustavo A. Madero,Ciudad de Mexico - Gustavo A. Madero,19.4829,-99.1135,Milenio; Reforma,"On 27 September 2024, in Ciudad de Mexico - Gustavo A. Madero, two armed men on a motorbike shot and killed a woman in the intersection of Norte 54 street and Henry Ford avenue, in Colonia Bondojito (drive-by). The victim was the leader of vendors in the city's downtown. 1 fatality.",1,MX09005,Gustavo A. Madero,2024-12-16,2025-12-16
MEX93525,2024-09-27,2024,Political violence,Battles,Armed clash,484,North America,Mexico,Sinaloa,Elota,La Cruz,23.9154,-106.8927,La Verdad; Riodoce,"On 27 September 2024, around the municipality of Elota (coded to La Cruz), Sinaloa, army officers and armed groups clashed in an area between Elota and San Ignacio municipalities. Two men died (an officer and an armed individual), and four were injured (an officer and three armed individuals). Vehicles used by armed men were abandoned across the communities of Barras de Piaxtla, Estacion Dimas, Celestino Gasca, La Cruz de Elota, Higueras de Abuya and Jacola. Two of the armed individuals were later arrested, carrying fireweapons and a grenade. 2 fatalities",2,MX25008,Elota,2024-12-16,2025-12-16
MEX93545,2024-09-21,2024,Political violence,Battles,Armed clash,484,North America,Mexico,Baja California Sur,Comondu,Ciudad Constitucion,25.0321,-111.6625,Zeta Tijuana,"On 21 September 2024, in Ciudad Constitucion, Baja California Sur, two state police officers were kidnapped by a group of armed men. According to the investigations, this event is related to a revenge by criminal groups linked to Los Mayitos gang. The victim's whereabouts are unknown.",0,MX03001,Comondú,2024-12-16,2025-12-16
MEX93546,2024-09-28,2024,Political violence,Battles,Armed clash,484,North America,Mexico,Sonora,San Luis Rio Colorado,San Luis Rio Colorado,32.4798,-114.7796,La Verdad; Nacion 321,"On 28 September 2024, in San Luis Rio Colorado, Sonora, members of Los Rusos and Los Salazar gangs clashed. The first is an armed branch of Los Mayos gang (Sinaloa Cartel) while Los Salazar were an armed branch linked to Los Chapitos gang (Sinaloa Cartel). Five people were killed. After the clash, army and state police officers intervened and arrested three gang leaders. 5 fatalities.",5,MX26055,San Luis Río Colorado,2024-12-16,2025-12-16
MEX93548,2024-10-01,2024,Political violence,Violence against civilians,Attack,484,North America,Mexico,Chiapas,Villa Comaltitlan,Lazaro Cardenas,15.1739,-92.5517,El Norte; Quadratin Oaxaca,"On 1 October 2024, close to Lazaro Cardenas, Chiapas, military officers detected two vehicles that fled after the military attempted to intervene on the Villa Comitatlan-Huixtla highway between Lazaro Cardenas and Los Cocos. Military officers opened fire at the vehicles killing four migrants and injuring 12. Later, two of the injured migrants died at the hospital. The migrants were from Egypt, Nepal, Cuba, India, Pakistan and Arab countries. 6 fatalities, 10 injuries.",6,MX07071,Villa Comaltitlán,2024-12-16,2025-12-16
MEX93549,2024-09-25,2024,Political violence,Violence against civilians,Attack,484,North America,Mexico,Hidalgo,San Agustin Tlaxiaca,San Agustin Tlaxiaca,20.1151,-98.8864,La Silla Rota,"Around 25 September 2024 (between 20 September - 2 October), in San Agustin Tlaxiaca, Hidalgo, five men were killed and their burned bodies were found on 2 October at a mass grave in Puerto Mexico. The five men were reported missing between 20 and 21 September in Pachuca. 5 fatalities.",5,MX13052,San Agustín Tlaxiaca,2024-12-16,2025-12-16
MEX93623,2024-09-29,2024,Political violence,Violence against civilians,Attack,484,North America,Mexico,Sonora,San Luis Rio Colorado,San Luis Rio Colorado,32.4798,-114.7796,Entorno Informativo,"On 29 September 2024, in San Luis Rio Colorado, Sonora, an armed man shot and killed a woman and a man. According to the investigations, the attack was directed to the man while the woman's killing was a collateral damage. It is suspected that the perpetrator was a criminal group. The woman who also was killed, was the daughter of the tourism director of the municipality. 2 fatalities.",2,MX26055,San Luis Río Colorado,2024-12-16,2025-12-16
MEX93686,2024-10-03,2024,Political violence,Violence against civilians,Attack,484,North America,Mexico,Guanajuato,Salamanca,Los Lobos,20.475,-101.2027,Zona Franca,"Around 3 October 2024 (as reported), in Los Lobos, Guanajuato, four people were killed and their bodies were found in a crop. This attack is likely related to a series of attack perpetrated by the Santa Rosa de Lima Cartel. 4 fatalities.",4,MX11027,Salamanca,2024-12-16,2025-12-16
MEX93692,2024-09-25,2024,Political violence,Violence against civilians,Attack,484,North America,Mexico,Baja California Sur,Comondu,Santo Domingo,25.4927,-111.9212,La Jornada,"Around 25 September 2024 (between 21 September - 2 October), close to Santo Domingo, Baja California Sur, two state police officers who were reported missing on 21 September were found dead on 2 October on the Ciudad Insurgentes-La Purisima highway at the junction to the entrance to Santo Domingo. 2 fatalities.",2,MX03001,Comondú,2024-12-16,2025-12-16
MEX93694,2024-09-27,2024,Political violence,Violence against civilians,Attack,484,North America,Mexico,Jalisco,Guadalajara,Guadalajara,20.6764,-103.3422,Mural,"On 27 September 2024, in Guadalajara, Jalisco, two armed individuals shot and killed a man on a public bus in the intersection of Mariano Otero avenue Tormenta street, in Colonia Jardines del Bosque. According to witnesses, the victim was being chased since the irregular settlement of Pueblo Nuevo. A woman passenger was injured by glass fragments caused by the gunshots. The perpetrators fled on two motorbikes driven by other two people. 1 fatality.",1,MX14039,Guadalajara,2024-12-16,2025-12-16
MEX93695,2024-09-27,2024,Political violence,Violence against civilians,Attack,484,North America,Mexico,Guanajuato,Irapuato,Irapuato,20.6728,-101.3481,Zona Franca,"On 27 September 2024, in Irapuato, Guanajuato, armed men entered 'Don Agustin' bar in Colonia Miguel Hidalgo and shot at people, killing four men and injuring another. 4 fatalities.",4,MX11017,Irapuato,2024-12-16,2025-12-16
MEX93696,2024-09-27,2024,Political violence,Violence against civilians,Attack,484,North America,Mexico,Oaxaca,Oaxaca de Juarez,Oaxaca de Juarez,17.06,-96.7255,Quadratin Oaxaca,"On 27 September 2024, in Oaxaca de Juarez, Oaxaca, armed individuals shot at people inside a house in San Martin Mexicapam, Colonia Soledad. Two people were killed and another was injured. 2 fatalities.",2,MX20067,Oaxaca de Juárez,2024-12-16,2025-12-16
MEX93697,2024-09-27,2024,Political violence,Violence against civilians,Attack,484,North America,Mexico,Oaxaca,Oaxaca de Juarez,Oaxaca de Juarez,17.06,-96.7255,Quadratin Oaxaca,"Around 27 September 2024 (as reported), near Oaxaca de Juarez, Oaxaca, a person was killed and the body was found wrapped in blankets on the road leading to Los Audelo ranch and Monte Alban archeological site. 1 fatality.",1,MX20067,Oaxaca de Juárez,2024-12-16,2025-12-16
MEX93698,2024-09-27,2024,Political violence,Violence against civilians,Attack,484,North America,Mexico,México,Tecamac,Ojo de Agua,19.6704,-99.016,La Silla Rota,"On 27 September 2024, in Ojo de Agua, Mexico, armed individuals shot and killed a man in a square near the toll on Mexico-Pachuca road. According to witnesses, the victim's wife and son were present and fled in a vehicle. 1 fatality.",1,MX15081,Tecámac,2024-12-16,2025-12-16
MEX93701,2024-09-28,2024,Political violence,Violence against civilians,Attack,484,North America,Mexico,Chihuahua,Cuauhtemoc,Cuauhtemoc,28.4063,-106.866,Tiempo,"On 28 September 2024, in Cuauhtemoc, Chihuahua, six men hit and stabbed two men on Circuito de Gran Morelos street, in Fraccionamiento La Ciudadela, killing one. The victims were brothers. 1 fatality.",1,MX08017,Cuauhtémoc,2024-12-16,2025-12-16
MEX93705,2024-09-28,2024,Political violence,Violence against civilians,Attack,484,North America,Mexico,Baja California,Tijuana,Tijuana,32.5325,-117.019,AFN - Tijuana,"On 28 September 2024, in Tijuana, Baja California, according to witnesses, armed individuals shot and killed a man on the parking lot of an Oxxo store on Del Ahuehuete avenue, in Fraccionamiento Urbi Quinta del Cedro. 1 fatality.",1,MX02004,Tijuana,2024-12-16,2025-12-16
MEX93708,2024-09-29,2024,Political violence,Violence against civilians,Attack,484,North America,Mexico,Puebla,Puebla,Heroica Puebla de Zaragoza,19.044,-98.1975,E-Consulta; Milenio,"On 29 September 2024, in Heroica Puebla de Zaragoza, Puebla, according to witnesses, two armed men arrived on a motorcycle and shot at two women and a man who were inside a beer store in Infonavit de San Aparicio Norte. One victim was killed and two were injured. Two of the victims are relatives of a criminal leader who was recently killed. 1 fatality.",1,MX21114,Puebla,2024-12-16,2025-12-16
MEX93709,2024-09-29,2024,Political violence,Violence against civilians,Attack,484,North America,Mexico,Hidalgo,Tepeji del Rio de Ocampo,La Loma de San Jose,19.8187,-99.3522,La Silla Rota,"Around 29 September 2024 (as reported), in La Loma de San Jose, Hidalgo, a man was killed and his body was found wrapped in plastic. 1 fatality.",1,MX13063,Tepeji del Río de Ocampo,2024-12-16,2025-12-16
MEX93714,2024-09-29,2024,Political violence,Violence against civilians,Attack,484,North America,Mexico,Oaxaca,San Pedro Comitancillo,San Pedro Comitancillo,16.4915,-95.1555,Quadratin Oaxaca,"Around 29 September 2024 (as reported), in San Pedro Comitancillo, Oaxaca, a person was killed and the body was found wrapped in blankets near a ranch in the region of Istmo de Tehuantepec. 1 fatality.",1,MX20305,San Pedro Comitancillo,2024-12-16,2025-12-16
MEX93715,2024-09-30,2024,Political violence,Violence against civilians,Attack,484,North America,Mexico,Chihuahua,Chihuahua,Chihuahua,28.6368,-106.0763,Tiempo,"On 30 September 2024, in Chihuahua, Chihuahua, two armed men shot and injured four people in Colonia Villas del Real. A young 13 year-old girl who was a passer-by was also injured with a stray bullet. 5 injured.",0,MX08019,Chihuahua,2024-12-16,2025-12-16
MEX93717,2024-09-30,2024,Political violence,Violence against civilians,Attack,484,North America,Mexico,Nuevo León,General Escobedo,Ciudad General Escobedo,25.808,-100.3226,El Norte; Milenio,"On 30 September 2024, in Ciudad General Escobedo, Nuevo Leon, according to relatives, two armed men shot and killed a man in his house in Colonia Portal del Fraile. 1 fatality.",1,MX19021,General Escobedo,2024-12-16,2025-12-16
MEX93718,2024-09-30,2024,Political violence,Violence against civilians,Attack,484,North America,Mexico,Morelos,Cuernavaca,Cuernavaca,18.9218,-99.2349,Diario de Morelos,"On 30 September 2024, in Cuernavaca, Morelos, several armed men shot at four people who were in the pantheon in Colonia Lazaro Cardenas del Rio. Two people were killed and another two were injured. 2 fatalities.",2,MX17007,Cuernavaca,2024-12-16,2025-12-16
MEX93721,2024-09-30,2024,Political violence,Violence against civilians,Attack,484,North America,Mexico,Nuevo León,Garcia,Garcia,25.8005,-100.5855,Milenio,"On 30 September 2024, in Garcia, Nuevo Leon, two armed men shot and killed two men on their way to work in colonia Hacienda Renacimiento. 2 fatalities.",2,MX19018,García,2024-12-16,2025-12-16
MEX93723,2024-09-30,2024,Political violence,Violence against civilians,Attack,484,North America,Mexico,Puebla,Zacapoaxtla,Nexticapan,19.8272,-97.5542,E-Consulta; Milenio,"On 30 September 2024, in Nexticapan, Puebla, two armed men shot at people who were in a street food stall on the Zacapoaxtla -Zaragoza road. Three people were killed and two more were injured. Among the victims were the former director of the Teziutlan Water Operating System and his son. The former director had been arrested along with his family members after drugs were found in his house in 2022. 3 fatalities.",3,MX21207,Zacapoaxtla,2024-12-16,2025-12-16
MEX93724,2024-09-30,2024,Political violence,Violence against civilians,Attack,484,North America,Mexico,Baja California,Tijuana,Tijuana,32.5325,-117.019,Zeta Tijuana,"On 30 September 2024, in Tijuana, Baja California, according to witnesses, three armed men shot and killed a man in Colonia Postal. Three men were arrested. 1 fatality.",1,MX02004,Tijuana,2024-12-16,2025-12-16
MEX93728,2024-10-01,2024,Political violence,Violence against civilians,Attack,484,North America,Mexico,Nuevo León,Garcia,Garcia,25.8005,-100.5855,El Norte; Milenio,"On 1 October 2024, in Garcia, Nuevo Leon, according to witnesses, two armed men shot and killed two men in a bus stop in Colonia Hacienda Renacimiento. The perpetrators ran away with their accomplices. 2 fatalities.",2,MX19018,García,2024-12-16,2025-12-16
MEX93729,2024-10-01,2024,Political violence,Violence against civilians,Attack,484,North America,Mexico,Oaxaca,Heroica Ciudad de Juchitan de Zaragoza,Juchitan de Zaragoza,16.4333,-95.0216,Colima Noticias; El Universal (Mexico),"Around 1 October 2024 (as reported), in Juchitan de Zaragoza, Oaxaca, a trans woman and activist was killed and her body was found with signs of torture. The attack is being investigated as a hate crime. 1 fatality.",1,MX20043,Heroica Ciudad de Juchitán de Zaragoza,2024-12-16,2025-12-16
MEX93732,2024-10-01,2024,Political violence,Violence against civilians,Attack,484,North America,Mexico,Michoacán,Morelia,Morelia,19.7034,-101.192,La Voz de Michoacan,"On 1 October 2024, in Morelia, Michoacan, two armed men on a motorcycle shot and killed a man in Colonia Independencia. 1 fatality.",1,MX16053,Morelia,2024-12-16,2025-12-16
MEX93738,2024-10-02,2024,Political violence,Violence against civilians,Attack,484,North America,Mexico,Quintana Roo,Benito Juarez,Cancun,21.1614,-86.8248,La Silla Rota,"On 2 October 2024, in Cancun, Quintana Roo, two armed individuals opened fire and shot a man in the hotel zone and escaped with jet skis. 1 fatality.",1,MX23005,Benito Juárez,2024-12-16,2025-12-16
MEX93739,2024-10-02,2024,Political violence,Violence against civilians,Attack,484,North America,Mexico,Morelos,Cuautla,Cuautla,18.8128,-98.9553,Diario de Morelos,"On 2 October 2024, in Cuautla, Morelos, according to witnesses, armed individuals arrived who arrived on a motorcycle and shot a man seven times in the center of the city. The man was injured as a result. 1 injury.",0,MX17006,Cuautla,2024-12-16,2025-12-16
MEX93742,2024-10-02,2024,Political violence,Violence against civilians,Attack,484,North America,Mexico,Guanajuato,Silao de la Victoria,Silao de la Victoria,20.9445,-101.4262,La Silla Rota,"On 2 October 2024, in Silao de la Victoria, Guanajuato, unknown armed individuals shot and killed an off-duty municipal police officers who finished his shift on the road to El Pentagono. 1 fatality.",1,MX11037,Silao de la Victoria,2024-12-16,2025-12-16
MEX93744,2024-10-02,2024,Political violence,Violence against civilians,Attack,484,North America,Mexico,Baja California,Tijuana,Tijuana,32.5325,-117.019,AFN - Tijuana,"On 2 October 2024, in Tijuana, Baja California, according to witnesses, armed individuals opened fire at a man while he was traveling in a vehicle in Colonia Aviacion. The victim was injured as a result. 1 injury.",0,MX02004,Tijuana,2024-12-16,2025-12-16
MEX93745,2024-10-02,2024,Political violence,Violence against civilians,Attack,484,North America,Mexico,Morelos,Zacatepec,Zacatepec de Hidalgo,18.6554,-99.1943,Diario de Morelos,"On 2 October 2024, in Zacatepec de Hidalgo, Morelos, two armed individuals who arrived on a motorcycle opened fire and shot a man in Colonia Vicente Guerrero. The man died as a result. 1 fatality.",1,MX17031,Zacatepec,2024-12-16,2025-12-16
MEX93746,2024-10-03,2024,Political violence,Violence against civilians,Attack,484,North America,Mexico,Chihuahua,Chihuahua,Chihuahua,28.6368,-106.0763,Tiempo,"Around 3 October 2024 (as reported), in Chihuahua, Chihuahua, a man was killed and his body was found wrapped in a blanket and with signs of violence in Colonia Nuevo Triunfo. 1 fatality.",1,MX08019,Chihuahua,2024-12-16,2025-12-16
MEX93747,2024-10-03,2024,Political violence,Violence against civilians,Attack,484,North America,Mexico,Guerrero,Chilpancingo de los Bravo,Chilpancingo de los Bravo,17.5516,-99.5011,Quadratin Oaxaca,"On 3 October 2024, in Chilpancingo de los Bravo, Guerrero, an unknown armed individuals shot a man nine times and killed him in the center of the city. The victim was identified as the secretary of the City Council from the PRI party. 1 fatality.",1,MX12029,Chilpancingo de los Bravo,2024-12-16,2025-12-16
MEX93750,2024-10-03,2024,Political violence,Violence against civilians,Attack,484,North America,Mexico,Michoacán,Morelia,Morelia,19.7034,-101.192,La Voz de Michoacan,"On 3 October 2024, in Morelia, Michoacan de Ocampo, two armed individuals opened fire and shot a man in Jesus del Monte at least 30 times. The man died as a result. 1 fatality.",1,MX16053,Morelia,2024-12-16,2025-12-16
MEX93751,2024-10-03,2024,Political violence,Violence against civilians,Attack,484,North America,Mexico,Nuevo León,Pesqueria,Pesqueria,25.7833,-100.0537,El Norte,"On 3 October 2024, in Pesqueria, Nuevo Leon, two armed men entered a home and shot two women, one of whom was a 14-year-old girl, and injured another two in Colonia Valle de Santa Maria. 2 fatalities, 2 injuries.",2,MX19041,Pesquería,2024-12-16,2025-12-16
MEX93752,2024-10-03,2024,Political violence,Violence against civilians,Attack,484,North America,Mexico,Baja California,Tijuana,Tijuana,32.5325,-117.019,AFN - Tijuana,"Around 3 October 2024 (as reported), in Tijuana, Baja California, one man was killed and his body was found wrapped in blankets and with signs of violence in Colonia Camino Verde. 1 fatality.",1,MX02004,Tijuana,2024-12-16,2025-12-16
MEX93753,2024-10-03,2024,Political violence,Violence against civilians,Attack,484,North America,Mexico,Baja California,Tijuana,Tijuana,32.5325,-117.019,AFN - Tijuana,"Around 3 October 2024 (as reported), close to Tijuana, Baja California, a man was killed and his body was found wrapped in blankets on the Tijuana-Tecate highway. 1 fatality.",1,MX02004,Tijuana,2024-12-16,2025-12-16
MEX93756,2024-10-04,2024,Political violence,Violence against civilians,Attack,484,North America,Mexico,Guanajuato,Celaya,Celaya,20.5215,-100.814,Zona Franca,"On 4 October 2024, in Celaya, Guanajuato, two armed men entered an establishment and shot at customers and employees. Two women and a man employees died as a result. 3 fatalities.",3,MX11007,Celaya,2024-12-16,2025-12-16
MEX93761,2024-10-04,2024,Political violence,Violence against civilians,Attack,484,North America,Mexico,Aguascalientes,Rincon de Romos,El Salitrillo,22.1828,-102.2947,El Norte,"On 4 October 2024, close to El Salitrillo, Aguascalientes, a motorcyclist threw a firecracker at a trailer driven by a man which caught fire at the junction with the federal highway 22 to set a (narco) roadblock. The man has unharmed. The event took place after an armed clash was reported with officials leading to the arrest of three members of an organized crime group. There were no casualties.",0,MX01007,Rincón de Romos,2024-12-16,2025-12-16
MEX93764,2024-10-04,2024,Political violence,Violence against civilians,Attack,484,North America,Mexico,Querétaro,Queretaro,Santiago de Queretaro,20.5934,-100.39,Zona Franca,"On 4 October 2024, in Santiago de Queretaro, Queretaro, armed men attacked a music group in a parking lot after a performance in Colonia Alhambra shooting them repeatedly. Two men died as a result. One of the victims was a relative of several Villagran's government workers, including the Councilwoman, the Director of Ecology, and the executive secretary of the Comprehensive Protection System. 2 fatalities.",2,MX22014,Querétaro,2024-12-16,2025-12-16
MEX93766,2024-10-01,2024,Political violence,Battles,Armed clash,484,North America,Mexico,Colima,Colima,Puerta de Anzar,19.1187,-103.5492,El Proceso; La Jornada,"On 1 October 2024, in Puerta de Anzar, Colima, armed individuals opened fire at officer of the Navy and the state police on patrol who repelled the aggression. Six armed individuals were killed as a result. 6 fatalities.",6,MX06002,Colima,2024-12-16,2025-12-16
MEX93768,2024-10-04,2024,Political violence,Battles,Armed clash,484,North America,Mexico,Aguascalientes,Aguascalientes,Aguascalientes,21.8798,-102.296,El Norte,"On 4 October 2024, close to Aguascalientes, Aguascalientes, an armed clash was reported between armed individuals and the military and National Guard officers. There were no casualties.",0,MX01001,Aguascalientes,2024-12-16,2025-12-16
MEX93769,2024-10-04,2024,Political violence,Battles,Armed clash,484,North America,Mexico,Sinaloa,Angostura,Colonia Independencia,25.0567,-107.9147,El Proceso; El Sol de Sinaloa; La Prensa de Monclova; Noroeste,"On 4 October 2024, in Colonia Independencia (known as Chinitos), Sinaloa, an armed clash was reported between the Navy and armed individuals which led to the crash of the truck on the Benito Juarez highway. The clash came after the Navy attacked a vehicle during an operation in La Palma (coded separately), while other versions suggest that the clash was initiated by the Navy officers. There are reports of armed individuals spreading tire punctures in the area. This clash is suspected to be related to the ongoing fight between factions of the Sinaloa Cartel. Casualties unknown.",0,MX25002,Angostura,2024-12-16,2025-12-16
MEX93770,2024-10-04,2024,Political violence,Battles,Armed clash,484,North America,Mexico,Sinaloa,Mocorito,La Palma,25.4927,-107.8096,El Proceso,"On 4 October 2024, in La Palma, Sinaloa, a helicopter belonging to the Navy fired at a moving car on the international highway and armed men in the vehicle answered the attack. The event led to confrontations in Angostura and Navolato municipalities (coded separately). This clash is suspected to be related to the ongoing fight between factions of the Sinaloa Cartel. Casualties unknown.",0,MX25013,Mocorito,2024-12-16,2025-12-16
MEX93772,2024-09-28,2024,Political violence,Battles,Armed clash,484,North America,Mexico,Nuevo León,Juarez,Benito Juarez,25.6513,-100.106,La Jornada,"On 28 September 2024, in Benito Juarez, Nuevo Leon, armed individuals on pick-up vans and municipal police officers clashed on Vistas del Rio avenue towards Potrero and Ebanos streets, in Ejido Calderon, where the armed individuals were arrested. There were no casualties.",0,MX19031,Juárez,2024-12-16,2025-12-16
MEX93773,2024-10-02,2024,Political violence,Battles,Armed clash,484,North America,Mexico,Nuevo León,Apodaca,Ciudad Apodaca,25.7813,-100.1892,El Norte,"On 2 October 2024, in Ciudad Apodaca, Nuevo Leon, armed individuals opened fire at municipal police officers who were attending to a report in Colonia Villas de Santa Rosa. The officers repelled the aggression. One armed individual died as a result and two policemen were injured. 1 fatality, 2 injuries.",1,MX19006,Apodaca,2024-12-16,2025-12-16
MEX93774,2024-10-03,2024,Political violence,Battles,Armed clash,484,North America,Mexico,Baja California,Tijuana,Tijuana,32.5325,-117.019,Milenio,"On 3 October 2024, in Tijuana, Baja California, armed individuals including a minor opened fire at military officers, municipal, ministerial, and state police officers as well as the National Guard in Colonia La Esperanza who repelled the aggression. One minor armed individual was injured and arrested as a result. 1 injury.",0,MX02004,Tijuana,2024-12-16,2025-12-16
MEX93775,2024-10-03,2024,Political violence,Battles,Armed clash,484,North America,Mexico,Veracruz de Ignacio de la Llave,Tuxpan,Tuxpan,20.9518,-97.4045,Imagen del Golfo; La Silla Rota; Milenio,"On 3 October 2024, in Tuxpan, Veracruz de Ignacio de la Llave, armed rival groups engaged in an armed clash in Colonia Jardines. The clash continued in other neighborhoods like Colonia Campo Real. There were no casualties.",0,nan,,2024-12-16,2025-12-16
MEX93776,2024-10-02,2024,Political violence,Battles,Armed clash,484,North America,Mexico,Michoacán,Lazaro Cardenas,La Colorada,18.0146,-102.3932,MiMorelia,"On 2 October 2024, in La Colorada, Michoacan de Ocampo, three armed men opened fire at officers of the National Guard on patrol who repelled the aggression injuring three men. All three were arrested and transported to the hospital. 3 injuries.",0,MX16052,Lázaro Cárdenas,2024-12-16,2025-12-16
MEX93778,2024-10-03,2024,Political violence,Battles,Armed clash,484,North America,Mexico,Tamaulipas,Matamoros,Heroica Matamoros,25.8799,-97.5048,Hoy Tamaulipas,"On 3 October 2024, in Heroica Matamoros, Tamaulipas, armed men opened fire at state police officers who repelled the aggression in Colonia Las Garzas. Four armed men were killed and three were arrested. One truck was seized. 4 fatalities.",4,MX28022,Matamoros,2024-12-16,2025-12-16
MEX93780,2024-09-29,2024,Political violence,Battles,Armed clash,484,North America,Mexico,Baja California,Tijuana,Tijuana,32.5325,-117.019,Zeta Tijuana,"On 29 September 2024, in Tijuana, Baja California, an armed man shot and injured the security guard of Marbella bar, on Diaz Ordaz boulevard, in Colonia Veracruz. The perpetrator fled in a car and was later arrested.",0,MX02004,Tijuana,2024-12-16,2025-12-16
MEX93782,2024-09-28,2024,Political violence,Violence against civilians,Attack,484,North America,Mexico,Sinaloa,Elota,Alta Rosa,24.1546,-106.9992,El Siglo de Durango; El Sol de Sinaloa; Noroeste; Riodoce; Tabasco Hoy,"Around 28 September 2024 (as reported), in Alta Rosa, Sinaloa, a man was killed and his body was found burned inside a vehicle on the Maxipista Culiacan - Mazatlan. The victim was identified as the brother of two former mayors of Elota, one of which is also a former local and federal congressman and former leader of the National Farmers Confederation. The victim had disappeared from La Papalota ranch on 27 September 2024. His body was found after several clashes recorded on this same road on 28 September (coded separately), it is unclear if the victim was killed during these clashes. 1 fatality.",1,MX25008,Elota,2024-12-16,2025-12-16
MEX93783,2024-09-28,2024,Political violence,Violence against civilians,Attack,484,North America,Mexico,Chihuahua,Cuauhtemoc,Cuauhtemoc,28.4063,-106.866,Tiempo,"Around 28 September 2024 (as reported), in Cuauhtemoc, Chihuahua, two men were killed and their bodies were found with signs of violence and with their hands tied up. 2 fatalities.",2,MX08017,Cuauhtémoc,2024-12-16,2025-12-16
MEX93786,2024-09-28,2024,Political violence,Violence against civilians,Attack,484,North America,Mexico,Michoacán,Quiroga,Quiroga,19.6638,-101.524,MiMorelia,"Around 28 September 2024 (as reported), in Quiroga, Michoacan de Ocampo, a man was killed and his body was found with the hands tied in a building under construction on Francisco I. Madero Poniente avenue. 1 fatality.",1,MX16073,Quiroga,2024-12-16,2025-12-16
MEX93787,2024-09-28,2024,Political violence,Violence against civilians,Attack,484,North America,Mexico,Tamaulipas,Reynosa,Reynosa,26.0924,-98.2781,Hoy Tamaulipas,"Around 28 September 2024 (as reported), in Reynosa, Tamaulipas, a man was killed and his body was found inside a burnt van by the old hut on km. 26 of Reynosa-San Fernando road, near a place known as 'Los Patos'. The van had bullet impacts. This event is suspectedly linked to the rivalry between criminal groups in the area. 1 fatality.",1,MX28032,Reynosa,2024-12-16,2025-12-16
MEX93788,2024-09-28,2024,Political violence,Violence against civilians,Attack,484,North America,Mexico,Veracruz de Ignacio de la Llave,Carrillo Puerto,Tamarindo,18.7999,-96.5717,Imagen del Golfo,"Around 28 September 2024 (as reported), in the municipality of Carrillo Puente (coded to Tamarindo), Veracruz de Ignacio de la Llave, a man was killed and his body was found with signs of violence and 'tiro de gracia' in a cane sugar field by the path that leads to Barbecho river. The victim had disappeared on 19 September 2024. 1 fatality.",1,MX30031,Carrillo Puerto,2024-12-16,2025-12-16
MEX93789,2024-09-29,2024,Political violence,Violence against civilians,Attack,484,North America,Mexico,Veracruz de Ignacio de la Llave,Acayucan,Acayucan,17.9488,-94.9139,La Silla Rota,"On 29 September 2024, in Acayucan, Veracruz, according to witnesses, armed individuals entered a house and killed two people. Among the victims, there was the brother of a farmer leader in the region. According to the investigations, the event is suspected to be related to drug dealing. 2 fatalities.",2,MX30003,Acayucan,2024-12-16,2025-12-16
MEX93790,2024-09-29,2024,Political violence,Violence against civilians,Attack,484,North America,Mexico,Nuevo León,Juarez,Benito Juarez,25.6513,-100.106,La Silla Rota,"Around 29 September 2024 (as reported), in Benito Juarez, Nuevo Leon, five men were killed and their bodies were found with signs of torture, gunshot wounds, and the hands tied in Santa Lidia, near Roble street, in Colonia Bosques del Seminario. Another, three victims were also injured by the same perpetrators. According to the investigations, two of the victims were a contractor and his son. The perpetrators arrived to his house in Colonia Roble and had already six of his workers tied up by the hands. The contractor and his son ran away but were shot and injured. The perpetrators then kidnapped the other six workers and killed them. 5 fatalities. 3 injuries.",5,MX19031,Juárez,2024-12-16,2025-12-16
MEX93791,2024-09-29,2024,Political violence,Violence against civilians,Attack,484,North America,Mexico,Tabasco,Comalcalco,Comalcalco,18.266,-93.225,Tabasco Hoy,"Around 29 September 2024 (month of), in Comalcalco, Tabasco, a woman was killed and her body was found in an advanced state of decomposition and dismembered in Ranch Norte. 1 fatality.",1,MX27005,Comalcalco,2024-12-16,2025-12-16
MEX93792,2024-09-29,2024,Political violence,Violence against civilians,Attack,484,North America,Mexico,Morelos,Cuernavaca,Cuernavaca,18.9218,-99.2349,Diario de Morelos,"Around 29 September 2024 (as reported), in Cuernavaca, Morelos, a person was killed and the body was found set on fire on a bench in Colonia Martires del Rio Blanco. Also in Cuernavaca, a man was killed and his body was found with the feet and hands tied in his house in the intersection of Vicente Guerrero and Emiliano Zapata streets, in Colonia Morelos. 2 fatalities.",2,MX17007,Cuernavaca,2024-12-16,2025-12-16
MEX93793,2024-09-29,2024,Political violence,Violence against civilians,Attack,484,North America,Mexico,Guerrero,Coyuca de Benitez,El Cayaco,17.0472,-100.2682,Riodoce,"On 29 September 2024, in El Cayaco, Guerrero, armed individuals on a van shot at people who were outside a garage on Acapulco-Pinotepa Nacional federal road (drive-by). Five people (four men and a woman) were killed. 5 fatalities.",5,MX12021,Coyuca de Benítez,2024-12-16,2025-12-16
MEX93794,2024-09-29,2024,Political violence,Violence against civilians,Attack,484,North America,Mexico,Sinaloa,Culiacan,El Higueral,24.3107,-107.3477,El Siglo de Durango; Riodoce,"Around 29 September 2024 (as reported), in El Higueral, Sinaloa, a man was killed and his burnt body was found with gunshot wounds on a side of San Lorenzo river. 1 fatality.",1,MX25006,Culiacán,2024-12-16,2025-12-16
MEX93795,2024-09-29,2024,Political violence,Violence against civilians,Attack,484,North America,Mexico,Nuevo León,Linares,Linares,24.8597,-99.5679,El Norte; La Jornada; La Silla Rota,"Around 29 September 2024 (as reported), in Linares, Nuevo Leon, at least four people were killed and their human remains were found inside bags with a message signed by a criminal group in Ejido Los Hoyos. This event is related to a fight between criminal groups. At least 4 fatalities.",4,MX19033,Linares,2024-12-16,2025-12-16
MEX93796,2024-09-29,2024,Political violence,Violence against civilians,Attack,484,North America,Mexico,Colima,Manzanillo,Manzanillo,19.0532,-104.3164,Colima Noticias,"Around 29 September 2024 (as reported), in Manzanillo, Colima, a woman was killed and her body was found with signs of torture and the hands and feed tied by Del Mojo river, in the border area between Colima and Jalisco. 1 fatality.",1,MX06007,Manzanillo,2024-12-16,2025-12-16
MEX93797,2024-09-29,2024,Political violence,Violence against civilians,Attack,484,North America,Mexico,Colima,Manzanillo,Santiago,19.1204,-104.352,Colima Noticias,"On 29 September 2024, in Santiago, Colima, armed individuals on a motorbike shot and killed a man on Ojo de Agua street, in Colonia El Jabali (drive-by). 1 fatality.",1,MX06007,Manzanillo,2024-12-16,2025-12-16
MEX93798,2024-09-29,2024,Political violence,Violence against civilians,Attack,484,North America,Mexico,Jalisco,Tlajomulco de Zuniga,Tlajomulco de Zuniga,20.4736,-103.4431,Metro Gdl,"Around 29 September 2024 (as reported), in Tlajomulco de Zuniga, Jalisco, a man was killed and his body was found semi-naked with his hands tied up inside the trunk of a car in Villa Fontana Aqua. The victim was missing since a day before. 1 fatality.",1,MX14097,Tlajomulco de Zúñiga,2024-12-16,2025-12-16
MEX93800,2024-09-30,2024,Political violence,Violence against civilians,Attack,484,North America,Mexico,Quintana Roo,Benito Juarez,Cancun,21.1614,-86.8248,La Verdad,"Around 30 September 2024 (as reported), in Cancun, Quintana Roo, two people were killed and their bodies were found with their feet and hands tied up with signs of violence inside the trunk of a car in supermanzana 206. 2 fatalities.",2,MX23005,Benito Juárez,2024-12-16,2025-12-16
MEX93802,2024-09-30,2024,Political violence,Violence against civilians,Attack,484,North America,Mexico,Jalisco,El Salto,El Salto,20.5194,-103.1817,Metro Gdl,"Around 30 September 2024 (as reported), in El Salto, Jalisco, a man was killed by members of a criminal groups and his body was found inside the trunk of a car in Colonia Santa Rosa del Valle. 1 fatality.",1,MX14070,El Salto,2024-12-16,2025-12-16
MEX93803,2024-09-30,2024,Political violence,Violence against civilians,Attack,484,North America,Mexico,Nuevo León,Garcia,Garcia,25.8005,-100.5855,Milenio,"On 30 September 2024, in Garcia, Nuevo Leon, several armed men in a vehicle shot and killed a man in a drive-by shooting in Colonia Valle de San Blas. 1 fatality.",1,MX19018,García,2024-12-16,2025-12-16
MEX93804,2024-09-30,2024,Political violence,Violence against civilians,Attack,484,North America,Mexico,Jalisco,Guadalajara,Guadalajara,20.6764,-103.3422,Metro Gdl; Metro Monterrey,"On 30 September 2024, in Guadalajara, Jalisco, armed men in a vehicle shot and killed a man in a drive-by in Oblatos. 1 fatality.",1,MX14039,Guadalajara,2024-12-16,2025-12-16
MEX93807,2024-09-30,2024,Political violence,Violence against civilians,Attack,484,North America,Mexico,Jalisco,Mezquitic,Nueva Colonia,22.3113,-104.0253,Metro Monterrey,"Around 30 September 2024 (as reported), in Nueva Colonia, Jalisco, a man was killed and his body was found burned. 1 fatality.",1,MX14061,Mezquitic,2024-12-16,2025-12-16
MEX93808,2024-09-30,2024,Political violence,Violence against civilians,Attack,484,North America,Mexico,Sonora,San Luis Rio Colorado,San Luis Rio Colorado,32.4798,-114.7796,Entorno Informativo,"Around 30 September 2024 (month of), in San Luis Rio Colorado, Sonora, a person was killed and the body was found in an advanced state of decomposition, gagged and with signs of violence. 1 fatality.",1,MX26055,San Luis Río Colorado,2024-12-16,2025-12-16
MEX93809,2024-09-30,2024,Political violence,Violence against civilians,Attack,484,North America,Mexico,Baja California,Tijuana,Tijuana,32.5325,-117.019,Riodoce; Zeta Tijuana,"Around 30 September 2024 (as reported), in Tijuana, Baja California, at least one person was killed and only a head and a torso were found inside two suitcases in Colonia Reforma with a message. At least 1 fatality.",1,MX02004,Tijuana,2024-12-16,2025-12-16
MEX93811,2024-10-01,2024,Political violence,Violence against civilians,Attack,484,North America,Mexico,Colima,Comala,Comala,19.3258,-103.7594,Colima Noticias,"Around 1 October 2024 (as reported), in Comala municipality, Colima, a man was killed and his body was found with his feet and hands tied up and with signs of torture on the road between Suchitlan to Carrizalillos communities.",1,MX06003,Comala,2024-12-16,2025-12-16
MEX93812,2024-10-01,2024,Political violence,Violence against civilians,Attack,484,North America,Mexico,Morelos,Jiutepec,Jiutepec,18.882,-99.1772,Diario de Morelos,"On 1 October 2024, in Jiutepec, Morelos, two men on a motorcycle opened fire and shot a man in Colonia Jardines de la Hacienda and then fled the scene (drive-by). The man was injured as a result. 1 injury.",0,MX17011,Jiutepec,2024-12-16,2025-12-16
MEX93815,2024-10-02,2024,Political violence,Violence against civilians,Attack,484,North America,Mexico,Tabasco,Centro,Anacleto Canabal 3ra seccion,17.9936,-92.9829,Tabasco Hoy,"Around 2 October 2024 (as reported), in Anacleto Canabal 3ra seccion, Tabasco, a person was killed and the body was found gagged and with several gunshot wounds. A message was found next to the body. 1 fatality.",1,MX27004,Centro,2024-12-16,2025-12-16
MEX93817,2024-10-02,2024,Political violence,Violence against civilians,Attack,484,North America,Mexico,Chihuahua,Chihuahua,Chihuahua,28.6368,-106.0763,Tiempo,"Around 2 October 2024 (as reported), in Chihuahua, Chihuahua, a man was killed and his body was found burned inside a home in Colonia 11 de febrero. 1 fatality.",1,MX08019,Chihuahua,2024-12-16,2025-12-16
MEX93818,2024-10-02,2024,Political violence,Violence against civilians,Attack,484,North America,Mexico,Morelos,Cuernavaca,Cuernavaca,18.9218,-99.2349,Diario de Morelos,"On 2 October 2024, in Cuernavaca, Morelos, a man was killed and his body was found in Colonia Milpillas with a message next to his body accusing the victim of belonging to La Familia Michoacana cartel. 1 fatality.",1,MX17007,Cuernavaca,2024-12-16,2025-12-16
MEX93821,2024-10-02,2024,Political violence,Violence against civilians,Attack,484,North America,Mexico,Veracruz de Ignacio de la Llave,Perote,Perote,19.5612,-97.2428,Imagen del Golfo,"Around 2 October 2024 (as reported), in Perote, Veracruz de Ignacio de la Llave, two men and one woman were killed and their bodies were found with signs of violence inside a house near the military base. The attack us suspected to be linked to drug dealing groups that operate in the area, although this is not confirmed officially. 3 fatalities.",3,MX30128,Perote,2024-12-16,2025-12-16
MEX93828,2024-10-03,2024,Political violence,Violence against civilians,Attack,484,North America,Mexico,Oaxaca,San Francisco Ixhuatan,San Francisco Ixhuatan,16.3524,-94.4838,Quadratin Oaxaca,"Around 3 October 2024 (as reported), in San Francisco Ixhuatan, Oaxaca, a man was killed and his body was found with his hands and feet tied, with signs of torture and with the 'tiro de gracia'. The man was a state police officer who was walking with his daughter when he was kidnapped. 1 fatality.",1,MX20143,San Francisco Ixhuatán,2024-12-16,2025-12-16
MEX93830,2024-10-03,2024,Political violence,Violence against civilians,Attack,484,North America,Mexico,Baja California,Tijuana,Tijuana,32.5325,-117.019,AFN - Tijuana,"Around 3 October 2024 (as reported), in Tijuana, Baja California, one person was killed and the body was found wrapped in blankets and in a sack in Colonia Cerro Colorado. Messages were found next to the body. 1 fatality.",1,MX02004,Tijuana,2024-12-16,2025-12-16
MEX93831,2024-10-03,2024,Political violence,Violence against civilians,Attack,484,North America,Mexico,Tabasco,Centro,Villahermosa,17.9878,-92.9194,Tabasco Hoy,"Around 3 October 2024 (as reported), in Villahermosa, Tabasco, a man was killed and his body was found with gunshot wounds and a message next to his body in Colonia Miguel Hidalgo. 1 fatality.",1,MX27004,Centro,2024-12-16,2025-12-16
MEX93833,2024-10-04,2024,Political violence,Violence against civilians,Attack,484,North America,Mexico,Nuevo León,Cienega de Flores,Cienega de Flores,25.9521,-100.1681,Milenio,"Around 4 October 2024 (as reported), in Cienega de Flores, Nuevo Leon, a person was killed and the mutilated body was found inside a cooler in Colonia Villas de Alcala. 1 fatality.",1,MX19012,Ciénega de Flores,2024-12-16,2025-12-16
MEX93834,2024-10-04,2024,Political violence,Violence against civilians,Attack,484,North America,Mexico,Nuevo León,Santa Catarina,Ciudad Santa Catarina,25.6744,-100.4617,Milenio,"Around 4 October 2024 (as reported), in Ciudad Santa Catarina, Nuevo Leon, a man was killed and his body was found tied and with signs of torture in Cumbres industrial park. 1 fatality.",1,MX19048,Santa Catarina,2024-12-16,2025-12-16
MEX93836,2024-10-04,2024,Political violence,Violence against civilians,Attack,484,North America,Mexico,Nuevo León,Garcia,Garcia,25.8005,-100.5855,El Norte,"On 4 October 2024, in Garcia, Nuevo Leon, a man opened fire from a moving vehicle and shot and injured a woman in Colonia Hacienda del Sol (drive-by). 1 injury.",0,MX19018,García,2024-12-16,2025-12-16
MEX93837,2024-10-01,2024,Political violence,Battles,Armed clash,484,North America,Mexico,Guerrero,Teloloapan,Ahuehuetla,18.3127,-99.939,La Silla Rota,"On 1 October 2024, in Ahuehuetla, Guerrero, criminal members shot at elements of the National Guard, Ministerial police officers and military forces during a patrol. Three armed men were killed. Weapons and drugs were seized. 3 fatalities.",3,MX12058,Teloloapan,2024-12-16,2025-12-16
MEX93841,2024-09-28,2024,Political violence,Battles,Armed clash,484,North America,Mexico,Sinaloa,Elota,Potrerillo del Norote,24.0214,-106.9742,El Siglo de Durango; El Sol de Sinaloa; Noroeste; Riodoce; Tabasco Hoy,"On 28 September 2024, in Potrerillo del Norote, Sinaloa, rival armed groups clashed on the highway known as 'Maxipista Culiacan-Mazatla'. Armed men set a (narco) roadblock using an abandoned vehicle. Several other related clashes were recorded on the same day in other communities along this road (coded separately). This event is likely related to the ongoing fight between factions of the Sinaloa Cartel that started on 9 September (coded separately). There were no casualties.",0,MX25008,Elota,2024-12-16,2025-12-16
MEX93230,2024-09-21,2024,Political violence,Violence against civilians,Attack,484,North America,Mexico,Puebla,Puebla,Santa Maria Xonacatepec,19.0873,-98.1036,E-Consulta; La Jornada; Milenio,"Around 21 September 2024 (as reported), in Santa Maria Xonacatepec, Puebla, six people were killed and their bodies were found dismembered inside two vehicles that were set on fire in Colonias Jardines de San Jose. According to the investigations, the burned vehicles are related to fuel theft and robbery of transporters on highways. Local reports stated that this incident is related to Los Lampones Gang since the van set on fire on the highway is believed to be related to a suspected member of this gang. 6 fatalities.",6,MX21114,Puebla,2024-12-16,2025-12-16
MEX93816,2024-10-03,2024,Political violence,Violence against civilians,Attack,484,North America,Mexico,Tabasco,Macuspana,Aquiles Serdan,17.8056,-92.4905,Tabasco Hoy,"Around 3 October 2024 (between 2 October - 4 October), in Aquiles Serdan, Tabasco, armed individuals traveling in two vehicles followed and ambushed an off-duty state police when he was returning home from work and opened fire at him, causing the man to crash. Afterwards, the armed individuals set fire to the vehicle. A message was found next to the vehicle. The man was kidnapped and a video surfaced showing the victim confessing to his participation in criminal acts. On 4 October, the man's decapitated head was found at KM 20 on the Macuspana-Villahermosa highway and the body was found at the entrance to Aquiles Serdan inside a cooler. 1 fatality.",1,MX27012,Macuspana,2024-12-16,2025-12-16
MEX92333,2024-09-18,2024,Political violence,Violence against civilians,Attack,484,North America,Mexico,Chihuahua,Chihuahua,El Sauz,29.0494,-106.2546,La Jornada; Milenio,"Around 18 September 2024 (between 30 August - 9 October), in El Sauz, Chihuahua, two men and a woman were killed and their dismembered bodies were found near a cave around the hill known as 'El Indio Victorio' on 9 October. The woman was Chihuahua's municipal police commissioner, and one of the men was her husband. Both were abducted from their house in Nuevo Delicias on 1 September 2024. The other victim had disappeared from Nuevo Delicias on 30 August 2024. 3 fatalities.",3,MX08019,Chihuahua,2024-12-16,2025-12-16
MEX93848,2024-10-06,2024,Political violence,Battles,Armed clash,484,North America,Mexico,Baja California,Ensenada,Lazaro Cardenas,31.4037,-115.7292,El Proceso; La Verdad,"On 6 October 2024, in Lazaro Cardenas, Baja California, there was an armed clash between rival gangs in which five people died, and between five and ten were injured. Authorities arrived at the place and arrested between one and five individuals. 5 fatalities.",5,MX02001,Ensenada,2024-12-16,2025-12-16
MEX93849,2024-10-06,2024,Political violence,Battles,Armed clash,484,North America,Mexico,Baja California,Ensenada,Lazaro Cardenas,31.4037,-115.7292,La Verdad,"On 6 October 2024, in Lazaro Cardenas, Baja California, during a security operation, National Guard and army officers clashed with armed individuals. The armed individuals were likely part of one of the gang groups that clashed the same day (coded separately). Three armed individuals were killed. 3 fatalities.",3,MX02001,Ensenada,2024-12-16,2025-12-16
MEX93851,2024-10-07,2024,Political violence,Violence against civilians,Attack,484,North America,Mexico,Baja California,Mexicali,Mexicali,32.6412,-115.476,AFN - Tijuana,"Around 7 October 2024 (as reported), in Mexicali, Baja California, a man was killed and his body was found in fraccionamiento Villas del Colorado with his hands tied, wrapped in plastic and a message next to him indicating his responsibility in a femicide. 1 fatality.",1,MX02002,Mexicali,2024-12-16,2025-12-16
MEX93852,2024-10-09,2024,Political violence,Violence against civilians,Attack,484,North America,Mexico,Baja California,Mexicali,Mexicali,32.6412,-115.476,AFN - Tijuana,"On 9 October 2024, in the Mexicali Valley (coded to Mexicali), Baja California, armed individuals shot at a car on km. 43, killing a man and injuring another. The dead victim was a businessman that sold satelite internet and repaired cellphones. The injured man worked at a car wash. 1 fatality, 1injured.",1,MX02002,Mexicali,2024-12-16,2025-12-16
MEX93853,2024-10-05,2024,Political violence,Violence against civilians,Attack,484,North America,Mexico,Baja California,Tijuana,Tijuana,32.5325,-117.019,AFN - Tijuana,"Around 5 October 2024 (as reported), in Tijuana, Baja California, an unknown number of people were killed and the human remains were found inside a suitcase in Colonia Libertad Parte Baja. A message was found next to the suitcase. Unspecified fatalities coded to 3.",3,MX02004,Tijuana,2024-12-16,2025-12-16
MEX93854,2024-10-08,2024,Political violence,Violence against civilians,Attack,484,North America,Mexico,Baja California,Tijuana,Tijuana,32.5325,-117.019,AFN - Tijuana,"Around 8 October 2024 (as reported), in Tijuana, Baja California, a person was killed and the body was found with the limbs tied on a side of Libramiento Rosas Magallon, in Colonia Pedregal de Santa Julia. 1 fatality.",1,MX02004,Tijuana,2024-12-16,2025-12-16
MEX93855,2024-10-09,2024,Political violence,Violence against civilians,Attack,484,North America,Mexico,Baja California,Tijuana,Tijuana,32.5325,-117.019,AFN - Tijuana,"Around 9 October 2024 (as reported), in Tijuana, Baja California, a person was killed and the body was found wrapped in blankets in Colonia Libertad Parte Alta. 1 fatality.",1,MX02004,Tijuana,2024-12-16,2025-12-16
MEX93861,2024-10-08,2024,Political violence,Violence against civilians,Attack,484,North America,Mexico,Campeche,Calkini,Calkini,20.3705,-90.0503,Tribuna Campeche,"On 8 October 2024, in Calkini, Campeche, at least five armed individuals entered a house in San Martin neighborhood, had an argument with a man, and shot and killed him. 1 fatality.",1,MX04001,Calkiní,2024-12-16,2025-12-16
MEX93863,2024-09-30,2024,Political violence,Violence against civilians,Attack,484,North America,Mexico,Campeche,Campeche,San Francisco de Campeche,19.8448,-90.5396,Tribuna Campeche,"On 30 September 2024, in San Francisco de Campeche, Campeche, two armed men on a motorcycle shot at a taxi driver in a drive-by on Avenida Benito Juarez. There were no casualties.",0,MX04002,Campeche,2024-12-16,2025-12-16
MEX93869,2024-10-09,2024,Political violence,Violence against civilians,Attack,484,North America,Mexico,Chiapas,Chamula,Romerillo,16.7661,-92.5676,Milenio,"On 9 October 2024, in Romerillo, Chiapas, six armed individuals entered a house in the indigenous community and shot and injured three men. 3 injured.",0,MX07023,Chamula,2024-12-16,2025-12-16
MEX93871,2024-10-05,2024,Political violence,Violence against civilians,Attack,484,North America,Mexico,Chiapas,La Concordia,La Concordia,16.1167,-92.6879,24 Horas (Mexico); El Proceso,"Around 5 October 2024 (between 4 - 5 October), in the municipality of La Concordia, Chiapas, two fishermen were killed, and their bodies were found with signs of torture and tied floating in the La Angostura dam on 5 October. The victims were kidnapped a day earlier by unknown individuals together with two other fishermen while fishing in the Rizo de Oro community. The whereabouts of the remaining victims are unknown. 2 fatalities.",2,MX07020,La Concordia,2024-12-16,2025-12-16
MEX93880,2024-10-06,2024,Political violence,Violence against civilians,Attack,484,North America,Mexico,Chihuahua,Aldama,Juan Aldama,28.8384,-105.9113,Tiempo,"Around 6 October 2024 (as reported), close to Juan Aldama, Chihuahua, a man was killed and his body was found with his hands tied to his back and gunshot wounds on the highway Aldama-Chihuahua at KM 24. 1 fatality.",1,MX08002,Aldama,2024-12-16,2025-12-16
MEX93891,2024-10-10,2024,Political violence,Battles,Armed clash,484,North America,Mexico,Ciudad de Mexico,Cuauhtemoc,Ciudad de Mexico - Cuauhtemoc,19.4313,-99.1531,El Norte; Metro Mx,"On 10 October 2024, in Ciudad de Mexico - Cuauhtemoc, a man shot and killed a young man in the Tepito area. It is suspected that this was a dispute about the smuggling of tobacco of foreign origin and that both are members of criminal groups that operate in the area. 1 fatality.",1,MX09015,Cuauhtémoc,2024-12-16,2025-12-16
MEX93895,2024-10-05,2024,Political violence,Violence against civilians,Attack,484,North America,Mexico,Ciudad de Mexico,La Magdalena Contreras,Ciudad de Mexico - Magdalena Contreras,19.3049,-99.2415,Milenio,"On 5 October 2024, in Ciudad de Mexico - Magdalena Contreras, armed individuals chased a man on his motorcycle and opened fire at him repeatedly (drive-by) in Colonia El Ocotal. 1 fatality.",1,MX09008,La Magdalena Contreras,2024-12-16,2025-12-16
MEX93897,2024-10-07,2024,Political violence,Violence against civilians,Attack,484,North America,Mexico,Ciudad de Mexico,Tlahuac,Ciudad de Mexico - Tlahuac,19.2706,-99.0048,El Norte,"On 7 October 2024, in Ciudad de Mexico - Tlahuac, two men aboard a motorcycle shot and killed a man in a van in Colonia Del Mar (drive-by). 1 fatality.",1,MX09011,Tláhuac,2024-12-16,2025-12-16
MEX93899,2024-10-06,2024,Political violence,Violence against civilians,Attack,484,North America,Mexico,Ciudad de Mexico,Venustiano Carranza,Ciudad de Mexico - Venustiano Carranza,19.4193,-99.1137,El Norte,"On 6 October 2024, in Ciudad de Mexico - Venustiano Carranza, armed individuals shot and killed a man in Colonia Moctezuma Primera Seccion while he was standing with several friends. The perpetrators fled in a truck and on a motorcycle. Police officers arrested one man. 1 fatality.",1,MX09017,Venustiano Carranza,2024-12-16,2025-12-16
MEX93900,2024-10-09,2024,Political violence,Violence against civilians,Abduction/forced disappearance,484,North America,Mexico,Ciudad de Mexico,,Ciudad de Mexico,19.4285,-99.1277,La Silla Rota,"Around 9 October 2024 (as reported), in Ciudad de Mexico, a man was abducted by several individuals, according to him. The victim managed to escape and sought assistance from police officers when he was being moved on a vehicle on the Orizaba-Puebla highway, near the area known as 'El Trebol de Escamela.'",0,MX09015,Cuauhtémoc,2024-12-16,2025-12-16
MEX93907,2024-10-09,2024,Political violence,Violence against civilians,Attack,484,North America,Mexico,Colima,Manzanillo,Salagua,19.1034,-104.3327,Colima Noticias,"Around 9 October 2024 (month of), in Salagua, Colima, a person was killed and the body was found in an advanced state of decomposition and with burns on several parts of the body between the remains of a bonfire in Fraccionamiento Marimar. 1 fatality.",1,MX06007,Manzanillo,2024-12-16,2025-12-16
MEX93911,2024-10-05,2024,Political violence,Violence against civilians,Attack,484,North America,Mexico,Guanajuato,Celaya,Celaya,20.5215,-100.814,Borderland Beat,"On 5 October 2024, in Celaya, Guanajuato, unknown armed individuals shot at a bar leaving four dead and one wounded. This is the second attack on a bar in the city in two days. 4 fatalities, 1 injury.",4,MX11007,Celaya,2024-12-16,2025-12-16
MEX93912,2024-10-07,2024,Political violence,Violence against civilians,Attack,484,North America,Mexico,Guanajuato,Celaya,Celaya,20.5215,-100.814,Zona Franca,"On 7 October 2024, in Celaya, Guanajuato, two armed individuals shot and killed a 18-year old man walking on the street in Colonia Residencial Tecnologico. 1 fatality.",1,MX11007,Celaya,2024-12-16,2025-12-16
MEX93933,2024-10-09,2024,Political violence,Battles,Armed clash,484,North America,Mexico,Guerrero,Chilpancingo de los Bravo,Chilpancingo de los Bravo,17.5516,-99.5011,El Blog del Narco; El Universal (Mexico); Mural,"On 9 October 2024, in Chilpancingo de los Bravo, Guerrero, unidentified armed individuals shot at a vehicle on Avenida Gobernadores. A man was killed and a woman was injured. The man was a leader of Los Tlacos gang and a former member of Los Beltran Leyva Cartel. He was also a former ministerial police officer. According to local sources, the victim had agreements with the Mayor who was executed a few days ago. It is suspected that these events were done by Los Ardillos gang, who found out later about their agreement, which caused the killing of both victims. Another version, indicates that he was a member of Los Rojos gang. 1 fatality.",1,MX12029,Chilpancingo de los Bravo,2024-12-16,2025-12-16
MEX93936,2024-10-08,2024,Political violence,Battles,Armed clash,484,North America,Mexico,Guerrero,Olinala,Olinala,17.7789,-98.7397,El Proceso; El Sol de Acapulco; La Jornada; Milenio,"On 8 October 2024, in Olinala, Guerrero, armed individuals in a pick up van entered the town and abducted a man. His relatives requested assistance from the Olinala Communal Militia, whose members immediately intervene, clashed with the armed individuals and released the abducted. In the clash, a person was killed and another was injured. The residents later detained and lynched two of the armed individuals (coded separately). 1 fatality.",1,MX12045,Olinalá,2024-12-16,2025-12-16
MEX93937,2024-10-08,2024,Political violence,Battles,Armed clash,484,North America,Mexico,Guerrero,Olinala,Olinala,17.7789,-98.7397,El Proceso; El Sol de Acapulco; Milenio,"On 8 October 2024, in Olinala, Guerrero, tens of residents and members of Olinala Communal Militia detained, tied, lynched, shot, and set fire to two armed individuals that had entered the town and clashed with the militia earlier the same day (coded separately). Following these events, classes and public transport were suspended in the area, and state police, army and National Guard officers were deployed to maintain security in the municipality. 2 fatalities.",2,MX12045,Olinalá,2024-12-16,2025-12-16
MEX93938,2024-10-09,2024,Political violence,Violence against civilians,Attack,484,North America,Mexico,Guerrero,Petatlan,La Palma,17.6138,-101.3447,24 Horas (Mexico),"On 9 October 2024, in La Palma, Guerrero, according to residents, armed men dressed with clothes from the Marine kidnapped eight young people from the community. The armed men also beaten up women and destroyed houses (methods unknown). According to local neighbors, the event is related to criminal groups. The victim's whereabouts are unknown. Casualties unknown.",0,MX12048,Petatlán,2024-12-16,2025-12-16
MEX93940,2024-10-06,2024,Political violence,Violence against civilians,Attack,484,North America,Mexico,Guerrero,Teloloapan,Teloloapan,18.3718,-99.8696,24 Horas (Mexico); Reforma,"On 6 October 2024, in Teloloapan, Guerrero, several armed men shot and killed two women and a man in the municipal market. A threatening message was found next to the victims stating that 'this is going to happen to everyone who supports the Marrano (pig).' 3 fatalities.",3,MX12058,Teloloapan,2024-12-16,2025-12-16
MEX93941,2024-10-08,2024,Political violence,Violence against civilians,Attack,484,North America,Mexico,Guerrero,Teloloapan,Teloloapan,18.3718,-99.8696,Reforma,"Around 8 October 2024 (as reported), in Teloloapan, Guerrero, a 17 year-old man was killed and his beheaded body was found on the Teloloapan-Iguala road. A threatening message was found next to the victim stating that 'this is going to happen to everyone who supports the Marrano (pig).' It is suspected that the victim was a relative of the 3 people killed on 6 October in a market (coded separately). 1 fatality.",1,MX12058,Teloloapan,2024-12-16,2025-12-16
MEX93943,2024-10-06,2024,Political violence,Violence against civilians,Attack,484,North America,Mexico,Hidalgo,Calnali,Tula,20.8753,-98.5408,La Verdad; Sintesis,"On 6 October 2024, in Tula, Hidalgo, four state police officers killed a man in Fraccionamiento Arboledas. The body was found with gunshot wounds by Requena canal. The four suspected perpetrators were arrested around 9 October 2024. 1 fatality.",1,MX13014,Calnali,2024-12-16,2025-12-16
MEX93951,2024-10-09,2024,Political violence,Violence against civilians,Attack,484,North America,Mexico,Jalisco,Guadalajara,Guadalajara,20.6764,-103.3422,Pagina 24 Jalisco,"On 9 October 2024, in Guadalajara, Jalisco, several armed men shot and killed two people and injured another two in Colonia Valentin Gomez Farias. 2 fatalities.",2,MX14039,Guadalajara,2024-12-16,2025-12-16
MEX93952,2024-10-10,2024,Political violence,Violence against civilians,Attack,484,North America,Mexico,Jalisco,Guadalajara,Guadalajara,20.6764,-103.3422,Borderland Beat; La Jornada; La Prensa de Monclova,"On 10 October 2024, in Guadalajara, Jalisco, the state prosecutor's office was shot and killed by unidentified armed individuals in the parking lot of a self-service store in Colonia Jardines Alcalde. 1 fatality.",1,MX14039,Guadalajara,2024-12-16,2025-12-16
MEX93954,2024-10-09,2024,Political violence,Violence against civilians,Abduction/forced disappearance,484,North America,Mexico,Jalisco,Lagos de Moreno,Lagos de Moreno,21.3564,-101.9292,Milenio,"Around 9 October 2024 (as reported), in Lagos de Moreno, Jalisco, four men were abducted by an unknown number of perpetrators. On 9 October 2024, police officers located them with the hands tied and blindfolded in a house in Colonia San Miguel and released them.",0,MX14053,Lagos de Moreno,2024-12-16,2025-12-16
MEX93955,2024-10-07,2024,Political violence,Violence against civilians,Attack,484,North America,Mexico,Jalisco,San Pedro Tlaquepaque,Tlaquepaque,20.6386,-103.3072,El Norte,"On 7 October 2024, in Tlaquepaque, Jalisco, armed individuals in two vehicles caught up with a man driving his car in Colonia Central Nueva and shot him (drive-by). The man died as a result. 1 fatality.",1,MX14098,San Pedro Tlaquepaque,2024-12-16,2025-12-16
MEX93956,2024-10-05,2024,Political violence,Violence against civilians,Attack,484,North America,Mexico,Jalisco,Tlajomulco de Zuniga,Tlajomulco de Zuniga,20.4736,-103.4431,El Norte,"Around 5 October 2024 (as reported), in Tlajomulco de Zuniga, Nuevo Leon, a man was killed and his body was found wrapped in plastic inside a suitcase in fraccionamiento Casa Blanca. 1 fatality.",1,MX14097,Tlajomulco de Zúñiga,2024-12-16,2025-12-16
MEX93957,2024-10-09,2024,Political violence,Violence against civilians,Attack,484,North America,Mexico,Jalisco,Zapopan,Zapopan,20.7206,-103.3883,Mural,"On 9 October 2024, in Zapopan, Jalisco, two armed individuals on a motorbike shot and injured the driver of a public bus that was cleaning the vehicle in Colonia Mesa Colorada Oriente (drive-by). 1 injured.",0,MX14120,Zapopan,2024-12-16,2025-12-16
MEX93959,2024-10-09,2024,Political violence,Violence against civilians,Attack,484,North America,Mexico,México,Atlautla,Atlautla,19.0286,-98.78,Milenio,"Around 9 October 2024 (as reported), in Atlautla, Mexico, according to witnesses, armed individuals on a motorbike shot at a public bus on Mexico-Cuautla federal road, by Santa Rita, in an area known as 'Las Delicias', injuring the driver (drive-by). The event is suspectedly linked to extorsion.",0,MX15015,Atlautla,2024-12-16,2025-12-16
MEX93960,2024-10-08,2024,Political violence,Violence against civilians,Attack,484,North America,Mexico,México,Chimalhuacan,Chimalhuacan,19.4169,-98.9453,Reforma,"Around 8 October 2024 (as reported), in Chimalhuacan, Mexico, a man was killed and his body was found on a bench in the intersection of Arca de Noe avenue and Tizoc street, in Colonia Acuitlapilco, together with a blanket with a threatening message against criminal groups that operate in the area. 1 fatality.",1,MX15031,Chimalhuacán,2024-12-16,2025-12-16
MEX93965,2024-10-08,2024,Political violence,Violence against civilians,Attack,484,North America,Mexico,México,Jilotepec,San Lorenzo Nenamicoyan,20.1384,-99.6467,24 Horas (Mexico); La Silla Rota,"Around 8 October 2024 (as reported), in San Lorenzo Nenamicoyan, Mexico, four people were killed and their burnt bodies were found inside a car. A skull was also found inside the vehicle (not included as a fatality). 5 fatalities.",5,MX15045,Jilotepec,2024-12-16,2025-12-16
MEX93971,2024-10-06,2024,Political violence,Violence against civilians,Attack,484,North America,Mexico,México,Tlalnepantla de Baz,Tlalnepantla,19.5385,-99.1952,Reforma,"Around 6 October 2024 (as reported), in Tlalnepantla, Mexico, a man was killed and his body was found with gunshot wounds and his head decapitated and placed inside a box in the housing unit El Rosario. 1 fatality.",1,MX15104,Tlalnepantla de Baz,2024-12-16,2025-12-16
MEX93981,2024-10-05,2024,Political violence,Violence against civilians,Attack,484,North America,Mexico,Michoacán,Morelia,Morelia,19.7034,-101.192,La Voz de Michoacan,"Around 5 October 2024 (as reported), in Morelia, Michoacan de Ocampo, a man was killed and his body was found with the 'tiro de gracia' near the Cointzio dam in Colonia La Campana. 1 fatality.",1,MX16053,Morelia,2024-12-16,2025-12-16
MEX93986,2024-10-08,2024,Political violence,Violence against civilians,Attack,484,North America,Mexico,Michoacán,Paracho,Paracho de Verduzco,19.6473,-102.0485,Contramuro; La Voz de Michoacan,"On 8 October 2024, in Paracho de Verduzco, Michoacan de Ocampo, several armed individuals shot and killed a hairdresser inside the barbershop that he owned on Aquiles Serdan street. 1 fatality.",1,MX16065,Paracho,2024-12-16,2025-12-16
MEX93987,2024-10-08,2024,Political violence,Battles,Armed clash,484,North America,Mexico,Michoacán,Paracuaro,Puerta Chica,19.1913,-102.2075,MiMorelia,"On 8 October 2024, near Puerta Chica, Michoacan de Ocampo, army, National Guard and Civil Guard officers clashed with members of a gang. A farmer was injured by a stray bullet. Officers arrested two armed men and seized eight firearms, two grenades, drugs and stolen vehicles. There were no fatalities.",0,MX16064,Parácuaro,2024-12-16,2025-12-16
MEX93992,2024-10-08,2024,Political violence,Violence against civilians,Attack,484,North America,Mexico,Morelos,Cuautla,Cuautla,18.8128,-98.9553,Diario de Morelos,"Around 8 October 2024 (as reported), in Cuautla, Morelos, a woman was killed and her dismembered body was found in and around plastic bags on Sureno Carranza and Sufragio Efectivo streets, in Colonia Emiliano Zapata. 1 fatality.",1,MX17006,Cuautla,2024-12-16,2025-12-16
MEX93994,2024-10-06,2024,Political violence,Violence against civilians,Attack,484,North America,Mexico,Morelos,Cuernavaca,Cuernavaca,18.9218,-99.2349,Diario de Morelos,"On 6 October 2024, in Cuernavaca, Morelos, according to witnesses, two men travelling on a motorcycle opened fire at three people in Colonia Lagunilla. All three were injured as a result. 3 injuries.",0,MX17007,Cuernavaca,2024-12-16,2025-12-16
MEX93996,2024-10-10,2024,Political violence,Explosions/Remote violence,Grenade,484,North America,Mexico,Morelos,Cuernavaca,Cuernavaca,18.9218,-99.2349,Diario de Morelos,"On 10 October 2024, in Cuernavaca, Morelos, armed individuals threw an explosive device which damage a tortilla shop (likely empty) in colonia Emiliano Zapata.",0,MX17007,Cuernavaca,2024-12-16,2025-12-16
MEX93999,2024-10-06,2024,Political violence,Violence against civilians,Attack,484,North America,Mexico,Morelos,Temixco,Temixco,18.8453,-99.2241,Diario de Morelos,"On 6 October 2024, in Temixco, Morelos, according to witnesses, armed individuals in a vehicle arrived at a bar, opened fire and then fled the scene (drive-by) in Colonia Emiliano Zapata. Two people were killed and two were injured. 2 fatalities, 2 injuries.",2,MX17018,Temixco,2024-12-16,2025-12-16
MEX94001,2024-10-05,2024,Political violence,Violence against civilians,Attack,484,North America,Mexico,Morelos,Xochitepec,Xochitepec,18.7808,-99.2305,Diario de Morelos,"On 5 October 2024, in Xochitepec, Morelos, two men who arrived on a motorcycle shot and killed a man in Colonia Nuevo Morelos and then fled the scene. 1 fatality.",1,MX17028,Xochitepec,2024-12-16,2025-12-16
MEX94002,2024-10-09,2024,Political violence,Battles,Armed clash,484,North America,Mexico,Nuevo León,Apodaca,Ciudad Apodaca,25.7813,-100.1892,El Norte,"On 9 October 2024, in Ciudad Apodaca, Nuevo Leon, unidentified armed individuals shot and killed a food delivery man in Colonia Ebanos. The victim was found with drugs. 1 fatality.",1,MX19006,Apodaca,2024-12-16,2025-12-16
MEX94003,2024-10-09,2024,Political violence,Battles,Armed clash,484,North America,Mexico,Nuevo León,Cienega de Flores,Cienega de Flores,25.9521,-100.1681,El Norte,"On 9 October 2024, in Cienega de Flores, Nuevo Leon, armed individuals shot at the state police around colonias Paseo del Roble, Valle del Carrizal and Cerrada de Vendanova. The police repelled the attack. One police officer was injured.",0,MX19012,Ciénega de Flores,2024-12-16,2025-12-16
MEX94004,2024-10-07,2024,Political violence,Violence against civilians,Attack,484,North America,Mexico,Nuevo León,Garcia,Garcia,25.8005,-100.5855,El Norte,"On 7 October 2024, in Garcia, Nuevo Leon, one armed individual stopped in front of a house in Colonia Paseo de Capellania and opened fire at a man (drive-by) from the vehicle. The man was injured as a result. 1 injury.",0,MX19018,García,2024-12-16,2025-12-16
MEX94005,2024-10-10,2024,Political violence,Battles,Armed clash,484,North America,Mexico,Nuevo León,Garcia,Garcia,25.8005,-100.5855,Milenio,"On 10 October 2024, in Garcia, Nuevo Leon, there was an armed clash between armed men in colonia Real San Joaquin. According to local sources, the event took place around a place known to be a drug dealing point. Two armed men were killed. 2 fatalities.",2,MX19018,García,2024-12-16,2025-12-16
MEX94006,2024-10-07,2024,Political violence,Violence against civilians,Attack,484,North America,Mexico,Nuevo León,General Escobedo,Ciudad General Escobedo,25.808,-100.3226,Milenio,"On 7 October 2024, in Ciudad General Escobedo, Nuevo Leon, several armed individuals entered a home in Colonia Laderas de San Manuel and stabbed two people. One was killed and the other was injured. The home is believed to be linked to the sale of drugs. Two armed individuals were arrested. 1 fatality, 1 injury.",1,MX19021,General Escobedo,2024-12-16,2025-12-16
MEX94007,2024-10-11,2024,Political violence,Violence against civilians,Attack,484,North America,Mexico,Nuevo León,General Escobedo,Ciudad General Escobedo,25.808,-100.3226,El Norte; Milenio,"On 11 October 2024, in Ciudad General Escobedo, Nuevo Leon, armed men in a vehicle shot and killed two men in a drive-by in Colonia Infonavit Felipe Carrillo Puerto. Another version, is that according to witnesses, an armed man killed them. 2 fatalities.",2,MX19021,General Escobedo,2024-12-16,2025-12-16
MEX94009,2024-10-07,2024,Political violence,Violence against civilians,Attack,484,North America,Mexico,Nuevo León,Juarez,Benito Juarez,25.6513,-100.106,El Norte,"On 7 October 2024, in Benito Juarez, Nuevo Leon, at least two armed men opened fire at two teenagers in Colonia Urbivilla del Real. Both teenagers were injured as a result. 2 injuries.",0,MX19031,Juárez,2024-12-16,2025-12-16
MEX94010,2024-10-05,2024,Political violence,Violence against civilians,Attack,484,North America,Mexico,Nuevo León,Linares,Linares,24.8597,-99.5679,El Norte,"Around 5 October 2024 (as reported), in Linares, Nuevo Leon, a person was killed and the body was found burned during a police operation. 1 fatality.",1,MX19033,Linares,2024-12-16,2025-12-16
MEX94020,2024-10-10,2024,Political violence,Violence against civilians,Abduction/forced disappearance,484,North America,Mexico,Nuevo León,Pesqueria,Pesqueria,25.7833,-100.0537,El Norte; Metro Monterrey,"On 10 October 2024, in Pesqueria, Nuevo Leon, eight armed men from a criminal group travelling in two vehicles entered a house and kidnapped a young man in Colonia Santa Engracia. The perpetrators also shot at another house and set it on fire. According to the investigations, the event is a retaliation against a man who had been previously threatened. The victim's whereabouts are unknown. The perpetrators later clashed with municipal police officers (coded separately).",0,MX19041,Pesquería,2024-12-16,2025-12-16
MEX94021,2024-10-10,2024,Political violence,Battles,Armed clash,484,North America,Mexico,Nuevo León,Pesqueria,Pesqueria,25.7833,-100.0537,El Norte; Metro Monterrey,"On 10 October 2024, in Pesqueria, Nuevo Leon, there was an armed clash between municipal police officers and members of a criminal group after they kidnapped a young man (coded separately). Casualties unknown.",0,MX19041,Pesquería,2024-12-16,2025-12-16
MEX94022,2024-10-07,2024,Political violence,Violence against civilians,Attack,484,North America,Mexico,Nuevo León,San Nicolas de los Garza,San Nicolas de los Garza,25.7553,-100.2896,La Prensa de Monclova,"On 7 October 2024, in San Nicolas de los Garza, Nuevo Leon, armed individuals opened fire from a moving vehicle (drive-by) in Colonia Villa Luz and killed a man. 1 fatality.",1,MX19046,San Nicolás de los Garza,2024-12-16,2025-12-16
MEX94024,2024-10-09,2024,Political violence,Violence against civilians,Attack,484,North America,Mexico,Nuevo León,Santa Catarina,Ciudad Santa Catarina,25.6744,-100.4617,Milenio,"Around 9 October 2024 (as reported), in Ciudad Santa Catarina, Nuevo Leon, armed individuals who arrived on a motorbike shot and killed a man that was driving a vehicle on the old path to Villa Garcia, near the Industrial Park. 1 fatality.",1,MX19048,Santa Catarina,2024-12-16,2025-12-16
MEX94025,2024-10-05,2024,Political violence,Violence against civilians,Attack,484,North America,Mexico,Oaxaca,Heroica Ciudad de Juchitan de Zaragoza,Juchitan de Zaragoza,16.4333,-95.0216,Quadratin Oaxaca,"Around 5 October 2024 (as reported), in Juchitan de Zaragoza, Oaxaca, a man was killed and his body was found with his hands and feet tied and with gunshot wounds to his body in a field. 1 fatality.",1,MX20043,Heroica Ciudad de Juchitán de Zaragoza,2024-12-16,2025-12-16
MEX94028,2024-10-07,2024,Political violence,Violence against civilians,Attack,484,North America,Mexico,Oaxaca,San Juan Juquila Mixes,San Juan Juquila Mixes,16.9356,-95.9188,24 Horas (Mexico),"On 7 October 2024, in San Juan Juquila Mixes, Oaxaca, unknown armed individuals killed three victims who were called to do a job as bricklayers. One of the victim's hands were cut off and a narco message was found next to the bodies. 3 fatalities.",3,MX20200,San Juan Juquila Mixes,2024-12-16,2025-12-16
MEX94030,2024-10-07,2024,Political violence,Violence against civilians,Attack,484,North America,Mexico,Oaxaca,Santo Tomas Jalieza,Santo Tomas Jalieza,16.8447,-96.6705,Quadratin Oaxaca,"Around 7 October 2024 (as reported), in Santo Tomas Jalieza, Oaxaca, two legs and an arm were found on the free highway at the height of a tourist site. At least 1 injury.",0,MX20530,Santo Tomás Jalieza,2024-12-16,2025-12-16
MEX94031,2024-10-04,2024,Political violence,Violence against civilians,Attack,484,North America,Mexico,Puebla,Ajalpan,San Jose Buena Vista,18.4048,-97.2677,E-Consulta,"Around 4 October 2024 (as reported), close to San Jose Buena Vista, Puebla, the secretary of the ejidal commissioner of Ajalpan was killed and his body was found with signs of torture after he was kidnapped at the cemetery close to La Trinidad. The man had the 'tiro de gracia'. 1 fatality.",1,MX21010,Ajalpan,2024-12-16,2025-12-16
MEX94034,2024-10-06,2024,Political violence,Violence against civilians,Attack,484,North America,Mexico,Puebla,Puebla,Heroica Puebla de Zaragoza,19.044,-98.1975,E-Consulta,"Around 6 October 2024 (month of), in Heroica Puebla de Zaragoza, Puebla, a man was killed and his body was found in fraccionamiento La Hacienda covered in a blanket. The body was in a state of decomposition. 1 fatality.",1,MX21114,Puebla,2024-12-16,2025-12-16
MEX94048,2024-10-09,2024,Political violence,Violence against civilians,Attack,484,North America,Mexico,Querétaro,El Marques,Jesus Maria,20.623,-100.2556,Zeta Tijuana,"On 9 October 2024, in Jesus Maria, Queretaro, two armed individuals shot and killed four women and a man inside a house. 5 fatalities.",5,MX22011,El Marqués,2024-12-16,2025-12-16
MEX94049,2024-10-11,2024,Political violence,Violence against civilians,Attack,484,North America,Mexico,Quintana Roo,Benito Juarez,Cancun,21.1614,-86.8248,La Verdad,"On 11 October 2024, in Cancun, Quintana Roo, an armed man shot and killed a woman in Supermanzana 60. According to local sources, the victim was killed due to extortion of the 'fee floor'. 1 fatality.",1,MX23005,Benito Juárez,2024-12-16,2025-12-16
MEX94053,2024-10-06,2024,Political violence,Violence against civilians,Attack,484,North America,Mexico,Sinaloa,Culiacan,Aguaruto,24.7785,-107.5072,Riodoce,"Around 6 October 2024 (as reported), in Aguaruto, Sinaloa, a man and a woman were killed and their bodies were found with signs of torture, burned and shot to death. The man's hands were tied to his back and his face was covered in tape. 2 fatalities.",2,MX25006,Culiacán,2024-12-16,2025-12-16
MEX94077,2024-10-09,2024,Political violence,Violence against civilians,Attack,484,North America,Mexico,Sinaloa,Elota,Alta Rosa,24.1546,-106.9992,Riodoce,"Around 9 October 2024 (as reported), in Alta Rosa, Sinaloa, two men were killed and their bodies were found covered by blankets, with gunshot wounds and signs of torture on a path between Baila and El Espinal. 2 fatalities.",2,MX25008,Elota,2024-12-16,2025-12-16
MEX94085,2024-10-08,2024,Political violence,Violence against civilians,Attack,484,North America,Mexico,Sonora,Cajeme,Ciudad Obregon,27.4965,-109.9327,Entorno Informativo,"On 8 October 2024, in Ciudad Obregon, Sonora, according to witnesses, armed individuals chased, shot and killed a 16 years-old boy on Leonardo Magana street, between Sinaloa and Ruffo E. Vitela streets, in Colonia Municipio Libre. 1 fatality.",1,MX26018,Cajeme,2024-12-16,2025-12-16
MEX94086,2024-10-10,2024,Political violence,Violence against civilians,Attack,484,North America,Mexico,Sonora,Cajeme,Ciudad Obregon,27.4965,-109.9327,Entorno Informativo,"Around 10 October 2024 (as reported), in Ciudad Obregon, Sonora, two men were killed and their bodies were found inside bags with two messages addressed to criminal groups in Colonia Campestre. 2 fatalities.",2,MX26018,Cajeme,2024-12-16,2025-12-16
MEX94093,2024-10-08,2024,Political violence,Violence against civilians,Attack,484,North America,Mexico,Tabasco,Cardenas,Cardenas,17.9894,-93.3769,Tabasco Hoy,"Around 8 October 2024 (as reported), in Cardenas, Tabasco, according to a witness, an armed man shot and killed two men that were drinking on Cuatro street, in Colonia Emiliano Zapata. The perpetrator shot several times and gave the 'tiro de gracia' to both victims. 2 fatalities.",2,MX27002,Cárdenas,2024-12-16,2025-12-16
MEX94094,2024-10-10,2024,Political violence,Battles,Armed clash,484,North America,Mexico,Tabasco,Centro,Villa Parrilla,18.1499,-92.8666,Milenio; Tabasco Hoy,"On 10 October 2024, in Villa Parrilla, Tabasco, armed individuals shot at the facilities that state police officers were guarding. Two state police officers were injured.",0,MX27004,Centro,2024-12-16,2025-12-16
MEX94095,2024-10-03,2024,Political violence,Violence against civilians,Attack,484,North America,Mexico,Tabasco,Centro,Villahermosa,17.9878,-92.9194,Tabasco Hoy,"Around 3 October 2024 (between 1 October - 4 October), in Villahermosa, Tabasco, a man was killed and his body was found tied and with a gunshot to his head in the industrial zone on 4 October. The man was reported missing on 1 October. 1 fatality.",1,MX27004,Centro,2024-12-16,2025-12-16
MEX94097,2024-10-06,2024,Political violence,Violence against civilians,Attack,484,North America,Mexico,Tabasco,Centro,Villahermosa,17.9878,-92.9194,Tabasco Hoy,"Around 6 October 2024 (as reported), in Villahermosa, Tabasco, a man was killed and his body was found in Colonia Reforma with his hands tied to his back. 1 fatality.",1,MX27004,Centro,2024-12-16,2025-12-16
MEX94100,2024-10-08,2024,Political violence,Violence against civilians,Attack,484,North America,Mexico,Tabasco,Centro,Villahermosa,17.9878,-92.9194,Tabasco Hoy,"On 8 October 2024, in Villahermosa, Tabasco, according to witnesses, at least two armed individuals on a motorbike shot and killed a man that was driving a van on Chicanel street, on a side of Diana Laura Rojas park, in Colonia Infonavit Industrial (drive-by). 1 fatality.",1,MX27004,Centro,2024-12-16,2025-12-16
MEX94103,2024-10-10,2024,Political violence,Battles,Armed clash,484,North America,Mexico,Tabasco,Centro,Villahermosa,17.9878,-92.9194,Imagen del Golfo; Milenio; Tabasco Hoy,"On 10 October 2024, around Villahermosa, Tabasco, unidentified armed individuals shot at municipal police officers on the Villahermosa-Teapa highway around km 15. One police officer was injured. Also another two people were injured with stray bullets. This event was part of a series of related events that were also reported around the city (coded separately). According to local sources, is related to a dispute between criminal groups. Another version also indicates that these actions were a respond to actions made by the authorities.",0,MX27004,Centro,2024-12-16,2025-12-16
MEX94104,2024-10-06,2024,Political violence,Violence against civilians,Attack,484,North America,Mexico,Tabasco,Comalcalco,Zapotal,18.3133,-93.261,Tabasco Hoy,"On 6 October 2024, in Zapotal, Tabasco, a group of armed men shot and killed two men at a ranch. One of the victims was identified as a former municipal police officer. 2 fatalities.",2,MX27005,Comalcalco,2024-12-16,2025-12-16
MEX94106,2024-10-05,2024,Political violence,Violence against civilians,Attack,484,North America,Mexico,Tabasco,Huimanguillo,C-32,17.9676,-93.499,Tabasco Hoy,"On 5 October 2024, in C-32, Tabasco, unknown armed individuals shot at individuals outside a beer warehouse in C-32 and kidnapped a man. The kidnapped man was later found in C-40 dead and with a message next to his body. 1 fatality.",1,MX27008,Huimanguillo,2024-12-16,2025-12-16
MEX94107,2024-10-08,2024,Political violence,Violence against civilians,Attack,484,North America,Mexico,Tabasco,Huimanguillo,Huimanguillo,17.8352,-93.3908,Tabasco Hoy,"On 8 October 2024, in Huimanguillo, Tabasco, according to witnesses, a group of armed individuals shot and killed a man on the road that connects Fraccionamiento Pomoca and Colonia Galaxia, near Resequin and Montana ranches, in the area bordering the municipality of Cardenas. The perpetrators left a cardboard with a message signed by 'The people' and threatening those that steal Oxxo stores, vehicles, motorbikes and houses. According to the message, the perpetrators had identified more suspected criminals and there will be more attacks against them. 1 fatality.",1,MX27008,Huimanguillo,2024-12-16,2025-12-16
MEX94109,2024-10-08,2024,Political violence,Violence against civilians,Attack,484,North America,Mexico,Tabasco,Paraiso,Chiltepec,18.4313,-93.0848,Tabasco Hoy,"Around 8 October 2024 (month of), in Chiltepec, Tabasco, a man was killed and his beheaded and dismembered body was found in an advance state of decomposition inside a plastic bag in the mangroves. 1 fatality.",1,MX27014,Paraíso,2024-12-16,2025-12-16
MEX94110,2024-10-11,2024,Political violence,Battles,Armed clash,484,North America,Mexico,Tamaulipas,Matamoros,Heroica Matamoros,25.8799,-97.5048,La Verdad,"Around 11 October 2024 (as reported), in Heroica Matamoros, Tamaulipas, a leader of the Gulf Cartel was killed and his body was found with signs of torture behind the Jardines del Recuerdo Pantheon. The event occurred in a context of growing internal tensions within the cartel, with the Ciclones-Escorpiones faction at the center of the dispute. 1 fatality.",1,MX28022,Matamoros,2024-12-16,2025-12-16
MEX94113,2024-10-05,2024,Political violence,Violence against civilians,Attack,484,North America,Mexico,Tamaulipas,Reynosa,Reynosa,26.0924,-98.2781,Hoy Tamaulipas,"Around 5 October 2024 (as reported), in Reynosa, Tamaulipas, a person was killed and the human remains were found wrapped in a shower curtain close to Colonia Paseo del Prado. 1 fatality.",1,MX28032,Reynosa,2024-12-16,2025-12-16
MEX94120,2024-10-10,2024,Political violence,Violence against civilians,Attack,484,North America,Mexico,Veracruz de Ignacio de la Llave,Minatitlan,Minatitlan,17.991,-94.5484,Imagen del Golfo,"On 10 October 2024, in Minatitlan, Veracruz, armed men shot at a man in Colonia Buenavista Norte. The victim died later at the hospital. A street vendor was also injured with a stray bullet. 1 fatality, 1 injured.",1,MX30108,Minatitlán,2024-12-16,2025-12-16
MEX94132,2024-10-02,2024,Political violence,Violence against civilians,Abduction/forced disappearance,484,North America,Mexico,Zacatecas,Fresnillo,Fresnillo,23.1749,-102.8682,Pagina 24 Zacatecas,"On 2 October 2024, in Fresnillo, Zacatecas, several armed individuals kidnapped two 17 year old boys in Colonia Industrial near the high school Benito Juarez. One boy was freed on 6 October. The whereabouts of the other victim are unknown.",0,MX32010,Fresnillo,2024-12-16,2025-12-16
MEX94133,2024-10-06,2024,Political violence,Violence against civilians,Attack,484,North America,Mexico,Zacatecas,Fresnillo,Fresnillo,23.1749,-102.8682,Pagina 24 Zacatecas,"Around 6 October 2024 (as reported), in Fresnillo, Zacatecas, two men were killed and their bodies were found with signs of torture and covered in sheets close to fraccionamiento Abel Davila Garcia. 2 fatalities.",2,MX32010,Fresnillo,2024-12-16,2025-12-16
MEX93894,2024-10-11,2024,Political violence,Battles,Armed clash,484,North America,Mexico,Ciudad de Mexico,Iztapalapa,Ciudad de Mexico - Iztapalapa,19.359,-99.0926,La Jornada; Milenio,"On 11 October 2024, in Ciudad de Mexico - Iztapalapa, according to witnesses, an armed man shot and killed a man in the metro station Tepalcates. The perpetrator ran away with his accomplice. According to the investigations, the victim is suspected to be a member of La Union Tepito and the event is related to a dispute between criminal groups. 1 fatality.",1,MX09007,Iztapalapa,2024-12-16,2025-12-16
MEX93866,2024-10-11,2024,Political violence,Violence against civilians,Attack,484,North America,Mexico,Campeche,Campeche,San Francisco de Campeche,19.8448,-90.5396,Milenio; Tribuna Campeche,"On 11 October 2024, in San Francisco de Campeche, Campeche, armed men on a motorcycle shot and killed a man in colonia Santa Barbara. The event is related to a narco-message that was set by the CJNG, which had promised to 'cleanse Campeche' of people linked to extortion and the collection of protection money. 1 fatality.",1,MX04002,Campeche,2024-12-16,2025-12-16
MEX93879,2024-10-11,2024,Political violence,Violence against civilians,Attack,484,North America,Mexico,Chiapas,Tuxtla Gutierrez,Tuxtla Gutierrez,16.754,-93.1152,La Jornada; Milenio,"On 11 October 2024, in Tuxtla Gutierrez, Chiapas, an employee of the Treasury Department of the Government of Chiapas was shot and killed by unidentified armed individuals when he was taking his son to school in Colonia 15 de septiembre. His son was also injured but died a day later at the hospital. The victim worked as an administrative analyst in the Administrative Process Innovation Area of the Treasury Department of Chiapas. 2 fatalities.",2,MX07101,Tuxtla Gutiérrez,2024-12-16,2025-12-16
MEX94115,2024-10-11,2024,Political violence,Violence against civilians,Abduction/forced disappearance,484,North America,Mexico,Tamaulipas,Xicotencatl,Xicotencatl,22.9965,-98.9424,24 Horas (Mexico); Hoy Tamaulipas; La Jornada; Milenio; Zona Franca,"On 11 October 2024, in Xicotencatl, Tamaulipas, a local PAN deputy was almost kidnapped by at least four armed men travelling on motorcycles and a vehicle who entered to his property in Lupita ranch. One version, indicates that two of his bodyguards were killed, however, this was not confirmed by the authorities. The victim is the brother of the former PAN candidate for the government of Tamaulipas and current federal deputy. A day later he was found alive after he hid in his property.",0,MX28043,Xicoténcatl,2024-12-16,2025-12-16
MEX94054,2024-10-07,2024,Political violence,Violence against civilians,Attack,484,North America,Mexico,Sinaloa,Culiacan,Campo Patricia,24.5456,-107.4417,La Jornada,"Around 7 October 2024 (as reported), in Campo Patricia, Sinaloa, two people were killed and their bodies were found burned in Campo Patricia on the Culiacan-El Dorado highway. 2 fatalities.",2,MX25006,Culiacán,2024-12-16,2025-12-16
MEX94083,2024-10-10,2024,Political violence,Violence against civilians,Attack,484,North America,Mexico,Sinaloa,Navolato,Campo Victoria,24.5895,-107.5444,El Sol de Sinaloa; La Silla Rota; Riodoce,"Around 10 October 2024 (as reported), around Campo Victoria, Sinaloa, a man was killed and the body was found with signs of torture and his hands tied up on the road to Navolato. 1 fatality.",1,MX25018,Navolato,2024-12-16,2025-12-16
MEX94135,2024-10-18,2024,Political violence,Violence against civilians,Abduction/forced disappearance,484,North America,Mexico,Baja California,Tijuana,Tijuana,32.5325,-117.019,AFN - Tijuana,"Around 18 October 2024 (as reported), in Tijuana, Baja California, four men abducted an American man. National Guard and army officers arrested the perpetrators including a person of American origin, in a house in Colonia Obrera, where they also seized three fireweapons and drugs. It is not known whether the victim was located and released.",0,MX02004,Tijuana,2024-12-16,2025-12-16
MEX94137,2024-10-11,2024,Political violence,Violence against civilians,Abduction/forced disappearance,484,North America,Mexico,Zacatecas,Fresnillo,Fresnillo,23.1749,-102.8682,Pagina 24 Zacatecas,"On 11 October 2024, in Fresnillo, Zacatecas, members of a criminal group kidnapped two young girls when they entered a house in fraccionamiento Balcones. The victim's whereabouts are unknown.",0,MX32010,Fresnillo,2024-12-16,2025-12-16
MEX94139,2024-10-16,2024,Political violence,Violence against civilians,Abduction/forced disappearance,484,North America,Mexico,Tamaulipas,Reynosa,Reynosa,26.0924,-98.2781,Hoy Tamaulipas,"On 16 October 2024, in Reynosa, Tamaulipas, at least three armed men kidnapped a man. In response, police located the vehicle and arrested the three men.",0,MX28032,Reynosa,2024-12-16,2025-12-16
MEX94142,2024-10-12,2024,Political violence,Violence against civilians,Abduction/forced disappearance,484,North America,Mexico,Nuevo León,Linares,Linares,24.8597,-99.5679,El Norte,"On 12 October 2024, in Linares, Nuevo Leon, an armed group abducted two men in Colonia Los Nogales. The victims' whereabouts are unknown.",0,MX19033,Linares,2024-12-16,2025-12-16
MEX94143,2024-10-17,2024,Political violence,Battles,Armed clash,484,North America,Mexico,Sinaloa,Culiacan,El Guasimal,24.9188,-107.292,Riodoce,"Around 17 October 2024 (as reported), in El Guasimal, Sinaloa, army and National Guard officers clashed with armed individuals. Six armed individuals died. Authorities seized 22 fireweapons, two grenades, and 12 vehicles. This event is likely part of the war between 'Los Chapitos' and 'Los Mayitos' factions of the Sinaloa Cartel. 6 fatalities.",6,MX25006,Culiacán,2024-12-16,2025-12-16
MEX94149,2024-10-16,2024,Political violence,Battles,Armed clash,484,North America,Mexico,Sonora,Benito Juarez,Villa Juarez,27.1283,-109.837,Entorno Informativo,"On 16 October 2024, in Villa Juarez, Sonora, a man threatened passersby with a machete and attempted to attack municipal police officers who arrived at the place. The officers shot and killed him. 1 fatality.",1,MX26071,Benito Juárez,2024-12-16,2025-12-16
MEX94151,2024-10-18,2024,Political violence,Battles,Armed clash,484,North America,Mexico,Nayarit,Huajicori,Huajicori,22.6396,-105.3315,Riodoce,"Around 18 October 2024 (as reported), in the village of San Juan (coded to Huajicori), Nayarit, National Guard, army and state police officers clashed with armed individuals that shot at the officers when they approached the scene. The officers seized a fireweapon and six explosive devices. Casualties unknown.",0,MX18005,Huajicori,2024-12-16,2025-12-16
MEX94152,2024-10-17,2024,Political violence,Battles,Armed clash,484,North America,Mexico,Zacatecas,Zacatecas,Zacatecas,22.7761,-102.5718,El Norte; El Universal (Mexico),"On 17 October 2024, in Zacatecas, Zacatecas, state police, army and National Guard officers clashed with three members of the Cartel del Noreste (CDN) in Colonia Las Americas. The three individuals were arrested. One of them suspectedly is the cartel's local leader. The officers seized three fireweapons and four explosive devices. There were no casualties.",0,MX32056,Zacatecas,2024-12-16,2025-12-16
MEX94155,2024-10-12,2024,Political violence,Battles,Armed clash,484,North America,Mexico,Veracruz de Ignacio de la Llave,Xalapa,Chiltoyac,19.5761,-96.8658,Imagen del Golfo,"On 12 October 2024, in Chiltoyac, Veracruz, there was an armed clash between armed men and the municipal police in colonia Jacarandas. One armed man was killed. Two people were arrested. 1 fatality.",1,MX30087,Xalapa,2024-12-16,2025-12-16
MEX94156,2024-10-14,2024,Political violence,Battles,Armed clash,484,North America,Mexico,Puebla,Amozoc,Amozoc de Mota,19.0446,-98.0449,Milenio,"On 14 October 2024, in Amozoc de Mota, Puebla, five men attempted to abduct two officers of the General Attorney's office in La Calera. One of them got to escape and sought help, while the other was hit by the five perpetrators and local residents who joined them. Police officers arrived at the place and arrested one of the perpetrators. It is unknown whether the second victim was released.",0,MX21015,Amozoc,2024-12-16,2025-12-16
MEX94158,2024-10-13,2024,Political violence,Battles,Armed clash,484,North America,Mexico,Aguascalientes,Aguascalientes,Aguascalientes,21.8798,-102.296,La Jornada,"On 13 October 2024, in Aguascalientes, Aguascalientes, there was an armed clash between three armed men and the ministerial police from the Narcotics division outside a bar in Fraccionamiento La Cantera. One police officer was killed and one armed man was also killed. One armed man was arrested. 2 fatalities.",2,MX01001,Aguascalientes,2024-12-16,2025-12-16
MEX94159,2024-10-14,2024,Political violence,Battles,Armed clash,484,North America,Mexico,Michoacán,Buenavista,La Ruana,19.1623,-102.7074,La Jornada,"On 14 October 2024, in La Ruana, Michoacan de Ocampo, armed individuals opened fire at state police officers, the National Guard and the military who repelled the aggression while on patrol. One Colombian man was arrested and officers located a camp with weapons, magazines, live cartridges and other equipment. Several armed men escaped the scene. There were no injuries.",0,MX16012,Buenavista,2024-12-16,2025-12-16
MEX94160,2024-10-13,2024,Political violence,Battles,Armed clash,484,North America,Mexico,Tamaulipas,Reynosa,Reynosa,26.0924,-98.2781,El Universal (Mexico); La Verdad,"On 13 October 2024, in Reynosa, Tamaulipas, armed individuals opened fire at elements of the National Guard who repelled the aggression and led to a chase while officers were on patrol in Colonia Juarez. One of the individuals, a 15 year old minor, was killed as a result. 1 fatality.",1,MX28032,Reynosa,2024-12-16,2025-12-16
MEX94163,2024-10-15,2024,Political violence,Battles,Armed clash,484,North America,Mexico,San Luis Potosí,San Vicente Tancuayalab,San Vicente Tancuayalab,21.7179,-98.5875,La Jornada,"On 15 October 2024, in San Vicente Tancuayalab, San Luis Potosi, armed individuals opened fire at elements of the state police who repelled the aggression while they were on patrol. Four armed individuals were killed as a result and weapons, tactical equipment and vehicles were seized. 4 fatalities.",4,MX24034,San Vicente Tancuayalab,2024-12-16,2025-12-16
MEX94166,2024-10-16,2024,Political violence,Battles,Armed clash,484,North America,Mexico,Baja California,Tecate,Tecate,32.5727,-116.6266,Zeta Tijuana,"On 16 October 2024, in Tecate, Baja California, armed individuals on vehicles clashed along Defensores boulevard and until the road exiting towards Mexicali. Five people were injured by gunfire, although it is unknown whether they were involved in the clash. Two army officers resulted injured when their vehicle crashed while being mobilized to respond to the clash. The shooting caused damages in houses and establishments.",0,MX02003,Tecate,2024-12-16,2025-12-16
MEX94167,2024-10-18,2024,Political violence,Battles,Armed clash,484,North America,Mexico,Ciudad de Mexico,Gustavo A. Madero,Ciudad de Mexico - Gustavo A. Madero,19.4829,-99.1135,24 Horas (Mexico),"Around 18 October 2024 (as reported), in Ciudad de Mexico - Gustavo A. Madero, armed individuals on motorbikes clashed on 309 and 310 streets, in Colonia Nueva Atzacoalco, and fled when police officers approached the place. Two armed individuals, one of them injured, were later arrested when they arrived at a hospital. Another man was collaterally injured by a stray bullet.",0,MX09005,Gustavo A. Madero,2024-12-16,2025-12-16
MEX94168,2024-10-17,2024,Political violence,Battles,Armed clash,484,North America,Mexico,Sinaloa,Concordia,Concordia,23.2876,-106.0686,Riodoce,"On 17 October 2024, around Concordia, Sinaloa, armed groups clashed. Casualties unknown.",0,MX25004,Concordia,2024-12-16,2025-12-16
MEX94169,2024-10-18,2024,Political violence,Battles,Armed clash,484,North America,Mexico,Sinaloa,Concordia,Concordia,23.2876,-106.0686,Riodoce,"On 18 October 2024, around Concordia, Sinaloa, armed groups clashed. Casualties unknown.",0,MX25004,Concordia,2024-12-16,2025-12-16
MEX94171,2024-10-13,2024,Political violence,Battles,Armed clash,484,North America,Mexico,Zacatecas,Zacatecas,Zacatecas,22.7761,-102.5718,El Siglo de Durango; Milenio,"On 13 October 2024, in Zacatecas, Zacatecas, unidentified armed men shot and killed a man and injured another one in the city center. At least one of the victims had drug dealing records and drugs were found during the incident. 1 fatality.",1,MX32056,Zacatecas,2024-12-16,2025-12-16
MEX94172,2024-09-20,2024,Political violence,Battles,Armed clash,484,North America,Mexico,Baja California,Tijuana,Tijuana,32.5325,-117.019,Zeta Tijuana,"On 20 September 2024, in Tijuana, Baja California, unidentified armed men shot and killed a man outside his house in Villa Fontana. The victim had just got out of prison for drugs possesion. 1 fatality.",1,MX02004,Tijuana,2024-12-16,2025-12-16
MEX94173,2024-10-11,2024,Political violence,Battles,Armed clash,484,North America,Mexico,Nuevo León,Santa Catarina,Ciudad Santa Catarina,25.6744,-100.4617,Milenio,"On 11 October 2024, in Ciudad Santa Catarina, Nuevo Leon, two armed men shot and killed a man inside a business in colonia La Fama III. The victim had drug dealing records. 1 fatality.",1,MX19048,Santa Catarina,2024-12-16,2025-12-16
MEX94174,2024-10-12,2024,Political violence,Battles,Armed clash,484,North America,Mexico,Jalisco,Encarnacion de Diaz,La Verdolaga,21.6892,-102.0378,La Jornada; Milenio; Pagina 24 Jalisco; Riodoce,"On 12 October 2024, in La Verdolaga, Jalisco, there was an armed clash between armed individuals and the National Guard on the Juan de Los Lagos-Encarnacion de Diaz road. The armed men also set a (narco) roadblock with six vehicles that were set on fire. Two armed men were arrested. A police officer was injured.",0,MX14035,Encarnación de Díaz,2024-12-16,2025-12-16
MEX94176,2024-10-13,2024,Political violence,Battles,Armed clash,484,North America,Mexico,Michoacán,Buenavista,La Ruana,19.1623,-102.7074,La Voz de Michoacan,"On 13 October 2024, in La Ruana, Michoacan, there was an armed clash between the National Guard, the State police and military officers against a criminal group. A former military officer from Colombia who was with the criminal cell was arrested. A narco-camp was destroyed by the authorities.",0,MX16012,Buenavista,2024-12-16,2025-12-16
MEX94177,2024-10-13,2024,Political violence,Battles,Armed clash,484,North America,Mexico,Michoacán,Ziracuaretiro,San Andres Coru,19.4679,-101.9442,La Voz de Michoacan; MiMorelia,"On 13 October 2024, in San Andres Coru, Michoacan, there was an armed clash between rival criminal groups around Cerro Colorado near the Uruapan-Patzcuaro highway. There were no casualties.",0,MX16111,Ziracuaretiro,2024-12-16,2025-12-16
MEX94179,2024-10-17,2024,Political violence,Battles,Armed clash,484,North America,Mexico,Sinaloa,Culiacan,Colonia Emancipacion (El Coronel),24.2702,-107.2051,Riodoce,"On 17 October 2024, in Colonia Emancipacion (El Coronel), Sinaloa, armed groups clashed. This event is likely part of the war between 'Los Chapitos' and 'Los Mayitos' factions of the Sinaloa Cartel. Casualties unknown.",0,MX25006,Culiacán,2024-12-16,2025-12-16
MEX94181,2024-10-17,2024,Political violence,Battles,Armed clash,484,North America,Mexico,Sinaloa,Culiacan,Guadalupe Victoria (El Atoron),24.2986,-107.2704,24 Horas (Mexico),"On 17 October 2024, in Guadalupe Victoria (El Atoron), Sinaloa, armed groups clashed. This event is likely part of the war between 'Los Chapitos' and 'Los Mayitos' factions of the Sinaloa Cartel. Casualties unknown.",0,MX25006,Culiacán,2024-12-16,2025-12-16
MEX94183,2024-10-18,2024,Political violence,Battles,Armed clash,484,North America,Mexico,Sinaloa,El Fuerte,Santa Lucia,26.2826,-108.7695,Riodoce,"On 18 October 2024, in Santa Lucia, Sinaloa, armed groups clashed. This event is likely part of the war between 'Los Chapitos' and 'Los Mayitos' factions of the Sinaloa Cartel. Casualties unknown.",0,MX25010,El Fuerte,2024-12-16,2025-12-16
MEX94184,2024-10-18,2024,Political violence,Battles,Armed clash,484,North America,Mexico,Guerrero,Cuajinicuilapa,Cuajinicuilapa,16.472,-98.4167,El Sol de Acapulco,"On 18 October 2024, in Cuajinicuilapa, Guerrero, rival gangs clashed in Colonia Los Lirios and Punta Maldonado. Casualties unknown.",0,MX12023,Cuajinicuilapa,2024-12-16,2025-12-16
MEX94185,2024-10-12,2024,Political violence,Battles,Armed clash,484,North America,Mexico,Campeche,Campeche,San Francisco de Campeche,19.8448,-90.5396,Tabasco Hoy; Yucatan a la Mano,"On 12 October 2024, in San Francisco de Campeche, Campeche, armed men in a vehicle shot and killed a man in a drive-by in Colonia Santa Barbara. The victim had criminal records for drug dealing. 1 fatality.",1,MX04002,Campeche,2024-12-16,2025-12-16
MEX94187,2024-10-17,2024,Political violence,Battles,Armed clash,484,North America,Mexico,Sinaloa,Navolato,Las Puentes,24.5318,-107.541,Riodoce,"On 17 October 2024, in Las Puentes, Sinaloa, armed groups clashed. Police officers arrived to the place and found 'several' injured and dead people, an unspecified number of people tied up and three vehicles with bullet impacts. This event is likely part of the war between 'Los Chapitos' and 'Los Mayitos' factions of the Sinaloa Cartel. Unspecified number of fatalities coded as 3.",3,MX25018,Navolato,2024-12-16,2025-12-16
MEX94193,2024-10-12,2024,Political violence,Violence against civilians,Attack,484,North America,Mexico,Michoacán,Tangancicuaro,Patamban,19.8032,-102.2912,La Voz de Michoacan; Milenio; MiMorelia,"Around 12 October 2024 (weekend of), in Patamban, Michoacan, seven farmers working in an avocado farm were kidnapped by armed men on 12 October. Between three and four of them were killed and their bodies were found the next day on 13 October with gunshot wounds in Charapan. The found victims were part of the Purepecha Indigenous group. 3 fatalities.",3,MX16085,Tangancícuaro,2024-12-16,2025-12-16
MEX94194,2024-10-12,2024,Political violence,Violence against civilians,Attack,484,North America,Mexico,Tabasco,Centro,Villa Parrilla,18.1499,-92.8666,Tabasco Hoy,"On 12 October 2024, in Villa Parrilla, Tabasco, unidentified armed individuals shot and killed at a former municipal delegate for the community in Fraccionamiento Policia y Transito. 1 fatality.",1,MX27004,Centro,2024-12-16,2025-12-16
MEX94195,2024-10-13,2024,Political violence,Violence against civilians,Attack,484,North America,Mexico,Tamaulipas,Reynosa,Reynosa,26.0924,-98.2781,Hoy Tamaulipas,"Around 13 October 2024 (as reported), in Reynosa, Tamaulipas, a man was killed and his body was found dressed in woman's clothing on the free highway Anzalduas at the height of Colonia Villa Florida with signs of violence. 1 fatality.",1,MX28032,Reynosa,2024-12-16,2025-12-16
MEX94196,2024-10-14,2024,Political violence,Violence against civilians,Attack,484,North America,Mexico,Baja California,Tijuana,Tijuana,32.5325,-117.019,AFN - Tijuana; El Norte; La Jornada,"On 14 October 2024, in Tijuana, Baja California, unknown armed individuals shot and killed the deputy commander of the State Investigation Agency of the Attorney General of Baja California as he was leaving his home in Colonia Loma Bonita. A message was found next to the victim's body. 1 fatality.",1,MX02004,Tijuana,2024-12-16,2025-12-16
MEX94197,2024-10-17,2024,Political violence,Violence against civilians,Attack,484,North America,Mexico,Veracruz de Ignacio de la Llave,Playa Vicente,La Union Juan Enriquez,17.8681,-95.7439,La Jornada; La Silla Rota,"On 17 October 2024, in La Union Juan Enriquez, Veracruz de Ignacio de la Llave, armed individuals on motorbikes entered ranch 'San Sebastian', on the path heading to La Petronila, and shot and killed its owner. The victim was a municipal police officer and veterinarian. 1 fatality.",1,MX30130,Playa Vicente,2024-12-16,2025-12-16
MEX94198,2024-10-16,2024,Political violence,Violence against civilians,Attack,484,North America,Mexico,Michoacán,Jacona,Jacona de Plancarte,19.9563,-102.306,La Voz de Michoacan,"On 16 October 2024, in Jacona de Plancarte, Michoacan de Ocampo, at least four armed men shot at a woman outside her home in Colonia Buenos Aires and then fled the scene. 1 injury.",0,MX16043,Jacona,2024-12-16,2025-12-16
MEX94199,2024-10-14,2024,Political violence,Violence against civilians,Attack,484,North America,Mexico,Michoacán,Ario,Ario de Rosales,19.2078,-101.7094,MiMorelia,"Around 14 October 2024 (as reported), in Ario de Rosales, Michoacan de Ocampo, an elderly woman was killed by unknown assailants and her body was found wrapped in bags in Doctor Miguel Silva. 1 fatality.",1,MX16009,Ario,2024-12-16,2025-12-16
MEX94200,2024-10-14,2024,Political violence,Violence against civilians,Attack,484,North America,Mexico,Morelos,Cuernavaca,Cuernavaca,18.9218,-99.2349,Diario de Morelos,"Around 14 October 2024 (as reported), in Cuernavaca, Morelos, an elderly woman was killed by unknown armed assailants and her body was found wrapped in a blanket and with a gunshot to her head in Colonia San Jeronimo. 1 fatality.",1,MX17007,Cuernavaca,2024-12-16,2025-12-16
MEX94202,2024-10-14,2024,Political violence,Violence against civilians,Attack,484,North America,Mexico,Quintana Roo,Solidaridad,Playa del Carmen,20.6281,-87.0755,La Verdad,"Around 14 October 2024 (as reported), in Playa del Carmen, Quintana Roo, a woman was killed by unknown assailants and her body was found wrapped in plastic bags inside a garbage can. 1 fatality.",1,MX23008,Solidaridad,2024-12-16,2025-12-16
MEX94204,2024-10-12,2024,Political violence,Violence against civilians,Attack,484,North America,Mexico,Hidalgo,Zempoala,Zempoala,19.9154,-98.6681,La Jornada; La Silla Rota; News Hidalgo,"Around 12 October 2024 (as reported), in Zempoala, Hidalgo, three women were killed and their bodies were found with gunshot wounds near the water well of the 'Los Pilares' ranch in Jaguey de Tellez. 3 fatalities.",3,MX13083,Zempoala,2024-12-16,2025-12-16
MEX94205,2024-10-12,2024,Political violence,Violence against civilians,Attack,484,North America,Mexico,Chihuahua,Chihuahua,Chihuahua,28.6368,-106.0763,Tiempo,"On 12 October 2024, Chihuahua, Chihuahua, several men stabbed a man in Colonia Jardines de Oriente. The area where the attack occurred is a drug dealing point. The victim was injured.",0,MX08019,Chihuahua,2024-12-16,2025-12-16
MEX94208,2024-10-16,2024,Political violence,Violence against civilians,Attack,484,North America,Mexico,Chihuahua,Chihuahua,Chihuahua,28.6368,-106.0763,Tiempo,"On 16 October 2024, in Chihuahua, Chihuahua, a man opened fire at the facade of a home and then fled the scene. There were no injuries.",0,MX08019,Chihuahua,2024-12-16,2025-12-16
MEX94209,2024-10-15,2024,Political violence,Violence against civilians,Attack,484,North America,Mexico,Morelos,Cuernavaca,Cuernavaca,18.9218,-99.2349,Diario de Morelos,"On 15 October 2024, in Cuernavaca, Morelos, armed individuals on two motorcycles opened fire and shot a man traveling in a vehicle in Colonia Tres de Mayo. The man was injured as a result and one woman was hit by a stray bullet and injured. 2 injuries.",0,MX17007,Cuernavaca,2024-12-16,2025-12-16
MEX94210,2024-10-14,2024,Political violence,Violence against civilians,Attack,484,North America,Mexico,Morelos,Xochitepec,Atlacholoaya,18.7442,-99.226,Diario de Morelos,"On 14 October 2024, in Atlacholoaya, Morelos, two armed individuals attacked and shot a man when he was walking to Colonia Lazaro Cardenas. The man was leaving the penitentiary center and was a former inmate. 1 injury.",0,MX17028,Xochitepec,2024-12-16,2025-12-16
MEX94211,2024-10-14,2024,Political violence,Violence against civilians,Attack,484,North America,Mexico,Morelos,Puente de Ixtla,Xoxocotla,18.6846,-99.2458,Diario de Morelos,"On 14 October 2024, in Xoxocotla, Morelos, two armed individuals opened fire at three men drinking alcohol and then fled the scene on a motorcycle. All three men were injured as a result. 3 injuries.",0,MX17017,Puente de Ixtla,2024-12-16,2025-12-16
MEX94215,2024-10-17,2024,Political violence,Violence against civilians,Attack,484,North America,Mexico,Quintana Roo,Benito Juarez,Cancun,21.1614,-86.8248,El Norte,"Around 17 October 2024 (as reported), in Cancun, Quintana Roo, two armed individuals shot and injured two underage people in Villas Otoch, behind the Public Safety academy. The perpetrators later sought refugee inside a store in Supermanzana 218, where army and police officers arrested them.",0,MX23005,Benito Juárez,2024-12-16,2025-12-16
MEX94220,2024-10-12,2024,Political violence,Violence against civilians,Attack,484,North America,Mexico,Guanajuato,Celaya,Celaya,20.5215,-100.814,La Silla Rota,"On 12 October 2024, in Celaya, Guanajuato, several armed men entered a house and killed a man in Colonia Girasoles. 1 fatality.",1,MX11007,Celaya,2024-12-16,2025-12-16
MEX94221,2024-10-12,2024,Political violence,Violence against civilians,Attack,484,North America,Mexico,Oaxaca,San Pablo Etla,San Pablo Etla,17.1455,-96.7645,Quadratin Oaxaca,"Around 12 October 2024 (as reported), in San Pablo Etla, Oaxaca, a man was killed and his body was found wrapped in a blanket. 1 fatality.",1,MX20293,San Pablo Etla,2024-12-16,2025-12-16
MEX94222,2024-10-11,2024,Political violence,Violence against civilians,Attack,484,North America,Mexico,Morelos,Cuernavaca,Cuernavaca,18.9218,-99.2349,Diario de Morelos,"On 11 October 2024, in Cuernavaca, Morelos, two armed men shot and killed a man when he left the Civic Court area after paying his bail in Colonia Cuauhnahuac. According to the investigations, the victim had criminal records for robbery. 1 fatality.",1,MX17007,Cuernavaca,2024-12-16,2025-12-16
MEX94224,2024-10-12,2024,Political violence,Violence against civilians,Attack,484,North America,Mexico,Puebla,Puebla,Heroica Puebla de Zaragoza,19.044,-98.1975,E-Consulta,"Around 12 October 2024 (as reported), in Heroica Puebla de Zaragoza, Puebla, a person was killed and the body was found wrapped in bags in Colonia San Jose el Rincon. 1 fatality.",1,MX21114,Puebla,2024-12-16,2025-12-16
MEX94225,2024-10-11,2024,Political violence,Violence against civilians,Attack,484,North America,Mexico,Baja California,Tijuana,Tijuana,32.5325,-117.019,Milenio,"On 11 October 2024, in Tijuana, Baja California, according to witnesses, an armed man and a woman shot and killed a man inside a bar in the city center. 1 fatality.",1,MX02004,Tijuana,2024-12-16,2025-12-16
MEX94228,2024-10-16,2024,Political violence,Violence against civilians,Attack,484,North America,Mexico,Veracruz de Ignacio de la Llave,Paso del Macho,Paso del Macho,18.971,-96.7242,Imagen del Golfo,"On 16 October 2024, in Paso del Macho, Veracruz de Ignacio de la Llave, two armed individuals shot and killed a man in Colonia Reforma and then escaped the scene. 1 fatality.",1,MX30125,Paso del Macho,2024-12-16,2025-12-16
MEX94229,2024-10-12,2024,Political violence,Violence against civilians,Attack,484,North America,Mexico,San Luis Potosí,Tamuin,Tamuin,22.0059,-98.7795,Antena San Luis,"On 12 October 2024, in Tamuin, San Luis Potosi, several armed men entered a home and kidnapped a man. The man was found hours later with a gunshot and knife wounds in Ejido El Palmar. 1 fatality.",1,MX24040,Tamuín,2024-12-16,2025-12-16
MEX94230,2024-10-14,2024,Political violence,Violence against civilians,Attack,484,North America,Mexico,Morelos,Cuernavaca,Cuernavaca,18.9218,-99.2349,Diario de Morelos,"On 14 October 2024, in Cuernavaca, Morelos, two armed men shot a man three times while he was eating tacos in Colonia Lagunilla. Two other individuals shot him in the head. The man died as a result. 1 fatality.",1,MX17007,Cuernavaca,2024-12-16,2025-12-16
MEX94234,2024-10-14,2024,Political violence,Violence against civilians,Attack,484,North America,Mexico,Jalisco,San Pedro Tlaquepaque,Tlaquepaque,20.6386,-103.3072,Milenio,"On 14 October 2024, in Tlaquepaque, Jalisco, a person was killed and the body was found wrapped in plastic in Colonia La Gigantera. The person had been dead for around 4 hours. 1 fatality.",1,MX14098,San Pedro Tlaquepaque,2024-12-16,2025-12-16
MEX94235,2024-10-14,2024,Political violence,Violence against civilians,Attack,484,North America,Mexico,Ciudad de Mexico,Venustiano Carranza,Ciudad de Mexico - Venustiano Carranza,19.4193,-99.1137,El Norte,"Around 14 October 2024 (as reported), in Ciudad de Mexico - Venustiano Carranza, a person was killed and the body was found with signs of torture inside a car. 1 fatality.",1,MX09017,Venustiano Carranza,2024-12-16,2025-12-16
MEX94236,2024-10-14,2024,Political violence,Violence against civilians,Attack,484,North America,Mexico,Chiapas,Villa Corzo,Villa Corzo,16.1851,-93.2688,Milenio,"Around 14 October 2024 (as reported), in Villa Corzo, Chiapas, a man was killed and his body was found wrapped in plastic bags at the height of the ranch San Julian. 1 fatality.",1,MX07107,Villa Corzo,2024-12-16,2025-12-16
MEX94237,2024-10-16,2024,Political violence,Violence against civilians,Attack,484,North America,Mexico,Chiapas,Tuxtla Gutierrez,Tuxtla Gutierrez,16.754,-93.1152,Milenio,"Around 16 October 2024 (as reported), in Tuxtla Gutierrez, Chiapas, a man was killed and his body was found with signs of torture and bullet wounds in fraccionamiento Real del Bosque. The man was abandoned by a group of armed men. 1 fatality.",1,MX07101,Tuxtla Gutiérrez,2024-12-16,2025-12-16
MEX94238,2024-10-17,2024,Political violence,Violence against civilians,Attack,484,North America,Mexico,Tabasco,Huimanguillo,Chontalpa,17.6661,-93.4811,Tabasco Hoy,"Around 17 October 2024 (as reported), in Chontalpa, Tabasco, a man was killed and his body was found together with a cardboard with a written threatening message on the side of Chontalpa-Cardenas road connecting C16 and C9 villages. The victim was suspectedly responsible of robberies in the area, and the message was addressed to people linked to extorsions, abductions, who were given 24 hours to leave the area or there would be more executions. 1 fatality.",1,MX27008,Huimanguillo,2024-12-16,2025-12-16
MEX94240,2024-10-17,2024,Political violence,Violence against civilians,Attack,484,North America,Mexico,Baja California,Tijuana,Tijuana,32.5325,-117.019,AFN - Tijuana,"On 17 October 2024, in Tijuana, Baja California, two armed individuals shot at three men on Soledad Orozco street, in Colonia Mineral de Santa Fe, killing one and injured the two others. The perpetrators fled towards Silverio Aleman street. 1 fatality.",1,MX02004,Tijuana,2024-12-16,2025-12-16
MEX94242,2024-10-18,2024,Political violence,Violence against civilians,Attack,484,North America,Mexico,Tlaxcala,San Pablo del Monte,Ciudad de San Pablo del Monte,19.1197,-98.1704,E-Consulta,"Around 18 October 2024 (as reported), in Ciudad de San Pablo del Monte, Tlaxcala, a man was killed and his body was found with a noose around the neck and inside plastic bags in the intersection of 5 de Marzo street and Ayuntamiento avenue. 1 fatality.",1,MX29025,San Pablo del Monte,2024-12-16,2025-12-16
MEX94243,2024-10-18,2024,Political violence,Violence against civilians,Attack,484,North America,Mexico,Guanajuato,Irapuato,Irapuato,20.6728,-101.3481,La Silla Rota,"Around 18 October 2024 (as reported), in Irapuato, Guanajuato, a person was killed and the body was found inside bags. 1 fatality.",1,MX11017,Irapuato,2024-12-16,2025-12-16
MEX94244,2024-10-15,2024,Political violence,Violence against civilians,Attack,484,North America,Mexico,Nuevo León,Garcia,Garcia,25.8005,-100.5855,El Norte,"On 15 October 2024, in Garcia, Nuevo Leon, according to witnesses, armed individuals chased a man across Colonia Privada de las Villas, and shot and killed him in the intersection of Villa Granada and Villa Plasencia streets, in front of Ninos Saturnino Herran kindergarten. 1 fatality.",1,MX19018,García,2024-12-16,2025-12-16
MEX94246,2024-10-12,2024,Political violence,Violence against civilians,Attack,484,North America,Mexico,Morelos,Temixco,Temixco,18.8453,-99.2241,Diario de Morelos; La Jornada,"On 12 October 2024, in Temixco, Morelos, according to witnesses, armed men shot and killed two men in colonia Alta Palmira. 2 fatalities.",2,MX17018,Temixco,2024-12-16,2025-12-16
MEX94249,2024-10-15,2024,Political violence,Violence against civilians,Attack,484,North America,Mexico,Baja California,Tijuana,Tijuana,32.5325,-117.019,Zeta Tijuana,"Around 15 October 2024 (as reported), in Tijuana, Baja California, two people were killed and their bodies were found wrapped in a tarp inside the trunk of a car close to Colonia Lazaro Cardenas. 2 fatalities.",2,MX02004,Tijuana,2024-12-16,2025-12-16
MEX94253,2024-10-12,2024,Political violence,Violence against civilians,Attack,484,North America,Mexico,Sinaloa,Culiacan,Baila,24.1825,-106.973,El Sol de Sinaloa; Riodoce,"Around 12 October 2024 (as reported), in Baila, Sinaloa, three people were killed and their bodies were found with signs of torture next to the bridge that connects the town of Laguna de Canachi near the Culiacan-Mazatlan highway. Two of the bodies were wrapped in plastic bags and a blanket. 3 fatalities.",3,MX25006,Culiacán,2024-12-16,2025-12-16
MEX94255,2024-10-11,2024,Political violence,Violence against civilians,Attack,484,North America,Mexico,Chiapas,Tuxtla Gutierrez,Tuxtla Gutierrez,16.754,-93.1152,Milenio,"On 11 October 2024, in Tuxtla Gutierrez, Chiapas, six armed men shot against a group of people who were drinking in Colonia Paso Limon. Four people were killed and one person was injured. 4 fatalities.",4,MX07101,Tuxtla Gutiérrez,2024-12-16,2025-12-16
MEX94257,2024-10-15,2024,Political violence,Violence against civilians,Attack,484,North America,Mexico,Sinaloa,Culiacan,Laguna de Canachi,24.1361,-107.0999,El Sol de Sinaloa; La Jornada,"Around 15 October 2024 (as reported), in Laguna de Canachi, Sinaloa, five people were killed and their bodies were found with signs of torture and gunshot wounds and semi-naked. 5 fatalities.",5,MX25006,Culiacán,2024-12-16,2025-12-16
MEX94258,2024-10-15,2024,Political violence,Violence against civilians,Attack,484,North America,Mexico,Chiapas,Huitiupan,Huitiupan,17.1728,-92.684,La Jornada,"Around 15 October 2024 (as reported), in the municipality of Huitiupan, Chiapas, the former mayor of San Andres Duraznal was killed and his body was found in the ejido San Francisco la Fronter. 1 fatality.",1,MX07039,Huitiupán,2024-12-16,2025-12-16
MEX94259,2024-10-18,2024,Political violence,Violence against civilians,Attack,484,North America,Mexico,Colima,Minatitlan,Minatitlan,19.386,-104.0493,Colima Noticias,"Around 18 October 2024 (as reported), near Minatitlan, Colima, a man was killed and his body was found with 'tiro de gracia' and a threatening message written on a cardboard inside a vehicle on Manzanillo-Minatitlan road. The victim was a former local congressman and former municipal president of Minatitlan. 1 fatality.",1,MX06008,Minatitlán,2024-12-16,2025-12-16
MEX94261,2024-10-15,2024,Political violence,Violence against civilians,Attack,484,North America,Mexico,Oaxaca,San Pedro Pochutla,San Pedro Pochutla,15.7463,-96.4652,Imagen del Golfo; La Silla Rota,"On 15 October 2024, in San Pedro Pochutla, Oaxaca, an armed individual attacked and stabbed the mayor of Candelaria Loxicha outside his home in the neighborhood El Calvario who died as a result. 1 fatality.",1,MX20324,San Pedro Pochutla,2024-12-16,2025-12-16
MEX94263,2024-10-18,2024,Political violence,Violence against civilians,Attack,484,North America,Mexico,Baja California,Tijuana,Tijuana,32.5325,-117.019,AFN - Tijuana; Zeta Tijuana,"Around 18 October 2024 (as reported), in Tijuana, Baja California, a man was killed and his dismembered body was found inside a plastic container together with a threatening message written on a cardboard in a car on Ninos Heroes street, between Segunda and Tercera streets, in front of Technology Square, in Colonia Centro. The victim was the owner of 'Sodoma' bar and member of the LGBTQ+ community. Police officers arrested the suspected perpetrator on 18 October 2024 in the intersection of Mallorca street and 20 de Noviembre, in Colonia Hidalgo. 1 fatality.",1,MX02004,Tijuana,2024-12-16,2025-12-16
MEX94264,2024-10-18,2024,Political violence,Violence against civilians,Attack,484,North America,Mexico,Morelos,Xochitepec,Xochitepec,18.7808,-99.2305,La Silla Rota,"On 18 October 2024, in Xochitepec, Morelos, according to witnesses, two armed individuals on a motorbike attempted to rob a man that was driving a motorbike, and shot and killed him when the victim attempted to flee (drive-by). The victim was a Programming student at the Center of Industrial Technology and Services Studies (CETis) 43. 1 fatality.",1,MX17028,Xochitepec,2024-12-16,2025-12-16
MEX94269,2024-10-12,2024,Political violence,Violence against civilians,Attack,484,North America,Mexico,Morelos,Atlatlahucan,Atlatlahucan,18.9363,-98.8992,La Jornada,"Around 12 October 2024 (as reported), in Atlatlahucan, Morelos, a man was killed and the body was found with his hands and feet tied up in colonia Telminca on the Mexico-Cuautla highway. 1 fatality.",1,MX17002,Atlatlahucan,2024-12-16,2025-12-16
MEX94272,2024-10-10,2024,Political violence,Violence against civilians,Attack,484,North America,Mexico,Tabasco,Centro,Villahermosa,17.9878,-92.9194,Tabasco Hoy,"Around 10 October 2024 (as reported), in Villahermosa, Tabasco, a man was killed and the body was found inside a cooler with a message in Colonia Primero de Mayo. 1 fatality.",1,MX27004,Centro,2024-12-16,2025-12-16
MEX94273,2024-10-11,2024,Political violence,Violence against civilians,Attack,484,North America,Mexico,Oaxaca,San Martin Tilcajete,San Martin Tilcajete,16.8589,-96.695,Quadratin Oaxaca,"Around 11 October 2024 (as reported), in San Martin Tilcajete, Oaxaca, a person was killed and only the torso was found inside a garbage container. 1 fatality.",1,MX20243,San Martín Tilcajete,2024-12-16,2025-12-16
MEX94274,2024-10-12,2024,Political violence,Violence against civilians,Attack,484,North America,Mexico,Baja California,Tijuana,Tijuana,32.5325,-117.019,AFN - Tijuana,"Around 12 October 2024 (as reported), in Tijuana, Baja California, a man was killed and his body was found wrapped in a blanket with a message in the city center. 1 fatality.",1,MX02004,Tijuana,2024-12-16,2025-12-16
MEX94275,2024-10-13,2024,Political violence,Violence against civilians,Attack,484,North America,Mexico,Baja California,Tijuana,Tijuana,32.5325,-117.019,Zeta Tijuana,"Around 13 October 2024 (as reported), in Tijuana, Baja California, a man was killed and the body was found burned in fraccionamiento Palma Real. 1 fatality.",1,MX02004,Tijuana,2024-12-16,2025-12-16
MEX94276,2024-10-12,2024,Political violence,Violence against civilians,Attack,484,North America,Mexico,Campeche,Campeche,San Francisco de Campeche,19.8448,-90.5396,Tribuna Campeche,"On 12 October 2024, in San Francisco de Campeche, Campeche, according to witnesses, an armed man on a motorcycle shot and killed a man in Colonia Santa Rita in a drive-by. 1 fatality.",1,MX04002,Campeche,2024-12-16,2025-12-16
MEX94277,2024-10-12,2024,Political violence,Violence against civilians,Attack,484,North America,Mexico,Campeche,Carmen,Ciudad del Carmen,18.6378,-91.8365,Milenio,"On 12 October 2024, in Ciudad del Carmen, Campeche, armed men on a motorcycle shot and killed a man in a drive-by when he was driving his bicycle. 1 fatality.",1,MX04003,Carmen,2024-12-16,2025-12-16
MEX94278,2024-10-13,2024,Political violence,Violence against civilians,Attack,484,North America,Mexico,Jalisco,Tlajomulco de Zuniga,Tlajomulco de Zuniga,20.4736,-103.4431,Milenio,"On 13 October 2024, in Tlajomulco de Zuniga, Jalisco, according to residents, armed men held a person and tied up his hands and later shot at him in colonia Lomas del Mirador. 1 fatality.",1,MX14097,Tlajomulco de Zúñiga,2024-12-16,2025-12-16
MEX94279,2024-10-14,2024,Political violence,Violence against civilians,Attack,484,North America,Mexico,Oaxaca,Heroica Ciudad de Juchitan de Zaragoza,Juchitan de Zaragoza,16.4333,-95.0216,Quadratin Oaxaca,"Around 14 October 2024 (as reported), in Juchitan de Zaragoza, Oaxaca, a person was killed and the body was found with signs of torture and the 'tiro de gracia' on the Tehuantepec-Juchitan de Zaragoza highway. 1 fatality.",1,MX20043,Heroica Ciudad de Juchitán de Zaragoza,2024-12-16,2025-12-16
MEX94280,2024-10-13,2024,Political violence,Violence against civilians,Attack,484,North America,Mexico,Morelos,Xochitepec,Xochitepec,18.7808,-99.2305,La Jornada,"Around 13 October 2024 (as reported), in Xochitepec, Morelos, a man was killed and his body was found with his hands and feet tied in the center. 1 fatality.",1,MX17028,Xochitepec,2024-12-16,2025-12-16
MEX94281,2024-10-15,2024,Political violence,Violence against civilians,Attack,484,North America,Mexico,Chihuahua,Chihuahua,Chihuahua,28.6368,-106.0763,Tiempo,"On 15 October 2024, in Chihuahua, Chihuahua, unknown armed individuals intercepted a man in Valles del Sur, shot him nine times and then fled the scene (drive-by). The man died as a result. 1 fatality.",1,MX08019,Chihuahua,2024-12-16,2025-12-16
MEX94286,2024-10-14,2024,Political violence,Violence against civilians,Attack,484,North America,Mexico,Sonora,Cajeme,Providencia,27.511,-109.9869,Entorno Informativo,"On 14 October 2024, in Providencia, Sonora, armed individuals in a vehicle intercepted a man walking on the street, shot him and then fled the scene (drive-by). The man died as a result. 1 fatality.",1,MX26018,Cajeme,2024-12-16,2025-12-16
MEX94288,2024-10-15,2024,Political violence,Violence against civilians,Attack,484,North America,Mexico,Tabasco,Huimanguillo,El Chinal,17.9288,-93.3881,Tabasco Hoy,"On 15 October 2024, close to El Chinal, Tabasco, a man was shot and killed inside a home in Colonia Benito Juarez and a message was left next to the body threatening extortionists, kidnappers and people dedicated to the sale of drugs to leave the area. 1 fatality.",1,MX27008,Huimanguillo,2024-12-16,2025-12-16
MEX94289,2024-10-14,2024,Political violence,Violence against civilians,Attack,484,North America,Mexico,Jalisco,San Pedro Tlaquepaque,Tlaquepaque,20.6386,-103.3072,Milenio,"Around 14 October 2024 (as reported), in Tlaquepaque, Jalisco, a person was killed and the decapitated head was found after it was thrown from a motorcycle, according to witnesses, in Colonia Buenos Aires. 1 fatality.",1,MX14098,San Pedro Tlaquepaque,2024-12-16,2025-12-16
MEX94291,2024-10-17,2024,Political violence,Violence against civilians,Attack,484,North America,Mexico,Chihuahua,Chihuahua,Chihuahua,28.6368,-106.0763,Tiempo,"On 17 October 2024, in Chihuahua, Chihuahua, armed individuals on a vehicle shot and killed a man on Praderas Patagonicas and Praderas de Australia streets, in Colonia Urbi Villas del Prado (drive-by). Police officer later found the vehicle used by the perpetrators on Praderas de Nebraska and Praderas de Australia streets, in Colonia Praderas del Sur. 1 fatality.",1,MX08019,Chihuahua,2024-12-16,2025-12-16
MEX94292,2024-10-14,2024,Political violence,Violence against civilians,Attack,484,North America,Mexico,Morelos,Yautepec,Cocoyoc,18.8815,-98.9803,Diario de Morelos,"On 14 October 2024, in Cocoyoc, Morelos, according to witnesses, two armed individuals on a motorbike shot and killed a man on Emiliano Zapata avenue (drive-by). The perpetrators fled towards Cuautla-Cuernavaca road. 1 fatality.",1,MX17029,Yautepec,2024-12-16,2025-12-16
MEX94293,2024-10-17,2024,Political violence,Violence against civilians,Attack,484,North America,Mexico,Baja California,Tijuana,Tijuana,32.5325,-117.019,AFN - Tijuana,"Around 17 October 2024 (as reported), in Tijuana, Baja California, a person was killed and the burnt body was found on a path near Corredor 2000 and Fraccionamiento Natura. 1 fatality.",1,MX02004,Tijuana,2024-12-16,2025-12-16
MEX94295,2024-10-17,2024,Political violence,Violence against civilians,Attack,484,North America,Mexico,Sonora,Cajeme,Ciudad Obregon,27.4965,-109.9327,Entorno Informativo,"On 17 October 2024, in Ciudad Obregon, Sonora, according to witnesses, armed individuals on a vehicle shot at three people outside a scrapyard on Ejercito Nacional street, between Petalo and Norman El Borlaug streets (drive-by). A man was killed, and two people (a man and a woman) were injured. 1 fatality.",1,MX26018,Cajeme,2024-12-16,2025-12-16
MEX94297,2024-10-16,2024,Political violence,Violence against civilians,Attack,484,North America,Mexico,Baja California,Tecate,Tecate,32.5727,-116.6266,Zeta Tijuana,"On 16 October 2024, in Tecate, Baja California, three armed men on a vehicle shot and killed a man that was driving a van on Mexico avenue, in Colonia Industrial (drive-by). 1 fatality.",1,MX02003,Tecate,2024-12-16,2025-12-16
MEX94298,2024-10-16,2024,Political violence,Violence against civilians,Attack,484,North America,Mexico,Ciudad de Mexico,Iztapalapa,Ciudad de Mexico - Iztapalapa,19.359,-99.0926,El Universal (Mexico),"On 16 October 2024, in Ciudad de Mexico - Iztapalapa, two armed individuals on a motorbike shot and killed a man that was driving a van on San Francisco Culhuacan avenue (drive-by). 1 fatality.",1,MX09007,Iztapalapa,2024-12-16,2025-12-16
MEX94306,2024-10-13,2024,Political violence,Violence against civilians,Attack,484,North America,Mexico,Morelos,Xochitepec,Xochitepec,18.7808,-99.2305,Diario de Morelos,"Around 13 October 2024 (month of), in Xochitepec, Morelos, two men and a woman were killed and their bodies were found tied, gagged and with signs of violence in Loma Tepehuaje. All three bodies were in a state of decomposition. 3 fatalities.",3,MX17028,Xochitepec,2024-12-16,2025-12-16
MEX94307,2024-10-11,2024,Political violence,Violence against civilians,Attack,484,North America,Mexico,Tabasco,Centro,Villahermosa,17.9878,-92.9194,Tabasco Hoy,"Around 11 October 2024 (as reported), around Villahermosa, Tabasco, an unknown number of men were killed and the human remains were found dismembered inside a bag and burned inside a vehicle on the Villahermosa-Teapa highway. Unspecified number of fatalities coded as 3.",3,MX27004,Centro,2024-12-16,2025-12-16
MEX94309,2024-10-13,2024,Political violence,Violence against civilians,Attack,484,North America,Mexico,Jalisco,Ojuelos de Jalisco,Ojuelos de Jalisco,21.8642,-101.5933,La Jornada; Riodoce; Zeta Tijuana,"Around 13 October 2024 (as reported), in Ojuelos de Jalisco municipality, Jalisco, five people were killed and their bodies were found inside bags on the San Luis Potosi - San Juan de Los Lagos road. Their heads were also found inside another bag. 5 fatalities.",5,MX14064,Ojuelos de Jalisco,2024-12-16,2025-12-16
MEX94319,2024-10-14,2024,Political violence,Explosions/Remote violence,Grenade,484,North America,Mexico,Guanajuato,Celaya,Celaya,20.5215,-100.814,La Jornada; Zona Franca,"On 14 October 2024, in Celaya, Guanajuato, two hooded men threw an explosive device at a verification center in Colonia Los Angeles. When elements of the National Guard entered the business, the explosive device exploded injuring one National guard and one woman. 2 injuries.",0,MX11007,Celaya,2024-12-16,2025-12-16
MEX94334,2024-10-15,2024,Political violence,Battles,Armed clash,484,North America,Mexico,Tabasco,Centro,Villahermosa,17.9878,-92.9194,El Proceso,"On 15 October 2024, in Villahermosa, Tabasco, two armed individuals shot and injured two state police officers in Colonia Las Gaviotas Sur. One officers was injured as a result. 1 injury.",0,MX27004,Centro,2024-12-16,2025-12-16
MEX93227,2024-09-21,2024,Political violence,Violence against civilians,Attack,484,North America,Mexico,Nuevo León,Montemorelos,Montemorelos,25.1893,-99.827,Milenio,"Around 21 September 2024 (as reported), in Montemorelos, Nuevo Leon, a man was killed and the body was found burned around Congregacion Canoas. It is suspected that the victim had been kidnapped before. 1 fatality.",1,MX19038,Montemorelos,2024-12-16,2025-12-16
MEX93543,2024-10-01,2024,Political violence,Battles,Armed clash,484,North America,Mexico,Guerrero,Teloloapan,Tehuixtla,18.3166,-99.9316,La Silla Rota,"On 1 October 2024, in Tehuixtla, Guerrero, early morning a group of approximately 50 members of La Familia Michoacana attempted to enter the community. Armed members of the community shot at them. There was an armed clash. According to residents, at least seven people were killed and several individuals were injured. At least 7 fatalities.",7,MX12058,Teloloapan,2024-12-16,2025-12-16
MEX93544,2024-10-01,2024,Political violence,Battles,Armed clash,484,North America,Mexico,Chiapas,San Cristobal de las Casas,San Cristobal de las Casas,16.737,-92.6376,La Jornada; Milenio,"On 1 October 2024, in San Cristobal de las Casas, Chiapas, armed men and members of Los Herrera gang attacked municipal police officers close to Colonia Insurgentes who repelled the aggression. One police officer and one armed man were killed, while one armed man was injured and four were arrested. 2 fatalities, 1 injury.",2,MX07078,San Cristóbal de las Casas,2024-12-16,2025-12-16
MEX93688,2024-10-03,2024,Political violence,Violence against civilians,Attack,484,North America,Mexico,Guanajuato,Valle de Santiago,Valle de Santiago,20.3913,-101.1814,Borderland Beat; La Silla Rota,"Around 3 October 2024 (as reported), close to Valle de Santiago, Guanajuato, a person was killed and the body was found on the free highway on top of a banner with a message accursing the victims of supporting the CJNG. The perpetrators are suspected to be members of the Santa Rosa de Lima Cartel. 1 fatality.",1,MX11042,Valle de Santiago,2024-12-16,2025-12-16
MEX93691,2024-09-23,2024,Political violence,Violence against civilians,Attack,484,North America,Mexico,Hidalgo,Tepeji del Rio de Ocampo,San Jose Piedra Gorda,19.8061,-99.3594,La Silla Rota,"Around 23 September 2024 (as reported), in San Jose Piedra Gorda, Hidalgo, a man was killed and his body was found wrapped in plastic. 1 fatality.",1,MX13063,Tepeji del Río de Ocampo,2024-12-16,2025-12-16
MEX93822,2024-10-02,2024,Political violence,Violence against civilians,Attack,484,North America,Mexico,Guanajuato,San Francisco del Rincon,San Francisco del Rincon,21.0187,-101.859,Zona Franca,"Around 2 October 2024 (as reported), in San Francisco del Rincon, Guanajuato, a person was killed and the remains were found inside a plastic bag close to the bus station. A message was found next to the location. 1 fatality.",1,MX11031,San Francisco del Rincón,2024-12-16,2025-12-16
MEX93840,2024-09-28,2024,Political violence,Battles,Armed clash,484,North America,Mexico,Sinaloa,Culiacan,Jacola,24.189,-107.1521,El Siglo de Durango; El Sol de Sinaloa; Noroeste; Riodoce; Tabasco Hoy,"On 28 September 2024, in Jacola, Sinaloa, rival armed groups clashed on the highway known as 'Maxipista Culiacan-Mazatla'. Several other related clashes were recorded on the same day in other communities along this road (coded separately). This event is likely related to the ongoing fight between factions of the Sinaloa Cartel that started on 9 September (coded separately). There were no casualties.",0,MX25006,Culiacán,2024-12-16,2025-12-16
MEX94148,2024-10-17,2024,Political violence,Battles,Armed clash,484,North America,Mexico,Nuevo León,Montemorelos,Montemorelos,25.1893,-99.827,El Norte,"On 17 October 2024, in Montemorelos, Nuevo Leon, state and municipal police officers clashed with suspected members of the Cartel del Noreste (CDN) around the boulevard located at the entry of the municipality. A member of the cartel died and two were arrested. Also in Montemorelos, later the same day, police officers and members of the CDN clashed at the General Hospital, where a cartel member was killed and another was injured and arrested. These events are part of three clashes between authorities and the CDN that took place in Nuevo Leon the same day (coded separately). 2 fatalities.",2,MX19038,Montemorelos,2024-12-16,2025-12-16
MEX94216,2024-10-12,2024,Political violence,Violence against civilians,Attack,484,North America,Mexico,Morelos,Ayala,Huitzililla,18.6943,-98.8969,La Jornada,"Around 12 October 2024 (as reported), in Huitzililla, Morelos, a man was killed and the body was found with signs of torture and gunshot wounds. 1 fatality.",1,MX17004,Ayala,2024-12-16,2025-12-16
MEX94305,2024-10-17,2024,Political violence,Violence against civilians,Attack,484,North America,Mexico,Hidalgo,Mineral de la Reforma,San Jose Palma Gorda,20.0227,-98.7515,La Jornada; La Silla Rota,"Around 17 October 2024 (as reported), in San Jose Palma Gorda, Hidalgo, three people were killed and their burnt bodies were found inside a burning van near Las Torres boulevard. According to the authorities, this event is related to a dispute between criminal groups dedicated to drug dealing and Huachicoleo (fuel theft). 3 fatalities.",3,MX13051,Mineral de la Reforma,2024-12-16,2025-12-16
MEX93713,2024-09-29,2024,Political violence,Explosions/Remote violence,Air/drone strike,484,North America,Mexico,Michoacán,Paracuaro,Paracuaro,19.1458,-102.22,Milenio; MiMorelia,"On 29 September 2024, in Paracuaro, Michoacan, according to residents, unidentified armed individuals launched homemade explosives from drones. The attack caused damage to the roofs of several homes. Casualties unknown.",0,MX16064,Parácuaro,2024-12-16,2025-12-16
MEX94186,2024-10-13,2024,Political violence,Battles,Armed clash,484,North America,Mexico,Michoacán,Paracuaro,Paracuaro,19.1458,-102.22,La Voz de Michoacan,"On 13 October 2024, in Paracuaro, Michoacan, armed men on a motorcycle shot and killed a man in a drive-by. The victim was member of a criminal group. 1 fatality.",1,MX16064,Parácuaro,2024-12-16,2025-12-16
MEX94254,2024-10-16,2024,Political violence,Violence against civilians,Attack,484,North America,Mexico,Hidalgo,Epazoyucan,El Nopalillo,20.0661,-98.5829,La Jornada; Milenio,"Around 16 October 2024 (as reported), in El Nopalillo, Hidalgo, three people were abducted and then killed, and their bodies were found inside plastic bags in a wooden area. One of the perpetrators was arrested around 19 October 2024 in Fraccionamiento La Providencia, in the municipality of Mineral de la Reforma. This attack is suspectedly linked to a dispute over drug deals and the illegal extraction of fuel, and to the killing of six other people whose bodies were found in Puerto Mexico on 3 October 2024 (coded separately). 3 fatalities.",3,MX13022,Epazoyucan,2024-12-16,2025-12-16
MEX94268,2024-10-14,2024,Political violence,Violence against civilians,Attack,484,North America,Mexico,Sinaloa,Culiacan,Campo El Diez,24.739,-107.4522,Riodoce,"On 14 October 2024, in Campo El Diez, Sinaloa, unknown armed individuals in a pickup truck opened fire at a man traveling on a motorcycle (drive-by). The man was injured.",0,MX25006,Culiacán,2024-12-16,2025-12-16
MEX94502,2024-10-20,2024,Political violence,Battles,Armed clash,484,North America,Mexico,Michoacán,Paracuaro,Los Bancos,19.1828,-102.2077,La Voz de Michoacan,"On 20 October 2024, in Los Bancos, Michoacan de Ocampo, armed groups clashed. According to military sources, the Jalisco New Generation Cartel (CJNG) and Los Caballeros Templarios Gang were involved in this clash. This event is linked to a clash that took place the same day in Puerta Chica, also known as Barrio Seco (coded separately). Casualties unknown.",0,MX16064,Parácuaro,2024-12-16,2025-12-16
MEX94503,2024-10-20,2024,Political violence,Battles,Armed clash,484,North America,Mexico,Michoacán,Paracuaro,Puerta Chica,19.1913,-102.2075,La Voz de Michoacan,"On 20 October 2024, in Puerta Chica, Michoacan de Ocampo, armed groups clashed. According to military sources, the Jalisco New Generation Cartel (CJNG) and Los Caballeros Templarios Gang were involved in this clash. This event is linked to a clash that took place the same day in Los Bancos (coded separately). Casualties unknown.",0,MX16064,Parácuaro,2024-12-16,2025-12-16
MEX94508,2024-10-20,2024,Political violence,Battles,Armed clash,484,North America,Mexico,Sinaloa,Culiacan,Laguna de Canachi,24.1361,-107.0999,Riodoce,"On 20 October 2024, in Laguna de Canachi, Sinaloa, army officers and armed individuals clashed. An officer died and another was injured. This event is likely part of the war between 'Los Chapitos' and 'Los Mayitos' factions of the Sinaloa Cartel. 1 fatality.",1,MX25006,Culiacán,2024-12-16,2025-12-16
MEX94513,2024-10-20,2024,Political violence,Battles,Armed clash,484,North America,Mexico,Chihuahua,Juarez,Ciudad Juarez,31.7465,-106.485,El Norte,"On 20 October 2024, in Ciudad Juarez, Chihuahua, National Guard officers and around ten armed individuals clashed on Chihuahua-Ciudad Juarez road, near the exit towards Internacional Guadalupe-Tornillo. An armed individual was injured and arrested, and the officers seized 21 fireweapons.",0,MX08037,Juárez,2024-12-16,2025-12-16
MEX94557,2024-10-20,2024,Political violence,Violence against civilians,Attack,484,North America,Mexico,Hidalgo,Zapotlan de Juarez,Acayuca,20.0245,-98.8399,24 Horas (Mexico); La Silla Rota; Noroeste; Sintesis,"On 20 October 2024, in Acayuca, Hidalgo, armed individuals on a vehicle shot at a van with a man, a woman, and a child on Cipres street in Colonia Los Jorges (drive-by). The man, who is the former mayor of Zapotlan from the MC party, got to escape. The perpetrators killed the woman and the two-years-old child remained uninjured. 1 fatality.",1,MX13082,Zapotlán de Juárez,2024-12-16,2025-12-16
MEX94640,2024-10-21,2024,Political violence,Battles,Armed clash,484,North America,Mexico,Sinaloa,Elota,Nuevo Salto Grande,24.093,-106.7673,Riodoce,"On 21 October 2024, in Nuevo Salto Grande, Sinaloa, there was an armed clash between armed individuals (likely affiliated with the Sinaloa Cartel) and the military forces, the National Guard and the State police. The armed individuals also set a (narco) roadblock at the entrance of the community. This event is related to similar clashes involving factions of the Sinaloa Cartel recorded in other locations of this state (coded separately). There were no casualties.",0,MX25008,Elota,2024-12-16,2025-12-16
MEX94642,2024-10-18,2024,Political violence,Violence against civilians,Attack,484,North America,Mexico,Nuevo León,Santa Catarina,Ciudad Santa Catarina,25.6744,-100.4617,Milenio,"On 18 October 2024, in Ciudad Santa Catarina, Nuevo Leon, according to witnesses, armed individuals chased, shot, and killed a man in the intersection of Valencia and Granda streets, in Colonia La Espanola. 1 fatality.",1,MX19048,Santa Catarina,2024-12-16,2025-12-16
MEX94646,2024-10-18,2024,Political violence,Violence against civilians,Attack,484,North America,Mexico,Morelos,Puente de Ixtla,San Jose Vista Hermosa,18.6544,-99.2664,La Jornada,"On 18 October 2024, in San Jose Vista Hermosa, Morelos, according to witnesses, two armed individuals entered a house, and shot and killed an Indigenous woman. 1 fatality.",1,MX17017,Puente de Ixtla,2024-12-16,2025-12-16
MEX94648,2024-10-18,2024,Political violence,Violence against civilians,Attack,484,North America,Mexico,Morelos,Puente de Ixtla,Xoxocotla,18.6846,-99.2458,La Jornada,"On 18 October 2024, in Xoxocotla, Morelos, according to witnesses, armed individuals chased, shot, and killed an Indigenous woman near Alpuyeca-Jojutla federal road. 1 fatality.",1,MX17017,Puente de Ixtla,2024-12-16,2025-12-16
MEX94656,2024-10-19,2024,Political violence,Violence against civilians,Attack,484,North America,Mexico,Baja California,Tijuana,Tijuana,32.5325,-117.019,AFN - Tijuana,"On 19 October 2024, in Tijuana, Baja California, according to witnesses, armed individuals shot at a man while he was getting into an Uber car on Torrecillas avenue, in Colonia Lomas Taurinas, killing him and the driver. 2 fatalities.",2,MX02004,Tijuana,2024-12-16,2025-12-16
MEX94657,2024-10-19,2024,Political violence,Violence against civilians,Abduction/forced disappearance,484,North America,Mexico,Baja California,Tijuana,Tijuana,32.5325,-117.019,AFN - Tijuana,"On 19 October 2024, in Tijuana, Baja California, according to the victim, three individuals abducted a 17-years old boy in Colonia Herrera and released him in Fraccionamiento Real del Mar. The authorities arrested three men, two of whom were former municipal police officers.",0,MX02004,Tijuana,2024-12-16,2025-12-16
MEX94658,2024-10-19,2024,Political violence,Violence against civilians,Attack,484,North America,Mexico,Chiapas,Tuzantan,Tuzantan,15.1459,-92.4213,La Jornada,"Around 19 October 2024 (as reported), in Tuzantan, Chiapas, two people were killed and their bodies were found inside plastic bags floating on the Islamapa river. 2 fatalities.",2,MX07103,Tuzantán,2024-12-16,2025-12-16
MEX94662,2024-10-20,2024,Political violence,Violence against civilians,Attack,484,North America,Mexico,Nuevo León,Garcia,Garcia,25.8005,-100.5855,Metro Monterrey,"On 20 October 2024, in Garcia, Nuevo Leon, according to witnesses, two armed men shot and killed a man in the city center. 1 fatality.",1,MX19018,García,2024-12-16,2025-12-16
MEX94663,2024-10-20,2024,Political violence,Violence against civilians,Attack,484,North America,Mexico,Michoacán,Jacona,Jacona de Plancarte,19.9563,-102.306,MiMorelia; Riodoce,"On 20 October 2024, in Jacona de Plancarte, Michoacan, a municipal commander who was off-duty was shot and killed by unidentified armed individuals inside a restaurant in colonia Lomas de San Pablo. A woman who was with him was also killed. 2 fatalities.",2,MX16043,Jacona,2024-12-16,2025-12-16
MEX94665,2024-10-20,2024,Political violence,Violence against civilians,Attack,484,North America,Mexico,Chihuahua,Aquiles Serdan,Santa Eulalia,28.595,-105.8868,Tiempo,"Around 20 October 2024 (as reported), near Santa Eulalia, Chihuahua, a man was killed and his body was found wrapped in blankets and bags on a path near CERESO, in Libramiento Oriente, Colonia Ladrilleras Sur. 1 fatality.",1,MX08004,Aquiles Serdán,2024-12-16,2025-12-16
MEX94667,2024-10-21,2024,Political violence,Violence against civilians,Attack,484,North America,Mexico,Guanajuato,Celaya,Celaya,20.5215,-100.814,Zona Franca,"Around 21 October 2024 (as reported), in Celaya, Guanajuato, two armed men who arrived on a motorcycle shot at a house in Dolores Avellanal street. One woman was killed and another two people were injured. 1 fatality.",1,MX11007,Celaya,2024-12-16,2025-12-16
MEX94670,2024-10-21,2024,Political violence,Violence against civilians,Attack,484,North America,Mexico,Baja California,Tijuana,Tijuana,32.5325,-117.019,AFN - Tijuana; Zeta Tijuana,"Around 21 October 2024 (as reported), in Tijuana, Baja California, an unknown number of people were killed and the human remains were found inside several bags in colonia Centro. According to witnesses, two men left the bags. Unspecified number of fatalities coded as 3.",3,MX02004,Tijuana,2024-12-16,2025-12-16
MEX94671,2024-10-21,2024,Political violence,Violence against civilians,Attack,484,North America,Mexico,Chiapas,Yajalon,Yajalon,17.1739,-92.3339,El Blog del Narco; La Jornada,"On 21 October 2024, in Yajalon, Chiapas, the mayor of Chilon municipality was attacked during a trip by unidentified armed individuals. The mayor was not injured. The mayor has just took over the position on 1 October.",0,MX07109,Yajalón,2024-12-16,2025-12-16
MEX94672,2024-10-22,2024,Political violence,Violence against civilians,Attack,484,North America,Mexico,Nuevo León,Juarez,Benito Juarez,25.6513,-100.106,Milenio,"On 22 October 2024, in Benito Juarez, Nuevo Leon, two men on a motorcycle stopped in front of a home and shot a man in Colonia San Miguelito Segundo Sector. The man died as a result. 1 fatality.",1,MX19031,Juárez,2024-12-16,2025-12-16
MEX94673,2024-10-22,2024,Political violence,Violence against civilians,Attack,484,North America,Mexico,Sonora,Cajeme,Ciudad Obregon,27.4965,-109.9327,Entorno Informativo,"On 22 October 2024, in Ciudad Obregon, Sonora, two men on a motorcycle approached a man outside his home in Colonia Cajeme and shot him. The man died as a result. 1 fatality.",1,MX26018,Cajeme,2024-12-16,2025-12-16
MEX94677,2024-10-22,2024,Political violence,Violence against civilians,Attack,484,North America,Mexico,Puebla,Puebla,Heroica Puebla de Zaragoza,19.044,-98.1975,Milenio,"On 22 October 2024, in Heroica Puebla de Zaragoza, Puebla, according to witnesses, a groups of armed men shot and killed at the owner business of a car store in Bulevar Valsequillo. Also in Puebla, three armed individuals entered a store and shot the owner and injured a woman in Colonia Xilotzingo. 2 fatalities.",2,MX21114,Puebla,2024-12-16,2025-12-16
MEX94678,2024-10-22,2024,Political violence,Violence against civilians,Attack,484,North America,Mexico,Tabasco,Paraiso,Monte Adentro,18.3638,-93.2006,Tabasco Hoy,"On 22 October 2024, in Monte Adentro, Tabasco, a couple of armed men entered a home and killed a man inside his home. The attack is being investigated for linkages to extortion. 1 fatality.",1,MX27014,Paraíso,2024-12-16,2025-12-16
MEX94680,2024-10-23,2024,Political violence,Violence against civilians,Attack,484,North America,Mexico,Guanajuato,Celaya,Celaya,20.5215,-100.814,La Jornada,"On 23 October 2024, in Celaya, Guanajuato, a couple of armed men shot three municipal police officers (likely off-duty) and former federal police officers inside a bar in Colonia Nuevo Celaya. All three died as a result. 3 fatalities.",3,MX11007,Celaya,2024-12-16,2025-12-16
MEX94681,2024-10-23,2024,Political violence,Violence against civilians,Attack,484,North America,Mexico,Ciudad de Mexico,Alvaro Obregon,Ciudad de Mexico - Alvaro Obregon,19.3908,-99.1954,El Norte,"On 23 October 2024, in Ciudad de Mexico - Alvaro Obregon, two men opened fire and shot a man in Colonia Oliver del Conde segunda seccion. The perpetrators escaped on a motorcycle. 1 fatality.",1,MX09010,Álvaro Obregón,2024-12-16,2025-12-16
MEX94684,2024-10-23,2024,Political violence,Violence against civilians,Attack,484,North America,Mexico,Puebla,Puebla,Heroica Puebla de Zaragoza,19.044,-98.1975,E-Consulta,"On 23 October 2024, in Heroica Puebla de Zaragoza, Puebla, three armed individuals shot and killed a man and injured his partner close to Camino Real. The man died as a result and the woman was injured. 1 fatality, 1 injury.",1,MX21114,Puebla,2024-12-16,2025-12-16
MEX94688,2024-10-23,2024,Political violence,Violence against civilians,Attack,484,North America,Mexico,Puebla,Chalchicomula de Sesma,San Francisco Cuautlancingo,18.996,-97.4149,Milenio,"Around 23 October 2024 (as reported), in San Francisco Cuautlancingo, Puebla, a person was killed and the human remains were found wrapped in a sheet the Volkswagen housing unit 2. 1 fatality.",1,MX21045,Chalchicomula de Sesma,2024-12-16,2025-12-16
MEX94689,2024-10-23,2024,Political violence,Violence against civilians,Attack,484,North America,Mexico,Oaxaca,San Juan Lalana,Santa Maria La Nopalera,17.4864,-95.6712,Quadratin Oaxaca,"On 23 October 2024, close to Santa Maria La Nopalera, Oaxaca, unknown armed individuals shot and killed the construction councilor of City Hall between Santa Maria La Nopalera and El Malucano. 1 fatality.",1,MX20205,San Juan Lalana,2024-12-16,2025-12-16
MEX94690,2024-10-23,2024,Political violence,Violence against civilians,Attack,484,North America,Mexico,Morelos,Tlaltizapan de Zapata,Tlaltizapan,18.683,-99.1182,Diario de Morelos,"On 23 October 2024, in Tlaltizapan, Morelos, two armed individuals arrived on a motorcycle and shot a man driving in his car in Colonia El Mirador while he was parked. The victim died as a result. 1 fatality.",1,MX17024,Tlaltizapán de Zapata,2024-12-16,2025-12-16
MEX94691,2024-10-24,2024,Political violence,Violence against civilians,Attack,484,North America,Mexico,Chihuahua,Chihuahua,Chihuahua,28.6368,-106.0763,Tiempo,"On 24 October 2024, in Chihuahua, Chihuahua, two armed men shot and killed a man in Colonia Diaz Ordaz and then fled the scene. The man died as a result. 1 fatality.",1,MX08019,Chihuahua,2024-12-16,2025-12-16
MEX94697,2024-10-24,2024,Political violence,Violence against civilians,Attack,484,North America,Mexico,Nuevo León,Linares,Linares,24.8597,-99.5679,El Norte,"Around 24 October 2024 (as reported), in Linares, Nuevo Leon, a couple was killed and the bodies were found with signs of torture at the entrance to Ejido Berlanga Garcia. 2 fatalities.",2,MX19033,Linares,2024-12-16,2025-12-16
MEX94698,2024-10-24,2024,Political violence,Violence against civilians,Attack,484,North America,Mexico,Nuevo León,Montemorelos,Montemorelos,25.1893,-99.827,El Norte,"On 24 October 2024, in Montemorelos, Nuevo Leon, two armed individuals opened fire and shot and killed two men in Colonia Arboledas del Rio Pilon. 2 fatalities.",2,MX19038,Montemorelos,2024-12-16,2025-12-16
MEX94699,2024-10-24,2024,Political violence,Violence against civilians,Attack,484,North America,Mexico,Jalisco,Tlajomulco de Zuniga,Tlajomulco de Zuniga,20.4736,-103.4431,El Norte,"On 24 October 2024, in Tlajomulco de Zuniga, Jalisco, two men on a motorcycle arrived and shot at a retired military man in Colonia Hacienda de Oro who repelled the aggression by shooting a gun. The man died as a result and the victim was identified as a former military officer. 1 fatality.",1,MX14097,Tlajomulco de Zúñiga,2024-12-16,2025-12-16
MEX94700,2024-10-24,2024,Political violence,Violence against civilians,Attack,484,North America,Mexico,Michoacán,Tancitaro,Zirimbo,19.3012,-102.3179,MiMorelia,"Around 24 October 2024 (as reported), in Zirimbo, Michoacan de Ocampo, a man was killed and his body was found with signs of torture in an avocado field. 1 fatality.",1,MX16083,Tancítaro,2024-12-16,2025-12-16
MEX94701,2024-10-25,2024,Political violence,Violence against civilians,Attack,484,North America,Mexico,Tabasco,Cardenas,Cardenas,17.9894,-93.3769,La Silla Rota; Tabasco Hoy,"On 25 October 2024, in Cardenas, Tabasco, unknown armed individuals attacked the former collaborator of the former president of the PRI party in his home in Colonia Tabasco. The victim died as a result and his wife was injured. 1 fatality, 1 injury.",1,MX27002,Cárdenas,2024-12-16,2025-12-16
MEX94702,2024-10-25,2024,Political violence,Violence against civilians,Attack,484,North America,Mexico,Nuevo León,El Carmen,Carmen,25.9322,-100.3641,El Norte,"On 25 October 2024, in Carmen, Nuevo Leon, at least two armed men chased a man through the streets and shot him dead. The victim was found with a gun in his hand and investigators were yet to confirm whether he had the gun or it was put it on him. 1 fatality.",1,MX19010,El Carmen,2024-12-16,2025-12-16
MEX94703,2024-10-25,2024,Political violence,Violence against civilians,Attack,484,North America,Mexico,Nuevo León,Apodaca,Ciudad Apodaca,25.7813,-100.1892,Milenio,"On 25 October 2024, in Ciudad Apodaca, Nuevo Leon, at least two armed individuals opened fire at the facade of a home in Colonia Nuevo Amanecer and injured a woman who is the owner of the home. 1 injury.",0,MX19006,Apodaca,2024-12-16,2025-12-16
MEX94704,2024-10-25,2024,Political violence,Violence against civilians,Attack,484,North America,Mexico,Ciudad de Mexico,Venustiano Carranza,Ciudad de Mexico - Venustiano Carranza,19.4193,-99.1137,El Norte; La Jornada,"On 25 October 2024, in Ciudad de Mexico - Venustiano Carranza, several armed individuals opened fire at two men from a roof in Colonia Morelos. Both men died as a result and a woman and a teenager were injured. Also in Venustiano Carranza district, several men entered a home and shot and killed a man in the housing unit Colonia Candelaria de los Patos. 3 fatalities, 2 injuries.",3,MX09017,Venustiano Carranza,2024-12-16,2025-12-16
MEX94708,2024-10-25,2024,Political violence,Explosions/Remote violence,Air/drone strike,484,North America,Mexico,Michoacán,Paracuaro,Los Bancos,19.1828,-102.2077,La Voz de Michoacan,"On 25 October 2024, in Los Bancos, Michoacan de Ocampo, unknown armed individuals launched an explosive device from a drone near a kindergarten. There were no injuries.",0,MX16064,Parácuaro,2024-12-16,2025-12-16
MEX94709,2024-10-25,2024,Political violence,Violence against civilians,Attack,484,North America,Mexico,Tabasco,Paraiso,Paraiso,18.3982,-93.2123,La Silla Rota,"On 25 October 2024, in Paraiso, Tabasco, two armed individuals threw a molotov cocktail at a barbershop which caught fire while people was inside. There were no injuries.",0,MX27014,Paraíso,2024-12-16,2025-12-16
MEX94710,2024-10-25,2024,Political violence,Violence against civilians,Attack,484,North America,Mexico,Oaxaca,San Carlos Yautepec,San Carlos Yautepec,16.4955,-96.1055,Diario de Morelos,"On 25 October 2024, in San Carlos Yautepec, Oaxaca, unknown armed individuals opened fire at the home of a man who is the son of the mayor. The victim was left uninjured.",0,MX20125,San Carlos Yautepec,2024-12-16,2025-12-16
MEX94712,2024-10-19,2024,Political violence,Battles,Armed clash,484,North America,Mexico,Sonora,Hermosillo,Hermosillo,29.0749,-110.959,El Proceso; Riodoce,"On 19 October 2024, in Hermosillo, Sonora, two armed individuals shot at two municipal police officers who approached them on a path around the premises of Union Ganadera, killing one and injuring the other. 1 fatality.",1,MX26030,Hermosillo,2024-12-16,2025-12-16
MEX94713,2024-10-21,2024,Political violence,Battles,Armed clash,484,North America,Mexico,Guanajuato,Acambaro,Acambaro,20.0354,-100.7193,Zona Franca,"On 21 October 2024, in Acambaro, Guanajuato, there was an armed clash between armed individuals and the municipal police during a police control after several armed men shot at the police in Colonia La Carpa. The police repelled the attack. One officer and three armed men were injured.",0,MX11002,Acámbaro,2024-12-16,2025-12-16
MEX94716,2024-10-25,2024,Political violence,Battles,Armed clash,484,North America,Mexico,Ciudad de Mexico,Benito Juarez,Ciudad de Mexico - Benito Juarez,19.372,-99.1579,El Norte,"On 25 October 2024, in Ciudad de Mexico - Benito Juarez, state police officers attempted to stop a man with suspicious behavior who opened fire at the police officers in Colonia Santa Cruz Atoyac. The police officers repelled the aggression and injured the man. 1 injury.",0,MX09014,Benito Juárez,2024-12-16,2025-12-16
MEX94719,2024-10-24,2024,Political violence,Battles,Armed clash,484,North America,Mexico,Sonora,San Luis Rio Colorado,San Luis Rio Colorado,32.4798,-114.7796,Entorno Informativo,"On 24 October 2024, in San Luis Rio Colorado, Sonora, state police officers intercepted individuals inside a vehicle who shot the police officers and fled the scene Ejido Islita. One state police officer was injured and a civilian was injured as well. 2 injuries.",0,MX26055,San Luis Río Colorado,2024-12-16,2025-12-16
MEX94720,2024-10-24,2024,Political violence,Battles,Armed clash,484,North America,Mexico,Chiapas,Tuxtla Gutierrez,Tuxtla Gutierrez,16.754,-93.1152,La Jornada,"On 24 October 2024, in Tuxtla Gutierrez, Chiapas, armed individuals in two vehicles opened fire at state police officers who repelled the aggression and chased the individuals until Colonia Hidalgo. Two armed individuals were killed and two were arrested. Three state police officers were injures. 2 fatalities.",2,MX07101,Tuxtla Gutiérrez,2024-12-16,2025-12-16
MEX94721,2024-10-25,2024,Political violence,Battles,Armed clash,484,North America,Mexico,Tabasco,Comalcalco,Comalcalco,18.266,-93.225,La Silla Rota,"On 25 October 2024, in Comalcalco, Tabasco, unknown armed individuals opened fire at a security guard who died together with a civilian. 2 fatalities.",2,MX27005,Comalcalco,2024-12-16,2025-12-16
MEX94724,2024-10-23,2024,Political violence,Battles,Armed clash,484,North America,Mexico,Sinaloa,Culiacan,Las Arenitas,24.3722,-107.536,El Sol de Sinaloa; Riodoce,"On 23 October 2024, in Las Arenitas, Sinaloa, armed rival groups engaged in an armed clash. There were no casualties.",0,MX25006,Culiacán,2024-12-16,2025-12-16
MEX94725,2024-10-24,2024,Political violence,Battles,Armed clash,484,North America,Mexico,Sonora,Caborca,La Y Griega,30.8076,-112.7174,La Silla Rota,"On 24 October 2024, in La Y Griega, Sonora, an armed clash was reported between rival groups. The armed suspects threw tire punctures on the road. There were no casualties.",0,MX26017,Caborca,2024-12-16,2025-12-16
MEX94726,2024-10-03,2024,Political violence,Violence against civilians,Attack,484,North America,Mexico,Hidalgo,San Agustin Tlaxiaca,Puerto Mexico,20.0979,-98.9981,Milenio,"Around 3 October 2024 (as reported), in Puerto Mexico, Hidalgo, six people were killed and their bodies were found piled up. One of the perpetrators was arrested and eight others are wanted. This attack is suspectedly linked to a dispute over drug deals and the illegal extraction of fuel, and to the murder of three other people whose bodies were found in El Nopalillo on 16 October 2024 (coded separately). 6 fatalities.",6,MX13052,San Agustín Tlaxiaca,2024-12-16,2025-12-16
MEX94727,2024-10-17,2024,Political violence,Violence against civilians,Attack,484,North America,Mexico,Tabasco,Centro,Macultepec,18.1502,-92.8609,Tabasco Hoy,"On 17 October 2024, near Macultepec, Tabasco, two armed individuals on a vehicle shot at a man who was driving a van on km. 16 of Villahermosa-Frontera road (drive-by). The victim, uninjured, fled towards the police station in the village of Ocuitlzapotlan, where he received protection. The victim is the deputy homicide prosecutor of the State Attorney General's Office, and had recently been removed from his position at the High Impact and Anti-Kidnapping Deputy District Attorney's Office.",0,MX27004,Centro,2024-12-16,2025-12-16
MEX94728,2024-10-17,2024,Political violence,Violence against civilians,Attack,484,North America,Mexico,Veracruz de Ignacio de la Llave,Playa Vicente,Playa Vicente,17.8303,-95.8134,24 Horas (Mexico); AFP,"Around 17 October 2024 (as reported), in Playa Vicente, Veraruz de Ignacio de la Llave, a man was killed and his body was found in his ranch. The victim was an afro-descendant community leader and Afro-Mexican rights and culture activist who had been threatened by criminal organizations. The criminal organizations suspectedly wanted the victim to mediate and grant them the community's support. 1 fatality.",1,MX30130,Playa Vicente,2024-12-16,2025-12-16
MEX94729,2024-10-18,2024,Political violence,Violence against civilians,Attack,484,North America,Mexico,Nuevo León,Apodaca,Ciudad Apodaca,25.7813,-100.1892,Milenio,"On 18 October 2024, in Ciudad Apodaca, Nuevo Leon, three armed individuals on a vehicle shot and killed a taxi driver on Del Sendero street, between Elisa Garza and Leona Vicario streets, in Colonia Villa Luz (drive-by). 1 fatality.",1,MX19006,Apodaca,2024-12-16,2025-12-16
MEX94732,2024-10-19,2024,Political violence,Violence against civilians,Attack,484,North America,Mexico,Chihuahua,Chihuahua,Chihuahua,28.6368,-106.0763,Tiempo,"Around 19 October 2024 (as reported), in Chihuahua, Chihuahua, armed individuals on a taxi shot and killed a man in the intersection of 106 and Roberto Fierro streets, in Colonia Pavis Borunda (drive-by). 1 fatality.",1,MX08019,Chihuahua,2024-12-16,2025-12-16
MEX94733,2024-10-19,2024,Political violence,Violence against civilians,Attack,484,North America,Mexico,México,Nezahualcoyotl,Ciudad Nezahualcoyotl,19.4088,-99.0182,Reforma,"On 19 October 2024, in Ciudad Nezahualcoyotl, Mexico, armed individuals on a motorbike shot at people at 'La Guera' butcher's shop on 7 street, in Colonia Juarez Pantitlan, killing three employees (drive-by). 3 fatalities.",3,MX15058,Nezahualcóyotl,2024-12-16,2025-12-16
MEX94734,2024-10-19,2024,Political violence,Violence against civilians,Attack,484,North America,Mexico,Sonora,Cajeme,Ciudad Obregon,27.4965,-109.9327,Entorno Informativo,"Around 19 October 2024 (as reported), in Ciudad Obregon, Sonora, a man was killed and his body was found with signs of violence and a narco-message in colonia Sostenes Valenzuela Miller. 1 fatality.",1,MX26018,Cajeme,2024-12-16,2025-12-16
MEX94735,2024-10-19,2024,Political violence,Violence against civilians,Attack,484,North America,Mexico,Morelos,Cuernavaca,Cuernavaca,18.9218,-99.2349,Diario de Morelos,"On 19 October 2024, in Cuernavaca, Morelos, according to witnesses, several armed men shot and killed a man that was driving a motorbike on Gavilanes street, behind Barona's sport fields, in Colonia Unidad Deportiva. The perpetrators left a cardboard with a message in which they accused the victim of stealing motorbikes. 1 fatality.",1,MX17007,Cuernavaca,2024-12-16,2025-12-16
MEX94740,2024-10-19,2024,Political violence,Violence against civilians,Attack,484,North America,Mexico,Colima,Minatitlan,Minatitlan,19.386,-104.0493,La Verdad; SDP Noticias,"Around 19 October 2024 (as reported), in Minatitlan, Colima, a man was killed and his body was found with gunshot wounds and a cardboard with a threatening message inside a car on Minatitlan-Manzanillo road. The victim was affiliated to the PRI and was a former mayor, former municipal president, former local congressman, and former state police officer. 1 fatality.",1,MX06008,Minatitlán,2024-12-16,2025-12-16
MEX94741,2024-10-20,2024,Political violence,Violence against civilians,Attack,484,North America,Mexico,Tabasco,Cardenas,Cardenas,17.9894,-93.3769,Tabasco Hoy,"Around 20 October 2024 (month of), in Cardenas, Tabasco, a man was killed and his body was found with the feet tied with a chain and in an advance state of decomposition on a side of the road that connects the Second Section of Colonia El Bajio and the First Section of Ejido Habanero. 1 fatality.",1,MX27002,Cárdenas,2024-12-16,2025-12-16
MEX94744,2024-10-20,2024,Political violence,Violence against civilians,Attack,484,North America,Mexico,Chihuahua,Hidalgo del Parral,Hidalgo del Parral,26.9221,-105.6671,Tiempo,"Around 20 October 2024 (as reported), near Hidalgo del Parral, Chihuhua, a man was killed and his body was found with the head covered in tape, the hands tied, and a message that said 'This happened to you for stealing cars', on km. 50 of the road leading to Parral. 1 fatality.",1,MX08032,Hidalgo del Parral,2024-12-16,2025-12-16
MEX94747,2024-10-20,2024,Political violence,Violence against civilians,Attack,484,North America,Mexico,Nuevo León,Montemorelos,Montemorelos,25.1893,-99.827,Metro Monterrey,"Around 20 October 2024 (as reported), in Montemorelos, Nuevo Leon, a man was killed and the body was found beaten up and hanged from a tree. 1 fatality.",1,MX19038,Montemorelos,2024-12-16,2025-12-16
MEX94749,2024-10-20,2024,Political violence,Violence against civilians,Attack,484,North America,Mexico,Michoacán,Zamora,Zamora de Hidalgo,19.9836,-102.286,La Voz de Michoacan; MiMorelia,"Around 20 October 2024 (as reported), near Zamora de Hidalgo, Michoacan de Ocampo, a woman was killed and her burnt body was found on km. 3,5 of Libramiento Norte road, near Colonia El Mirador. 1 fatality.",1,MX16108,Zamora,2024-12-16,2025-12-16
MEX94751,2024-10-21,2024,Political violence,Violence against civilians,Attack,484,North America,Mexico,Guanajuato,Celaya,Celaya,20.5215,-100.814,Zona Franca,"Around 21 October 2024 (as reported), in Celaya, Guanajuato, a man was shot and killed by armed men in a vehicle in a drive-by shooting on Avenida Las Torres. 1 fatality.",1,MX11007,Celaya,2024-12-16,2025-12-16
MEX94752,2024-10-21,2024,Political violence,Violence against civilians,Attack,484,North America,Mexico,Michoacán,Charo,Charo,19.7475,-101.0469,La Voz de Michoacan,"Around 21 October 2024 (as reported), in Charo, Michoacan, a man was killed and his body was found beheaded. According to the investigations, the victim was killed around four days before. 1 fatality.",1,MX16022,Charo,2024-12-16,2025-12-16
MEX94753,2024-10-21,2024,Political violence,Violence against civilians,Attack,484,North America,Mexico,Chihuahua,Chihuahua,Chihuahua,28.6368,-106.0763,Tiempo,"On 21 October 2024, in Chihuahua, Chihuahua, two armed men on a motorcycle shot and killed (drive-by) two men in Colonia Girasoles. 2 fatalities.",2,MX08019,Chihuahua,2024-12-16,2025-12-16
MEX94757,2024-10-21,2024,Political violence,Violence against civilians,Attack,484,North America,Mexico,Guanajuato,Irapuato,Irapuato,20.6728,-101.3481,Milenio; Zona Franca,"On 21 October 2024, in Irapuato, Guanajuato, an off-duty municipal police officer was shot and killed by armed individuals in a vehicle in a drive-by shooting in Plaza del Comercio. 1 fatality.",1,MX11017,Irapuato,2024-12-16,2025-12-16
MEX94761,2024-10-21,2024,Political violence,Violence against civilians,Attack,484,North America,Mexico,Michoacán,Morelia,Morelia,19.7034,-101.192,La Voz de Michoacan,"On 21 October 2024, in Morelia, Michoacan, two armed men on a motorcycle shot and killed a man who was walking his dog in colonia Chapultepec Norte (drive-by). 1 fatality.",1,MX16053,Morelia,2024-12-16,2025-12-16
MEX94762,2024-10-21,2024,Political violence,Violence against civilians,Attack,484,North America,Mexico,Guanajuato,Silao de la Victoria,Silao de la Victoria,20.9445,-101.4262,Zona Franca,"On 21 October 2024, in Silao de la Victoria, Guanajuato, two armed men on a motorcycle shot and killed a man in a drive-by shooting in Colonia Barrio Nuevo. The event occurred after a fight in which the victim was involved. 1 fatality.",1,MX11037,Silao de la Victoria,2024-12-16,2025-12-16
MEX94763,2024-10-21,2024,Political violence,Violence against civilians,Attack,484,North America,Mexico,Jalisco,San Pedro Tlaquepaque,Tlaquepaque,20.6386,-103.3072,Milenio,"Around 21 October 2024 (as reported), in Tlaquepaque, Jalisco, a person was killed and the body was found burned in colonia Guayabitos. 1 fatality.",1,MX14098,San Pedro Tlaquepaque,2024-12-16,2025-12-16
MEX94764,2024-10-22,2024,Political violence,Violence against civilians,Attack,484,North America,Mexico,Nuevo León,Santa Catarina,Ciudad Santa Catarina,25.6744,-100.4617,Milenio,"Around 22 October 2024 (as reported), in Ciudad Santa Catarina, Nuevo Leon, a man was killed and the body was found wrapped in blankets and tied up in Cerro de las Mitras. 1 fatality.",1,MX19048,Santa Catarina,2024-12-16,2025-12-16
MEX94766,2024-10-22,2024,Political violence,Violence against civilians,Attack,484,North America,Mexico,Nuevo León,Garcia,Garcia,25.8005,-100.5855,El Norte,"On 22 October 2024, in Garcia, Nuevo Leon, armed individuals opened fire from a vehicle at a taxi driver and a passenger (drive-by) in Colonia Paseo del Nogal. Both were injured as a result. 2 injuries.",0,MX19018,García,2024-12-16,2025-12-16
MEX94771,2024-10-22,2024,Political violence,Violence against civilians,Attack,484,North America,Mexico,Coahuila de Zaragoza,San Juan de Sabinas,Nueva Rosita,27.9339,-101.217,Entorno Informativo,"Around 22 October 2024 (month of), in Nueva Rosita, Coahuila, a man was killed and the body was found in an advanced state of decomposition with bondages around his feet in Ejido San Jose. 1 fatality.",1,MX05032,San Juan de Sabinas,2024-12-16,2025-12-16
MEX94772,2024-10-22,2024,Political violence,Violence against civilians,Attack,484,North America,Mexico,San Luis Potosí,San Luis Potosi,Villa de Pozos,22.0957,-100.8747,Antena San Luis,"Around 22 October 2024 (as reported), in Villa de Pozos, San Luis Potosi, a man was killed and his body was found tied and on the side of the road close to Colonia Los Silos. 1 fatality.",1,MX24028,San Luis Potosí,2024-12-16,2025-12-16
MEX94773,2024-10-23,2024,Political violence,Violence against civilians,Attack,484,North America,Mexico,Morelos,Ayala,Abelardo L. Rodriguez,18.7379,-98.9858,La Silla Rota,"Around 23 October 2024 (as reported), in Abelardo L. Rodriguez, Morelos, a person was killed and the body was found burned inside a cemetary in Abelardo Rodriguez. 1 fatality.",1,MX17004,Ayala,2024-12-16,2025-12-16
MEX94774,2024-10-23,2024,Political violence,Violence against civilians,Attack,484,North America,Mexico,Nuevo León,Juarez,Benito Juarez,25.6513,-100.106,El Norte,"On 23 October 2024, in Benito Juarez, Nuevo Leon, armed individuals on a motorcycle opened fire at a man from a moving motorcycle (drive-by) in Colonia Cerro de la Silla. The man was injured and transported to the hospital. 1 injury.",0,MX19031,Juárez,2024-12-16,2025-12-16
MEX94775,2024-10-23,2024,Political violence,Violence against civilians,Attack,484,North America,Mexico,Nuevo León,Santa Catarina,Ciudad Santa Catarina,25.6744,-100.4617,El Norte,"Around 23 October 2024 (as reported), in Ciudad Santa Catarina, Nuevo Leon, a man was killed and his body was found tied to a stretcher in Colonia Cima de las Mitras with signs of torture and wrapped in sheets. 1 fatality.",1,MX19048,Santa Catarina,2024-12-16,2025-12-16
MEX94778,2024-10-23,2024,Political violence,Violence against civilians,Attack,484,North America,Mexico,Puebla,Atlixco,San Jeronimo Caleras,18.845,-98.3417,Milenio,"Around 23 October 2024 (month of), in San Jeronimo Caleras, Puebla, a person was killed and the body was found tied and with a plastic bag covering the victim's face. The body was in a state of decomposition. 1 fatality.",1,MX21019,Atlixco,2024-12-16,2025-12-16
MEX94779,2024-10-23,2024,Political violence,Violence against civilians,Attack,484,North America,Mexico,Baja California,Tijuana,Tijuana,32.5325,-117.019,AFN - Tijuana,"Around 23 October 2024 (as reported), in Tijuana, Baja California, a couple was killed and the bodies were found tied and covered with a blanket in Colonia La Joya. 2 fatalities.",2,MX02004,Tijuana,2024-12-16,2025-12-16
MEX94780,2024-10-24,2024,Political violence,Violence against civilians,Attack,484,North America,Mexico,Guerrero,Coyuca de Benitez,Coyuca de Benitez,17.009,-100.0894,El Norte,"Around 24 October 2024 (as reported), in Coyuca de Benitez, Guerrero, a person was killed and the dismembered body was found on the Acapulco-Zihuatanejo highway. The event is linked to a clash that took place in the vicinity of Tecpan de Galeana (coded separately). 1 fatality.",1,MX12021,Coyuca de Benítez,2024-12-16,2025-12-16
MEX94783,2024-10-24,2024,Political violence,Violence against civilians,Attack,484,North America,Mexico,Veracruz de Ignacio de la Llave,Minatitlan,Minatitlan,17.991,-94.5484,El Norte; La Silla Rota,"Around 24 October 2024 (as reported), in Minatitlan, Veracruz de Ignacio de la Llave, a man was killed and the decapitated head was found at the entrance to the state traffic police station in Colonia Petrolera inside a suitcase. The remains of the body were found on the Cosoleacaque-Acayucan highway. 1 fatality.",1,MX30108,Minatitlán,2024-12-16,2025-12-16
MEX94785,2024-10-24,2024,Political violence,Violence against civilians,Attack,484,North America,Mexico,Morelos,Jojutla,Tequesquitengo,18.6115,-99.2595,Diario de Morelos,"On 24 October 2024, in Tequesquitengo, Morelos, armed individuals traveling in two vehicles opened fire at a man while he was driving on the Galeana-Tequesquitengo highway and shot him (drive-by). The man died as a result. 1 fatality.",1,MX17012,Jojutla,2024-12-16,2025-12-16
MEX94786,2024-10-24,2024,Political violence,Violence against civilians,Attack,484,North America,Mexico,Baja California,Tijuana,Tijuana,32.5325,-117.019,AFN - Tijuana,"Around 24 October 2024 (as reported), in Tijuana, Baja California, a person was killed and the body was found with hands and feet tied and covered with a plastic bag in Colonia Centro. 1 fatality.",1,MX02004,Tijuana,2024-12-16,2025-12-16
MEX94787,2024-10-24,2024,Political violence,Violence against civilians,Attack,484,North America,Mexico,Chiapas,Marques de Comillas,Zamora Pico de Oro,16.3323,-90.7653,Milenio,"On 24 October 2024, in Zamora Pico de Oro, Chiapas, two men arrived at the home of the former mayor of Marques de Comillas and shot and killed him in Colonia La Candelaria. The victim was affiliated with the Labor party. 1 fatality.",1,MX07116,Marqués de Comillas,2024-12-16,2025-12-16
MEX94793,2024-10-25,2024,Political violence,Violence against civilians,Attack,484,North America,Mexico,Tabasco,Centro,Villahermosa,17.9878,-92.9194,La Silla Rota,"Around 25 October 2024 (as reported), in Villahermosa, Tabasco, a man was killed and his body was found underneath a bridge at the ranch Acachapan y Colmena. A message was found next to the body. 1 fatality.",1,MX27004,Centro,2024-12-16,2025-12-16
MEX94794,2024-10-21,2024,Political violence,Battles,Armed clash,484,North America,Mexico,Sonora,Caborca,Caborca,30.7166,-112.1562,El Universal (Mexico); Entorno Informativo,"On 21 October 2024, around Caborca, Sonora, there was an armed clash between armed individuals from a criminal group and the military forces and ministerial police. The clash ensued while the officers were carrying out an investigation to look for a man that had been kidnapped a week before on the Caborca-Altar road. Four armed men were killed. 4 fatalities.",4,MX26017,Caborca,2024-12-16,2025-12-16
MEX94796,2024-10-18,2024,Political violence,Battles,Armed clash,484,North America,Mexico,Nuevo León,Apodaca,Ciudad Apodaca,25.7813,-100.1892,El Norte,"On 18 October 2024, in Ciudad Apodaca, Nuevo Leon, according to witnesses, armed individuals on a motorbike shot at houses and vehicles on Yuca street, in Colonia Los Ebanos (drive-by). Armed residents responded and fired back. Police officers later arrested the three people (a man and two underage boys) involved in the shooting, and seized a fireweapon and drugs. Casualties unknown.",0,MX19006,Apodaca,2024-12-16,2025-12-16
MEX94797,2024-10-20,2024,Political violence,Battles,Armed clash,484,North America,Mexico,Sinaloa,Elota,Los Tanques,24.0634,-107.0135,Milenio; Riodoce,"On 20 October 2024, in Los Tanques, Sinaloa, armed groups clashed. Officers arrived at the place and found seven burning vehicles, one of them armored. This event is suspectedly linked to an armed clash that took place in Higueras de Abuya the same day (coded separately), and is likely part of the war between 'Los Chapitos' and 'Los Mayitos' factions of the Sinaloa Cartel. Casualties unknown.",0,MX25008,Elota,2024-12-16,2025-12-16
MEX94798,2024-10-22,2024,Political violence,Battles,Armed clash,484,North America,Mexico,Baja California Sur,Mulege,Mulege,26.8914,-111.9826,Zeta Tijuana,"Around 22 October 2024 (as reported), in Mulege, Baja California, a gang leader in the community of Guerrero Negro was shot and killed by armed individuals in a vehicle who intercepted him (drive-by). The victim was placed on the latest criminal map as the one who controlled the flow of weapons and drugs in the northern part of the state. 1 fatality.",1,MX03002,Mulegé,2024-12-16,2025-12-16
MEX94637,2024-10-21,2024,Political violence,Battles,Armed clash,484,North America,Mexico,Sinaloa,Culiacan,Carboneras,24.7757,-107.2461,El Sol de Sinaloa; La Prensa de Monclova; Riodoce,"On 21 October 2024, in Carboneras, Sinaloa, there was an armed clash between suspected members of the Sinaloa Cartel and the military forces. This event is related to a similar clash reported in Alcoyonqui community in the same municipality. During both clashes a total of 19 people were killed. It is unknown the exact number of people who was killed in this location. 19 fatalities split across two clashes coded in Alcoyonqui and Carboneras, 9 fatalities coded in this event.",9,MX25006,Culiacán,2024-12-16,2025-12-16
MEX94714,2024-10-24,2024,Political violence,Explosions/Remote violence,Remote explosive/landmine/IED,484,North America,Mexico,Guanajuato,Acambaro,Acambaro,20.0354,-100.7193,El Universal (Mexico); La Silla Rota,"On 24 October 2024, in Acambaro, Guanajuato, unknown armed individuals set an explosive device in a car outside the Municipal Public Security building which exploded. Three officers were injured as a result. The attack also caused damages to the building and two homes. Local authorities, later arrested two men for this incident and another one in Jerecuaro (coded separately). 3 injuries.",0,MX11002,Acámbaro,2024-12-16,2025-12-16
MEX94715,2024-10-24,2024,Political violence,Explosions/Remote violence,Remote explosive/landmine/IED,484,North America,Mexico,Guanajuato,Jerecuaro,Jerecuaro,20.15,-100.5105,Diario de Morelos; El Universal (Mexico); La Silla Rota,"On 24 October 2024, in Jerecuaro, Guanajuato, unknown armed individuals set a bomb into a car which exploded in the historic center damaging buildings and a municipal police car. Local authorities, later arrested two men for this incident and another one in Acambaro (coded separately). There were no injuries.",0,MX11019,Jerécuaro,2024-12-16,2025-12-16
MEX93410,2024-09-25,2024,Political violence,Violence against civilians,Attack,484,North America,Mexico,Michoacán,Uruapan,Uruapan,19.4209,-102.0628,La Voz de Michoacan,"On 25 September 2024, in Uruapan, Michoacan de Ocampo, armed individuals in a vehicle shot at a car on Plan Ayala street, in Colonia Tierra y Libertad (drive-by). The driver tried to flee and crashed the vehicle into a house, resulting injured. The perpetrators fled. Also in Uruapan, armed individuals in a vehicle shot at a man who was driving on Miguel Hidalgo street, in Colonia Infonavit Rosa de Castilla (drive-by). The victim tried to flee towards Colonia Antorcha Campesina, where he attempted to run over the attackers who chased him. The victim crashed his vehicle into a house in the intersection of Gonzalo Lopez street and Wenceslao Victoria avenue, where he was finally shot and killed. A resident was collaterally injured by a lost bullet. The perpetrators fled in a motorbike. 1 fatality.",1,MX16102,Uruapan,2024-12-16,2025-12-16
MEX93737,2024-10-02,2024,Political violence,Violence against civilians,Attack,484,North America,Mexico,Guerrero,Atoyac de Alvarez,Atoyac de Alvarez,17.2127,-100.4331,El Norte,"On 2 October 2024, in Atoyac de Alvarez, Guerrero, unknown armed individuals shot and killed the former Morena councilor together with a companion at the municipal cemetary. 2 fatalities.",2,MX12011,Atoyac de Álvarez,2024-12-16,2025-12-16
MEX93990,2024-10-09,2024,Political violence,Battles,Armed clash,484,North America,Mexico,Michoacán,Uruapan,Uruapan,19.4209,-102.0628,La Voz de Michoacan,"On 9 October 2024, in Uruapan, Michoacan de Ocampo, a man clashed with municipal police officers when he resisted to stop at a police control on Urani street, in Colonia Santa Barbara. The man shot at the officers, initiating a persecution until he lost control of his vehicle on Maruata avenue, where he crashed. The man got off the vehicle and entered a store, where he died. 1 fatality.",1,MX16102,Uruapan,2024-12-16,2025-12-16
MEX94655,2024-10-19,2024,Political violence,Violence against civilians,Attack,484,North America,Mexico,San Luis Potosí,Soledad de Graciano Sanchez,Soledad de Graciano Sanchez,22.1891,-100.9379,Antena San Luis,"On 19 October 2024, in Soledad de Graciano Sanchez, San Luis Potosi, several armed men shot and killed a man when he was driving on Fraccionamiento Residencial del Bosque. 1 fatality.",1,MX24035,Soledad de Graciano Sánchez,2024-12-16,2025-12-16
MEX94802,2024-10-04,2024,Political violence,Violence against civilians,Attack,484,North America,Mexico,Tabasco,Centro,Villahermosa,17.9878,-92.9194,El Universal (Mexico),"Around 4 October 2024 (as reported), in Villahermosa, Tabasco, a state police officer was killed and his beheaded body was found. An armed group had held him and interrogated him under unspecified circumstances. 1 fatality.",1,MX27004,Centro,2024-12-16,2025-12-16
MEX94804,2024-10-25,2024,Political violence,Violence against civilians,Attack,484,North America,Mexico,Chihuahua,Chihuahua,Chihuahua,28.6368,-106.0763,Tiempo,"On 25 October 2024, in Chihuahua, Chihuahua, two armed individuals opened fire and shot a man in Colonia Urbi Villas del Prado. The man was injured as a result. 1 injury.",0,MX08019,Chihuahua,2024-12-16,2025-12-16
MEX94807,2024-10-25,2024,Political violence,Violence against civilians,Attack,484,North America,Mexico,Jalisco,Union de San Antonio,Union de San Antonio,21.1281,-102.0072,Mural,"Around 25 October 2024 (as reported), in Union de San Antonio, Jalisco, a man was killed and the body was found with his hands tied close to the ranch San Angel on the Union de San Antonio-Lagos de Moreno highway. 1 fatality.",1,MX14109,Unión de San Antonio,2024-12-16,2025-12-16
MEX94809,2024-10-25,2024,Political violence,Violence against civilians,Attack,484,North America,Mexico,Nuevo León,Juarez,Benito Juarez,25.6513,-100.106,El Norte,"On 25 October 2024, in Benito Juarez, Nuevo Leon, according to witnesses, two armed men entered a home in Colonia Residencial Los Olivos and shot a man to death. 1 fatality.",1,MX19031,Juárez,2024-12-16,2025-12-16
MEX94810,2024-10-25,2024,Political violence,Violence against civilians,Attack,484,North America,Mexico,Puebla,Puebla,Heroica Puebla de Zaragoza,19.044,-98.1975,E-Consulta,"On 25 October 2024, in Heroica Puebla de Zaragoza, Puebla, unknown armed individuals shot and killed an off-duty municipal transit officer outside the Las Animas Walmart. 1 fatality.",1,MX21114,Puebla,2024-12-16,2025-12-16
MEX94817,2024-10-26,2024,Political violence,Violence against civilians,Attack,484,North America,Mexico,Campeche,Escarcega,Escarcega,18.6065,-90.738,Tribuna Campeche,"On 26 October 2024, in Escarcega, Campeche, two men arrived at a business and opened fire at the owner and hairdresser in Colonia Benito Juarez. The man was injured as a result. 1 injury.",0,MX04009,Escárcega,2024-12-16,2025-12-16
MEX94821,2024-10-26,2024,Political violence,Violence against civilians,Attack,484,North America,Mexico,Ciudad de Mexico,Iztapalapa,Ciudad de Mexico - Iztapalapa,19.359,-99.0926,Metro Mx,"On 26 October 2024, in Ciudad de Mexico - Iztapalapa, two armed individuals attacked and killed a man at the Central de Abasto (Ceda). One of the perpetrators was found and arrested. 1 fatality.",1,MX09007,Iztapalapa,2024-12-16,2025-12-16
MEX94822,2024-10-26,2024,Political violence,Battles,Armed clash,484,North America,Mexico,Ciudad de Mexico,Venustiano Carranza,Ciudad de Mexico - Venustiano Carranza,19.4193,-99.1137,El Norte,"On 26 October 2024, in Ciudad de Mexico - Venustiano Carranza, armed individuals shot at least 30 times and killed a 19 year old man in Colonia Morelos. The victim was linked to the group La Union Tepito. 1 fatality.",1,MX09017,Venustiano Carranza,2024-12-16,2025-12-16
MEX94829,2024-10-26,2024,Political violence,Battles,Armed clash,484,North America,Mexico,Guerrero,Atlixtac,San Pedro Huitzapula Norte,17.4268,-98.8066,El Sol de Acapulco,"On 26 October 2024, in San Pedro Huitzapula Norte, Guerrero, there was an armed clash between armed men and members of the San Juan Communal Militia. Thirty minutes later, the same armed individuals opened fire at the home of the Commissioner (unknown if he was inside) and members of the community police San Juan repelled the aggression. There were no injuries.",0,MX12010,Atlixtac,2024-12-16,2025-12-16
MEX94830,2024-10-26,2024,Political violence,Battles,Armed clash,484,North America,Mexico,Guerrero,Tecpan de Galeana,Tetitlan,17.1586,-100.6397,Milenio,"Around 26 October 2024 (as reported), near Tetitlan, Guerrero, four people were killed and their bodies were found in the outskirts of the community with signs of torture. Later, two other victims were found, all wearing military-type clothing and boots. All the victims are suspected to be members of the GNG. 6 fatalities.",6,MX12057,Técpan de Galeana,2024-12-16,2025-12-16
MEX94835,2024-10-26,2024,Political violence,Battles,Armed clash,484,North America,Mexico,Michoacán,Tangamandapio,La Cantera,19.8647,-102.4094,La Voz de Michoacan,"On 26 October 2024, in La Cantera, Michoacan de Ocampo, a group of armed individuals in vehicles shot at the base of the municipal police (likely with police officers inside) and a police patrol (drive-by). According to the local Tenencia Chief (assistant to the municipal public administration), after that several armed individuals tried to force their way into his house but failed to do so, fired several shots into the air and left. It is suspected that the perpetrators were the same individuals who shot at the police station moments earlier.There were no casualties",0,MX16084,Tangamandapio,2024-12-16,2025-12-16
MEX94836,2024-10-26,2024,Political violence,Violence against civilians,Attack,484,North America,Mexico,Morelos,Tlaltizapan de Zapata,Pueblo Nuevo,18.7011,-99.153,Diario de Morelos,"On 26 October 2024, in Pueblo Nuevo, Morelos, a couple of armed individuals shot a man on his motorcycle on the Galeana-Cuautla highway and then fled the scene. The man died as a result. 1 fatality.",1,MX17024,Tlaltizapán de Zapata,2024-12-16,2025-12-16
MEX94837,2024-10-26,2024,Political violence,Violence against civilians,Attack,484,North America,Mexico,Morelos,Tlaquiltenango,Tlaquiltenango,18.63,-99.1627,Diario de Morelos,"On 26 October 2024, in Tlaquiltenango, Morelos, two armed individuals shot and killed a man drinking alcoholic beverages in Colonia Centro. The man died as a result in a hospital in Jojutla. 1 fatality.",1,MX17025,Tlaquiltenango,2024-12-16,2025-12-16
MEX94845,2024-10-26,2024,Political violence,Battles,Armed clash,484,North America,Mexico,Sinaloa,Culiacan,Campo Eureka,24.4914,-107.423,El Sol de Sinaloa,"On 26 October 2024, close to Campo Eureka, Sinaloa, armed groups engaged in an armed clash. There were no injuries.",0,MX25006,Culiacán,2024-12-16,2025-12-16
MEX94853,2024-10-26,2024,Political violence,Violence against civilians,Attack,484,North America,Mexico,Tabasco,Centro,Villahermosa,17.9878,-92.9194,Tabasco Hoy,"On 26 October 2024, in Villahermosa, Tabasco, unknown armed individuals opened fire and shot at seven off-duty state police officers in Colonia Indeco. Four were killed and three were injured as a result. 4 fatalities, 3 injuries.",4,MX27004,Centro,2024-12-16,2025-12-16
MEX94855,2024-10-26,2024,Political violence,Violence against civilians,Attack,484,North America,Mexico,Zacatecas,Fresnillo,Fresnillo,23.1749,-102.8682,Pagina 24 Zacatecas,"On 26 October 2024, in Fresnillo, Zacatecas, at least two armed men chased and opened fire from a moving car (drive-by) at least four people in a vehicle, including the queen of the Fresnillo fair close to Colonia Benito Juarez. Two men were arrested as a result and there were no injuries.",0,MX32010,Fresnillo,2024-12-16,2025-12-16
MEX94856,2024-10-27,2024,Political violence,Violence against civilians,Attack,484,North America,Mexico,Baja California,Mexicali,Mexicali,32.6412,-115.476,Zeta Tijuana,"On 27 October 2024, in Mexicali, Baja California, two men on a motorcycle opened fire at a man in Colonia Vista del Valle and then fled the scene (drive-by). The man was injured as a result. 1 injury.",0,MX02002,Mexicali,2024-12-16,2025-12-16
MEX94857,2024-10-27,2024,Political violence,Battles,Armed clash,484,North America,Mexico,Campeche,Champoton,Champoton,19.3474,-90.7203,Tribuna Campeche,"On 27 October 2024, in Champoton, Campeche, armed individuals on a motorcycle opened fire (drive-by) and shot a man driving on a motorcycle with his wife on the Ciudad del Sol-La Joya state highway. The man was killed as a result. The victim is suspected to be linked to the sale of drugs. 1 fatality.",1,MX04004,Champotón,2024-12-16,2025-12-16
MEX94858,2024-10-27,2024,Political violence,Violence against civilians,Attack,484,North America,Mexico,Chihuahua,Chihuahua,Chihuahua,28.6368,-106.0763,Tiempo,"On 27 October 2024, in Chihuahua, Chihuahua, two armed men shot and killed a man in Colonia Revolucion. 1 fatality.",1,MX08019,Chihuahua,2024-12-16,2025-12-16
MEX94859,2024-10-27,2024,Political violence,Battles,Armed clash,484,North America,Mexico,Ciudad de Mexico,Cuauhtemoc,Ciudad de Mexico - Cuauhtemoc,19.4313,-99.1531,Reforma,"On 27 October 2024, in Ciudad de Mexico - Cuauhtemoc, armed individuals on a van shot and injured a municipal police officer in the intersection of Los Misterios and La Ronda streets, in Colonia Ex Hipodromo Peralvillo (drive-by). The perpetrators were later arrested in Colonia Jardin Azpeitia, Azcapotzalco. 1 injured.",0,MX09015,Cuauhtémoc,2024-12-16,2025-12-16
MEX94867,2024-10-27,2024,Political violence,Battles,Armed clash,484,North America,Mexico,Guerrero,Atlixtac,San Pedro Huitzapula Norte,17.4268,-98.8066,El Sol de Acapulco,"On 27 October 2024, in San Pedro Huitzapula Norte, Guerrero, members of the community police of Zapotitlan Tablas attacked residents during a meeting at the municipal police station where residents demanded the return of two people who were kidnapped by the community police. One person died, four were injured and one person was missing after the attack. The whereabouts of the missing victim are unknown. 1 fatality, 4 injuries.",1,MX12010,Atlixtac,2024-12-16,2025-12-16
MEX94868,2024-10-27,2024,Political violence,Battles,Armed clash,484,North America,Mexico,Guerrero,Tecoanapa,El Limon,16.9956,-99.3774,Milenio; Reforma,"Around 27 October 2024 (as reported), in El Limon, Guerrero, four people were killed and their bodies were found. Three of the bodies were tied and were wrapped in blankets on the Las Parotas-Coatan strip. The attack is being linked to an armed confrontation involving the GNG. The victims are suspected to be members of the GNG. 4 fatalities.",4,MX12056,Tecoanapa,2024-12-16,2025-12-16
MEX94869,2024-10-27,2024,Political violence,Violence against civilians,Attack,484,North America,Mexico,Guerrero,Tecpan de Galeana,Tecpan de Galeana,17.2226,-100.6324,El Sol de Acapulco,"Around 27 October 2024 (as reported), in Tecpan de Galeana, Guerrero, a person was killed and the body was found with signs of torture, both hands and feet tied and a rope tied to the victim's neck. 1 fatality.",1,MX12057,Técpan de Galeana,2024-12-16,2025-12-16
MEX94870,2024-10-27,2024,Political violence,Violence against civilians,Attack,484,North America,Mexico,Guerrero,Tecpan de Galeana,Tenexpa,17.1834,-100.6722,El Sol de Acapulco,"Around 27 October 2024 (as reported), in Tenexpa, Guerrero, a man was killed and his body was found with signs of torture and dressed in black near a cemetery. 1 fatality.",1,MX12057,Técpan de Galeana,2024-12-16,2025-12-16
MEX94871,2024-10-27,2024,Political violence,Violence against civilians,Attack,484,North America,Mexico,Guerrero,Tecpan de Galeana,Tenexpa,17.1834,-100.6722,El Sol de Acapulco,"Around 27 October 2024 (as reported), close to Tenexpa, Guerrero, four people were killed and their bodies were found with signs of torture and dressed in black between Tenexpa and Rodesia at a point known as Barrancones. 4 fatalities.",4,MX12057,Técpan de Galeana,2024-12-16,2025-12-16
MEX94872,2024-10-27,2024,Political violence,Violence against civilians,Attack,484,North America,Mexico,Jalisco,Tlajomulco de Zuniga,Tlajomulco de Zuniga,20.4736,-103.4431,Milenio,"Around 27 October 2024 (as reported), in Tlajomulco de Zuniga, Jalisco, a man was killed and his body was found with his hands and feet tied in fraccionamiento Villa Fontana Aqua. 1 fatality.",1,MX14097,Tlajomulco de Zúñiga,2024-12-16,2025-12-16
MEX94877,2024-10-27,2024,Political violence,Violence against civilians,Attack,484,North America,Mexico,Sinaloa,Angostura,Leopoldo Sanchez Celis,25.1254,-108.0138,Noroeste,"Around 27 October 2024 (as reported), in Leopoldo Sanchez Celis, Sinaloa, a man was killed and his body was found on the Culiacan-Eldorado highway with signs of torture. 1 fatality.",1,MX25002,Angostura,2024-12-16,2025-12-16
MEX94883,2024-10-27,2024,Political violence,Violence against civilians,Attack,484,North America,Mexico,Sinaloa,El Fuerte,San Blas,26.0776,-108.7599,Riodoce,"On 27 October 2024, in San Blas, Sinaloa, armed individuals in a vehicle opened fire and shot three people near the toll booth on their way to work in Monterrey (drive-by). All thee were killed as a result. 3 fatalities.",3,MX25010,El Fuerte,2024-12-16,2025-12-16
MEX94894,2024-10-28,2024,Political violence,Violence against civilians,Attack,484,North America,Mexico,Ciudad de Mexico,Cuauhtemoc,Ciudad de Mexico - Cuauhtemoc,19.4313,-99.1531,La Silla Rota,"On 28 October 2024, in Ciudad de Mexico - Cuauhtemoc, four people (one of them minor) 'attacked' a woman in Colonia Morelos. The specific type of attack has not been specified but the perpetrators were armed. The perpetrators were arrested when they tried to flee on Herreros street and Congreso de la Union avenue.",0,MX09015,Cuauhtémoc,2024-12-16,2025-12-16
MEX94902,2024-10-28,2024,Political violence,Violence against civilians,Attack,484,North America,Mexico,Guanajuato,Celaya,Palmita de San Gabriel,20.4983,-100.8773,Zona Franca,"Around 28 October 2024 (as reported), in Palmita de San Gabriel, Guanajuato, two men were killed and their bodies were found wrapped in plastic bags and with gunshot wounds. 2 fatalities.",2,MX11007,Celaya,2024-12-16,2025-12-16
MEX94908,2024-10-28,2024,Political violence,Battles,Armed clash,484,North America,Mexico,Guerrero,Atoyac de Alvarez,Atoyac de Alvarez,17.2127,-100.4331,El Sol de Acapulco; Mural,"On 28 October 2024, in Atoyac de Alvarez, Guerrero, army, National Guard, and federal and state police officers clashed with members of Guerrero New Generation Gang (GNG) in Colonia Miranda Fonseca. At least one police officer died. At least 1 fatality.",1,MX12011,Atoyac de Álvarez,2024-12-16,2025-12-16
MEX94917,2024-10-28,2024,Political violence,Violence against civilians,Attack,484,North America,Mexico,Michoacán,Angamacutiro,Angamacutiro de la Union,20.1491,-101.7129,Reforma,"On 28 October 2024, in Angamacutiro de la Union, Michoacan de Ocampo, the woman local Security Secretariat was shot and killed outside her house on Nicolas Bravo street, in Colonia Centro. 1 fatality.",1,MX16004,Angamacutiro,2024-12-16,2025-12-16
MEX94918,2024-10-28,2024,Political violence,Violence against civilians,Attack,484,North America,Mexico,Michoacán,Aquila,Corralitos,18.6238,-103.5051,MiMorelia,"Around 28 October 2024 (as reported), in Corralitos, Michoacan de Ocampo, a man was killed and his burnt body was found inside his burnt van. 1 fatality.",1,MX16008,Aquila,2024-12-16,2025-12-16
MEX94919,2024-10-28,2024,Political violence,Violence against civilians,Attack,484,North America,Mexico,Michoacán,Cotija,Cotija de la Paz,19.8084,-102.7041,MiMorelia; Reforma; Tabasco Hoy,"On 28 October 2024, in Cotija de la Paz, Michoacan de Ocampo, armed individuals shot and killed a former mayor and PRD candidate for mayor near a high school where he worked as a teacher on Campestre street, in Colonia Los Corrales. 1 fatality.",1,MX16019,Cotija,2024-12-16,2025-12-16
MEX94920,2024-10-28,2024,Political violence,Violence against civilians,Attack,484,North America,Mexico,Michoacán,Morelia,Morelia,19.7034,-101.192,MiMorelia,"On 28 October 2024, in Morelia, Michoacan de Ocampo, armed individuals opened fire from a vehicle (drive-by) at a man driving his car who crashed as a result in Colonia El Realito. The man died as a result. 1 fatality.",1,MX16053,Morelia,2024-12-16,2025-12-16
MEX94922,2024-10-28,2024,Political violence,Violence against civilians,Attack,484,North America,Mexico,Morelos,Jiutepec,Jiutepec,18.882,-99.1772,La Silla Rota,"Around 28 October 2024 (as reported), in Jiutepec, Morelos, a person was killed and the body was found with signs of violence and with a message next to the body in Colonia Centro. 1 fatality.",1,MX17011,Jiutepec,2024-12-16,2025-12-16
MEX94923,2024-10-28,2024,Political violence,Violence against civilians,Abduction/forced disappearance,484,North America,Mexico,Nuevo León,El Carmen,Carmen,25.9322,-100.3641,24 Horas (Mexico); El Norte; Zona Franca,"On 28 October 2024, in Carmen, Nuevo Leon, according to security camera recordings, an armed group got off at least two vehicles and abducted a man and a woman in the intersection of Rio Ramos and Arroyo San Miguel streets, in Colonia El Jaral. The victims suspectedly were delivery drivers that were delivering an order. The victims' whereabouts are unknown.",0,MX19010,El Carmen,2024-12-16,2025-12-16
MEX94924,2024-10-28,2024,Political violence,Violence against civilians,Attack,484,North America,Mexico,Nuevo León,Juarez,Benito Juarez,25.6513,-100.106,El Norte,"On 28 October 2024, in Benito Juarez, Nuevo Leon, according to witnesses, two armed individuals entered a home and opened fire at two men and one woman in Colonia Praderas de San Juan. Two men died and the woman was injured. 2 fatalities, 1 injury.",2,MX19031,Juárez,2024-12-16,2025-12-16
MEX94926,2024-10-28,2024,Political violence,Violence against civilians,Attack,484,North America,Mexico,Puebla,Puebla,Heroica Puebla de Zaragoza,19.044,-98.1975,E-Consulta,"On 28 October 2024, in Heroica Puebla de Zaragoza, Puebla, an armed individual intercepted a street vendor close to the church San Judas to demand extortion payments. When the man refused to pay, the perpetrator shot and killed the man. 1 fatality.",1,MX21114,Puebla,2024-12-16,2025-12-16
MEX94932,2024-10-28,2024,Political violence,Battles,Armed clash,484,North America,Mexico,Sinaloa,San Ignacio,Los Brasiles,24.0391,-106.0597,24 Horas (Mexico); El Sol de Sinaloa; Milenio; Noroeste; Riodoce,"On 28 October 2024, in Los Brasiles, Sinaloa, army officers and armed individuals clashed. During the clash, the officers were also attacked from a light aircraft, although the type of attack has not been specified. Two armed individuals were killed and 14 arrested. Authorities seized 19 fireweapons. 2 fatalities.",2,MX25016,San Ignacio,2024-12-16,2025-12-16
MEX94933,2024-10-28,2024,Political violence,Violence against civilians,Attack,484,North America,Mexico,Sonora,Cajeme,Ciudad Obregon,27.4965,-109.9327,Entorno Informativo,"On 28 October 2024, in Ciudad Obregon, Sonora, armed individuals on a vehicle shot at another vehicle on Jalisco and Misiones streets, in Fraccionamiento San Javier, killing a man and injuring another (drive-by). 1 fatality.",1,MX26018,Cajeme,2024-12-16,2025-12-16
MEX94935,2024-10-28,2024,Political violence,Violence against civilians,Attack,484,North America,Mexico,Sonora,San Luis Rio Colorado,San Luis Rio Colorado,32.4798,-114.7796,24 Horas (Mexico),"On 28 October 2024, in San Luis Rio Colorado, Sonora, army officers hit an unspecified number of people, members of the same family, at their house. At least one of the victims is a journalist, and the victims are relatives of a journalist that was killed in Sonora in 2023. The officers claimed that they hit the victims due to unspecified suspicions about their vehicle.",0,MX26055,San Luis Río Colorado,2024-12-16,2025-12-16
MEX94936,2024-10-28,2024,Political violence,Battles,Armed clash,484,North America,Mexico,Tabasco,Centro,Villahermosa,17.9878,-92.9194,Tabasco Hoy,"On 28 October 2024, in Villahermosa, Tabasco, two armed individuals on a motorbike shot and injured a State Preventive Police officer around a gas station and a bank office in Colonia Guayabal (drive-by). In the previous days, a video on social media indicated that the victim suspectedly worked for an organized crime organization. 1 injured.",0,MX27004,Centro,2024-12-16,2025-12-16
MEX94945,2024-10-29,2024,Political violence,Violence against civilians,Attack,484,North America,Mexico,Colima,Manzanillo,Manzanillo,19.0532,-104.3164,El Proceso,"On 29 October 2024, in Manzanillo, Colima, armed individuals on a van shot at two off-duty army officers in the intersection of 20 de Noviembre and Benito Juarez streets, in Colonia Miramar (drive-by). One of the victims died and the other was injured. 1 fatality, 1 injured.",1,MX06007,Manzanillo,2024-12-16,2025-12-16
MEX94958,2024-10-29,2024,Political violence,Battles,Armed clash,484,North America,Mexico,México,Amanalco,San Mateo,19.2804,-100.015,La Silla Rota; Milenio,"On 29 October 2024, in San Mateo, Mexico, state security officers followed an armed man on a motorbike to a house, where members of La Familia Michoacana Cartel shot at them, initiating a clash. After the clash, the officers arrested 12 people, including two cartel leaders in the Valley of Toluca. One of them was one of the most wanted persons in the country. Officers also seized nine fireweapons, 32 magazines, 900 bullets, tactical equipment similar to that used by federal and state police forces, as well as 15 packages of marijuana. Casualties unknown.",0,MX15007,Amanalco,2024-12-16,2025-12-16
MEX94962,2024-10-29,2024,Political violence,Battles,Armed clash,484,North America,Mexico,Nuevo León,Garcia,Garcia,25.8005,-100.5855,Metro Monterrey,"On 29 October 2024, in Garcia, Nuevo Leon, a man came out of a house and shot and killed another man in Colonia Real de San Joaquin. The victim along with a 13-year-old boy intended to kill a woman who was inside the house. The perpetrator fled by car along with another man, a woman and two minors. The victim's accomplice was arrested by the police. 1 fatality.",1,MX19018,García,2024-12-16,2025-12-16
MEX94966,2024-10-29,2024,Political violence,Violence against civilians,Sexual violence,484,North America,Mexico,San Luis Potosí,San Luis Potosi,Rinconada,22.255,-100.9474,Antena San Luis,"Around 29 October 2024 (month of), in Rinconada, San Luis Potosi, a man was killed and his body was found naked, in an advanced state of decomposition, with a gunshot in the head (likely 'tiro de gracia') and dog bite wounds near Zapata street and the airport. 1 fatality.",1,MX24028,San Luis Potosí,2024-12-16,2025-12-16
MEX94977,2024-10-30,2024,Political violence,Battles,Armed clash,484,North America,Mexico,Chiapas,Tuxtla Gutierrez,Tuxtla Gutierrez,16.754,-93.1152,El Proceso; La Jornada,"On 30 October 2024, in Tuxtla Gutierrez, Chiapas, an armed individual got off a taxi, entered the offices of the Federal Commission of Electricity (CFE) on 12 Poniente and 5 streets, in Colonia El Magueyito, and shot at people. A woman municipal police officer doing security work and a CFE employee died, and another CFE employee was injured, but died a day later at the hospital. 3 fatalities.",3,MX07101,Tuxtla Gutiérrez,2024-12-16,2025-12-16
MEX94978,2024-10-30,2024,Political violence,Violence against civilians,Attack,484,North America,Mexico,Chihuahua,Cuauhtemoc,Cuauhtemoc,28.4063,-106.866,Tiempo,"Around 30 October 2024 (month of), in Cuauhtemoc, Chihuahua, a woman was killed and her body was found in an advanced state of decomposition and with 'tiro de gracia' near Ejido Favela. According to the investigations, she was killed around 16 october 2024. 1 fatality.",1,MX08017,Cuauhtémoc,2024-12-16,2025-12-16
MEX94984,2024-10-30,2024,Political violence,Battles,Armed clash,484,North America,Mexico,Ciudad de Mexico,Tlahuac,Ciudad de Mexico - Tlahuac,19.2706,-99.0048,Milenio,"Around 30 October 2024 (as reported), in Ciudad de Mexico - Tlahuac, armed individuals shot at municipal police officers that were patrolling in the intersection of Emiliano Zapata street and Zaragoza avenue, in Colonia Pueblo de San Juan Ixtayopan, initiating a clash that resulted in one armed individual injured. Two armed individuals fled on motorbikes, but were arrested between Miguel Negrete and Ejido streets, together with three other men that intervened and tried to prevent the arrest. One of the arrested is an underage boy. 1 injured.",0,MX09011,Tláhuac,2024-12-16,2025-12-16
MEX94986,2024-10-30,2024,Political violence,Violence against civilians,Attack,484,North America,Mexico,Guanajuato,Celaya,Celaya,20.5215,-100.814,Zona Franca,"Around 30 October 2024 (as reported), in Celaya, Mexico, two armed men on a motorbike shot at a man and a woman on Las Torres avenue, in Colonia La Calesa (drive-by). The man died and the woman was injured. 1 fatality, 1 injured.",1,MX11007,Celaya,2024-12-16,2025-12-16
MEX94991,2024-10-30,2024,Political violence,Violence against civilians,Attack,484,North America,Mexico,México,Tecamac,San Pablo Tecalco,19.673,-98.9583,La Silla Rota,"Around 30 October 2024 (as reported), in San Pablo Tecalco, Mexico, two men were killed and their bodies were found with the hands tied and signs of torture near the lagoon. Five other bodies were found in similar circumstances in the nearby town of Tecamac de Felipe Villanueva (coded separately). 2 fatalities.",2,MX15081,Tecámac,2024-12-16,2025-12-16
MEX94992,2024-10-30,2024,Political violence,Violence against civilians,Attack,484,North America,Mexico,México,Tecamac,Tecamac de Felipe Villanueva,19.7102,-98.9671,El Siglo de Durango,"Around 30 October 2024 (as reported), in Tecamac de Felipe Villanueva, Mexico, five people (three men and two women) were killed and their bodies were found with 'tiro de gracia' on km. 38+500 of Mexico-Pachuca highway, in a place known as 'Puerta Vieja'. A version indicates that this attack took place due to a dispute over a building. Two other bodies were found in similar circumstances in the nearby town of San Pablo Tecalco (coded separately). 5 fatalities.",5,MX15081,Tecámac,2024-12-16,2025-12-16
MEX94993,2024-10-30,2024,Political violence,Violence against civilians,Attack,484,North America,Mexico,Morelos,Xochitepec,Xochitepec,18.7808,-99.2305,Diario de Morelos,"Around 30 October 2024 (as reported), in Xochitepec, Morelos, at least one person was killed and the dismembered body remains were found inside and around plastic bags at the Third Section of Unidad Morelos. At least 1 fatality.",1,MX17028,Xochitepec,2024-12-16,2025-12-16
MEX94995,2024-10-30,2024,Political violence,Battles,Armed clash,484,North America,Mexico,Nuevo León,Hualahuises,Hualahuises,24.8846,-99.6732,El Norte,"On 30 October 2024, in Hualahuises, Nuevo Leon, there was an armed clash between armed individuals against the state and ministerial police, the National Guard and military forces. Three armed men were killed. 3 fatalities.",3,MX19029,Hualahuises,2024-12-16,2025-12-16
MEX94997,2024-10-30,2024,Political violence,Violence against civilians,Attack,484,North America,Mexico,Oaxaca,San Pedro Mixtepec -Dto. 22,Puerto Escondido,15.871,-97.0757,Quadratin Oaxaca,"On 30 October 2024, in Puerto Escondido, Oaxaca, according to witnesses, armed individuals shot and killed a man in front of a car agency. 1 fatality.",1,MX20318,San Pedro Mixtepec -Dto. 22 -,2024-12-16,2025-12-16
MEX95005,2024-10-30,2024,Political violence,Violence against civilians,Attack,484,North America,Mexico,Tabasco,Cardenas,Cardenas,17.9894,-93.3769,Tabasco Hoy,"Around 30 October 2024 (as reported), in Cardenas, Tabasco, two men were killed and their bodies were found tied up to a pole and with a message in colonia Jacinto Lopez. 2 fatalities.",2,MX27002,Cárdenas,2024-12-16,2025-12-16
MEX95006,2024-10-30,2024,Political violence,Violence against civilians,Attack,484,North America,Mexico,Tabasco,Centro,Villahermosa,17.9878,-92.9194,Tabasco Hoy,"On 30 October 2024, in Villahermosa, Tabasco, according to witnesses, armed individuals shot and injured a man in Central de Abastos, between Periferico and Antonio Reyes Zurita street. 1 injured.",0,MX27004,Centro,2024-12-16,2025-12-16
MEX95007,2024-10-30,2024,Political violence,Violence against civilians,Attack,484,North America,Mexico,Tabasco,Centro,Villahermosa,17.9878,-92.9194,Tabasco Hoy,"On 30 October 2024, in Villahermosa, Tabasco, at least two armed individuals on a motorbike shot at a vehicle on Ruiz Cortines avenue, in Fraccionamiento Bonanza (drive-by), which crashed into a tree. The driver and one of the passengers were injured by bullets, while a third passenger was injured in the collision. A version indicates that two of the victims were a lawyer and his client. 3 injured.",0,MX27004,Centro,2024-12-16,2025-12-16
MEX95017,2024-10-31,2024,Political violence,Violence against civilians,Attack,484,North America,Mexico,Chihuahua,Chihuahua,Chihuahua,28.6368,-106.0763,Tiempo,"On 31 October 2024, in Chihuahua, Chihuahua, a woman was shot and injured by armed men in a vehicle in a drive-by in Juan Escutia street. 1 injured.",0,MX08019,Chihuahua,2024-12-16,2025-12-16
MEX95024,2024-10-31,2024,Political violence,Battles,Armed clash,484,North America,Mexico,Guanajuato,Yuriria,Buenavista de la Libertad,20.2839,-101.3024,La Silla Rota; Milenio,"On 31 October 2024, in Buenavista de la Libertad, Guanajuato, during the early morning, armed individuals shot at ministerial and municipal police officers who were guarding a crime scene. Two police officers were injured. Another version, is that a police commander was also injured, however, after the authorities declared that he was injured during another event near by in an attempt to robbery.",0,MX11046,Yuriria,2024-12-16,2025-12-16
MEX95036,2024-10-31,2024,Political violence,Battles,Armed clash,484,North America,Mexico,Nuevo León,Garcia,Garcia,25.8005,-100.5855,El Norte,"On 31 October 2024, in Garcia, Nuevo Leon, armed individuals shot a state police office and later also against the police. The police repelled the attack. There were no casualties.",0,MX19018,García,2024-12-16,2025-12-16
MEX95041,2024-10-31,2024,Political violence,Violence against civilians,Attack,484,North America,Mexico,San Luis Potosí,Ciudad del Maiz,Ciudad del Maiz,22.4023,-99.6028,La Jornada; La Prensa de Monclova; La Verdad,"On 31 October 2024, in Ciudad del Maiz, San Luis Potosi, a former mayor of Ciudad del Maiz and another two men were shot and killed by unidentified armed individuals on boulevard Miguel Barragan in colonia Buenos Aires. The former mayor was part of the PRI party. 3 fatalities.",3,MX24010,Ciudad del Maíz,2024-12-16,2025-12-16
MEX95042,2024-10-31,2024,Political violence,Violence against civilians,Attack,484,North America,Mexico,Tamaulipas,Reynosa,Reynosa,26.0924,-98.2781,Hoy Tamaulipas,"Around 31 October 2024 (as reported), in Reynosa, Tamaulipas, a man was killed and his body was found wrapped in a blanket and black plastic bags near the Las Anacuas Gap. 1 fatality.",1,MX28032,Reynosa,2024-12-16,2025-12-16
MEX95047,2024-10-31,2024,Political violence,Violence against civilians,Abduction/forced disappearance,484,North America,Mexico,Zacatecas,Fresnillo,Fresnillo,23.1749,-102.8682,Milenio; Pagina 24 Zacatecas; Riodoce,"On 31 October 2024, in Fresnillo, Zacatecas, armed individuals from a criminal group kidnapped three young students from the Universidad Autonoma de Zacatecas (UAZ). A day later, the victims were found alive.",0,MX32010,Fresnillo,2024-12-16,2025-12-16
MEX95048,2024-11-01,2024,Political violence,Violence against civilians,Attack,484,North America,Mexico,Baja California,Tijuana,Tijuana,32.5325,-117.019,AFN - Tijuana,"On 1 November 2024, in Tijuana, Baja California, three men were shot and injured by at least two armed men in Colonia Centro. Three people were arrested. 3 injured.",0,MX02004,Tijuana,2024-12-16,2025-12-16
MEX95060,2024-11-01,2024,Political violence,Violence against civilians,Attack,484,North America,Mexico,Michoacán,Cuitzeo,Cuitzeo del Porvenir,19.9682,-101.1396,La Jornada; La Voz de Michoacan; MiMorelia,"Around 1 November 2024 (as reported), in Cuitzeo del Porvenir, Michoacan, two men were killed and their bodies were found with a message. Both bodies were found in different parts of the city, including colonia Barrio Los Cerritos. One of the bodies was dismembered and another beheaded. 2 fatalities.",2,MX16020,Cuitzeo,2024-12-16,2025-12-16
MEX95061,2024-11-01,2024,Political violence,Battles,Armed clash,484,North America,Mexico,Michoacán,Tangamandapio,Querenguaro,19.8809,-102.3924,La Voz de Michoacan,"On 1 November 2024, in Querenguaro, Michoacan, there was an armed clash between the State police and criminal members on the Jacona - Los Reyes highway. Two men were arrested. There were no casualties.",0,MX16084,Tangamandapio,2024-12-16,2025-12-16
MEX95062,2024-11-01,2024,Political violence,Battles,Armed clash,484,North America,Mexico,Michoacán,Tangamandapio,Santiago Tangamandapio,19.954,-102.4328,La Voz de Michoacan,"On 1 November 2024, in Santiago Tangamandapio municipality, Michoacan, there was an armed clash between the state police and the community indigenous police of Tarecuato against armed men on the Jacona-Los Reyes around Paso del Molino and La Trasquila. One police officer was killed and another two were injured. 1 fatality, 2 injured.",1,MX16084,Tangamandapio,2024-12-16,2025-12-16
MEX94084,2024-10-06,2024,Political violence,Battles,Armed clash,484,North America,Mexico,Sonora,Caborca,Caborca,30.7166,-112.1562,El Blog del Narco; Entorno Informativo,"On 6 October 2024, in Caborca, Sonora, there was an armed clash between military officers and the National Guard against a leader of Los Salazar Gang. The leader and another member were arrested. Weapons were seized. There were no fatalities.",0,MX26017,Caborca,2024-12-16,2025-12-16
MEX94310,2024-10-13,2024,Political violence,Violence against civilians,Attack,484,North America,Mexico,Jalisco,Ojuelos de Jalisco,Ojuelos de Jalisco,21.8642,-101.5933,Borderland Beat; La Silla Rota; Mural,"Around 13 October 2024 (as reported), in Ojuelos de Jalisco, Jalisco, five men were killed and their bodies were found decapitated on the San Luis Potosi-San Juan de Los Lagos highway. One of the victims had disappeared on 7 September 2024 from Colonia Las Huertas, in Tlaquepaque. 5 fatalities.",5,MX14064,Ojuelos de Jalisco,2024-12-16,2025-12-16
MEX95026,2024-10-31,2024,Political violence,Violence against civilians,Attack,484,North America,Mexico,Guerrero,Atoyac de Alvarez,La Zuzuca,17.1775,-100.5103,El Sol de Acapulco; La Prensa de Monclova,"Around 31 October 2024 (month of), in La Zuzuca, Guerrero, three men with Guatemalan identifications were killed and their bodies were found in an advanced state of decomposition and with their hands tied up. According to the authorities, Atoyac and San Jeronimo which are neighboring municipalities of Tecpan had experienced a week of tension after the irruption and clashes between an armed commando identified as 'GNG' and the Army. Local investigations suspect that the GNG could be an alliance between the criminal organizations La Familia Michoacana, Los Rodriguez and Los Rusos to fight Los Granados, who have had Tecpan as their center of operations for at least two decades. 3 fatalities.",3,MX12011,Atoyac de Álvarez,2024-12-16,2025-12-16
MEX95058,2024-11-01,2024,Political violence,Violence against civilians,Attack,484,North America,Mexico,Guerrero,Chilpancingo de los Bravo,Chilpancingo de los Bravo,17.5516,-99.5011,El Sol de Acapulco; Milenio; Riodoce,"Around 1 November 2024 (as reported), in Chilpancingo de los Bravo, Guerrero, three men were killed and their bodies were found dismembered inside six plastic bags that were left in front of the delegation of the Attorney General's Office (FGR). 3 fatalities.",3,MX12029,Chilpancingo de los Bravo,2024-12-16,2025-12-16
MEX95063,2024-11-01,2024,Political violence,Violence against civilians,Attack,484,North America,Mexico,Nuevo León,Garcia,Garcia,25.8005,-100.5855,El Norte; Milenio,"On 1 November 2024, in Garcia, Nuevo Leon, a man was shot and killed in colonia Hacienda del Sol. According to witnesses, the perpetrators were two men. 1 fatality.",1,MX19018,García,2024-12-16,2025-12-16
MEX95331,2024-11-08,2024,Political violence,Violence against civilians,Attack,484,North America,Mexico,Baja California,Tijuana,Tijuana,32.5325,-117.019,Zeta Tijuana,"Around 8 November 2024 (as reported), in Tijuana, Baja California, a man was killed and his body was found wrapped in a blanket inside a vehicle on Mercurio y Apolo street, in Colonia Anexa del Rio. 1 fatality.",1,MX02004,Tijuana,2024-12-16,2025-12-16
MEX95335,2024-11-08,2024,Political violence,Violence against civilians,Attack,484,North America,Mexico,Colima,Manzanillo,Manzanillo,19.0532,-104.3164,Colima Noticias; Diario de Morelos; E-Consulta; El Norte; El Proceso; El Sol de Sinaloa; Imagen del Golfo; La Jornada; La Prensa de Monclova; Milenio; Noroeste; Riodoce; Zeta Tijuana,"On 8 November 2024, in Manzanillo, Colima, according to witnesses, two armed individuals on a motorbike shot and killed an off-duty military officer that was driving a van on Lazaro Cardenas avenue, in Colonia Las Brisas (drive-by). The victim was a rear admiral who had served as customs director of the port of Veracruz, where he was investigated for corruption. 1 fatality.",1,MX06007,Manzanillo,2024-12-16,2025-12-16
MEX95338,2024-11-08,2024,Political violence,Violence against civilians,Attack,484,North America,Mexico,Guanajuato,Apaseo el Grande,San Jose Agua Azul,20.4856,-100.6564,Zona Franca,"Around 8 November 2024 (as reported), in San Jose Agua Azul, Guanajuato, at least two men were killed and their burnt bodies were found inside a burning car on a bridge. At least 2 fatalities.",2,MX11005,Apaseo el Grande,2024-12-16,2025-12-16
MEX95339,2024-11-08,2024,Political violence,Violence against civilians,Attack,484,North America,Mexico,Guanajuato,Celaya,Celaya,20.5215,-100.814,Zona Franca,"On 8 November 2024, in Celaya, Guanajuato, at least three armed men entered a house on Circuito Villas de Guadalupe, in Colonia Villas del Romeral, and shot and killed two men. 2 fatalities.",2,MX11007,Celaya,2024-12-16,2025-12-16
MEX95340,2024-11-08,2024,Political violence,Violence against civilians,Attack,484,North America,Mexico,Guanajuato,Celaya,Segunda Fraccion de Crespo,20.5142,-100.8832,Zona Franca,"Around 8 November 2024 (as reported), in Segunda Fraccion de Crespo, Guanajuato, at least a man was killed and his burnt body was found inside a burning car below a bridge, by the junction towards Panamericana road. At least 1 fatality.",1,MX11007,Celaya,2024-12-16,2025-12-16
MEX95345,2024-11-08,2024,Political violence,Violence against civilians,Attack,484,North America,Mexico,Hidalgo,Tepeji del Rio de Ocampo,Tepeji del Rio de Ocampo,19.9048,-99.3437,Milenio,"Around 8 November 2024 (as reported), in Tepeji del Rio de Ocampo, Hidalgo, a man was killed and his semi-naked body was found in state of decomposition, with sings of torture, and wrapped in a bag and tape. His face had been partially devoured by animals. 1 fatality.",1,MX13063,Tepeji del Río de Ocampo,2024-12-16,2025-12-16
MEX95347,2024-11-08,2024,Political violence,Violence against civilians,Attack,484,North America,Mexico,Michoacán,Alvaro Obregon,Alvaro Obregon,19.8263,-101.0385,La Voz de Michoacan; MiMorelia,"Around 8 November 2024 (as reported), in Alvaro Obregon, Michoacan de Ocampo, a taxi driver was killed and his body was found with gunshot wounds and the hands tied with tape inside the trunk of his vehicle under the bridge on Mexico-Guadalajara highway. 1 fatality.",1,MX16003,Álvaro Obregón,2024-12-16,2025-12-16
MEX95348,2024-11-08,2024,Political violence,Battles,Armed clash,484,North America,Mexico,Michoacán,Apatzingan,Chandio,19.0889,-102.4092,Milenio,"On 8 November 2024, in Chandio, Michoacan de Ocampo, army officers and members of an unidentified gang clashed. A cartel member died. This clash is suspectedly linked to the clashes between Los Caballeros Templarios Gang, the Jalisco New Generation Cartel (CJNG), and military and police officers that took place in diverse locations of Michoacan the same day (coded separately). 1 fatality.",1,MX16006,Apatzingán,2024-12-16,2025-12-16
MEX95349,2024-11-08,2024,Political violence,Battles,Armed clash,484,North America,Mexico,Michoacán,Apatzingan,El Alcalde,18.9583,-102.4589,La Voz de Michoacan; Milenio; MiMorelia,"On 8 November 2024, in El Alcalde, Michoacan de Ocampo, members of Los Caballeros Templarios Gang and the Jalisco New Generation Cartel (CJNG) clashed. This event is related to other clashes that took place in Las Bateas, Los Tepetates, Los Charcos, and El Capire (coded separately). Casualties unknown.",0,MX16006,Apatzingán,2024-12-16,2025-12-16
MEX95353,2024-11-08,2024,Political violence,Battles,Armed clash,484,North America,Mexico,Michoacán,Buenavista,Los Charcos,19.0217,-102.5084,La Voz de Michoacan; Milenio; MiMorelia,"On 8 November 2024, in Los Charcos, Michoacan de Ocampo, members of Los Caballeros Templarios Gang and the Jalisco New Generation Cartel (CJNG) clashed. This event is related to other clashes that took place in El Alcalde, Las Bateas, Los Tepetates, and El Capire (coded separately). Military, National Guard, and State Police officers arrived at the scene and clashed with armed individuals, killing one of them. At least 1 fatality.",1,MX16012,Buenavista,2024-12-16,2025-12-16
MEX95354,2024-11-08,2024,Political violence,Battles,Armed clash,484,North America,Mexico,Michoacán,Gabriel Zamora,El Capire,19.1235,-102.0162,La Voz de Michoacan,"On 8 November 2024, in El Capire, Michoacan de Ocampo, members of Los Caballeros Templarios Gang and the Jalisco New Generation Cartel (CJNG) clashed. This event is related to other clashes that took place in El Alcalde, Las Bateas, Los Tepetates, and Los Charcos (coded separately). Military, National Guard, and Civil Guard officers arrived at the scene and clashed with armed individuals, killing one of them. At least 1 fatality.",1,MX16033,Gabriel Zamora,2024-12-16,2025-12-16
MEX95355,2024-11-08,2024,Political violence,Violence against civilians,Attack,484,North America,Mexico,Michoacán,Jacona,Jacona de Plancarte,19.9563,-102.306,La Voz de Michoacan,"On 8 November 2024, in Jacona de Plancarte, Michoacan de Ocampo, according to witnesses, unidentified individuals got off a vehicle, sprayed gasoline, threw Molotov cocktails, and set fire to several commercial establishments in Colonia Lomas de San Pablo (likely open). There were no casualties.",0,MX16043,Jacona,2024-12-16,2025-12-16
MEX95360,2024-11-08,2024,Political violence,Violence against civilians,Attack,484,North America,Mexico,Oaxaca,San Andres Teotilalpam,San Juan Zautla,17.9167,-96.6167,La Jornada,"Around 8 November 2024 (as reported), in San Juan Zautla, Oaxaca, three people were killed and their burnt bodies were found inside a burnt car on the path to Oaxaca-Mexico highway. 3 fatalities.",3,MX20098,San Andrés Teotilálpam,2024-12-16,2025-12-16
MEX95364,2024-11-08,2024,Political violence,Violence against civilians,Attack,484,North America,Mexico,San Luis Potosí,Villa de Arista,La Escondida,22.7655,-100.8123,Antena San Luis,"Around 8 November 2024 (as reported), in La Escondida, San Luis Potosi, five men were killed and their bodies were found with the hands tied. Two of the victims had disappeared on 6 November 2024. 5 fatalities.",5,MX24056,Villa de Arista,2024-12-16,2025-12-16
MEX95365,2024-11-08,2024,Political violence,Violence against civilians,Attack,484,North America,Mexico,Sinaloa,Culiacan,Carboneras,24.7757,-107.2461,El Sol de Sinaloa; Riodoce,"Around 8 November 2024 (as reported), in Carboneras, Sinaloa, a man was killed and his body was found with gunshot wounds, the hands handcuffed, and the head covered by tape, on a side of the road to Sanalona. 1 fatality.",1,MX25006,Culiacán,2024-12-16,2025-12-16
MEX95366,2024-11-08,2024,Political violence,Violence against civilians,Attack,484,North America,Mexico,Sinaloa,Culiacan,Carboneras,24.7757,-107.2461,El Sol de Sinaloa; Riodoce,"On 8 November 2024, in Carboneras, Sinaloa, armed individuals on a vehicle shot and killed a man that was driving a van on Culiacan-Eldorado road, near the Piggy Back bridge (drive-by). 1 fatality.",1,MX25006,Culiacán,2024-12-16,2025-12-16
MEX95270,2024-11-07,2024,Political violence,Violence against civilians,Attack,484,North America,Mexico,Campeche,Carmen,San Antonio Cardenas,18.6138,-92.223,Tribuna Campeche,"On 7 November 2024, in San Antonio Cardenas, Campeche, according to witnesses, two armed individuals on a motorbike shot and killed a man on Miguel Hidalgo street (drive-by). 1 fatality.",1,MX04003,Carmen,2024-12-16,2025-12-16
MEX95275,2024-11-07,2024,Political violence,Violence against civilians,Attack,484,North America,Mexico,Guanajuato,Celaya,Celaya,20.5215,-100.814,Zona Franca,"Around 7 November 2024 (as reported), in Celaya, Guanajuato, two armed men on a motorbike shot and killed a man on Presa Alvaro Obregon street, in Colonia Residencial Tecnologico (drive-by). 1 fatality.",1,MX11007,Celaya,2024-12-16,2025-12-16
MEX95276,2024-11-07,2024,Political violence,Violence against civilians,Attack,484,North America,Mexico,Guanajuato,Celaya,Celaya,20.5215,-100.814,Zona Franca,"Around 7 November 2024 (as reported), near Celaya, Guanajuato, two armed men shot and killed a man inside a store on Morelos street, in the community of La Cruz. 1 fatality.",1,MX11007,Celaya,2024-12-16,2025-12-16
MEX95284,2024-11-07,2024,Political violence,Violence against civilians,Attack,484,North America,Mexico,Guerrero,Coyuca de Benitez,El Cayaco,17.0472,-100.2682,El Sol de Acapulco,"On 7 November 2024, in El Cayaco, Guerrero, armed individuals got off a vehicle, entered a carwash on Acapulco-Pinotepa Nacional federal road, and shot and killed a (likely off-duty) ministerial federal police officer. 1 fatality.",1,MX12021,Coyuca de Benítez,2024-12-16,2025-12-16
MEX95288,2024-11-07,2024,Political violence,Violence against civilians,Attack,484,North America,Mexico,Jalisco,Guadalajara,Guadalajara,20.6764,-103.3422,Milenio,"Around 7 November 2024 (as reported), in Guadalajara, Jalisco, a man was killed and his dismembered body was found with signs of torture on a suitcase, covered by a blanket, on Jose Maria Gomez street, in Colonia San Juan Bosco. 1 fatality.",1,MX14039,Guadalajara,2024-12-16,2025-12-16
MEX95289,2024-11-07,2024,Political violence,Violence against civilians,Attack,484,North America,Mexico,Jalisco,Tlajomulco de Zuniga,Tlajomulco de Zuniga,20.4736,-103.4431,Milenio,"Around 7 November 2024 (as reported), in Tlajomulco de Zuniga, Jalisco, an unspecified number of people were killed and their dismembered bodies were found inside at least four plastic bags in the area known as 'La Piedrera'. Unspecified number of fatalities coded as 3.",3,MX14097,Tlajomulco de Zúñiga,2024-12-16,2025-12-16
MEX95290,2024-11-07,2024,Political violence,Violence against civilians,Attack,484,North America,Mexico,México,Tenango del Valle,Tenango de Arista,19.1044,-99.5908,Milenio,"On 7 November 2024, in the municipality of Tenango del Valle (coded to Tenango de Arista), Mexico, armed individuals shot at three men vendors, killing two and injuring another. This event is suspectedly related to a settling of scores. 2 fatalities, 1 injured.",2,MX15090,Tenango del Valle,2024-12-16,2025-12-16
MEX95292,2024-11-07,2024,Political violence,Battles,Armed clash,484,North America,Mexico,Michoacán,Aquila,Aquila,18.5991,-103.5048,La Jornada; MiMorelia,"Around 7 November 2024 (as reported), in Aquila, Michoacan de Ocampo, armed individuals ambushed a military escort on the path that connects Ostula and El Solosuchil, initiating a clash. A military officer died. 1 fatality.",1,MX16008,Aquila,2024-12-16,2025-12-16
MEX95294,2024-11-07,2024,Political violence,Violence against civilians,Attack,484,North America,Mexico,Michoacán,Jacona,El Platanal,19.931,-102.2557,La Voz de Michoacan,"Around 7 November 2024 (as reported), in El Platanal, Michoacan de Ocampo, a man was killed and his burnt body was found with gunshot wounds on a path that leads to El Salto, in Colonia Las Penitas. 1 fatality.",1,MX16043,Jacona,2024-12-16,2025-12-16
MEX95295,2024-11-07,2024,Political violence,Battles,Armed clash,484,North America,Mexico,Michoacán,Zamora,Zamora de Hidalgo,19.9836,-102.286,La Voz de Michoacan,"On 7 November 2024, in Zamora de Hidalgo, Michoacan de Ocampo, two armed men shot at state police officers that were patrolling on Ferrocarril and Lazaro Cardenas street, in Colonia Ferrocarril. The officers fired back and injured and arrested one of the perpetrators. The other individual fled. 1 injured.",0,MX16108,Zamora,2024-12-16,2025-12-16
MEX95296,2024-11-07,2024,Political violence,Violence against civilians,Attack,484,North America,Mexico,Michoacán,Zamora,Zamora de Hidalgo,19.9836,-102.286,La Voz de Michoacan,"On 7 November 2024, in Zamora de Hidalgo, Michoacan de Ocampo, two armed men on a motorbike approached the window of a house on El Cairo street, in Fraccionamiento Altamira Seccion E, and one of them shot at the people inside, killing a woman and injuring a man. 1 fatality.",1,MX16108,Zamora,2024-12-16,2025-12-16
MEX95298,2024-11-07,2024,Political violence,Violence against civilians,Attack,484,North America,Mexico,Morelos,Cuernavaca,Cuernavaca,18.9218,-99.2349,Diario de Morelos; La Jornada; La Verdad,"Around 7 November 2024 (as reported), in Cuernavaca, Morelos, a person was killed and unidentified individuals threw the body from a van in Colonia Recursos Hidraulicos. The body was found on 7 November 2024 with gunshot wounds, signs of torture, and the hands tied. A security camera recorded the moment when the body was left. 1 fatality.",1,MX17007,Cuernavaca,2024-12-16,2025-12-16
MEX95299,2024-11-07,2024,Political violence,Violence against civilians,Attack,484,North America,Mexico,Nuevo León,Linares,Linares,24.8597,-99.5679,El Norte; La Prensa de Monclova; Milenio,"Around 7 November 2024 (as reported), in Linares, Nuevo Leon, at least two people were killed and parts of their dismembered bodies were found along National Road: on km. 177,5, near the entry to Ejido Berlanga Garcia, and on km. 175,2, near the entry to Ejido El Brasil. Additional body parts were found on the section of the same road in Montecarmelo (coded separately). At least 2 fatalities split across two events, 1 fatality coded here.",1,MX19033,Linares,2024-12-16,2025-12-16
MEX95300,2024-11-07,2024,Political violence,Violence against civilians,Attack,484,North America,Mexico,Nuevo León,Montemorelos,Montemorelos,25.1893,-99.827,El Norte; La Prensa de Monclova; Milenio,"Around 7 November 2024 (as reported), near Montemorelos, Nuevo Leon, at least two people were killed and parts of their dismembered bodies were found along National Road: on km. 195, near the entry to Monte Sur sport complex (together with an unspecified narco message), on km. 185, north of El Alto del Coyote, and on km. 182 near the community of Cabezones. Additional body parts were found on the section of the same road in Linares (coded separately). At least 2 fatalities split across two events, 1 fatality coded here.",1,MX19038,Montemorelos,2024-12-16,2025-12-16
MEX95302,2024-11-07,2024,Political violence,Violence against civilians,Attack,484,North America,Mexico,Oaxaca,Heroica Ciudad de Juchitan de Zaragoza,Juchitan de Zaragoza,16.4333,-95.0216,Quadratin Oaxaca,"On 7 November 2024, in Juchitan de Zaragoza, Oaxaca, armed individuals on a motorbike shot and killed a taxi diver in Colonia 28 de Enero (drive-by). 1 fatality.",1,MX20043,Heroica Ciudad de Juchitán de Zaragoza,2024-12-16,2025-12-16
MEX95303,2024-11-07,2024,Political violence,Violence against civilians,Attack,484,North America,Mexico,Oaxaca,Oaxaca de Juarez,Oaxaca de Juarez,17.06,-96.7255,24 Horas (Mexico); AFP; El Norte; Entorno Informativo; La Jornada; Quadratin Oaxaca; Reforma; Zeta Tijuana,"On 7 November 2024, in Oaxaca de Juarez, Oaxaca, armed individuals entered El Che Gaucho restaurant in the intersection of Las Rosas and Alamos streets, in Colonia Reforma, and shot at people, killing six men. According to security sources, the target of the attack was the leader of the International Conference of Workers (CIT), who was uninjured or suffered minor injuries, and the dead men are his bodyguards. 6 fatalities.",6,MX20067,Oaxaca de Juárez,2024-12-16,2025-12-16
MEX95304,2024-11-07,2024,Political violence,Violence against civilians,Abduction/forced disappearance,484,North America,Mexico,Puebla,Cuautlancingo,Sanctorum,19.0991,-98.2541,Milenio,"On 7 November 2024, in Sanctorum, Puebla, according to a video published on social media, armed individuals driving three vehicles blocked the movements of a truck, forced the driver to get off the vehicle, and abducted him. The perpetrators also took the truck. The victim's whereabouts are unknown.",0,MX21041,Cuautlancingo,2024-12-16,2025-12-16
MEX95306,2024-11-07,2024,Political violence,Violence against civilians,Attack,484,North America,Mexico,Querétaro,Queretaro,Santiago de Queretaro,20.5934,-100.39,El Proceso; La Silla Rota,"Around 7 November 2024 (as reported), in Santiago de Queretaro, Queretaro, armed individuals entered a house on Manuel Gomez Morin avenue, in Colonia Centro Sur, and shot and killed three people. State police officers later arrested four suspects and seized a fireweapons and two vehicles. 3 fatalities.",3,MX22014,Querétaro,2024-12-16,2025-12-16
MEX95312,2024-11-07,2024,Political violence,Battles,Armed clash,484,North America,Mexico,Sinaloa,Culiacan,Las Arenitas,24.3722,-107.536,El Proceso; La Verdad; Riodoce,"On 7 November 2024, in Las Arenitas, Sinaloa, armed groups clashed in the morning and the afternoon. In the latter clash, the groups launched between two and six explosive devices from drones, damaging several houses. Casualties unknown.",0,MX25006,Culiacán,2024-12-16,2025-12-16
MEX95313,2024-11-07,2024,Political violence,Battles,Armed clash,484,North America,Mexico,Sinaloa,Navolato,Las Puentes,24.5318,-107.541,24 Horas (Mexico); El Sol de Sinaloa; Milenio; Noroeste; Riodoce,"On 7 November 2024, in Las Puentes, Sinaloa, military officers and armed individuals clashed. At least a person was killed, three officers were injured, and a civilian man was collaterally wounded. At least 1 fatality and 4 injured.",1,MX25018,Navolato,2024-12-16,2025-12-16
MEX95316,2024-11-07,2024,Political violence,Battles,Armed clash,484,North America,Mexico,Tabasco,Centro,Ocuiltzapotlan,18.1353,-92.8619,Tabasco Hoy,"Around 7 November 2024 (as reported), in Ocuiltzapotlan, Tabasco, two armed individuals on a motorbike shot at state police officers in the intersection of Mariano Abasolo and Venustiano Carranza streets. The police officers shot back and the armed individuals fled. There were no casualties.",0,MX27004,Centro,2024-12-16,2025-12-16
MEX95317,2024-11-07,2024,Political violence,Battles,Armed clash,484,North America,Mexico,Tabasco,Centro,Villahermosa,17.9878,-92.9194,Tabasco Hoy,"On 7 November 2024, in Villahermosa, Tabasco, armed individuals on a motorbike shot at state police officers in Fraccionamiento Las Rosas (drive-by). Also in Villahermosa, armed individuals on a motorbike shot at state police officers at the police station in Colonia Tamulte (drive-by). These attacks are suspectedly linked to other events that took place in the city the same day: the arson of several vehicles and establishments (coded separately), the placement of 'ponchallantas' (objects to puncture tires) on several locations (coded separately), the finding of four dead bodies (coded separately), and the hanging of unspecified narco messages signed by the Jalisco New Generation Cartel (uncoded). There were no casualties.",0,MX27004,Centro,2024-12-16,2025-12-16
MEX95318,2024-11-07,2024,Political violence,Violence against civilians,Attack,484,North America,Mexico,Tabasco,Centro,Villahermosa,17.9878,-92.9194,Milenio,"Around 7 November 2024 (as reported), in Villahermosa, Tabasco, four people were killed and their bodies were found inside plastic bags. One of them was almost completely dissolved in acid. It is suspected that the event is related to the arrest of several people linked to the CJNG that took place on 6 November in Villahermosa (uncoded). 4 fatalities.",4,MX27004,Centro,2024-12-16,2025-12-16
MEX95322,2024-11-07,2024,Political violence,Violence against civilians,Attack,484,North America,Mexico,Tabasco,Comalcalco,Comalcalco,18.266,-93.225,La Jornada; Tabasco Hoy,"Around 7 November 2024 (as reported), in Comalcalco, Tabasco, an unspecified number of people were killed and their dismembered bodies were found inside plastic bags on Jamaica street, in Fraccionamiento Santo Domingo. Also in Comalcalco, a person was killed and the head was found inside a plastic bag with a narco message in ADO bus terminal. Unspecified number of fatalities coded as 3.",3,MX27005,Comalcalco,2024-12-16,2025-12-16
MEX95324,2024-11-07,2024,Political violence,Violence against civilians,Attack,484,North America,Mexico,Tamaulipas,Matamoros,Heroica Matamoros,25.8799,-97.5048,AFN - Tijuana,"Around 7 November 2024 (as reported), in Heroica Matamoros, Tamaulipas, two men were killed and their bodies were found together with an unspecified threatening message written on a cardboard on Potrero street, in Colonia Granjas del Matamoros. 2 fatalities.",2,MX28022,Matamoros,2024-12-16,2025-12-16
MEX95242,2024-11-06,2024,Political violence,Violence against civilians,Attack,484,North America,Mexico,Guerrero,Coyuca de Benitez,Coyuca de Benitez,17.009,-100.0894,El Sol de Acapulco; La Verdad; Reforma,"Around 6 November 2024 (as reported), in Coyuca de Benitez, Guerrero, three men and one woman were killed and their bodies were found on the Cuajilote bridge, on a side of the Acapulco-Xihuatanejo highway with signs of torture. A message signed by the GNG was found next to the bodies. 4 fatalities.",4,MX12021,Coyuca de Benítez,2024-12-16,2025-12-16
MEX95243,2024-11-06,2024,Political violence,Violence against civilians,Attack,484,North America,Mexico,Guerrero,Iguala de la Independencia,Iguala de la Independencia,18.3445,-99.5384,La Verdad,"On 6 November 2024, in Iguala de la Independencia, Guerrero, unknown armed individuals shot and killed an off-duty member of the navy in Colonia San Jose. 1 fatality.",1,MX12035,Iguala de la Independencia,2024-12-16,2025-12-16
MEX95244,2024-11-06,2024,Political violence,Violence against civilians,Attack,484,North America,Mexico,México,Ocoyoacac,San Pedro Cholula,19.2654,-99.4858,Milenio,"On 6 November 2024, in San Pedro Cholula, Mexico, three people shot a man driving in his car in Plaza San Diego. The man was transported to the hospital where he died. 1 fatality.",1,MX15062,Ocoyoacac,2024-12-16,2025-12-16
MEX95245,2024-11-06,2024,Political violence,Violence against civilians,Attack,484,North America,Mexico,México,Tecamac,Ojo de Agua,19.6704,-99.016,La Silla Rota,"Around 6 November 2024 (as reported), in Ojo de Agua, Mexico, a man was killed and his body was found wrapped in tape and plastic bags and skinned from neck to face. 1 fatality.",1,MX15081,Tecámac,2024-12-16,2025-12-16
MEX95246,2024-11-06,2024,Political violence,Battles,Armed clash,484,North America,Mexico,Michoacán,Huaniqueo,Huaniqueo de Morales,19.8979,-101.5061,MiMorelia,"On 6 November 2024, in Huaniqueo de Morales, Michoacan de Ocampo, at least two armed individuals opened fire at individuals at a property in Colonia Barrio Alto who repelled the aggression and killed both men. 2 fatalities.",2,MX16037,Huaniqueo,2024-12-16,2025-12-16
MEX95249,2024-11-06,2024,Political violence,Violence against civilians,Attack,484,North America,Mexico,Oaxaca,Heroica Ciudad de Huajuapan de Leon,Heroica Ciudad de Huajuapan de Leon,17.8068,-97.7762,24 Horas (Mexico); El Proceso; La Jornada; La Verdad,"Around 6 November 2024 (as reported), in Heroica Ciudad de Huajuapan de Leon, Oaxaca, a man was killed and his body was found with a bag around the head and the hands and feet tied on Amate street, in Colonia Lazaro Cardenas. The victim had disappeared on 4 November 2024 and was the director of the IMSS Hospital in Santiago Tamazola, Oaxaca. 1 fatality.",1,MX20039,Heroica Ciudad de Huajuapan de León,2024-12-16,2025-12-16
MEX95264,2024-11-06,2024,Political violence,Violence against civilians,Attack,484,North America,Mexico,Zacatecas,Fresnillo,Fresnillo,23.1749,-102.8682,Pagina 24 Zacatecas,"On 6 November 2024, in Fresnillo, Zacatecas, according to witnesses, armed individuals on a vehicle shot at a van on Plateros avenue and Los Fresnos street, in Colonia Emiliano Zapata, killing a person and injuring three (drive-by). 1 fatality, 3 injured.",1,MX32010,Fresnillo,2024-12-16,2025-12-16
MEX95193,2024-11-05,2024,Political violence,Violence against civilians,Attack,484,North America,Mexico,Guerrero,Coyuca de Benitez,Coyuca de Benitez,17.009,-100.0894,El Norte,"On 5 November 2024, in Coyuca de Benitez, Guerrero, an armed group broke into the Basic Community Hospital of the Mexican Social Security Institute (IMSS) and shot a man. The victim was receiving medical assistance at the center. The perpetrators then boarded a car driven by an accomplice. 1 fatality.",1,MX12021,Coyuca de Benítez,2024-12-16,2025-12-16
MEX95206,2024-11-05,2024,Political violence,Battles,Armed clash,484,North America,Mexico,Michoacán,Zinapecuaro,Taimeo el Chico,19.8072,-100.7142,El Norte; La Silla Rota; La Voz de Michoacan,"On 5 November 2024, in Taimeo el Chico, Michoacan de Ocampo, armed individuals opened fire at municipal police officers who arrived at the scene upon the report of a confrontation and were shot. A total of nine vehicles were set on fire as a result of an armed clash in Taimeo (coded separately). There were no casualties.",0,MX16110,Zinapécuaro,2024-12-16,2025-12-16
MEX95208,2024-11-05,2024,Political violence,Violence against civilians,Attack,484,North America,Mexico,Morelos,Cuernavaca,Cuernavaca,18.9218,-99.2349,Diario de Morelos; La Jornada; La Verdad,"Around 5 November 2024 (as reported), in Cuernavaca, Morelos, two men were killed and their dismembered bodies were found wrapped with plastic bags, tied with tape, and with an unspecified narco message on Central street, in Colonia Lomas de Atzingo. 2 fatalities.",2,MX17007,Cuernavaca,2024-12-16,2025-12-16
MEX95218,2024-11-05,2024,Political violence,Violence against civilians,Attack,484,North America,Mexico,Tabasco,Huimanguillo,Chontalpa,17.6661,-93.4811,Tabasco Hoy,"Around 5 November 2024 (as reported), in Chontalpa, Tabasco, a person was killed and the body was found with gunshot wounds and a message next to the body. 1 fatality.",1,MX27008,Huimanguillo,2024-12-16,2025-12-16
MEX95219,2024-11-05,2024,Political violence,Violence against civilians,Attack,484,North America,Mexico,Tamaulipas,Reynosa,Reynosa,26.0924,-98.2781,Hoy Tamaulipas,"Around 5 November 2024 (as reported), in Reynosa, Tamaulipas, a man was killed and his body was found close to a ranch San Miguel with the 'tiro de gracia'. 1 fatality.",1,MX28032,Reynosa,2024-12-16,2025-12-16
MEX95252,2024-11-05,2024,Political violence,Battles,Armed clash,484,North America,Mexico,Sinaloa,Angostura,Leopoldo Sanchez Celis,25.1254,-108.0138,Milenio,"On 5 November 2024, in Leopoldo Sanchez Celis, Sinaloa, armed individuals shot at military officers, initiating a clash. The armed individuals fled, and the officers seized 13 fireweapons, two explosive devices, and seven vehicles. There were no injuries.",0,MX25002,Angostura,2024-12-16,2025-12-16
MEX95139,2024-11-04,2024,Political violence,Violence against civilians,Attack,484,North America,Mexico,Campeche,Carmen,Ciudad del Carmen,18.6378,-91.8365,Tribuna Campeche,"On 4 November 2024, in Ciudad del Carmen, Campeche, unknown armed individuals shot and killed a person in Colonia Santa Rita and then left a message next to the body. 1 fatality.",1,MX04003,Carmen,2024-12-16,2025-12-16
MEX95152,2024-11-04,2024,Political violence,Battles,Armed clash,484,North America,Mexico,Jalisco,Lagos de Moreno,Lagos de Moreno,21.3564,-101.9292,El Norte,"On 4 November 2024, in Lagos de Moreno, Jalisco, armed individuals aboard four vehicles attacked military officials who repelled the aggressions in Colonia La Aurora (drive-by). Four people were arrested. There were no casualties.",0,MX14053,Lagos de Moreno,2024-12-16,2025-12-16
MEX95153,2024-11-04,2024,Political violence,Violence against civilians,Attack,484,North America,Mexico,Jalisco,San Pedro Tlaquepaque,Tlaquepaque,20.6386,-103.3072,Milenio,"Around 4 November 2024 (as reported), in Tlaquepaque, Jalisco, a man was killed and his body was found with his hands and feet tied inside a sack in Colonia El Tapatio. 1 fatality.",1,MX14098,San Pedro Tlaquepaque,2024-12-16,2025-12-16
MEX95158,2024-11-04,2024,Political violence,Violence against civilians,Attack,484,North America,Mexico,Morelos,Jiutepec,Jiutepec,18.882,-99.1772,Diario de Morelos,"Around 4 November 2024 (as reported), in Jiutepec, Morelos, two men were killed and their bodies were found with signs of torture tied. One of the men was wrapped in blankets. 2 fatalities.",2,MX17011,Jiutepec,2024-12-16,2025-12-16
MEX95159,2024-11-04,2024,Political violence,Violence against civilians,Attack,484,North America,Mexico,Nuevo León,Garcia,Garcia,25.8005,-100.5855,El Norte,"On 4 November 2024, in Garcia, Nuevo Leon, one man shot another man as he was arriving home in Colonia Los Encinos and then fled the scene in a vehicle with an accomplice. 1 fatality.",1,MX19018,García,2024-12-16,2025-12-16
MEX95175,2024-11-04,2024,Political violence,Violence against civilians,Attack,484,North America,Mexico,Zacatecas,Fresnillo,Estacion San Jose,23.1899,-102.7882,Pagina 24 Zacatecas,"On 4 November 2024, in Estacion San Jose, Zacatecas, an unknown number of suspected gang members opened fire at the facade of a home (with the owner inside) and then fled the scene. There were no casualties.",0,MX32010,Fresnillo,2024-12-16,2025-12-16
MEX95108,2024-11-03,2024,Political violence,Violence against civilians,Attack,484,North America,Mexico,Baja California,Tijuana,Tijuana,32.5325,-117.019,AFN - Tijuana; Zeta Tijuana,"Around 3 November 2024 (as reported), in Tijuana, Baja California, two hands were found with a message in El Pipila area. Later, according to witnesses, two people left a torso and the legs from a person in Colonia Mariano Matamoros. It is unknown if the remains are from the same victim. At least 1 fatality.",1,MX02004,Tijuana,2024-12-16,2025-12-16
MEX95110,2024-11-03,2024,Political violence,Violence against civilians,Attack,484,North America,Mexico,Chihuahua,Chihuahua,Chihuahua,28.6368,-106.0763,Tiempo,"On 3 November 2024, in Chihuahua, Chihuahua, armed individuals on a motorcycle shot and killed two people in a drive-by in Colonia Division del Norte. Also, unidentified armed individuals shot and killed three people inside a house known to be a drug consumption place in Colonia San Jorge. 5 fatalities.",5,MX08019,Chihuahua,2024-12-16,2025-12-16
MEX95111,2024-11-03,2024,Political violence,Violence against civilians,Attack,484,North America,Mexico,Chihuahua,Chihuahua,Chihuahua,28.6368,-106.0763,Tiempo,"On 3 November 2024, in Chihuahua, Chihuahua, unknown armed men entered a home and killed a man in Colonia Ladrilleros Norte. The victim was identified as an off-duty military officer. 1 fatality.",1,MX08019,Chihuahua,2024-12-16,2025-12-16
MEX95114,2024-11-03,2024,Political violence,Violence against civilians,Attack,484,North America,Mexico,Guanajuato,Celaya,Celaya,20.5215,-100.814,AFN - Tijuana,"On 3 November 2024, in Celaya, Guanajuato, according to witnesses, two armed men on a motorcycle shot and killed a man while driving in Colonia La Suiza. 1 fatality.",1,MX11007,Celaya,2024-12-16,2025-12-16
MEX95122,2024-11-03,2024,Political violence,Violence against civilians,Attack,484,North America,Mexico,Michoacán,Morelia,Morelia,19.7034,-101.192,La Voz de Michoacan,"On 3 November 2024, in Morelia, Michoacan, two armed men who arrived on a motorcycle shot at two men in Colonia Presa de Los Reyes. Both of the victims died. 2 fatalities.",2,MX16053,Morelia,2024-12-16,2025-12-16
MEX95124,2024-11-03,2024,Political violence,Violence against civilians,Attack,484,North America,Mexico,Nuevo León,Linares,El Brasil,24.9433,-99.7626,Milenio,"Around 3 November 2024 (as reported), in El Brasil, Nuevo Leon, two men were killed and their bodies were found with signs of torture on the Montemorelos-Hualahuises road. 2 fatalities.",2,MX19033,Linares,2024-12-16,2025-12-16
MEX95128,2024-11-03,2024,Political violence,Battles,Armed clash,484,North America,Mexico,Puebla,Atlixco,Atlixco,18.9088,-98.4342,E-Consulta,"On 3 November 2024, in Atlixco, Puebla, three armed individuals (two men and a woman) approached the Gonzalo Rio Arronte Medical Complex and shot and killed two municipal police officers (a man and a woman) that were at the entry. The two men then entered the hospital, where they shot and killed a man. The victim had been shot and injured by armed individuals in a house in Atlixco earlier the same day (coded separately). Additional police officers arrived at the scene and engaged in a clash with the perpetrators. The clash left no casualties and the armed individuals fled in two vehicles, which were later abandoned in Tecuanipan. 3 fatalities.",3,MX21019,Atlixco,2024-12-16,2025-12-16
MEX95129,2024-11-03,2024,Political violence,Violence against civilians,Attack,484,North America,Mexico,Puebla,Atlixco,Atlixco,18.9088,-98.4342,E-Consulta,"On 3 November 2024, in Atlixco, Puebla, according to the victim and witnesses, two armed individuals entered a house and shot and injured a man that was celebrating his birthday. The rest of the people in the party were uninjured. The victim was later transferred to Gonzalo Rio Arronte Medical Complex, where armed individuals shot and killed him (coded separately). 1 injured.",0,MX21019,Atlixco,2024-12-16,2025-12-16
MEX95133,2024-11-03,2024,Political violence,Violence against civilians,Attack,484,North America,Mexico,Tabasco,Cunduacan,Cunduacan,18.0656,-93.1726,Tabasco Hoy,"Around 3 November 2024 (as reported), in Cunduacan, Tabasco, three people were killed and their bodies were found inside bags. 3 fatalities.",3,MX27006,Cunduacán,2024-12-16,2025-12-16
MEX95134,2024-11-03,2024,Political violence,Violence against civilians,Abduction/forced disappearance,484,North America,Mexico,Veracruz de Ignacio de la Llave,Acultzingo,Acultzingo,18.7181,-97.3071,La Silla Rota,"On 3 November 2024, around Acultzingo, Veracruz, armed individuals chase and kidnapped a priest and four deacons who were travelling on the Ciudad Mendoza - Tehuacan. Hours later, they were found and released.",0,MX30006,Acultzingo,2024-12-16,2025-12-16
MEX95135,2024-11-03,2024,Political violence,Violence against civilians,Attack,484,North America,Mexico,Veracruz de Ignacio de la Llave,Sayula de Aleman,Sayula de Aleman,17.881,-94.9601,La Silla Rota,"On 3 November 2024, close to Sayula de Aleman, Veracruz de Ignacio de la Llave, armed individuals chased a truck driver and shot the truck on the highway 145 Sayula de Aleman-Ciudad Aleman and then threw Molotov cocktails at the truck. The truck driver was not injured but the truck was set on fire. There were no casualties.",0,MX30144,Sayula de Alemán,2024-12-16,2025-12-16
MEX95078,2024-11-02,2024,Political violence,Violence against civilians,Attack,484,North America,Mexico,Baja California,Mexicali,Ejido Chiapas,32.4993,-114.9622,Zeta Tijuana,"Around 2 November 2024 (as reported), in Ejido Chiapas, Baja California, a man was killed and the body was found with his hands tied up. 1 fatality.",1,MX02002,Mexicali,2024-12-16,2025-12-16
MEX95079,2024-11-02,2024,Political violence,Violence against civilians,Attack,484,North America,Mexico,Baja California,Mexicali,Ejido Colima,32.4847,-115.002,Zeta Tijuana,"Around 2 November 2024 (as reported), near Ejido Colima, Baja California, a man was killed and the body was found with his hands and feet tied up between Ejido Mexico and Ejido Colima. 1 fatality.",1,MX02002,Mexicali,2024-12-16,2025-12-16
MEX95080,2024-11-02,2024,Political violence,Violence against civilians,Attack,484,North America,Mexico,Baja California,Mexicali,Mexicali,32.6412,-115.476,Zeta Tijuana,"Around 2 November 2024 (as reported), in Mexicali municipality, Baja California, a man was killed and the body was found with his hands tied up to the back and wrapped in plastic near Ejido Pachuca. 1 fatality.",1,MX02002,Mexicali,2024-12-16,2025-12-16
MEX95081,2024-11-02,2024,Political violence,Battles,Armed clash,484,North America,Mexico,Baja California,Tecate,La Rumorosa,32.5245,-116.0568,24 Horas (Mexico); La Silla Rota,"On 2 November 2024, in La Rumorosa, Baja California, there was an armed clash between armed men and the National Guard. Two people were killed and another four were injured. The armed individuals were suspected of migrant trafficking and the two fatalities were two Colombian migrants. 2 fatalities, 4 injured.",2,MX02003,Tecate,2024-12-16,2025-12-16
MEX95082,2024-11-02,2024,Political violence,Violence against civilians,Attack,484,North America,Mexico,Baja California,Tijuana,Tijuana,32.5325,-117.019,AFN - Tijuana; Zeta Tijuana,"Around 2 November 2024 (as reported), in Tijuana, Baja California, a man was killed and the body was found tied with tape, inside a car on fire in Colonia Ocampo. Another version, indicates that the victim was inside the trunk in Colonia El Pipila. 1 fatality.",1,MX02004,Tijuana,2024-12-16,2025-12-16
MEX95084,2024-11-02,2024,Political violence,Violence against civilians,Attack,484,North America,Mexico,Ciudad de Mexico,Gustavo A. Madero,Ciudad de Mexico - Gustavo A. Madero,19.4829,-99.1135,La Silla Rota,"On 2 November 2024, in Ciudad de Mexico - Gustavo A. Madero, a group of armed individuals attacked a group of people in Avenida Fernando Amilpa. One person was killed and another six people were injured. 1 fatality, 6 injured.",1,MX09005,Gustavo A. Madero,2024-12-16,2025-12-16
MEX95097,2024-11-02,2024,Political violence,Violence against civilians,Attack,484,North America,Mexico,Morelos,Xochitepec,Xochitepec,18.7808,-99.2305,Diario de Morelos,"Around 2 November 2024 (as reported), in Xochitepec, Morelos, an unknown number of people were killed and their bodies were found inside bags on Avenida Crisantemos, including at least the torso of a person. Later, more remains were found in different parts of the city. Unspecified number of fatalities coded as 3.",3,MX17028,Xochitepec,2024-12-16,2025-12-16
MEX95098,2024-11-02,2024,Political violence,Violence against civilians,Attack,484,North America,Mexico,Nuevo León,Santa Catarina,Ciudad Santa Catarina,25.6744,-100.4617,El Norte,"On 2 November 2024, in Ciudad Santa Catarina, Nuevo Leon, according to witnesses, two armed men shot and killed a young man in front of a house in Colonia Cima de las Mitras. 1 fatality.",1,MX19048,Santa Catarina,2024-12-16,2025-12-16
MEX95100,2024-11-02,2024,Political violence,Violence against civilians,Attack,484,North America,Mexico,Puebla,Puebla,Heroica Puebla de Zaragoza,19.044,-98.1975,La Silla Rota,"On 2 November 2024, in Heroica Puebla de Zaragoza, Puebla, two armed individuals on a motorcycle shot and killed (drive-by) a man around de Plaza Crystral. 1 fatality.",1,MX21114,Puebla,2024-12-16,2025-12-16
MEX95102,2024-11-02,2024,Political violence,Battles,Armed clash,484,North America,Mexico,San Luis Potosí,Tamuin,Tamuin,22.0059,-98.7795,Milenio,"On 2 November 2024, around Tamuin, San Luis Potosi, there was an armed clash between armed men and the state police around Ejido 'La Calera' on the Valles - Tamuin highway. Two armed men were injured and three were arrested. 2 injured.",0,MX24040,Tamuín,2024-12-16,2025-12-16
MEX95104,2024-11-02,2024,Political violence,Violence against civilians,Attack,484,North America,Mexico,Tabasco,Comalcalco,Tecolutilla,18.283,-93.3335,Tabasco Hoy,"Around 2 November 2024 (as reported), in Tecolutilla, Tabasco, a woman and a man were killed and their bodies were found in bags with gunshot wounds and a message from a criminal group. 2 fatalities.",2,MX27005,Comalcalco,2024-12-16,2025-12-16
MEX95105,2024-11-02,2024,Political violence,Violence against civilians,Attack,484,North America,Mexico,Veracruz de Ignacio de la Llave,Minatitlan,Minatitlan,17.991,-94.5484,La Silla Rota,"On 2 November 2024, in Minatitlan, Veracruz, according to witnesses, three armed men shot and killed two men in a house in Colonia Aurora. 2 fatalities.",2,MX30108,Minatitlán,2024-12-16,2025-12-16
MEX95106,2024-11-02,2024,Political violence,Battles,Armed clash,484,North America,Mexico,Zacatecas,Fresnillo,Organos,22.9177,-102.9211,La Jornada; Pagina 24 Zacatecas; Riodoce,"On 2 November 2024, in Organos, Zacatecas, gang members intercepted and shot at two state police officers on the road to Jerez in a drive-by. The officers crashed and were killed. The police officers were the bodyguards of a family member of the governor. 2 fatalities.",2,MX32010,Fresnillo,2024-12-16,2025-12-16
MEX95070,2024-11-01,2024,Political violence,Battles,Armed clash,484,North America,Mexico,Guanajuato,Irapuato,Irapuato,20.6728,-101.3481,Zona Franca,"On 1 November 2024, in Irapuato, Guanajuato, armed individuals clashed with the National Guard during a police control in colonia Villas de San Cayetano. Two men were arrested. Two people were injured with stray bullets.",0,MX11017,Irapuato,2024-12-16,2025-12-16
MEX95076,2024-11-01,2024,Political violence,Violence against civilians,Attack,484,North America,Mexico,Zacatecas,Loreto,La Alqueria,22.2721,-101.8233,Pagina 24 Zacatecas,"Around 1 November 2024 (as reported), around La Alqueria, Zacatecas, two men were killed by members of a criminal group and their bodies were found with signs of torture around La Alqueria and Santa Maria de los Angeles communities. One of the victims was handcuffed. 2 fatalities.",2,MX32024,Loreto,2024-12-16,2025-12-16
MEX95068,2024-10-31,2024,Political violence,Violence against civilians,Attack,484,North America,Mexico,Ciudad de Mexico,Gustavo A. Madero,Ciudad de Mexico - Gustavo A. Madero,19.4829,-99.1135,El Blog del Narco; Milenio,"On 31 October 2024, in Ciudad de Mexico - Gustavo A. Madero, two armed men shot at a father and his son. The boy was killed. 1 fatality.",1,MX09005,Gustavo A. Madero,2024-12-16,2025-12-16
MEX95069,2024-10-31,2024,Political violence,Battles,Armed clash,484,North America,Mexico,Tabasco,Paraiso,Paraiso,18.3982,-93.2123,Diario de Morelos,"On 31 October 2024, in Paraiso, Tabasco, there was an armed clash between the military forces and the National Guard and members of La Barredora Gang. A leader of the criminal group was arrested. Weapons were seized. Casualties unknown.",0,MX27014,Paraíso,2024-12-16,2025-12-16
MEX95067,2024-10-21,2024,Political violence,Violence against civilians,Attack,484,North America,Mexico,Guerrero,Cuajinicuilapa,Cuajinicuilapa,16.472,-98.4167,El Faro de la Costa Chica; El Norte,"On 21 October 2024, in Cuajinicuilapa, Guerrero, an unidentified armed group beaten and kidnapped the councilor of the municipality of the PVEM party on his way to Ometepec. The victim's whereabouts are unknown.",0,MX12023,Cuajinicuilapa,2024-12-16,2025-12-16
MEX94664,2024-10-20,2024,Political violence,Violence against civilians,Attack,484,North America,Mexico,Sinaloa,San Ignacio,Las Labradas,23.6205,-106.7667,Milenio,"Around 20 October 2024 (as reported), in Las Labradas, Sinaloa, a man was killed and his body was found wrapped in a blanket on km. 48. 1 fatality.",1,MX25016,San Ignacio,2024-12-16,2025-12-16
MEX93838,2024-10-01,2024,Political violence,Battles,Armed clash,484,North America,Mexico,Nuevo León,Lampazos de Naranjo,La Placeta,27.134,-100.6849,Milenio,"On 1 October 2024, in La Placeta, Nuevo Leon, there was an armed clash between armed men against the National Guard, state police, and military officers during a patrol. Three men were arrested. Drugs were seized. There were no casualties.",0,MX19032,Lampazos de Naranjo,2024-12-16,2025-12-16
MEX93483,2024-09-26,2024,Political violence,Battles,Armed clash,484,North America,Mexico,Sinaloa,Concordia,Loberas,23.4956,-105.8396,El Sol de Sinaloa; La Verdad; Noroeste; Riodoce,"On 26 September 2024, in Loberas, Sinaloa, suspected members of Los Chapitos Gang and Los Mayitos Gang clashed. Eight men were killed and another was injured. The event is likely related to the ongoing fight between the Sinaloa Cartel factions in the municipality of Culiacan that started on 9 September (coded separately). 8 fatalities.",8,MX25004,Concordia,2024-12-16,2025-12-16
MEX94493,2024-10-14,2024,Political violence,Violence against civilians,Sexual violence,484,North America,Mexico,Puebla,Ocoyucan,Santa Clara Ocoyucan,18.9768,-98.3024,E-Consulta; Milenio,"Around 14 October 2024 (between 12 October - 16 October), in Santa Clara Ocoyucan, Puebla, a woman was killed and her body was found on 16 October semi-naked and with signs of violence in Colonia La Cantera. The woman was identified as a missing woman since the weekend. 1 fatality.",1,MX21106,Ocoyucan,2024-12-16,2025-12-16
MEX95330,2024-11-08,2024,Political violence,Violence against civilians,Attack,484,North America,Mexico,Baja California,Tijuana,Tijuana,32.5325,-117.019,Zeta Tijuana,"Around 8 November 2024 (as reported), in Tijuana, Baja California, a woman was killed and her body was found wrapped in a plastic bag on Cuarta street, between Negrete and Melchor Ocampo avenues, in Colonia Zona Centro. 1 fatality.",1,MX02004,Tijuana,2024-12-16,2025-12-16
MEX94262,2024-10-17,2024,Political violence,Violence against civilians,Attack,484,North America,Mexico,Ciudad de Mexico,Cuauhtemoc,Ciudad de Mexico - Cuauhtemoc,19.4313,-99.1531,24 Horas (Mexico); AFN - Tijuana; Diario de Morelos; El Norte; La Jornada; La Silla Rota; Milenio; Tabasco Hoy,"On 17 October 2024, in Ciudad de Mexico - Cuauhtemoc, two armed men shot at three people on 5 de Mayo street, near the junction with Motolinia street, killing a man and injuring another man and a woman. The woman is an alternate local congresswoman of the coalition 'Va por Mexico' (formed by PAN, PRI and PRD parties), a trans activist, and leader of local vendors. Her mother, also a vendors' leader, affirmed that they had been threatened by La Union Tepito. Both women were arrested in 2021 on charges of extorsion and organized robbery. Authorities later arrested the two perpetrators and a woman accomplice. The injured man died on 11 November 2024. 2 fatalities.",2,MX09015,Cuauhtémoc,2024-12-16,2025-12-16
MEX93942,2024-10-05,2024,Political violence,Violence against civilians,Attack,484,North America,Mexico,Guerrero,Tixtla de Guerrero,Tixtla de Guerrero,17.5667,-99.3983,La Jornada; La Silla Rota,"Around 5 October 2024 (as reported), in Tixtla de Guerrero, Guerrero, the mayor of Chilpancingo and PRD member was killed and his body was found decapitated in Colonia Villa del Roble. The head was found on top of a car and the body was covered with a sheet inside the car. Suspectedly the attack was committed by the Los Ardillos gang and on 12 November 2024, authorities arrested the police officer in charge of the Municipal Public Security Secretary for holding links with Los Ardillos gang and being involved in this attack. This information was given by a man who had been kidnapped by this gang and was later found dead (coded separately). Local sources, indicated that the killing of the mayor was due to his lack for cooperation with the criminal group. The arrested official is a lawyer specializing in Oral Trial and Accusatory Criminal Procedure. 1 fatality.",1,MX12061,Tixtla de Guerrero,2024-12-16,2025-12-16
MEX95297,2024-11-07,2024,Political violence,Violence against civilians,Attack,484,North America,Mexico,Morelos,Cuernavaca,Cuernavaca,18.9218,-99.2349,8 Columnas; Diario de Morelos; La Jornada; La Silla Rota; Milenio; Reforma; Tabasco Hoy,"On 7 November 2024, in Cuernavaca, Morelos, an armed individual on the street shot at the emergency section of the IMSS Regional General Hospital C/MF No. 1, on Plan de Ayala avenue, injuring four people. Previous versions indicated that armed individuals had entered the hospital to kill a person that was being operated due to gunshot wounds caused in Jiutepec earlier the same day, or a relative or friend of such person. Authorities later denied this version and confirmed that the perpetrator did not enter the premises. Authorities arrested a suspect on 8 November 2024, and three more individuals are wanted due to their possible participation in this event. 4 injured.",0,MX17007,Cuernavaca,2024-12-16,2025-12-16
MEX93416,2024-09-25,2024,Political violence,Battles,Armed clash,484,North America,Mexico,Nuevo León,General Teran,General Teran,25.2586,-99.6837,La Jornada,"On 25 September 2024, in General Teran, Nuevo Leon, armed individuals broke into the Public Security building and opened fire at municipal police. In their escape, armed individuals threw tire punctures on the road to avoid persecution. Later the armed individuals clashes with police officers in Los Ramones (coded separately). There were no casualties.",0,MX19022,General Terán,2024-12-16,2025-12-16
MEX93922,2024-10-09,2024,Political violence,Violence against civilians,Attack,484,North America,Mexico,Guanajuato,Leon,Los Ramirez,21.0193,-101.6439,Zona Franca,"On 9 October 2024, in Los Ramirez, Guanajuato, according to witnesses, armed individuals in a car shot at a van on Lazaro Cardenas street, near Dorados de Villa street and Del Senor de la Expiracion church, killing a man and injuring another (drive-by). 1 fatality, 1 injured.",1,MX11020,León,2024-12-16,2025-12-16
MEX94147,2024-10-17,2024,Political violence,Battles,Armed clash,484,North America,Mexico,Nuevo León,General Teran,General Teran,25.2586,-99.6837,El Norte; La Silla Rota,"On 17 October 2024, in General Teran, Nuevo Leon, state and municipal police officers clashed with suspected members of the Cartel del Noreste in front of a police station on Plutarco Elias Calles avenue. A member of the cartel died, and the rest of them fled towards Montemorelos. This event is part of three clashes between authorities and the CDN that took place in Nuevo Leon the same day (coded separately). 1 fatality.",1,MX19022,General Terán,2024-12-16,2025-12-16
MEX95155,2024-11-04,2024,Political violence,Violence against civilians,Attack,484,North America,Mexico,México,Almoloya de Juarez,Almoloya de Juarez,19.3697,-99.7589,Milenio,"On 4 November 2024, in Almoloya de Juarez, Mexico, according to witnesses, armed individuals on a motorbike shot at people in Fraccionamiento Rancho San Juan, killing a woman and injuring four people (drive-by). 1 fatality, 4 injured.",1,MX15005,Almoloya de Juárez,2024-12-16,2025-12-16
MEX95369,2024-11-08,2024,Political violence,Violence against civilians,Attack,484,North America,Mexico,Tamaulipas,Reynosa,El Guerreno,26.0281,-98.1973,Hoy Tamaulipas,"Around 8 November 2024 (as reported), in El Guerreno, Tamaulipas, armed individuals on a van shot at two people that were changing a wheel of a vehicle on Rio Bravo-Reynosa road, killing a woman and injuring a man (drive-by). The perpetrators suspectedly mistook the victims for members of rival organizations. 1 fatality, 1 injured.",1,MX28032,Reynosa,2024-12-16,2025-12-16
MEX95370,2024-11-08,2024,Political violence,Battles,Armed clash,484,North America,Mexico,Tamaulipas,Rio Bravo,Ciudad Rio Bravo,25.981,-98.0901,Hoy Tamaulipas,"Around 8 November 2024 (as reported), in Ciudad Rio Bravo, Tamaulipas, armed groups clashed and an unknown number of people were killed. One of the people involved in the clash fled the scene and sought medical assistance in Colonia Las Cumbres, where he was arrested. Unspecified number of fatalities coded as 3.",3,MX28033,Río Bravo,2024-12-16,2025-12-16
MEX95372,2024-11-10,2024,Political violence,Violence against civilians,Abduction/forced disappearance,484,North America,Mexico,Baja California,Mexicali,Los Algodones,32.7133,-114.7358,Zeta Tijuana,"On 10 November 2024, in Los Algodones, Baja California, four people were kidnapped by unidentified armed individuals. Two of them were later found alive. The other two are suspected to be found killed, however, this was not confirmed. The whereabouts of the other two people remain unknown.",0,MX02002,Mexicali,2024-12-16,2025-12-16
MEX95374,2024-11-08,2024,Political violence,Violence against civilians,Attack,484,North America,Mexico,Baja California,Tijuana,Tijuana,32.5325,-117.019,Zeta Tijuana,"Around 8 November 2024 (as reported), in Tijuana, Baja California, a woman was killed and her burnt body was found on 5 street, in Colonia Jardines de las Cruces, in the Delegation of San Antonio de los Buenos. 1 fatality.",1,MX02004,Tijuana,2024-12-16,2025-12-16
MEX95375,2024-11-09,2024,Political violence,Violence against civilians,Attack,484,North America,Mexico,Baja California,Tijuana,Tijuana,32.5325,-117.019,Zeta Tijuana,"Around 9 November 2024 (as reported), in Tijuana, Baja California, a man was killed and his head was found in Colonia Kino II. 1 fatality.",1,MX02004,Tijuana,2024-12-16,2025-12-16
MEX95376,2024-11-10,2024,Political violence,Violence against civilians,Attack,484,North America,Mexico,Baja California,Tijuana,Tijuana,32.5325,-117.019,AFN - Tijuana,"Around 10 November 2024 (as reported), in Tijuana, Baja California, a person was killed and the body was found with gunshot wounds and the hands tied on Santo Degollado and 5 de Febrero streets, in Colonia Ninos Heroes. 1 fatality.",1,MX02004,Tijuana,2024-12-16,2025-12-16
MEX95377,2024-11-11,2024,Political violence,Violence against civilians,Attack,484,North America,Mexico,Baja California,Tijuana,Tijuana,32.5325,-117.019,Zeta Tijuana,"Around 11 November 2024 (as reported), in Tijuana, Baja California, according to witnesses, a group of armed men shot and killed a man in Colonia Chihuahua, and then fled in two vehicles. 1 fatality.",1,MX02004,Tijuana,2024-12-16,2025-12-16
MEX95381,2024-11-13,2024,Political violence,Violence against civilians,Attack,484,North America,Mexico,Baja California,Tijuana,Tijuana,32.5325,-117.019,AFN - Tijuana,"On 13 November 2024, in Tijuana, Baja California, according to witnesses, armed men shot and killed a man in Colonia Rancho las Flores. 1 fatality.",1,MX02004,Tijuana,2024-12-16,2025-12-16
MEX95384,2024-11-14,2024,Political violence,Violence against civilians,Attack,484,North America,Mexico,Baja California,Tijuana,Tijuana,32.5325,-117.019,AFN - Tijuana,"Around 14 November 2024 (as reported), in Tijuana, Baja California, a man was killed and his body was found decapitated with a narco message next to his body in Piedrera Canyon. 1 fatality.",1,MX02004,Tijuana,2024-12-16,2025-12-16
MEX95385,2024-11-14,2024,Political violence,Violence against civilians,Attack,484,North America,Mexico,Baja California,Tijuana,Tijuana,32.5325,-117.019,AFN - Tijuana,"On 14 November 2024, in Tijuana, Baja California, two armed individuals shot and killed a man leaving a penitentiary center in Colonia La Mesa. The victim's wife was left uninjured and both perpetrators were later arrested. 1 fatality.",1,MX02004,Tijuana,2024-12-16,2025-12-16
MEX95391,2024-11-12,2024,Political violence,Violence against civilians,Attack,484,North America,Mexico,Campeche,Campeche,San Francisco de Campeche,19.8448,-90.5396,Tribuna Campeche,"On 12 November 2024, in San Francisco de Campeche, Campeche, two armed men on a motorcycle shot and injured two men in a drive-by shooting in the Unidad habitacional Fidel Velazquez.",0,MX04002,Campeche,2024-12-16,2025-12-16
MEX95396,2024-11-13,2024,Political violence,Battles,Armed clash,484,North America,Mexico,Campeche,Champoton,Seybaplaya,19.6411,-90.6856,Tribuna Campeche,"Around 13 November 2024 (as reported), in Seybaplaya, Campeche, a man was killed and the body was found with the 'tiro de gracia'. The victim was a drug dealer. 1 fatality.",1,MX04004,Champotón,2024-12-16,2025-12-16
MEX95397,2024-11-10,2024,Political violence,Violence against civilians,Attack,484,North America,Mexico,Campeche,Escarcega,Escarcega,18.6065,-90.738,Tribuna Campeche,"On 10 November 2024, in Escarcega, Campeche, an armed individual on a motorbike shot at a person who was driving a bicycle in front of Abelardo Carrillo Zavala park (drive-by). The victim was uninjured. Also in Escarcega, armed individuals on a taxi shot at a person who was driving a motorcycle in Colonia Concordia (drive-by). The victim tried to flee, and it is unknown whether he was injured. The perpetrators followed him to his house, and shot at the house facade causing damages.",0,MX04009,Escárcega,2024-12-16,2025-12-16
MEX95407,2024-11-13,2024,Political violence,Violence against civilians,Attack,484,North America,Mexico,Chihuahua,Aldama,Juan Aldama,28.8384,-105.9113,La Jornada; Tiempo,"On 13 November 2024, in Juan Aldama, Chihuahua, two men were shot and killed suspectedly by members of criminal group while driving in colonia El Arbolito. 2 fatalities.",2,MX08002,Aldama,2024-12-16,2025-12-16
MEX95410,2024-11-10,2024,Political violence,Violence against civilians,Attack,484,North America,Mexico,Chihuahua,Chihuahua,Chihuahua,28.6368,-106.0763,Tiempo,"On 10 November 2024, in Chihuahua, Chihuahua, two armed individuals shot and killed a man that was driving a van on Mina San Rafael and Mina La Negrita streets, in Colonia Robinson. 1 fatality.",1,MX08019,Chihuahua,2024-12-16,2025-12-16
MEX95411,2024-11-13,2024,Political violence,Violence against civilians,Attack,484,North America,Mexico,Chihuahua,Chihuahua,Chihuahua,28.6368,-106.0763,La Jornada; Tiempo,"Around 13 November 2024 (as reported), in Chihuahua, Chihuahua, three men were killed and their bodies were found with their hands and feet tied up around Granjas del Valle near Libramiento Oriente. 3 fatalities.",3,MX08019,Chihuahua,2024-12-16,2025-12-16
MEX95413,2024-11-15,2024,Political violence,Battles,Armed clash,484,North America,Mexico,Chihuahua,Guerrero,La Junta,28.4772,-107.3286,Tiempo,"On 15 November 2024, close to La Junta, Chihuahua, members of an organized crime group opened fire and chased members of El Tigre Cartel leading to the death of three members of the El Tigre cartel. 3 fatalities.",3,MX08031,Guerrero,2024-12-16,2025-12-16
MEX95414,2024-11-15,2024,Political violence,Violence against civilians,Attack,484,North America,Mexico,Chihuahua,Valle de Zaragoza,Valerio,27.6638,-106.0951,Tiempo,"Around 15 November 2024 (as reported), in Valerio, Chihuahua, a man was killed and his body was found decapitated. 1 fatality.",1,MX08067,Valle de Zaragoza,2024-12-16,2025-12-16
MEX95419,2024-11-15,2024,Political violence,Battles,Armed clash,484,North America,Mexico,Ciudad de Mexico,Iztacalco,Ciudad de Mexico - Iztacalco,19.3959,-99.0976,El Norte,"On 15 November 2024, in Ciudad de Mexico - Iztacalco, four armed individuals, including two men who claimed to be investigative police agents entered a building in a suspected anti-drug operation in Colonia Santa Anita upon which one man opened fire at them. One man was killed and another was injured. After the attack the armed man escaped. Authorities are investigating the affiliation of the group of armed men after they found that the credentials of the police officers had expired. 1 fatality, 1 injury.",1,MX09006,Iztacalco,2024-12-16,2025-12-16
MEX95422,2024-11-09,2024,Political violence,Violence against civilians,Attack,484,North America,Mexico,Ciudad de Mexico,Tlalpan,Ciudad de Mexico - Tlalpan,19.2883,-99.1671,Diario de Morelos; Milenio,"On 9 November 2024, in Ciudad de Mexico - Tlalpan, a group of armed individuals shot at four people around km. 28 of Mexico-Cuernavaca federal road near San Miguel Topilejo, killing a man and injuring three other people (likely witnesses). 1 fatality, 3 injured.",1,MX09012,Tlalpan,2024-12-16,2025-12-16
MEX95423,2024-11-13,2024,Political violence,Battles,Armed clash,484,North America,Mexico,Ciudad de Mexico,Venustiano Carranza,Ciudad de Mexico - Venustiano Carranza,19.4193,-99.1137,Milenio,"On 13 November 2024, in Ciudad de Mexico - Venustiano Carranza, armed men on a motorcycle shot and killed (drive-by) a man and injured another one in colonia Penitenciaria. The killed victim was identified as a drug dealer. 1 fatality.",1,MX09017,Venustiano Carranza,2024-12-16,2025-12-16
MEX95437,2024-11-12,2024,Political violence,Violence against civilians,Attack,484,North America,Mexico,Guanajuato,Celaya,Celaya,20.5215,-100.814,Zona Franca,"On 12 November 2024, in Celaya, Guanajuato, according to witnesses, an armed man shot and killed a man in a mall. The perpetrator ran away with his accomplice on a motorcycle. Also in Celaya, two armed men entered a house and killed a man in Colonia Ejidal. In a third attack in Celaya, at least two armed individuals who arrived on a motorcycle shot and killed a man in colonia Arboledas de San Rafael. A woman was also injured. 3 fatalities.",3,MX11007,Celaya,2024-12-16,2025-12-16
MEX95438,2024-11-13,2024,Political violence,Violence against civilians,Attack,484,North America,Mexico,Guanajuato,Celaya,Celaya,20.5215,-100.814,La Silla Rota,"On 13 November 2024, in Celaya, Guanajuato, two armed men shot and killed a couple in front of their 5-year-old daughter in Colonia La Alameda. 2 fatalities.",2,MX11007,Celaya,2024-12-16,2025-12-16
MEX95440,2024-11-10,2024,Political violence,Violence against civilians,Attack,484,North America,Mexico,Guanajuato,Leon,Capellania de Loera,21.0382,-101.5961,Zona Franca,"On 10 November 2024, in Capellania de Loera, Guanajuato, four armed men on a vehicle shot at a van on km. 5 of Maxipista Leon-Aguascalientes, killing a woman and injuring six other people, including two minors (drive-by). The victims are members of the same family. 1 fatality, 6 injured.",1,MX11020,León,2024-12-16,2025-12-16
MEX95449,2024-11-08,2024,Political violence,Violence against civilians,Attack,484,North America,Mexico,Guanajuato,Romita,El Jaguey,20.9148,-101.6339,Zona Franca,"Around 8 November 2024 (as reported), in El Jaguey, Guanajuato, a man was killed and his body was found semi-buried and with tape around one of the hands, between the communities of Barretos and Nuevo Lindero. 1 fatality.",1,MX11026,Romita,2024-12-16,2025-12-16
MEX95463,2024-10-27,2024,Political violence,Violence against civilians,Abduction/forced disappearance,484,North America,Mexico,Guerrero,Chilpancingo de los Bravo,Chilpancingo de los Bravo,17.5516,-99.5011,La Silla Rota,"On 27 October 2024, in Chilpancingo de los Bravo, Guerrero, a merchant was kidnapped by members of Los Ardillos gang from Petaquillas. He later was released and made a declaration to the authorities, where he accused a politician and the gang of being involved in the killing of the recent elected mayor (coded separately). The merchant was later killed and his body was found on 6 November (coded separately).",0,MX12029,Chilpancingo de los Bravo,2024-12-16,2025-12-16
MEX95464,2024-11-06,2024,Political violence,Violence against civilians,Attack,484,North America,Mexico,Guerrero,Chilpancingo de los Bravo,Chilpancingo de los Bravo,17.5516,-99.5011,La Silla Rota,"Around 6 November 2024 (as reported), in Chilpancingo de los Bravo, Guerrero, a merchant was killed by members of Los Ardillos gang and his body was found. The victim had been previously abducted by this gang and during his captivity heard information about the involvement of the gang in the killing of the elected mayor (coded separately). After having shared the information he heard with the police, he was killed. 1 fatality.",1,MX12029,Chilpancingo de los Bravo,2024-12-16,2025-12-16
MEX95465,2024-11-08,2024,Political violence,Violence against civilians,Attack,484,North America,Mexico,Guerrero,Chilpancingo de los Bravo,Chilpancingo de los Bravo,17.5516,-99.5011,El Sol de Acapulco,"Around 8 November 2024 (as reported), in Chilpancingo de los Bravo, Guerrero, a man was killed and his body was found with gunshot wounds in the head in Colonia Jardines de Zinnia. The victim was a former bodyguard for public servants, a former ministerial federal police officer, and current leader of 'La Basura Jefa', an association of over 200 particular garbage collectors. 1 fatality.",1,MX12029,Chilpancingo de los Bravo,2024-12-16,2025-12-16
MEX95474,2024-11-12,2024,Political violence,Violence against civilians,Attack,484,North America,Mexico,Guerrero,Coyuca de Benitez,El Cayaco,17.0472,-100.2682,El Sol de Acapulco,"On 12 November 2024, in El Cayaco, Guerrero, armed individuals in a vehicle shot and killed a woman in a drive-by shooting on the Acapulco-Pinotepa Nacional. The woman was driving and crashed after being shot at. 1 fatality.",1,MX12021,Coyuca de Benítez,2024-12-16,2025-12-16
MEX95475,2024-11-14,2024,Political violence,Violence against civilians,Attack,484,North America,Mexico,Guerrero,Iguala de la Independencia,Iguala de la Independencia,18.3445,-99.5384,El Sol de Acapulco,"Around 14 November 2024 (as reported), in Iguala de la Independencia, Guerrero, a man was killed and his body was found with his hands tied in Colonia Insurgentes in the center of the city. 1 fatality.",1,MX12035,Iguala de la Independencia,2024-12-16,2025-12-16
MEX95483,2024-11-13,2024,Political violence,Violence against civilians,Attack,484,North America,Mexico,Hidalgo,Tulancingo de Bravo,Tulancingo,20.0806,-98.3681,Milenio,"Around 13 November 2024 (as reported), in Tulancingo, Hidalgo, two people were killed and their bodies were found burned in an empty lot in colonia Ahuehuetitla. 2 fatalities.",2,MX13077,Tulancingo de Bravo,2024-12-16,2025-12-16
MEX95489,2024-11-15,2024,Political violence,Violence against civilians,Attack,484,North America,Mexico,Jalisco,Lagos de Moreno,Lagos de Moreno,21.3564,-101.9292,El Norte,"Around 15 November 2024 (as reported), in Lagos de Moreno, Jalisco, a man and a woman were attacked and their bodies were found alive with signs of torture and letters scratched into their bodies forming the word 'chapulin' (people linked to gangs who switch sides). 2 injuries.",0,MX14053,Lagos de Moreno,2024-12-16,2025-12-16
MEX95490,2024-11-09,2024,Political violence,Violence against civilians,Attack,484,North America,Mexico,Jalisco,San Pedro Tlaquepaque,Tlaquepaque,20.6386,-103.3072,Mural,"Around 9 November 2024 (as reported), in Tlaquepaque, Jalisco, a man was killed and his body was found wrapped in plastic bags on Agua Dulce street, in Colonia Loma Linda. 1 fatality.",1,MX14098,San Pedro Tlaquepaque,2024-12-16,2025-12-16
MEX95493,2024-11-12,2024,Political violence,Battles,Armed clash,484,North America,Mexico,Jalisco,Teocaltiche,Mechoacanejo,21.5404,-102.5959,El Universal (Mexico); La Verdad,"On 12 November 2024, in Mechoacanejo, Jalisco, a commando of the Jalisco New Generation Cartel (CJNG) broke into the community and clashed with armed residents who tried to stop their entrance. This event was part of other events involving the CJNG in the municipality (coded separately). The CJNG also blocked the roads with vehicles and set them on fire to set a (narco) roadblock. Casualties unknown.",0,MX14091,Teocaltiche,2024-12-16,2025-12-16
MEX95494,2024-11-08,2024,Political violence,Violence against civilians,Attack,484,North America,Mexico,Jalisco,Tlajomulco de Zuniga,Tlajomulco de Zuniga,20.4736,-103.4431,Mural,"Around 8 November 2024 (as reported), in Tlajomulco de Zuniga, Jalisco, a man was killed and his body was found with stab wounds and the hands tied on a path near the intersection of Villa Lisboa and Villa Oporto streets, in Fraccionamiento Villa Fontana Aqua. 1 fatality.",1,MX14097,Tlajomulco de Zúñiga,2024-12-16,2025-12-16
MEX95495,2024-11-12,2024,Political violence,Violence against civilians,Attack,484,North America,Mexico,Jalisco,Tlajomulco de Zuniga,Tlajomulco de Zuniga,20.4736,-103.4431,Milenio,"Around 12 November 2024 (as reported), in Tlajomulco de Zuniga, Jalisco, a man was killed and the body was found inside a mattress in fraccionamiento Canadas del Bosque. 1 fatality.",1,MX14097,Tlajomulco de Zúñiga,2024-12-16,2025-12-16
MEX95498,2024-11-09,2024,Political violence,Violence against civilians,Attack,484,North America,Mexico,Jalisco,Zapopan,Zapopan,20.7206,-103.3883,Mural,"On 9 November 2024, in Zapopan, Jalisco, armed individuals on motorbikes shot and injured two people (a man and a woman) on 2 street, in Lomas del Vergel (drive-by). 2 injured.",0,MX14120,Zapopan,2024-12-16,2025-12-16
MEX95501,2024-11-14,2024,Political violence,Violence against civilians,Attack,484,North America,Mexico,México,Chalco,Santa Catarina Ayotzingo,19.208,-98.9291,El Norte; La Jornada,"On 14 November 2024, near Santa Catarina Ayotzingo, Mexico, several armed individuals in a vehicle chased three men traveling in another vehicle between Santa Catarina Ayotzingo and San Pablo and opened fire at them (drive-by). All three were killed as a result. 3 fatalities.",3,MX15025,Chalco,2024-12-16,2025-12-16
MEX95502,2024-11-11,2024,Political violence,Violence against civilians,Attack,484,North America,Mexico,México,Chicoloapan,Chicoloapan de Juarez,19.4168,-98.902,La Jornada,"On 11 November 2024, in Chicoloapan de Juarez, Mexico, a young man was shot and injured by four armed young men in street Real de Aguascalientes Unidad Habitacional Ara 3.",0,MX15029,Chicoloapan,2024-12-16,2025-12-16
MEX95506,2024-11-14,2024,Political violence,Battles,Armed clash,484,North America,Mexico,México,Cuautitlan Izcalli,Cuautitlan Izcalli,19.657,-99.2093,La Jornada,"On 14 November 2024, in Cuautitlan Izcalli, Mexico, armed men traveling in a vehicle opened fire at a security guard who was escorting a cargo unit (drive-by). The security guard died as a result and the driver of the cargo truck escaped the scene. 1 fatality.",1,MX15121,Cuautitlán Izcalli,2024-12-16,2025-12-16
MEX95514,2024-11-11,2024,Political violence,Violence against civilians,Attack,484,North America,Mexico,Michoacán,Alvaro Obregon,Alvaro Obregon,19.8263,-101.0385,La Voz de Michoacan,"Around 11 November 2024 (as reported), in Alvaro Obregon, Michoacan de Ocampo, two people (a man and a woman) were killed and their bodies were found with gunshot wounds and wrapped in blankets in a field next to Ramal El Venado path and a bridge on Morelia-Aeropuerto highway. 2 fatalities.",2,MX16003,Álvaro Obregón,2024-12-16,2025-12-16
MEX95522,2024-11-10,2024,Political violence,Violence against civilians,Attack,484,North America,Mexico,Michoacán,Zamora,Zamora de Hidalgo,19.9836,-102.286,La Voz de Michoacan,"On 10 November 2024, in Zamora de Hidalgo, Michoacan de Ocampo, armed individual(s) shot and killed an off-duty traffic municipal police officer who was driving a motorcycle on Paseo de Altamira avenue, in Fraccionamiento Altamira. The victim's son was on the vehicle and was injured. 1 fatality, 1 injured.",1,MX16108,Zamora,2024-12-16,2025-12-16
MEX95525,2024-11-09,2024,Political violence,Violence against civilians,Attack,484,North America,Mexico,Morelos,Cuautla,Cuautla,18.8128,-98.9553,Diario de Morelos; Reforma,"On 9 November 2024, in Cuautla, Morelos, according to witnesses, over ten hooded armed men entered a house on Matamoros street, in Colonia Miguel Hidalgo, and shot at people that were celebrating a baptism, injuring at least three. A version indicate that the perpetrators beat and robbed some of the victims. The perpetrators fled in two vehicles. 3 injured.",0,MX17006,Cuautla,2024-12-16,2025-12-16
MEX95527,2024-11-10,2024,Political violence,Violence against civilians,Attack,484,North America,Mexico,Morelos,Cuernavaca,Cuernavaca,18.9218,-99.2349,Diario de Morelos,"On 10 November 2024, in Cuernavaca, Morelos, according to security cameras recordings, armed individuals on a motorbike shot at a vehicle on Castillo de Chapultepec avenue, injuring two men (drive-by). 2 injured.",0,MX17007,Cuernavaca,2024-12-16,2025-12-16
MEX95530,2024-11-14,2024,Political violence,Violence against civilians,Attack,484,North America,Mexico,Morelos,Emiliano Zapata,Tetecalita,18.7682,-99.1775,Diario de Morelos,"Around 14 November 2024 (as reported), in Tetecalita, Morelos, a man was killed and his body was found dismembered on a dirt road in the El Salto area. 1 fatality.",1,MX17008,Emiliano Zapata,2024-12-16,2025-12-16
MEX95533,2024-11-12,2024,Political violence,Battles,Armed clash,484,North America,Mexico,Nayarit,Xalisco,Xalisco,21.4437,-104.8997,El Universal (Mexico),"On 12 November 2024, in Xalisco, Nayarit, officers of the investigative police (ministerial police) went to a home in Fraccionamiento Canoas II upon suspicion of the sale of drugs and a man opened fire at them when they were at the drop and a clash ensued. One police officer was injured as a result and the suspected drug dealer escaped. 1 injury.",0,MX18008,Xalisco,2024-12-16,2025-12-16
MEX95534,2024-11-13,2024,Political violence,Battles,Armed clash,484,North America,Mexico,Nayarit,Xalisco,Xalisco,21.4437,-104.8997,El Universal (Mexico),"On 13 November 2024, I Xalisco, Mexico, ministerial police officers supporter by officers from different state departments went to a home upon suspecting the presence of an armed man who shot two police officers the day before (coded separately). The man who was a suspected drug dealer shot at the police officers who repelled the aggression and killed him. 1 fatality.",1,MX18008,Xalisco,2024-12-16,2025-12-16
MEX95538,2024-11-12,2024,Political violence,Violence against civilians,Attack,484,North America,Mexico,Nuevo León,Cienega de Flores,Cienega de Flores,25.9521,-100.1681,Milenio,"On 12 November 2024, in Cienega de Flores, Nuevo Leon, several armed men shot and injured a man in Colonia Paseos del Roble. The event could be related to drug dealing as drugs were found by the side of the crime scene.",0,MX19012,Ciénega de Flores,2024-12-16,2025-12-16
MEX95539,2024-11-11,2024,Political violence,Violence against civilians,Attack,484,North America,Mexico,Nuevo León,El Carmen,Carmen,25.9322,-100.3641,Milenio,"Around 11 November 2024 (between 10 - 13 November), in Carmen, Nuevo Leon, a couple was killed and their bodies were found on 13 November in a house in fraccionamiento Antares wrapped in plastic bags. Both victims were reported missing on 10 November. 2 fatalities.",2,MX19010,El Carmen,2024-12-16,2025-12-16
MEX95544,2024-11-15,2024,Political violence,Violence against civilians,Attack,484,North America,Mexico,Nuevo León,General Escobedo,Ciudad General Escobedo,25.808,-100.3226,Milenio,"On 15 November 2024, in Ciudad General Escobedo, Nuevo Leon, armed individuals opened fire from a vehicle and shot and injured a man in Colonia Infonavit Monterreal (drive-by). 1 injury.",0,MX19021,General Escobedo,2024-12-16,2025-12-16
MEX95545,2024-11-09,2024,Political violence,Battles,Armed clash,484,North America,Mexico,Nuevo León,General Teran,San Pedro,25.2755,-99.6417,La Verdad; Milenio,"On 9 November 2024, in San Pedro, Nuevo Leon, municipal police officers and armed individuals clashed on the road to the village of Santa Ana Nuevo. Three armed individuals died and an officer was injured. Three women were also collaterally injured. Officers seized several fireweapons and four vehicles. 3 fatalities, 4 injured.",3,MX19022,General Terán,2024-12-16,2025-12-16
MEX95550,2024-11-15,2024,Political violence,Battles,Armed clash,484,North America,Mexico,Nuevo León,Linares,Linares,24.8597,-99.5679,La Silla Rota,"On 15 November 2024, in Linares, Nuevo Leon, armed individuals opened fire at municipal police officers in Colonia La Petaca and Los Naranjos. One woman died as a result and one woman and two police officers were injured. 1 fatality, 3 injuries.",1,MX19033,Linares,2024-12-16,2025-12-16
MEX95557,2024-11-14,2024,Political violence,Violence against civilians,Attack,484,North America,Mexico,Nuevo León,San Nicolas de los Garza,San Nicolas de los Garza,25.7553,-100.2896,El Norte,"On 14 November 2024, in San Nicolas de los Garza, Nuevo Leon, armed individuals opened fire from a car in Colonia Constituyentes de Queretaro and shot and injured two men (drive-by). 2 injuries.",0,MX19046,San Nicolás de los Garza,2024-12-16,2025-12-16
MEX95558,2024-11-09,2024,Political violence,Violence against civilians,Attack,484,North America,Mexico,Oaxaca,Heroica Ciudad de Juchitan de Zaragoza,Juchitan de Zaragoza,16.4333,-95.0216,Quadratin Oaxaca,"Around 9 November 2024 (as reported), in Juchitan de Zaragoza, Oaxaca, a man was killed and his body was found with the hands tied. The victim suspectedly is a man who was abducted during an attack on 8 November 2024, in which another person was killed (unclear circumstances). 1 fatality.",1,MX20043,Heroica Ciudad de Juchitán de Zaragoza,2024-12-16,2025-12-16
MEX95562,2024-11-11,2024,Political violence,Violence against civilians,Attack,484,North America,Mexico,Oaxaca,Putla Villa de Guerrero,Putla Villa de Guerrero,17.0262,-97.9282,El Siglo de Durango; La Jornada; Quadratin Oaxaca,"On 11 November 2024, in Putla Villa de Guerrero, Oaxaca, a member of the Movement of Triqui Unification and Struggle (MULT) from the Mixtec Indigenous Group was killed by unidentified armed individuals. Representatives of the MULT condemned the attack and denounced the targeted attacks against members of this community, including the killing of two activist sisters (coded separately). 1 fatality.",1,MX20073,Putla Villa de Guerrero,2024-12-16,2025-12-16
MEX95563,2024-11-12,2024,Political violence,Violence against civilians,Attack,484,North America,Mexico,Oaxaca,San Juan Bautista Tuxtepec,San Juan Bautista Tuxtepec,18.0812,-96.1185,Quadratin Oaxaca,"Around 12 November 2024 (as reported), in San Juan Bautista Tuxtepec, Oaxaca, a man was killed and the body was found inside a barrel with his hands tied up and signs to be burned with acid. 1 fatality.",1,MX20184,San Juan Bautista Tuxtepec,2024-12-16,2025-12-16
MEX95564,2024-11-09,2024,Political violence,Violence against civilians,Attack,484,North America,Mexico,Oaxaca,San Lorenzo Cacaotepec,San Lorenzo Cacaotepec,17.1278,-96.8017,Quadratin Oaxaca,"Around 9 November 2024 (as reported), in San Lorenzo Cacaotepec, Oaxaca, a person was killed and the body was found inside a plastic bag. 1 fatality.",1,MX20227,San Lorenzo Cacaotepec,2024-12-16,2025-12-16
MEX95567,2024-11-10,2024,Political violence,Violence against civilians,Attack,484,North America,Mexico,Puebla,Chiautla,Ciudad de Chiautla de Tapia,18.2997,-98.6028,E-Consulta; Milenio,"On 10 November 2024, in Ciudad de Chiautla de Tapia, Puebla, several armed individuals on a vehicle shot and killed a man near a bridge in San Miguel neighborhood (drive-by). The victim was the brother of a PAN candidate for the municipal presidency who was abducted, tortured, and killed on 13 July 2023 (coded separately). Their father was also killed on 6 May 2024 (coded separately). 1 fatality.",1,MX21047,Chiautla,2024-12-16,2025-12-16
MEX95574,2024-11-10,2024,Political violence,Battles,Armed clash,484,North America,Mexico,Puebla,Puebla,Heroica Puebla de Zaragoza,19.044,-98.1975,Milenio,"On 10 November 2024, in Heroica Puebla de Zaragoza, Puebla, state and municipal police officers chased and clashed with armed individuals along Periferico Ecologico area. The armed individuals crashed their vehicle and were arrested. There were no casualties.",0,MX21114,Puebla,2024-12-16,2025-12-16
MEX95575,2024-11-11,2024,Political violence,Violence against civilians,Attack,484,North America,Mexico,Puebla,Puebla,Heroica Puebla de Zaragoza,19.044,-98.1975,E-Consulta,"On 11 November 2024, in Heroica Puebla de Zaragoza, Puebla, according to the witness victim's partner, armed individuals on a vehicle shot and killed a man who was driving a van on Valsequillo boulevard, by the entry to Fraccionamiento Santo Tomas 4 (drive-by). 1 fatality.",1,MX21114,Puebla,2024-12-16,2025-12-16
MEX95576,2024-11-12,2024,Political violence,Violence against civilians,Attack,484,North America,Mexico,Puebla,Puebla,Heroica Puebla de Zaragoza,19.044,-98.1975,E-Consulta,"On 12 November 2024, in Heroica Puebla de Zaragoza, Puebla, eight armed men shot at a couple who were driving a vehicle. A man was injured and taken to the hospital. He died due to the injuries. 1 fatality.",1,MX21114,Puebla,2024-12-16,2025-12-16
MEX95579,2024-11-13,2024,Political violence,Violence against civilians,Attack,484,North America,Mexico,Puebla,Puebla,Santa Maria Xonacatepec,19.0873,-98.1036,Milenio,"Around 13 November 2024 (as reported), in Santa Maria Xonacatepec, Puebla, a person was killed and the body was found wrapped in a plastic inside a ravine near La Resurreccion. 1 fatality.",1,MX21114,Puebla,2024-12-16,2025-12-16
MEX95580,2024-11-11,2024,Political violence,Violence against civilians,Attack,484,North America,Mexico,Puebla,Tehuacan,Tehuacan,18.4622,-97.392,E-Consulta; Milenio,"On 11 November 2024, in Tehuacan, Puebla, according to witnesses, two armed individuals on a motorbike shot and killed an employee of the Tehuacan Drinking Water and Sewage Service Operating Agency (Oosapat) who was inspecting a well between Tonala and 19 Poniente streets and Arenas avenue in Fraccionamiento Xochipilli, in front of a municipal pantheon (drive-by). 1 fatality.",1,MX21156,Tehuacán,2024-12-16,2025-12-16
MEX95584,2024-11-09,2024,Political violence,Violence against civilians,Attack,484,North America,Mexico,Puebla,Tochtepec,Tochtepec,18.8393,-97.8228,E-Consulta,"On 9 November 2024, in Tochtepec, Puebla, armed individuals in a van shot at a vehicle on La Colorada-Tepexi de Rodriguez state road, between San Lorenzo Ometepec and Santa Ana Coapan, killing a man and injuring two others (drive-by). 1 fatality, 2 injured.",1,MX21189,Tochtepec,2024-12-16,2025-12-16
MEX95593,2024-11-09,2024,Political violence,Violence against civilians,Attack,484,North America,Mexico,Sinaloa,Angostura,Leopoldo Sanchez Celis,25.1254,-108.0138,El Sol de Sinaloa,"Around 9 November 2024 (as reported), in Leopoldo Sanchez Celis, Sinaloa, a man was killed and his body was found with signs of torture on a side of the road that connects Eldorado and Culiacan. 1 fatality.",1,MX25002,Angostura,2024-12-16,2025-12-16
MEX95594,2024-11-10,2024,Political violence,Violence against civilians,Abduction/forced disappearance,484,North America,Mexico,Sinaloa,Angostura,Leopoldo Sanchez Celis,25.1254,-108.0138,Riodoce,"Around 10 November 2024 (as reported), in Leopoldo Sanchez Celis, Sinaloa, several armed individuals shot (likely into the air) and entered a house, where they abducted three members of a family (the father, the mother, and their son). The victims' whereabouts are unknown.",0,MX25002,Angostura,2024-12-16,2025-12-16
MEX95596,2024-11-13,2024,Political violence,Violence against civilians,Attack,484,North America,Mexico,Sinaloa,Concordia,El Palmito,23.5633,-105.8374,El Siglo de Durango; Noroeste,"On 13 November 2024, in El Palmito, Sinaloa, a group of armed men beat up with wooden boards (tableados) two workers of a funeral home on their way from Durango to Sinaloa to pick up a body. The victims were left injured. According to local sources, the perpetrators might have also kidnapped two relatives of the death person they were going to pick up. However, this was not confirmed. The victim's whereabouts are unknown.",0,MX25004,Concordia,2024-12-16,2025-12-16
MEX95625,2024-11-13,2024,Political violence,Violence against civilians,Attack,484,North America,Mexico,Sinaloa,Culiacan,Laguna de Canachi,24.1361,-107.0999,AFN - Tijuana; El Siglo de Durango; El Sol de Sinaloa; La Jornada; La Silla Rota; Riodoce,"Around 13 November 2024 (as reported), in Laguna de Canachi, Sinaloa, seven people were killed and their bodies were found dismembered and with two messages signed by Los Chapos threatening anyone who passed on information. The bodies were found on the Mazatlan-Culiacan highway around km 116. At least one of the bodies were beheaded. The victims were relatives and have been reported kidnapped days before by an armed group. 7 fatalities.",7,MX25006,Culiacán,2024-12-16,2025-12-16
MEX95626,2024-11-15,2024,Political violence,Violence against civilians,Attack,484,North America,Mexico,Sinaloa,Culiacan,Laguna de Canachi,24.1361,-107.0999,El Sol de Sinaloa,"Around 15 November 2024 (as reported), in Laguna de Canachi, Sinaloa a man was killed and his body was found with signs of torture on the side of the Mazatlan-Culiacan highway at KM 116. 1 fatality.",1,MX25006,Culiacán,2024-12-16,2025-12-16
MEX95632,2024-11-14,2024,Political violence,Battles,Armed clash,484,North America,Mexico,Sinaloa,Guasave,San Rafael,25.4926,-108.3021,El Sol de Sinaloa,"On 14 November 2024, close to San Rafael, Sinaloa, armed individuals attacked military officers close to the military base El Sauz. One armed individual was injured as a result. 1 injury.",0,MX25011,Guasave,2024-12-16,2025-12-16
MEX95639,2024-11-09,2024,Political violence,Violence against civilians,Attack,484,North America,Mexico,Sonora,Cajeme,Ciudad Obregon,27.4965,-109.9327,Entorno Informativo,"On 9 November 2024, in Ciudad Obregon, Sonora, armed individuals on a vehicle shot and injured a man that was driving on Pascual Orozco and Benjamin Hill streets, in Colonia Cajeme (drive-by). The victim is a prison guard of the Social Reinsertion Center (Cereso) (likely off-duty). 1 injured.",0,MX26018,Cajeme,2024-12-16,2025-12-16
MEX95644,2024-11-13,2024,Political violence,Violence against civilians,Attack,484,North America,Mexico,Tabasco,Cardenas,Cardenas,17.9894,-93.3769,Tabasco Hoy,"On 13 November 2024, in Cardenas, Tabasco, according to relatives, armed men entered a house and killed a woman in Colonia El Bajio. The woman was a local healer. 1 fatality",1,MX27002,Cárdenas,2024-12-16,2025-12-16
MEX95645,2024-11-14,2024,Political violence,Battles,Armed clash,484,North America,Mexico,Tabasco,Centro,Gonzalez 3era. Seccion,17.9786,-93.078,La Prensa de Monclova; Tabasco Hoy,"On 14 November 2024, in Gonzalez 3era. Seccion, Tabasco, several armed individuals got out of a car and attacked elements of the investigative police (ministerial police) at a gas station injuring two officers. 2 injuries.",0,MX27004,Centro,2024-12-16,2025-12-16
MEX95649,2024-11-11,2024,Political violence,Violence against civilians,Attack,484,North America,Mexico,Tabasco,Centro,Tamulte de las Sabanas,18.1591,-92.7835,El Norte; La Silla Rota,"On 11 November 2024, near Tamulte de las Sabanas, Tabasco, according to videos published on social media, armed individuals on motorbikes shot at a vehicle on Villahermosa-Frontera road (drive-by), killing a person and injuring another. This event is likely linked to the (narco) roadblocks that unidentified individuals set with burning vehicles and 'ponchallantas' (objects to puncture tires) on the same road and other parts of Villahermosa and Centro municipality the same day. 1 fatality, 1 injured.",1,MX27004,Centro,2024-12-16,2025-12-16
MEX95651,2024-11-09,2024,Political violence,Violence against civilians,Attack,484,North America,Mexico,Tabasco,Centro,Villahermosa,17.9878,-92.9194,La Silla Rota; La Verdad,"Around 9 November 2024 (as reported), in Villahermosa, Tabasco, a man was killed and his body was found inside a car parked in front of CRESET prison, on 180 Villahermosa-Frontera federal road, in Ciudad Industrial. There was also a cardboard with an unspecified threatening message signed by the Jalisco New Generation Cartel (CJNG) against 'La Barredora' criminal group, the director of the prison, and an individual named 'Ulises'. The victim was a prison guard who had been abducted on an unspecified date together with two other guards, whose whereabouts are unknown. 1 fatality.",1,MX27004,Centro,2024-12-16,2025-12-16
MEX95652,2024-11-09,2024,Political violence,Violence against civilians,Attack,484,North America,Mexico,Tabasco,Centro,Villahermosa,17.9878,-92.9194,La Silla Rota,"On 9 November 2024, in Villahermosa, Tabasco, two armed individuals shot and killed two workers of a windshield store on Emiliano Zapata street, between Ruiz Cortines and Ninos Heroes avenues, in Colonia Atasta. 2 fatalities.",2,MX27004,Centro,2024-12-16,2025-12-16
MEX95660,2024-11-14,2024,Political violence,Explosions/Remote violence,Air/drone strike,484,North America,Mexico,Tamaulipas,Rio Bravo,Los Alacranes,26.0524,-98.1406,El Norte; Hoy Tamaulipas,"On 14 November 2024, in Los Alacranes, Tamaulipas, armed individuals aboard several vehicles used drones charged with explosives to attack state police officers on patrol in the border region with the US. Three state police officers were injured. 3 injuries.",0,MX28033,Río Bravo,2024-12-16,2025-12-16
MEX95661,2024-11-13,2024,Political violence,Battles,Armed clash,484,North America,Mexico,Tamaulipas,San Fernando,Gonzalez Villarreal,25.3948,-97.9842,Milenio,"On 13 November 2024, in Gonzalez Villarreal, Tamaulipas, armed individuals attacked state police officers with drones charged with explosives. The officers repelled the aggression and killed two men while an officer was injured. Officers arrested two armed individuals and seized weapons and two vehicles. 2 fatalities.",2,MX28035,San Fernando,2024-12-16,2025-12-16
MEX95662,2024-11-09,2024,Political violence,Battles,Armed clash,484,North America,Mexico,Tamaulipas,San Fernando,Las Escobas,24.9775,-98.3219,Hoy Tamaulipas,"Around 9 November 2024 (as reported), in Las Escobas, Tamaulipas, officers of the Special Group of Immediate Force of Tamaulipas clashed with armed individuals. Four armed individuals died, and officers seized fireweapons and a van with logos of an unspecified criminal group on it. 4 fatalities.",4,MX28035,San Fernando,2024-12-16,2025-12-16
MEX95672,2024-11-10,2024,Political violence,Violence against civilians,Attack,484,North America,Mexico,Veracruz de Ignacio de la Llave,Espinal,Entabladero,20.2759,-97.5509,El Proceso; El Universal (Mexico); Imagen del Golfo; La Silla Rota; Tabasco Hoy,"On 10 November 2024, in Entabladero, Veracruz de Ignacio de la Llave, according to witnesses, armed individuals shot and killed two underage boys in a park in front of Nuestra Senora de Guadalupe church. The perpetrators fled on a motorcycle. The victims were brothers. 2 fatalities.",2,MX30066,Espinal,2024-12-16,2025-12-16
MEX95675,2024-11-13,2024,Political violence,Violence against civilians,Attack,484,North America,Mexico,Veracruz de Ignacio de la Llave,Ixtaczoquitlan,Ixtaczoquitlan,18.8606,-97.0621,La Silla Rota,"On 13 November 2024, in Ixtaczoquitlan, Veracruz, armed individuals intercepted a man in a drive-by shooting and killed him while driving on Boulevard Fernando Gutierrez Barrios. 1 fatality.",1,MX30085,Ixtaczoquitlán,2024-12-16,2025-12-16
MEX95680,2024-11-10,2024,Political violence,Battles,Armed clash,484,North America,Mexico,Veracruz de Ignacio de la Llave,Tuxpan,Tuxpan,20.9518,-97.4045,Imagen del Golfo,"Around 10 November 2024 (as reported), in Tuxpan, Veracruz de Ignacio de la Llave, municipal, state and National Guard police officers and armed individuals clashed along Mexico-Tuxpan highway. Casualties unknown.",0,nan,,2024-12-16,2025-12-16
MEX95688,2024-11-14,2024,Political violence,Violence against civilians,Attack,484,North America,Mexico,Zacatecas,Pinos,El Rayo,21.9812,-101.6107,Pagina 24 Zacatecas,"Around 14 November 2024 (as reported), in El Rayo, Zacatecas, a man was killed and his body was found with signs of torture. 1 fatality.",1,MX32038,Pinos,2024-12-16,2025-12-16
MEX95689,2024-11-11,2024,Political violence,Violence against civilians,Attack,484,North America,Mexico,Zacatecas,Tepetongo,Viboras,22.4153,-103.1731,El Universal (Mexico),"Around 11 November 2024 (as reported), in Viboras, Zacatecas, a man was killed and his mutilated body was found. Authorities found an undetonated explosive device nearby, and a version suggests that the victim may have been killed by an explosion. 1 fatality.",1,MX32046,Tepetongo,2024-12-16,2025-12-16
MEX95505,2024-11-10,2024,Political violence,Battles,Armed clash,484,North America,Mexico,México,Cuautitlan Izcalli,Cuautitlan Izcalli,19.657,-99.2093,24 Horas (Mexico); AFP; Colima Noticias; El Norte; El Proceso; El Siglo de Durango; La Jornada; La Silla Rota; La Verdad; Milenio; Quadratin Oaxaca; Riodoce; Tabasco Hoy; Yucatan a la Mano; Zeta Tijuana; Zona Franca,"On 10 November 2024, in Cuautitlan Izcalli, Mexico, according to witnesses, several armed individuals shot at people and employees inside Bling Bling bar, on Jose Maria Morelos avenue, in Colonia San Francisco Tepojaco, killing six men (including a minor) and injuring between five and seven. The attack suspectedly targeted two men linked to the Jalisco New Generation Cartel (CJNG) that were at the bar who had recently abandoned the group and joined another gang. It is unknown whether these men are among the victims. Other sources claim that the attack is linked to the conflict between La Familia Michoacan and the CJNG. At least ten people were arrested. 6 fatalities, between 5 and 7 injured.",6,MX15121,Cuautitlán Izcalli,2024-12-16,2025-12-16
MEX95099,2024-11-02,2024,Political violence,Battles,Armed clash,484,North America,Mexico,Oaxaca,Oaxaca de Juarez,Oaxaca de Juarez,17.06,-96.7255,Milenio; Quadratin Oaxaca,"On 2 November 2024, in Oaxaca de Juarez, Oaxaca, groups of armed individuals clashed in a pantheon (cemetery) in San Martin Mexicapan. A person was injured. The individuals used stones, knives and firearms. It is suspected that the clash began when one of the groups tried to enter the cemetery and was prevented from doing so by an opposing group. Later, seven people were arrested for this event. According to the authorities, this event is related to criminal gangs in the area that are related to drug dealing. 1 injured.",0,MX20067,Oaxaca de Juárez,2024-12-16,2025-12-16
MEX95578,2024-11-14,2024,Political violence,Violence against civilians,Attack,484,North America,Mexico,Puebla,Puebla,Heroica Puebla de Zaragoza,19.044,-98.1975,E-Consulta,"On 14 November 2024, in Heroica Puebla de Zaragoza, Puebla, two armed men shot at an off-duty state police that was refueling on 14 Oriente street, in Colonia La Providencia (an alternative version indicates that the attack took place in Colonia America Norte). The victim is the former director of Special Operations of the Secretariat of Public Safety. He was injured and transported to the hospital. 1 injury.",0,MX21114,Puebla,2024-12-16,2025-12-16
MEX92959,2024-09-18,2024,Political violence,Violence against civilians,Attack,484,North America,Mexico,Durango,Durango,Victoria de Durango,24.024,-104.6702,El Siglo de Durango,"On 18 September 2024, in Victoria de Durango, Durango, at least two armed men broke into a house and shot and killed a man in Colonia Cerro de la Campana. 1 fatality.",1,MX10005,Durango,2024-12-16,2025-12-16
MEX95085,2024-11-02,2024,Political violence,Violence against civilians,Attack,484,North America,Mexico,Durango,Durango,Victoria de Durango,24.024,-104.6702,El Siglo de Durango,"On 2 November 2024, in Victoria de Durango, Durango, according to relatives, a group of young men attacked a 17-year-old woman after at least one of the perpetrators shot and injured her in Colonia Morga. 1 injured.",0,MX10005,Durango,2024-12-16,2025-12-16
MEX95433,2024-11-15,2024,Political violence,Violence against civilians,Attack,484,North America,Mexico,Durango,Durango,Victoria de Durango,24.024,-104.6702,El Siglo de Durango,"Around 15 November 2024 (as reported), close to Victoria de Durango, Durango, a man was killed and his body was found with gunshot wounds and signs of torture on the side of the Durango-Gomez Palacio highway with a message next to the body. 1 fatality.",1,MX10005,Durango,2024-12-16,2025-12-16
MEX95694,2024-11-01,2024,Political violence,Violence against civilians,Attack,484,North America,Mexico,Baja California,Tijuana,Tijuana,32.5325,-117.019,Zeta Tijuana,"Around 1 November 2024 (as reported), in Tijuana, Baja California, an underage boy was killed and his body was found beheaded and mutilated inside a baby stroller on Nicolas Bravo y Sauce street, in Colonia Mariano Matamoros Norte. The body had a threatening message stabbed in a leg with a knife. It is suspected that the victim is a 14-years old boy who disappeared on 31 October 2024. 1 fatality.",1,MX02004,Tijuana,2024-12-16,2025-12-16
MEX95696,2024-11-15,2024,Political violence,Violence against civilians,Attack,484,North America,Mexico,Baja California,Tijuana,Tijuana,32.5325,-117.019,AFN - Tijuana,"Around 15 November 2024 (as reported), in Tijuana, Baja California, a man was killed and the body was found with his feet and hands tied up and wrapped with a blanket in Colonia Manuel Paredes III. 1 fatality.",1,MX02004,Tijuana,2024-12-16,2025-12-16
MEX95697,2024-11-17,2024,Political violence,Violence against civilians,Attack,484,North America,Mexico,Baja California,Tijuana,Tijuana,32.5325,-117.019,Zeta Tijuana,"On 17 November 2024, in Tijuana, Baja California, two men aboard a vehicle shot and killed a man in Colonia Paseo Santa Maria. 1 fatality.",1,MX02004,Tijuana,2024-12-16,2025-12-16
MEX95698,2024-11-17,2024,Political violence,Violence against civilians,Attack,484,North America,Mexico,Baja California,Tijuana,Tijuana,32.5325,-117.019,Zeta Tijuana,"Around 17 November 2024 (as reported), in Tijuana, Baja California, a man was killed and his body was found burned in Colonia Pino de Aguero. 1 fatality.",1,MX02004,Tijuana,2024-12-16,2025-12-16
MEX95699,2024-11-18,2024,Political violence,Violence against civilians,Attack,484,North America,Mexico,Baja California,Tijuana,Tijuana,32.5325,-117.019,AFN - Tijuana,"Around 18 November 2024 (as reported), in Tijuana, Baja California, a person was killed and the decapitated head was found inside a plastic bag in Colonia Ejido Chilpancingo. 1 fatality.",1,MX02004,Tijuana,2024-12-16,2025-12-16
MEX95700,2024-11-19,2024,Political violence,Violence against civilians,Attack,484,North America,Mexico,Baja California,Tijuana,Tijuana,32.5325,-117.019,Zeta Tijuana,"Around 19 November 2024 (as reported), in Tijuana, Baja California, a woman was killed and her body was found inside a suitcase with her hands and feet tied in Colonia Otay Constituyentes. 1 fatality.",1,MX02004,Tijuana,2024-12-16,2025-12-16
MEX95703,2024-11-22,2024,Political violence,Violence against civilians,Attack,484,North America,Mexico,Baja California,Tijuana,Tijuana,32.5325,-117.019,AFN - Tijuana; Zeta Tijuana,"Around 22 November 2024 (as reported), in Tijuana, Baja California, at least a person was killed and their remains were found inside a bag together with a threatening message written on a cardboard in the intersection of Novena Parma and Sorrento streets, in Colonia Anexa Roma. At least 1 fatality.",1,MX02004,Tijuana,2024-12-16,2025-12-16
MEX95711,2024-11-16,2024,Political violence,Violence against civilians,Attack,484,North America,Mexico,Campeche,Escarcega,Escarcega,18.6065,-90.738,Tribuna Campeche,"On 16 November 2024, in Escarcega, Campeche, according to witnesses, armed individuals in a vehicle shot at a man in a vehicle in a drive-by shooting in colonia 10 de Mayo. The victim was left injured.",0,MX04009,Escárcega,2024-12-16,2025-12-16
MEX95713,2024-11-20,2024,Political violence,Violence against civilians,Attack,484,North America,Mexico,Campeche,Tenabo,Tenabo,20.0406,-90.2254,Tribuna Campeche,"On 20 November 2024, in Tenabo, Campeche, two armed individuals who arrived on a motorcycle opened fire at a man in Colonia Procesador. 1 injury.",0,MX04008,Tenabo,2024-12-16,2025-12-16
MEX95716,2024-11-22,2024,Political violence,Battles,Armed clash,484,North America,Mexico,Chiapas,Mapastepec,Mapastepec,15.4411,-92.8916,El Norte; La Jornada; La Silla Rota; Milenio,"On 22 November 2024, in the municipality of Mapastepec, Chiapas, according to witnesses, rival gangs on vans clashed on Francisco Sarabia avenue and Mapastepec-Ejido Ibarra road. Ten individuals died. 10 fatalities.",10,MX07051,Mapastepec,2024-12-16,2025-12-16
MEX95717,2024-11-17,2024,Political violence,Violence against civilians,Attack,484,North America,Mexico,Chiapas,San Cristobal de las Casas,San Cristobal de las Casas,16.737,-92.6376,Milenio,"On 17 November 2024, in San Cristobal de las Casas, Chiapas, several armed men in a vehicle shot at the people in the central market (drive-by). Four people were injured.",0,MX07078,San Cristóbal de las Casas,2024-12-16,2025-12-16
MEX95722,2024-11-20,2024,Political violence,Battles,Armed clash,484,North America,Mexico,Chiapas,Tuxtla Gutierrez,Tuxtla Gutierrez,16.754,-93.1152,La Silla Rota,"On 20 November 2024, in Tuxtla Gutierrez, Chiapas, armed individuals clashed on Belisario Dominguez boulevard. Two people died, including an underage girl who was a collateral victim. 2 fatalities.",2,MX07101,Tuxtla Gutiérrez,2024-12-16,2025-12-16
MEX95723,2024-11-18,2024,Political violence,Violence against civilians,Attack,484,North America,Mexico,Chihuahua,Chihuahua,Chihuahua,28.6368,-106.0763,Tiempo,"Around 18 November 2024 (as reported), in Chihuahua, Chihuahua, a couple was killed and their bodies were found with signs of torture in fraccionamiento Cerrada Santa Ana. 2 fatalities.",2,MX08019,Chihuahua,2024-12-16,2025-12-16
MEX95726,2024-11-22,2024,Political violence,Violence against civilians,Attack,484,North America,Mexico,Chihuahua,Chihuahua,Chihuahua,28.6368,-106.0763,Tiempo,"Around 22 November 2024 (as reported), in Chihuahua, Chihuahua, a man and a woman were killed by asphyxiation and their bodies were found with gunshot wounds and the hands tied on Romanzza avenue. 2 fatalities.",2,MX08019,Chihuahua,2024-12-16,2025-12-16
MEX95727,2024-11-20,2024,Political violence,Violence against civilians,Attack,484,North America,Mexico,Chihuahua,Cuauhtemoc,Cuauhtemoc,28.4063,-106.866,Tiempo,"On 20 November 2024, in Cuauhtemoc, Chihuahua, according to witnesses, unidentified armed individuals shot at individuals and at the premises of an equestrian center. Several vehicles were set one fire and one person was reported missing.",0,MX08017,Cuauhtémoc,2024-12-16,2025-12-16
MEX95728,2024-11-20,2024,Political violence,Violence against civilians,Attack,484,North America,Mexico,Chihuahua,Cuauhtemoc,Cuauhtemoc,28.4063,-106.866,Tiempo,"Around 20 November 2024 (as reported), in Cuauhtemoc, Chihuahua, a man was killed and his body was found with the 'tiro de gracia' with his hands and feet tied inside a field. 1 fatality.",1,MX08017,Cuauhtémoc,2024-12-16,2025-12-16
MEX95729,2024-11-19,2024,Political violence,Battles,Armed clash,484,North America,Mexico,Chihuahua,Ocampo,Melchor de Ocampo,28.193,-108.3689,El Universal (Mexico); Tiempo,"On 19 November 2024, in Melchor de Ocampo, Chihuahua, an unknown armed individual shot and injured a state police officer while the officers preparate an action to carry out an arrest warrant against the individual. The perpetrator was killed as a result. 1 fatality, 1 injury.",1,MX08051,Ocampo,2024-12-16,2025-12-16
MEX95731,2024-11-20,2024,Political violence,Violence against civilians,Attack,484,North America,Mexico,Ciudad de Mexico,Alvaro Obregon,Ciudad de Mexico - Alvaro Obregon,19.3908,-99.1954,El Norte; Reforma,"On 20 November 2024, in Ciudad de Mexico - Alvaro Obregon, according to witnesses, two men on a motorcycle arrived at Tarango street, in Colonia Las Aguilas, and one of them got off the vehicle and shot and killed a man. 1 fatality.",1,MX09010,Álvaro Obregón,2024-12-16,2025-12-16
MEX95732,2024-11-20,2024,Political violence,Violence against civilians,Attack,484,North America,Mexico,Ciudad de Mexico,Azcapotzalco,Ciudad de Mexico - Azcapotzalco,19.4841,-99.1844,El Norte; Milenio,"On 20 November 2024, in Ciudad de Mexico - Azcapotzalco, at least two individuals on motorcycles intercepted a man driving a motorcycle with his wife and son, shot him and fled the scene (drive-by) in Colonia Tlatilco. The man was recently released from prison. 1 fatality.",1,MX09002,Azcapotzalco,2024-12-16,2025-12-16
MEX95733,2024-11-20,2024,Political violence,Violence against civilians,Attack,484,North America,Mexico,Ciudad de Mexico,Azcapotzalco,Ciudad de Mexico - Azcapotzalco,19.4841,-99.1844,Milenio; Reforma,"On 20 November 2024, in Ciudad de Mexico - Azcapotzalco, according to witnesses, two armed individuals on a vehicle shot and killed a man in front of Universidad Autonoma Metropolitana (UAM) on Eje 5 Norte, in Colonia San Martin Xochinahuac (drive-by). The victim worked as a ticket collector on metrobuses. State police officers arrested three suspects. 1 fatality.",1,MX09002,Azcapotzalco,2024-12-16,2025-12-16
MEX95739,2024-11-18,2024,Political violence,Battles,Armed clash,484,North America,Mexico,Ciudad de Mexico,Cuauhtemoc,Ciudad de Mexico - Cuauhtemoc,19.4313,-99.1531,Milenio,"On 18 November 2024, in Ciudad de Mexico - Cuauhtemoc, suspected drug-dealers attacked state police officers and set a patrol on fire to prevent the arrest of two men. Three people were arrested as a result and police officers seized drug. There were no injuries.",0,MX09015,Cuauhtémoc,2024-12-16,2025-12-16
MEX95745,2024-11-16,2024,Political violence,Violence against civilians,Attack,484,North America,Mexico,Ciudad de Mexico,Iztacalco,Ciudad de Mexico - Iztacalco,19.3959,-99.0976,Milenio,"On 16 November 2024, in Ciudad de Mexico - Iztacalco, armed individuals on a motorcycle shot and killed a man and injured a woman in a drive-by attack in colonia Gabriel Ramos Millan. 1 fatality.",1,MX09006,Iztacalco,2024-12-16,2025-12-16
MEX95746,2024-11-18,2024,Political violence,Battles,Armed clash,484,North America,Mexico,Ciudad de Mexico,Tlalpan,Ciudad de Mexico - Tlalpan,19.2883,-99.1671,24 Horas (Mexico); Milenio,"On 18 November 2024, in Ciudad de Mexico - Tlalpan, two armed individuals shot and killed a man driving his car near Colonia Miguel Hidalgo. The victim was identified as the leader of the criminal group Los Changos dedicated to the sale of drugs. 1 fatality.",1,MX09012,Tlalpan,2024-12-16,2025-12-16
MEX95751,2024-11-17,2024,Political violence,Violence against civilians,Attack,484,North America,Mexico,Colima,Comala,Comala,19.3258,-103.7594,Colima Noticias,"On 17 November 2024, in Comala, Colima, armed individuals arrived in a vehicle shot and killed a man and injured another one in colonia Los Aguajes. 1 fatality.",1,MX06003,Comala,2024-12-16,2025-12-16
MEX95753,2024-11-21,2024,Political violence,Violence against civilians,Attack,484,North America,Mexico,Durango,Durango,Jose Maria Morelos y Pavon,24.0758,-104.6551,El Siglo de Durango,"On 21 November 2024, in Jose Maria Morelos y Pavon, Durango, according to witnesses, two individuals shot and killed a man inside a food delivery business on Constitucion y Morelos street. 1 fatality.",1,MX10005,Durango,2024-12-16,2025-12-16
MEX95757,2024-11-18,2024,Political violence,Violence against civilians,Attack,484,North America,Mexico,Guanajuato,Celaya,Celaya,20.5215,-100.814,Zona Franca,"On 18 November 2024, in Celaya, Guanajuato, two armed individuals approached a man and shot him. The man died as a result. The same day, two men on a motorcycle approached a man in Colonia San Miguel and shot him. The man died as a result. 2 fatalities.",2,MX11007,Celaya,2024-12-16,2025-12-16
MEX95758,2024-11-22,2024,Political violence,Violence against civilians,Attack,484,North America,Mexico,Guanajuato,Celaya,Celaya,20.5215,-100.814,Zona Franca,"Around 22 November 2024 (as reported), in Celaya, Guanajuato, unidentified individual(s) shot and injured a man at a gas station in Colonia Ciudadela. An alternative version indicates that the victim was not injured. The man is the former Municipal Director of Social Development. 1 injured.",0,MX11007,Celaya,2024-12-16,2025-12-16
MEX95759,2024-11-22,2024,Political violence,Violence against civilians,Attack,484,North America,Mexico,Guanajuato,Celaya,Celaya,20.5215,-100.814,La Jornada; Zona Franca,"On 22 November 2024, in Celaya, Guanajuato, three men on a motorcycle shot at the municipal Director of the Police Training Institute (INFOPOL) as he was leaving his house (off-duty) on Parque Florido street, in Colonia Del Parque (drive-by). The victim remained uninjured and there were no casualties.",0,MX11007,Celaya,2024-12-16,2025-12-16
MEX95760,2024-11-17,2024,Political violence,Battles,Armed clash,484,North America,Mexico,Guanajuato,Irapuato,Irapuato,20.6728,-101.3481,Milenio; Zona Franca,"On 17 November 2024, in Irapuato, Guanajuato, at least two armed men shot and killed at a municipal police officer in colonia Colon. The police later arrested two of the perpetrators. 1 fatality.",1,MX11017,Irapuato,2024-12-16,2025-12-16
MEX95768,2024-11-18,2024,Political violence,Violence against civilians,Attack,484,North America,Mexico,Guanajuato,San Francisco del Rincon,San Francisco del Rincon,21.0187,-101.859,Zona Franca,"On 18 November 2024, in San Francisco del Rincon, Guanajuato, armed men opened fire from a motorcycle at a couple at an intersection (drive-by). One woman was killed and one woman was injured and fled the scene. 1 fatality, 1 injury.",1,MX11031,San Francisco del Rincón,2024-12-16,2025-12-16
MEX95769,2024-11-19,2024,Political violence,Violence against civilians,Attack,484,North America,Mexico,Guanajuato,San Francisco del Rincon,San Francisco del Rincon,21.0187,-101.859,Zona Franca,"On 19 November 2024, in San Francisco del Rincon, Guanajuato, two men on a motorcycle opened fire and shot a man on his bicycle near Colonia San Miguel Plus (drive-by). The man victim died as a result. 1 fatality.",1,MX11031,San Francisco del Rincón,2024-12-16,2025-12-16
MEX95784,2024-11-16,2024,Political violence,Violence against civilians,Attack,484,North America,Mexico,Guerrero,Chilpancingo de los Bravo,Chilpancingo de los Bravo,17.5516,-99.5011,El Siglo de Durango,"On 16 November 2024, in Chilpancingo de los Bravo, Guerrero, a young man was shot and killed by unidentified armed individuals in the area of Zapata. The area is known for drug dealing (likely gang-related). 1 fatality.",1,MX12029,Chilpancingo de los Bravo,2024-12-16,2025-12-16
MEX95787,2024-11-20,2024,Political violence,Violence against civilians,Attack,484,North America,Mexico,Guerrero,Chilpancingo de los Bravo,Chilpancingo de los Bravo,17.5516,-99.5011,24 Horas (Mexico); La Jornada,"On 20 November 2024, in Chilpancingo de los Bravo, Guerrero, several armed men shot at a group of people outside a department store in the south of the city, killing two men and injuring four people. The people were arriving to the area to participate in a demonstration led by the FDG to demand authorities to provide solutions to problems related to flooding, lack of drinking water, environmental contingency, infrastructure, transportation and other issues (coded separately). 2 fatalities.",2,MX12029,Chilpancingo de los Bravo,2024-12-16,2025-12-16
MEX95798,2024-11-15,2024,Political violence,Violence against civilians,Attack,484,North America,Mexico,Jalisco,Guadalajara,Guadalajara,20.6764,-103.3422,Pagina 24 Jalisco,"On 15 November 2024, in Guadalajara, Jalisco, a man was attacked and burned. After surviving the attack, he walked to the Agustin Yanez street where he died and his body was found. He was identified as a homeless man. It is unknown who was the perpetrator. 1 fatality.",1,MX14039,Guadalajara,2024-12-16,2025-12-16
MEX95799,2024-11-18,2024,Political violence,Violence against civilians,Attack,484,North America,Mexico,Jalisco,Guadalajara,Guadalajara,20.6764,-103.3422,Milenio,"On 18 November 2024, in Guadalajara, Jalisco, two armed individuals shot and killed man on his motorcycle in Colonia Lazaro Cardenas. 1 fatality.",1,MX14039,Guadalajara,2024-12-16,2025-12-16
MEX95800,2024-11-21,2024,Political violence,Battles,Armed clash,484,North America,Mexico,Jalisco,Guadalajara,Guadalajara,20.6764,-103.3422,Milenio,"Around 21 November 2024 (as reported), in Guadalajara, Jalisco, an armed man shot and killed a suspected drug dealer in Colonia Jose Clemente Orozco. 1 fatality.",1,MX14039,Guadalajara,2024-12-16,2025-12-16
MEX95802,2024-11-17,2024,Political violence,Violence against civilians,Attack,484,North America,Mexico,Jalisco,San Pedro Tlaquepaque,Tlaquepaque,20.6386,-103.3072,Mural,"On 17 November 2024, in Tlaquepaque, Jalisco, two men met with another man in Colonia Las Huertas for the sale of a vehicle, and then abducted the man. The victim was taken to a house in Lomas del Tapatio, where the perpetrators hit him and stabbed him with a machete for unknown reasons. The victim later escaped in an unspecified manner. 1 injured.",0,MX14098,San Pedro Tlaquepaque,2024-12-16,2025-12-16
MEX95804,2024-11-18,2024,Political violence,Violence against civilians,Attack,484,North America,Mexico,Jalisco,Tlajomulco de Zuniga,Tlajomulco de Zuniga,20.4736,-103.4431,Milenio,"Around 18 November 2024 (as reported), in Tlajomulco de Zuniga, Jalisco, a man was killed and the body was found with his feet tied and burned inside an apartment in Colonia Hacienda de Santa Fe. 1 fatality.",1,MX14097,Tlajomulco de Zúñiga,2024-12-16,2025-12-16
MEX95805,2024-11-22,2024,Political violence,Violence against civilians,Attack,484,North America,Mexico,Jalisco,Tlajomulco de Zuniga,Tlajomulco de Zuniga,20.4736,-103.4431,Mural,"Around 22 November 2024 (as reported), in Tlajomulco de Zuniga, Jalisco, a man was killed and his body was found blindfolded and with gunshot wounds inside a canal. 1 fatality.",1,MX14097,Tlajomulco de Zúñiga,2024-12-16,2025-12-16
MEX95806,2024-11-17,2024,Political violence,Violence against civilians,Attack,484,North America,Mexico,Jalisco,Villa Guerrero,Villa Guerrero,21.9812,-103.5936,Metro Mx,"Around 17 November 2024 (between 16 - 18 November), in Villa Guerrero, Jalisco, a man was killed and his body was found on 18 November in Colonia San Martin la Fina decapitated. The man was reported missing on 16 November. 1 fatality.",1,MX14115,Villa Guerrero,2024-12-16,2025-12-16
MEX95807,2024-11-18,2024,Political violence,Violence against civilians,Attack,484,North America,Mexico,Jalisco,Zapopan,Zapopan,20.7206,-103.3883,El Norte,"On 18 November 2024, in Zapopan, Jalisco, three armed individuals shot and killed a man in Colonia Cabanitas. 1 fatality.",1,MX14120,Zapopan,2024-12-16,2025-12-16
MEX95808,2024-11-21,2024,Political violence,Violence against civilians,Attack,484,North America,Mexico,Jalisco,Zapopan,Zapopan,20.7206,-103.3883,Milenio,"Around 21 November 2024 (as reported), in Zapopan, Jalisco, according to witnesses, two armed individuals on a motorbike shot and killed a man on 20 de Enero and 5 de Mayo streets, in Colonia San Juan de Ocotan (drive-by). 1 fatality.",1,MX14120,Zapopan,2024-12-16,2025-12-16
MEX95809,2024-11-21,2024,Political violence,Violence against civilians,Attack,484,North America,Mexico,Jalisco,Zapopan,Zapopan,20.7206,-103.3883,Borderland Beat,"On 21 November 2024, in Zapopan, Jalisco, an individual on a motorcycle shot and injured a man who was driving a truck in the intersection of Buho and Quetzal streets, in the neighborhood of Parques de las Aves (drive-by). The victim is an off-duty military officer. 1 injured.",0,MX14120,Zapopan,2024-12-16,2025-12-16
MEX95822,2024-11-20,2024,Political violence,Battles,Armed clash,484,North America,Mexico,México,Ocoyoacac,San Pedro Cholula,19.2654,-99.4858,24 Horas (Mexico); La Silla Rota; MiMorelia; Mural; Reforma; Riodoce,"On 20 November 2024, in San Pedro Cholula, Mexico, members of Los Palacios gang detained two state police officers who were conducting patrolling in the premises of Rescate de Cautiverio y Circo Foundation, on De los Pinos avenue. Other officers requested support, and military, National Guard, ministerial federal, state, and municipal police officers arrived at the scene and clashed with members of Los Palacios Gang. The officers arrested between 40 and 42 gang members (at least 38 men and two women), including its local leader. The officers also seized two fireweapons, anti-riot equipment, tactical vests with police identificatory, and 27 exotic animals. There were no casualties.",0,MX15062,Ocoyoacac,2024-12-16,2025-12-16
MEX95829,2024-11-18,2024,Political violence,Violence against civilians,Attack,484,North America,Mexico,México,Valle de Chalco Solidaridad,Valle de Chalco Solidaridad,19.2925,-98.9401,El Norte; La Verdad,"Around 18 November 2024 (as reported), in Valle de Chalco Solidaridad, Mexico, a woman was killed and her body was found with signs of torture and wrapped in blankets and bags close to Lagunas de Xico. 1 fatality.",1,MX15122,Valle de Chalco Solidaridad,2024-12-16,2025-12-16
MEX95830,2024-11-21,2024,Political violence,Violence against civilians,Attack,484,North America,Mexico,México,Valle de Chalco Solidaridad,Xico,19.2788,-98.9434,Milenio,"Around 21 November 2024 (as reported), in Xico, Mexico, a person was killed and the body was found on El Rosario path, near the pantheon, together with a threatening message. 1 fatality.",1,MX15122,Valle de Chalco Solidaridad,2024-12-16,2025-12-16
MEX95831,2024-11-21,2024,Political violence,Violence against civilians,Attack,484,North America,Mexico,México,Valle de Chalco Solidaridad,Xico,19.2788,-98.9434,Milenio,"Around 21 November 2024 (as reported), on Chalco-Tlahuac road (coded to Xico), Mexico, a person was killed and the body was found wrapped in blankets and bags. 1 fatality.",1,MX15122,Valle de Chalco Solidaridad,2024-12-16,2025-12-16
MEX95834,2024-11-17,2024,Political violence,Violence against civilians,Attack,484,North America,Mexico,Michoacán,Zamora,Zamora de Hidalgo,19.9836,-102.286,La Voz de Michoacan,"Around 17 November 2024 (month of), in Zamora de Hidalgo, Michoacan, a man was killed and his body was found in an advanced state of decomposition and without head in colonia Valle Verde. 1 fatality.",1,MX16108,Zamora,2024-12-16,2025-12-16
MEX95837,2024-11-22,2024,Political violence,Violence against civilians,Attack,484,North America,Mexico,Michoacán,Morelia,Morelia,19.7034,-101.192,La Voz de Michoacan; MiMorelia,"On 22 November 2024, in Morelia, Michocan de Ocampo, at least two individuals shot and killed a man inside a food store on Luis de Leon Romano street, in Colonia Nueva Valladolid. 1 fatality.",1,MX16053,Morelia,2024-12-16,2025-12-16
MEX95838,2024-11-16,2024,Political violence,Battles,Armed clash,484,North America,Mexico,Michoacán,Paracuaro,Los Bancos,19.1828,-102.2077,La Voz de Michoacan; Milenio; MiMorelia,"On 16 November 2024, in Los Bancos, Michoacan, there was an armed clash between members of the CJNG and Los Caballeros Templarios gang. The clash also occurred in the center of the municipality (coded separately). Casualties unknown.",0,MX16064,Parácuaro,2024-12-16,2025-12-16
MEX95839,2024-11-16,2024,Political violence,Battles,Armed clash,484,North America,Mexico,Michoacán,Paracuaro,Paracuaro,19.1458,-102.22,La Voz de Michoacan; Milenio; MiMorelia,"On 16 November 2024, in Paracuaro, Michoacan, there was an armed clash between members of the CJNG and Los Caballeros Templarios. The clash started in another location in the municipality (coded separately). A man was shot and injured with a stray bullet.",0,MX16064,Parácuaro,2024-12-16,2025-12-16
MEX95841,2024-11-18,2024,Political violence,Battles,Armed clash,484,North America,Mexico,Michoacán,Patzcuaro,Tzurumutaro,19.5466,-101.5896,24 Horas (Mexico); 8 Columnas; El Proceso; La Jornada; La Silla Rota; La Verdad; La Voz de Michoacan; Milenio; MiMorelia; Tabasco Hoy; Zona Franca,"On 18 November 2024, in Tzurumutaro, Michoacan de Ocampo, according to witnesses, at least 20 members of the Jalisco New Generation Cartel (CJNG) abducted the owner of El Gran Tariacuri restaurant. Minutes after this, state police officers intercepted the perpetrators and clashed with them, although they got to flee with the victim. One officer and a woman were injured. The abducted man was found alive with blow wounds on 21 November 2024 in Tenencia Lazaro Cardenas, municipality of Erongaricuaro. The abduction is suspectedly linked to extorsion.",0,MX16066,Pátzcuaro,2024-12-16,2025-12-16
MEX95842,2024-11-21,2024,Political violence,Battles,Armed clash,484,North America,Mexico,Michoacán,Tangamandapio,La Cantera,19.8647,-102.4094,La Voz de Michoacan,"Around 21 November 2024 (as reported), in La Cantera, Michoacan de Ocampo, armed individuals and state police officers clashed on Jacona-Los Reyes road. The officers seized a fireweapon, an improvised explosive device, and a motorcycle. Casualties unknown.",0,MX16084,Tangamandapio,2024-12-16,2025-12-16
MEX95843,2024-11-16,2024,Political violence,Violence against civilians,Attack,484,North America,Mexico,Michoacán,Tarimbaro,Tejaro de Los Izquierdo,19.8331,-101.0985,MiMorelia,"Around 16 November 2024 (as reported), in Tejaro de Los Izquierdo, Michoacan, a man was killed and the body was found with signs of torture, gunshot wounds, semi-naked and with the 'tiro de gracia'. 1 fatality.",1,MX16088,Tarímbaro,2024-12-16,2025-12-16
MEX95844,2024-11-22,2024,Political violence,Violence against civilians,Attack,484,North America,Mexico,Michoacán,Tarimbaro,Tejaro de Los Izquierdo,19.8331,-101.0985,El Proceso; La Voz de Michoacan; MiMorelia,"Around 22 November 2024 (as reported), in Tejaro de Los Izquierdo, Michoacan de Ocampo, a man and a woman were killed and their bodies were found. The bodies of the man and the woman were located on the main square: the man was dismembered and the woman had several gunshot wounds (including 'tiro de gracia') and their hands were tied. 2 fatalities.",2,MX16088,Tarímbaro,2024-12-16,2025-12-16
MEX95845,2024-11-22,2024,Political violence,Violence against civilians,Sexual violence,484,North America,Mexico,Michoacán,Tarimbaro,Tejaro de Los Izquierdo,19.8331,-101.0985,El Proceso; La Voz de Michoacan; MiMorelia,"Around 22 November 2024 (as reported), in Tejaro de Los Izquierdo, Michoacan de Ocampo, a man was killed and their body was found on a side of the path to Uruetaro, in a place known as La Florena, and was naked and dismembered. 1 fatality.",1,MX16088,Tarímbaro,2024-12-16,2025-12-16
MEX95849,2024-11-22,2024,Political violence,Violence against civilians,Attack,484,North America,Mexico,Morelos,Cuautla,Cuautla,18.8128,-98.9553,Diario de Morelos; Milenio,"Around 22 November 2024 (as reported), in Cuautla, Morelos, four people were killed and their bodies were found on Pesebres and Miguel Hidalgo streets, in Colonia Biznaga (an alternative version indicates that the bodies were located in Colonia Gabriel Tepepa). Three of the victims were burnt, and the other was dismembered. 4 fatalities.",4,MX17006,Cuautla,2024-12-16,2025-12-16
MEX95851,2024-11-15,2024,Political violence,Battles,Armed clash,484,North America,Mexico,Morelos,Cuernavaca,Cuernavaca,18.9218,-99.2349,Diario de Morelos,"On 15 November 2024, in Cuernavaca, Morelos, several armed men shot against the bar 'La Cruderia' in Colonia Teopanzolco. One private security guard was injured.",0,MX17007,Cuernavaca,2024-12-16,2025-12-16
MEX95856,2024-11-20,2024,Political violence,Violence against civilians,Attack,484,North America,Mexico,Morelos,Temixco,Acatlipa,18.8294,-99.2323,Diario de Morelos,"On 20 November 2024, in Acatlipa, Morelos, armed individuals on a motorcycle intercepted a man driving his car, shot him and then fled the scene (drive-by). 1 fatality.",1,MX17018,Temixco,2024-12-16,2025-12-16
MEX95857,2024-11-21,2024,Political violence,Violence against civilians,Attack,484,North America,Mexico,Morelos,Temixco,Temixco,18.8453,-99.2241,Diario de Morelos; La Jornada,"On 21 November 2024, in Temixco, Morelos, unidentified individual(s) shot and killed a man who was driving on Aldama street, in Colonia Los Presidentes. The victim was the former mayor of Temixco and former major candidate of Force for Mexico party in the 2021 elections. 1 fatality.",1,MX17018,Temixco,2024-12-16,2025-12-16
MEX95858,2024-11-13,2024,Political violence,Violence against civilians,Attack,484,North America,Mexico,Nuevo León,El Carmen,Carmen,25.9322,-100.3641,Diario de Morelos,"Around 13 November 2024 (as reported), in Carmen, Nuevo Leon, two young people were killed and their bodies were found inside plastic bags. 2 fatalities.",2,MX19010,El Carmen,2024-12-16,2025-12-16
MEX95860,2024-11-15,2024,Political violence,Violence against civilians,Attack,484,North America,Mexico,Nuevo León,Garcia,Garcia,25.8005,-100.5855,El Norte,"Around 15 November 2024 (as reported), in Garcia, Nuevo Leon, a man was killed and the body was found with signs of torture and their hands tie up to the chest in Libramiento Noreste. 1 fatality.",1,MX19018,García,2024-12-16,2025-12-16
MEX95861,2024-11-16,2024,Political violence,Violence against civilians,Attack,484,North America,Mexico,Nuevo León,Garcia,Garcia,25.8005,-100.5855,El Norte; Milenio,"On 16 November 2024, in Garcia, Nuevo Leon, an armed man shot and killed a man in Colonia Balcones. According to the investigations, it is suspected that the event is related to drug dealing. 1 fatality.",1,MX19018,García,2024-12-16,2025-12-16
MEX95863,2024-11-20,2024,Political violence,Violence against civilians,Attack,484,North America,Mexico,Nuevo León,Garcia,Garcia,25.8005,-100.5855,El Norte,"Around 20 November 2024 (as reported), in Garcia, Nuevo Leon, a man was killed and his body was found with gunshot wounds, wrapped in plastic bags, tape around the head, and the hands and feet tied, in the intersection of 33 and 8 streets, in Colonia Las Brisas Residencial. 1 fatality.",1,MX19018,García,2024-12-16,2025-12-16
MEX95864,2024-11-18,2024,Political violence,Violence against civilians,Attack,484,North America,Mexico,Nuevo León,General Escobedo,Ciudad General Escobedo,25.808,-100.3226,El Norte,"On 18 November 2024, in Ciudad General Escobedo, Nuevo Leon, three armed individuals approached three people at a barbecue in Colonia Jardines and shot them. Three men were injured as a result. 3 injuries.",0,MX19021,General Escobedo,2024-12-16,2025-12-16
MEX95865,2024-11-21,2024,Political violence,Violence against civilians,Attack,484,North America,Mexico,Nuevo León,Juarez,Benito Juarez,25.6513,-100.106,El Norte,"Around 21 November 2024 (month of), in Benito Juarez, Nuevo Leon, a man was killed and his body was found wrapped in blankets and in state of decomposition in the intersection of Anillo Periferico and the highway to Reynosa, near Colonia Solaris. 1 fatality.",1,MX19031,Juárez,2024-12-16,2025-12-16
MEX95866,2024-11-21,2024,Political violence,Violence against civilians,Attack,484,North America,Mexico,Nuevo León,Montemorelos,El Pastor,25.1502,-99.9302,El Norte,"Around 21 November 2024 (as reported), near El Pastor, Nuevo Leon, a man was killed and his body was found with the head covered by a t-shirt and tape, a wire around the neck, and the hands tied, on km. 5 of the road to Rayones, by the community of El Pastor. 1 fatality.",1,MX19038,Montemorelos,2024-12-16,2025-12-16
MEX95871,2024-11-21,2024,Political violence,Violence against civilians,Attack,484,North America,Mexico,Nuevo León,Pesqueria,Pesqueria,25.7833,-100.0537,El Norte,"Around 21 November 2024 (as reported), in Pesqueria, Nuevo Leon, a man was killed and his body was found wrapped in plastic and the legs mutilated on Milan street and Luca avenue, in Colonia Lomas de San Martin. 1 fatality.",1,MX19041,Pesquería,2024-12-16,2025-12-16
MEX95873,2024-11-20,2024,Political violence,Violence against civilians,Attack,484,North America,Mexico,Oaxaca,Heroica Ciudad de Juchitan de Zaragoza,Juchitan de Zaragoza,16.4333,-95.0216,Quadratin Oaxaca,"On 20 November 2024, in Juchitan de Zaragoza, Oaxaca, two armed individuals shot and killed a man leaving his home. 1 fatality.",1,MX20043,Heroica Ciudad de Juchitán de Zaragoza,2024-12-16,2025-12-16
MEX95876,2024-11-21,2024,Political violence,Violence against civilians,Attack,484,North America,Mexico,Oaxaca,Heroica Ciudad de Juchitan de Zaragoza,Juchitan de Zaragoza,16.4333,-95.0216,Quadratin Oaxaca,"On 21 November 2024, in Juchitan de Zaragoza, Oaxaca, two individuals on a motorcycle shot and killed a man and injured another in Colonia La Joya (drive-by). 1 fatality, 1 injured.",1,MX20043,Heroica Ciudad de Juchitán de Zaragoza,2024-12-16,2025-12-16
MEX95880,2024-11-16,2024,Political violence,Violence against civilians,Attack,484,North America,Mexico,Oaxaca,San Pedro Ixtlahuaca,San Pedro Ixtlahuaca,17.0631,-96.8181,Quadratin Oaxaca,"Around 16 November 2024 (as reported), in San Pedro Ixtlahuaca, Oaxaca, a person was killed and the body was found burned inside a car that was set on fire on the road to Arrazola in Santa Cruz Xoxocotlan. 1 fatality.",1,MX20310,San Pedro Ixtlahuaca,2024-12-16,2025-12-16
MEX95883,2024-11-17,2024,Political violence,Violence against civilians,Attack,484,North America,Mexico,Puebla,Puebla,Heroica Puebla de Zaragoza,19.044,-98.1975,E-Consulta,"Around 17 November 2024 (as reported), in Heroica Puebla de Zaragoza, Puebla, four people, including two women and one man, were killed and their bodies were found inside a clandestine grave in Colonia Miguel Hidalgo. The bodies were wrapped in plastic bags and they showed signs of being tied. Also in Puebla, a man was killed and the body was found with the 'tiro de gracia' in colonia Naciones Unidas. 5 fatalities.",5,MX21114,Puebla,2024-12-16,2025-12-16
MEX95886,2024-11-19,2024,Political violence,Violence against civilians,Attack,484,North America,Mexico,Puebla,Puebla,Heroica Puebla de Zaragoza,19.044,-98.1975,E-Consulta,"On 19 November 2024, in Heroica Puebla de Zaragoza, Puebla, two armed individuals on a motorcycle opened fire at one woman and one man inside a car traveling with two girls at the height of El Llanito (drive-by). The woman died as a result of the shooting and the man was injured. 1 fatality, 1 injury.",1,MX21114,Puebla,2024-12-16,2025-12-16
MEX95887,2024-11-22,2024,Political violence,Violence against civilians,Attack,484,North America,Mexico,Puebla,Puebla,Heroica Puebla de Zaragoza,19.044,-98.1975,E-Consulta; La Silla Rota,"On 22 November 2024, in Heroica Puebla de Zaragoza, Puebla, two individuals shot and injured the off-duty Deputy Director for Territorial Deployment of the Secretariat of Public Safety (police forces) in Fraccionamiento Hacienda de Santa Clara. 1 injured.",0,MX21114,Puebla,2024-12-16,2025-12-16
MEX95888,2024-11-20,2024,Political violence,Violence against civilians,Attack,484,North America,Mexico,Puebla,Puebla,La Resurreccion,19.1061,-98.1297,E-Consulta,"Around 20 November 2024 (as reported), in La Resurreccion, Puebla, a person was killed and the body was found burned inside a mototaxi. A message was found next to the body. 1 fatality.",1,MX21114,Puebla,2024-12-16,2025-12-16
MEX95890,2024-11-17,2024,Political violence,Violence against civilians,Attack,484,North America,Mexico,Quintana Roo,Benito Juarez,Cancun,21.1614,-86.8248,Milenio; Tiempo,"On 17 November 2024, in Cancun, Quintana Roo, armed individuals shot and killed three men and a woman in fraccionamiento Paseos del Mar and Region 251. A little girl was also injured with a stray bullet. According to the investigations, the event is related to drug dealing. 4 fatalities.",4,MX23005,Benito Juárez,2024-12-16,2025-12-16
MEX95896,2024-11-17,2024,Political violence,Violence against civilians,Attack,484,North America,Mexico,Sinaloa,Culiacan,Casa Blanca,24.8132,-107.5767,Riodoce,"Around 17 November 2024 (as reported), in Casa Blanca, Sinaloa, a man was killed and his body was found wrapped in a blanket. 1 fatality.",1,MX25006,Culiacán,2024-12-16,2025-12-16
MEX95921,2024-11-18,2024,Political violence,Battles,Armed clash,484,North America,Mexico,Sinaloa,Culiacan,Imala,24.8573,-107.2152,El Universal (Mexico); Riodoce,"On 18 November 2024, in Imala, Sinaloa, an armed clash took place between rival groups. Following the clash, the armed men burned a vehicle close to Alcoyonqui and threw tire punctures (coded separately). The cables of the Federal Electricity Commission were damaged leaving the municipality without electricity as a result. There were no injuries.",0,MX25006,Culiacán,2024-12-16,2025-12-16
MEX95925,2024-11-19,2024,Political violence,Violence against civilians,Attack,484,North America,Mexico,Sinaloa,Mazatlan,El Chilillo,23.3163,-106.3881,Noroeste,"Around 19 November 2024 (as reported), in El Chilillo, Sinaloa, a couple was killed and their bodies were found on the Mazatlan-Culiacan highway with signs of torture. 2 fatalities.",2,MX25012,Mazatlán,2024-12-16,2025-12-16
MEX95934,2024-11-15,2024,Political violence,Violence against civilians,Attack,484,North America,Mexico,Sonora,Cajeme,Esperanza,27.5791,-109.9298,Entorno Informativo,"Around 15 November 2024 (as reported), in Esperanza, Sonora, a man was killed and the body was found with the hands tied up. 1 fatality.",1,MX26018,Cajeme,2024-12-16,2025-12-16
MEX95936,2024-11-20,2024,Political violence,Battles,Armed clash,484,North America,Mexico,Sonora,Saric,Saric,31.1032,-111.3795,La Jornada; Milenio; Reforma,"On 20 November 2024, on Sasabe-Saric road (coded to Saric), Sonora, armed individuals crashed their van into military, federal ministerial and state police vehicles, and then opened fire at the officers and a clash ensued. An officer and three armed individuals died, and six officers were injured. This clash is suspectedly linked to a security operation that the same officers carried out in El Chile earlier the same day where officers seized five vehicles (three of them, armored) and destroyed a camp and an antenna used for criminal activities.",4,MX26060,Sáric,2024-12-16,2025-12-16
MEX95937,2024-11-19,2024,Political violence,Battles,Armed clash,484,North America,Mexico,Tamaulipas,Cruillas,Tres Palos,24.5447,-98.31,La Prensa de Monclova; Milenio; Reforma,"On 19 November 2024, around Tres Palos, Tamaulipas, armed individuals shot at state police officers on 101 federal road, between Tres Palos and Las Norias. The officers repelled the aggression and the armed individuals robbed a patrol car. Two state police officers and three armed individuals died, and five people were injured. 5 fatalities, 5 injuries.",5,MX28010,Cruillas,2024-12-16,2025-12-16
MEX95938,2024-11-19,2024,Political violence,Battles,Armed clash,484,North America,Mexico,Tamaulipas,Mendez,Mendez,25.1177,-98.5847,Milenio,"On 19 November 2024, in Mendez municipality, Tamaulipas, armed individuals attacked state police officers at the height to Mendez who repelled the aggression. The armed individuals robbed the patrol car. Three state police officers died as a result and five people were injured. 3 fatalities, 5 injuries.",3,MX28023,Méndez,2024-12-16,2025-12-16
MEX95939,2024-11-22,2024,Political violence,Battles,Armed clash,484,North America,Mexico,Tamaulipas,Reynosa,Doroteo Arango,25.6585,-98.2473,Hoy Tamaulipas; La Prensa de Monclova; La Silla Rota; Milenio,"On 22 November 2024, in Doroteo Arango, Tamaulipas, state police officers and armed individuals clashed. The latter used armored vehicles and drones charged with explosives. An unspecified number of officers was injured.",0,MX28032,Reynosa,2024-12-16,2025-12-16
MEX95940,2024-11-15,2024,Political violence,Violence against civilians,Attack,484,North America,Mexico,Tamaulipas,Reynosa,Reynosa,26.0924,-98.2781,Hoy Tamaulipas,"Around 15 November 2024 (as reported), in Reynosa, Tamaulipas, a man was killed and the body was found with signs of violence in colonia Las Torres. According to authorities, it is suspected that this event is related to a settling of accounts between criminal groups. 1 fatality.",1,MX28032,Reynosa,2024-12-16,2025-12-16
MEX95941,2024-11-18,2024,Political violence,Violence against civilians,Attack,484,North America,Mexico,Tamaulipas,Reynosa,Reynosa,26.0924,-98.2781,Hoy Tamaulipas,"Around 18 November 2024 (as reported), in Reynosa, Tamaulipas, a man was killed and his body was found wrapped in a plastic bag near Colonia Arboleda de Juarez. 1 fatality.",1,MX28032,Reynosa,2024-12-16,2025-12-16
MEX95944,2024-11-21,2024,Political violence,Violence against civilians,Attack,484,North America,Mexico,Tamaulipas,Reynosa,Reynosa,26.0924,-98.2781,Hoy Tamaulipas,"Around 21 November 2024 (as reported), in Reynosa, Tamaulipas, three men were killed and their bodies were found with the hands and feet tied in a house on Alamo and Manzanos streets, in Colonia Balcones de Alcala. The victims had been abducted. A suspect was arrested. 3 fatalities.",3,MX28032,Reynosa,2024-12-16,2025-12-16
MEX95945,2024-11-22,2024,Political violence,Battles,Armed clash,484,North America,Mexico,Tamaulipas,San Fernando,Plan de Alazan,25.3611,-98.0441,El Norte; Hoy Tamaulipas; La Prensa de Monclova; La Silla Rota; Milenio,"Around 22 November 2024 (as reported), on San Fernando-Reynosa road (coded to Plan de Alazan), Tamaulipas, suspected members of Los Escorpiones Gang killed six suspected members of Los Zetas Vieja Escuela Gang and their bodies were found with signs of torture, gunshot wounds, and the hands tied by Brecha 113, which leads to Ejido Martin Rocha, near Ejido Plan de Alazan. Some of the bodies were piled up and covered in blankets. 6 fatalities.",6,MX28035,San Fernando,2024-12-16,2025-12-16
MEX95946,2024-11-19,2024,Political violence,Battles,Armed clash,484,North America,Mexico,Tamaulipas,San Fernando,San Fernando,24.8487,-98.1596,Hoy Tamaulipas; La Jornada; La Prensa de Monclova; Reforma,"On 19 November 2024, in San Fernando, Tamaulipas, armed individuals shot at a state police escort, killing a woman officer and injuring five other officers. The escort was transporting the dead body of a police officer who died during a clash in Tres Palos earlier the same day (coded separately). The officers arrested one individual. 1 fatality, 5 injured.",1,MX28035,San Fernando,2024-12-16,2025-12-16
MEX95947,2024-11-20,2024,Political violence,Battles,Armed clash,484,North America,Mexico,Tamaulipas,San Fernando,San Fernando,24.8487,-98.1596,La Silla Rota,"On 20 November 2024, in San Fernando, Tamaulipas, state police officers and armed individuals clashed. Three officers died. 3 fatalities.",3,MX28035,San Fernando,2024-12-16,2025-12-16
MEX95948,2024-11-21,2024,Political violence,Battles,Armed clash,484,North America,Mexico,Tamaulipas,San Fernando,San Fernando,24.8487,-98.1596,La Silla Rota,"On 21 November 2024, in San Fernando, Tamaulipas, state security officers and armed individuals clashed. Three armed individuals that belonged to a cell that operated in Matamoros died. 3 fatalities.",3,MX28035,San Fernando,2024-12-16,2025-12-16
MEX95953,2024-11-18,2024,Political violence,Violence against civilians,Attack,484,North America,Mexico,Veracruz de Ignacio de la Llave,Chinameca,Chinameca,18.0178,-94.6831,La Silla Rota,"On 18 November 2024, in Chinameca, Veracruz de Ignacio de la Llave, a couple of armed individuals followed a man into a gas center and shot him to death. 1 fatality.",1,MX30059,Chinameca,2024-12-16,2025-12-16
MEX93087,2024-09-18,2024,Political violence,Violence against civilians,Attack,484,North America,Mexico,Oaxaca,San Blas Atempa,San Blas Atempa,16.3262,-95.2231,Quadratin Oaxaca,"Around 18 September 2024 (as reported), in San Blas Atempa, Oaxaca, a man was killed and his body was found with his head decapitated and a message stuck to the head outside a high school Coboa. 1 fatality.",1,MX20124,San Blas Atempa,2024-12-16,2025-12-16
MEX94128,2024-10-07,2024,Political violence,Violence against civilians,Attack,484,North America,Mexico,Veracruz de Ignacio de la Llave,Xalapa,Xalapa-Enriquez,19.5271,-96.9226,Imagen del Golfo; Riodoce,"Around 7 October 2024 (as reported), in Xalapa-Enriquez, Veracruz de Ignacio de la Llave, a man was killed and his body was found dismembered in two different locations (on Jesus Gonzalez Ortega and Poeta Jesus Diaz streets) inside a drum and the rest of the body in a house . A man was arrested. 1 fatality.",1,MX30087,Xalapa,2024-12-16,2025-12-16
MEX94154,2024-10-12,2024,Political violence,Battles,Armed clash,484,North America,Mexico,Veracruz de Ignacio de la Llave,Xalapa,Xalapa-Enriquez,19.5271,-96.9226,La Silla Rota,"On 12 October 2024, in Xalapa-Enriquez, Veracruz, there was an armed clash between three armed people and the municipal police after the armed men killed a person (coded separately). One armed man was injured. Three people were arrested.",0,MX30087,Xalapa,2024-12-16,2025-12-16
MEX94219,2024-10-12,2024,Political violence,Violence against civilians,Attack,484,North America,Mexico,Veracruz de Ignacio de la Llave,Xalapa,Xalapa-Enriquez,19.5271,-96.9226,La Silla Rota,"On 12 October 2024, in Xalapa-Enriquez, Veracruz, at least three armed men shot and killed a person around colonia Jacarandas. The perpetrators later clashed with the municipal police (coded separately). 1 fatality.",1,MX30087,Xalapa,2024-12-16,2025-12-16
MEX95965,2024-11-22,2024,Political violence,Violence against civilians,Attack,484,North America,Mexico,Veracruz de Ignacio de la Llave,Xalapa,Xalapa-Enriquez,19.5271,-96.9226,La Silla Rota,"On 22 November 2024, in Xalapa-Enriquez, Veracruz de Ignacio de la Llave, according to witnesses, a man on a motorcycle shot and injured a man in Colonia El Tanque (drive-by). The perpetrator fled towards Colonia El Sumidero. 1 injured.",0,MX30087,Xalapa,2024-12-16,2025-12-16
MEX95975,2024-10-01,2024,Political violence,Violence against civilians,Abduction/forced disappearance,484,North America,Mexico,Sonora,Cajeme,Ciudad Obregon,27.4965,-109.9327,Entorno Informativo,"Around 1 October 2024 (month of), in Ciudad Obregon, Sonora, a man was kidnapped by several armed people after he arrived to his house. He was later found alive and rescued on 28 November by the authorities in Colonia Hidalgo. Drugs and weapons were seized also.",0,MX26018,Cajeme,2024-12-16,2025-12-16
MEX95976,2024-10-12,2024,Political violence,Violence against civilians,Abduction/forced disappearance,484,North America,Mexico,México,Toluca,Toluca de Lerdo,19.2935,-99.6573,Yucatan a la Mano,"On 12 October 2024, in Toluca de Lerdo, Mexico, two people (a man and a woman) abducted a vendor. The perpetrators were arrested around 27 November 2024 in Tijuana, Baja California. It is unknown whether the victims were found and released.",0,MX15106,Toluca,2024-12-16,2025-12-16
MEX95977,2024-10-15,2024,Political violence,Violence against civilians,Attack,484,North America,Mexico,Chiapas,Oxchuc,Oxchuc,16.7861,-92.3349,La Jornada,"Around 15 October 2024 (end of month), near Oxchuc, Chiapas, the former Tzeltal (Mayan indigenous group) woman mayor of Oxchuc and former local deputy for the We Can Move Chiapas party was shot at by two armed individuals when she was in her vehicle on her way to a meeting in an unspecified community. According to the victim, who was unharmed, before the attack, she was told (it is not known by whom) that a vehicle verification was being carried out and that they were looking for her (it is not specified who) and that three armed individuals upon seeing her said that she was coming and began to shoot at the vehicle. There were no casualties.",0,MX07064,Oxchuc,2024-12-16,2025-12-16
MEX95978,2024-10-26,2024,Political violence,Violence against civilians,Abduction/forced disappearance,484,North America,Mexico,Chihuahua,Juarez,Ciudad Juarez,31.7465,-106.485,La Jornada,"Around 26 October 2024 (as reported), in Ciudad Juarez, Chihuahua, at least two unidentified individuals abducted four Jordanian migrants. Around 26 November 2024, municipal police officers released the victims and arrested two armed underage men in a house in the intersection of Licenciado Benito Juarez and Jose Isabel Sanchez streets, in Colonia Campesina.",0,MX08037,Juárez,2024-12-16,2025-12-16
MEX95980,2024-11-17,2024,Political violence,Violence against civilians,Attack,484,North America,Mexico,Michoacán,Jacona,Jacona de Plancarte,19.9563,-102.306,La Voz de Michoacan,"Around 17 November 2024 (as reported), in Jacona de Plancarte, Michoacan de Ocampo, a person was killed and only the body was found in Colonia Valle Verde. On 23 November, a head in a state of decomposition was found next to the strawberry monument close to the free highway. The head is suspected to belong to the same person of the body found on 17 November in Colonia Valle Verde. 1 fatality.",1,MX16043,Jacona,2024-12-16,2025-12-16
MEX95989,2024-11-23,2024,Political violence,Battles,Armed clash,484,North America,Mexico,Baja California,Mexicali,Ciudad Morelos,32.6305,-114.8579,Zeta Tijuana,"On 23 November 2024, between San Luis Rio Colorado and Ciudad Morelos, Baja California, there was an armed clash and pursuit between municipal police forces and an unknown number of people who were caught while lowering a decapitated body in Ciudad Morelos (coded separately). The armed individuals managed to escape, and the clash ended in San Luis Rio Colorado. Casualties unknown.",0,MX02002,Mexicali,2024-12-16,2025-12-16
MEX95990,2024-11-23,2024,Political violence,Violence against civilians,Sexual violence,484,North America,Mexico,Baja California,Mexicali,Ciudad Morelos,32.6305,-114.8579,Borderland Beat; Zeta Tijuana,"Around 23 November 2024 (as reported), in Ciudad Morelos, Baja California, members of Los Chapitos Gang held a member of Los Rusos gang and interrogated him. The event was recorded in video and shared on social media. The victim was beheaded and his body was left naked in a square of Ciudad Morelos with a hat. Police officers noticed when individuals were leaving the body and attempted to intervene and there was an armed clash (coded separately). 1 fatality.",1,MX02002,Mexicali,2024-12-16,2025-12-16
MEX95991,2024-11-23,2024,Political violence,Violence against civilians,Attack,484,North America,Mexico,Baja California,Tijuana,Tijuana,32.5325,-117.019,AFN - Tijuana,"On 23 November 2024, in Tijuana, Baja California, two men opened fire and shot a man in Colonia Valle del Rubi Seccion Lomas. 1 fatality.",1,MX02004,Tijuana,2024-12-16,2025-12-16
MEX95992,2024-11-23,2024,Political violence,Violence against civilians,Abduction/forced disappearance,484,North America,Mexico,Chiapas,Emiliano Zapata,20 de Noviembre,16.5418,-92.8959,El Norte; El Proceso; La Jornada; La Silla Rota; La Verdad; Riodoce; Tabasco Hoy; Zeta Tijuana,"On 23 November 2024, in 20 de Noviembre, Chiapas, according to witnesses, armed men aboard several vans intercepted and abducted seven people (four men, two women, and a child, four of them members of the same family) who travelled in a public van on La Angostura road towards San Cristobal de las Casas. Alternative versions indicate that the victims were six or nine people. The victims' whereabouts are unknown.",0,MX07002,Acala,2024-12-16,2025-12-16
MEX95993,2024-11-23,2024,Political violence,Violence against civilians,Attack,484,North America,Mexico,Chiapas,La Concordia,La Concordia,16.1167,-92.6879,El Norte,"Around 23 November 2024 (as reported), in La Concordia, Chiapas, five people were killed and their bodies were found with signs of torture at the detour in Colonia Valle Morelos. 5 fatalities.",5,MX07020,La Concordia,2024-12-16,2025-12-16
MEX95995,2024-11-23,2024,Political violence,Violence against civilians,Attack,484,North America,Mexico,Chihuahua,Chihuahua,Chihuahua,28.6368,-106.0763,Tiempo,"On 23 November 2024, in Chihuahua, Chihuahua, unknown armed individuals shot at an off-duty element of the National Guard in Colonia Los Arquitos who died as a result. The victim was accompanied by a woman who was not injured. 1 fatality.",1,MX08019,Chihuahua,2024-12-16,2025-12-16
MEX95996,2024-11-23,2024,Political violence,Battles,Armed clash,484,North America,Mexico,Ciudad de Mexico,Coyoacan,Ciudad de Mexico - Coyoacan,19.3502,-99.1621,La Silla Rota,"On 23 November 2024, in Ciudad de Mexico - Coyoacan, armed individuals shot at a police officer who was responding to a report of gunshots in Colonia fraccionamiento Popular. 1 injury.",0,MX09003,Coyoacán,2024-12-16,2025-12-16
MEX95997,2024-11-23,2024,Political violence,Violence against civilians,Attack,484,North America,Mexico,Ciudad de Mexico,Cuauhtemoc,Ciudad de Mexico - Cuauhtemoc,19.4313,-99.1531,Milenio,"On 23 November 2024, in Ciudad de Mexico - Cuauhtemoc, two armed individuals approached a group of people and opened fire at them in Colonia Centro Historico. Two people died and three were injured as a result. The place of the attack was identified as a point for the sale of drugs. 2 fatalities, 3 injuries.",2,MX09015,Cuauhtémoc,2024-12-16,2025-12-16
MEX95998,2024-11-23,2024,Political violence,Violence against civilians,Attack,484,North America,Mexico,Ciudad de Mexico,Gustavo A. Madero,Ciudad de Mexico - Gustavo A. Madero,19.4829,-99.1135,La Silla Rota,"On 23 November 2024, in Ciudad de Mexico - Gustavo A. Madero, armed individuals opened fire from a vehicle in Colonia Juventino Rosas and shot and injured two men (drive-by). 2 injuries.",0,MX09005,Gustavo A. Madero,2024-12-16,2025-12-16
MEX95999,2024-11-23,2024,Political violence,Violence against civilians,Attack,484,North America,Mexico,Ciudad de Mexico,Iztapalapa,Ciudad de Mexico - Iztapalapa,19.359,-99.0926,La Silla Rota,"On 23 November 2024, in Ciudad de Mexico - Iztapalapa, four armed individuals opened fire from a vehicle and shot a man 15 times in Colonia Santa Martha Acatitla (drive-by). 1 fatality.",1,MX09007,Iztapalapa,2024-12-16,2025-12-16
MEX96000,2024-11-23,2024,Political violence,Violence against civilians,Attack,484,North America,Mexico,Ciudad de Mexico,Milpa Alta,Ciudad de Mexico - Milpa Alta,19.1925,-99.0232,La Jornada,"On 23 November 2024, in Ciudad de Mexico - Milpa Alta, a woman was killed and her body was found with signs of torture on a grass field in Nuevo Camino a Mina, in San Pedro Atocpan. 1 fatality.",1,MX09009,Milpa Alta,2024-12-16,2025-12-16
MEX96001,2024-11-23,2024,Political violence,Violence against civilians,Attack,484,North America,Mexico,Colima,Colima,Puerta de Anzar,19.1187,-103.5492,La Jornada,"Around 23 November 2024 (as reported), in Puerta de Anzar, Colima, two men and two women were killed and their bodies were found tied inside a taxi. 4 fatalities.",4,MX06002,Colima,2024-12-16,2025-12-16
MEX96002,2024-11-23,2024,Political violence,Violence against civilians,Attack,484,North America,Mexico,Colima,Manzanillo,El Colomo,19.0616,-104.2589,La Jornada,"Around 23 November 2024 (as reported), in El Colomo, Colima, a man was killed and his body was found hanging from the Panteones bridge on the Mandanillo-Armeria highway. 1 fatality.",1,MX06007,Manzanillo,2024-12-16,2025-12-16
MEX96012,2024-11-23,2024,Political violence,Violence against civilians,Attack,484,North America,Mexico,Puebla,San Andres Cholula,San Andres Cholula,19.0509,-98.3007,E-Consulta,"Around 23 November 2024 (as reported), near San Andres Cholula, Puebla, four people were killed and their bodies were found burned between San Andres Cholula and San Jeronimo Tecuanipan. 4 fatalities.",4,MX21119,San Andrés Cholula,2024-12-16,2025-12-16
MEX96016,2024-11-23,2024,Political violence,Violence against civilians,Attack,484,North America,Mexico,Sinaloa,Culiacan,Laguna de Canachi,24.1361,-107.0999,El Siglo de Durango,"Around 23 November 2024 (as reported), in Laguna de Canachi, Sinaloa, a person was killed and the human remains were found burned inside a cooler on the side of the Culiacan-Mazatlan highway. 1 fatality.",1,MX25006,Culiacán,2024-12-16,2025-12-16
MEX96017,2024-11-23,2024,Political violence,Violence against civilians,Attack,484,North America,Mexico,Tabasco,Jalapa,Jalapa,17.7217,-92.812,Quadratin Oaxaca,"On 23 November 2024, in Jalapa, Tabasco, at least five armed individuals entered a wedding and opened fire at the guests inside a casino. One man died and two were injured. 1 fatality, 2 injuries.",1,MX27009,Jalapa,2024-12-16,2025-12-16
MEX96021,2024-11-24,2024,Political violence,Violence against civilians,Attack,484,North America,Mexico,Baja California,Tijuana,Tijuana,32.5325,-117.019,AFN - Tijuana,"Around 24 November 2024 (as reported), in Tijuana, Baja California, a man was killed and his body was found wrapped in a blanket in Colonia Valle Bonito. 1 fatality.",1,MX02004,Tijuana,2024-12-16,2025-12-16
MEX96022,2024-11-24,2024,Political violence,Violence against civilians,Attack,484,North America,Mexico,Baja California,Tijuana,Tijuana,32.5325,-117.019,AFN - Tijuana,"On 24 November 2024, in Tijuana, Baja California, two people attacked and shot a man in Colonia El Florido Segunda Seccion. The man was injured as a result. 1 injury.",0,MX02004,Tijuana,2024-12-16,2025-12-16
MEX96026,2024-11-24,2024,Political violence,Violence against civilians,Attack,484,North America,Mexico,Chihuahua,Chihuahua,Chihuahua,28.6368,-106.0763,Tiempo,"Around 24 November 2024 (as reported), close to Chihuahua, Chihuahua, a man was killed and his body was found dismembered with his head and legs missing on the highway to Juarez. 1 fatality.",1,MX08019,Chihuahua,2024-12-16,2025-12-16
MEX96027,2024-11-24,2024,Political violence,Violence against civilians,Attack,484,North America,Mexico,Chihuahua,Cuauhtemoc,Cuauhtemoc,28.4063,-106.866,Tiempo,"On 24 November 2024, in Cuauhtemoc, Chihuahua, armed individuals shot and killed a man in his car. The man was identified as an off-duty ministerial federal police officer. 1 fatality.",1,MX08017,Cuauhtémoc,2024-12-16,2025-12-16
MEX96029,2024-11-24,2024,Political violence,Violence against civilians,Attack,484,North America,Mexico,Ciudad de Mexico,Venustiano Carranza,Ciudad de Mexico - Venustiano Carranza,19.4193,-99.1137,El Universal (Mexico),"On 24 November 2024, in Ciudad de Mexico - Venustiano Carranza, three armed individuals who arrived on motorcycles attacked a group of people drinking alcohol in Colonia Morelos. Three men died as a result. The attack is being linked to disputes between La Union Tepito and Anti-Union, although this was not confirmed by authorities. 3 fatalities.",3,MX09017,Venustiano Carranza,2024-12-16,2025-12-16
MEX96031,2024-11-24,2024,Political violence,Violence against civilians,Attack,484,North America,Mexico,Durango,Santiago Papasquiaro,Santiago Papasquiaro,25.046,-105.421,El Siglo de Durango,"On 24 November 2024, in Santiago Papasquiaro, Durango, five armed men intercepted a man in a vehicle and got out of the vehicle and chased the man and beat him with a bat and a machete and then shot him. The man was injured as a result. 1 injury.",0,MX10032,Santiago Papasquiaro,2024-12-16,2025-12-16
MEX96037,2024-11-24,2024,Political violence,Violence against civilians,Attack,484,North America,Mexico,Michoacán,Morelia,Morelia,19.7034,-101.192,MiMorelia,"Around 24 November 2024 (as reported), in Morelia, Michoacan de Ocampo, a man was killed and his body was found tied and gagged in Colonia Barrio Alto. 1 fatality.",1,MX16053,Morelia,2024-12-16,2025-12-16
MEX96038,2024-11-24,2024,Political violence,Violence against civilians,Attack,484,North America,Mexico,Michoacán,Uruapan,Uruapan,19.4209,-102.0628,MiMorelia,"On 24 November 2024, in Uruapan, Michoacan de Ocampo, armed individuals opened fire at the facade of a home (likely with people inside, since the attack took place in the early hours of the morning) in Colonia 28 de Octubre. There were no injuries.",0,MX16102,Uruapan,2024-12-16,2025-12-16
MEX96049,2024-11-24,2024,Political violence,Violence against civilians,Attack,484,North America,Mexico,Sinaloa,Navolato,Las Puentes,24.5318,-107.541,Riodoce,"Around 24 November 2024 (as reported), in Las Puentes, Sinaloa, a person was killed and the body was found with signs of torture and a message next to the body. 1 fatality.",1,MX25018,Navolato,2024-12-16,2025-12-16
MEX96051,2024-11-24,2024,Political violence,Violence against civilians,Attack,484,North America,Mexico,Tabasco,Centro,Villahermosa,17.9878,-92.9194,El Siglo de Durango; La Jornada; Milenio; Tabasco Hoy,"On 24 November 2024, in Villahermosa, Tabasco, seven armed individuals entered a bar and opened fire at individuals inside leading to the death of six people and the injury of 10. The attack is being linked to disputes between the CJNG and La Barredora Gang. Among the victims there is the member of a rancho music group. 6 fatalities, 10 injuries.",6,MX27004,Centro,2024-12-16,2025-12-16
MEX96052,2024-11-24,2024,Political violence,Battles,Armed clash,484,North America,Mexico,Tamaulipas,Reynosa,Reynosa,26.0924,-98.2781,Milenio,"On 24 November 2024, close to Reynosa, Tamaulipas, armed individuals opened fire at state police officers on surveillance on the Reynosa-San Fernando highway who repelled the aggression. One armed individual was killed and officers seized a weapon. 1 fatality.",1,MX28032,Reynosa,2024-12-16,2025-12-16
MEX96054,2024-11-24,2024,Political violence,Violence against civilians,Attack,484,North America,Mexico,Veracruz de Ignacio de la Llave,Villa Aldama,Villa Aldama,19.649,-97.2228,Imagen del Golfo,"On 24 November 2024, in Villa Aldama, Veracruz de Ignacio de la Llave, unknown armed individuals shot and killed an off-duty municipal police officer who had just finished his shift in Cerro de Leon. 1 fatality.",1,MX30194,Villa Aldama,2024-12-16,2025-12-16
MEX96073,2024-11-25,2024,Political violence,Violence against civilians,Attack,484,North America,Mexico,Guanajuato,Santiago Maravatio,Hermosillo,20.1955,-100.9766,Entorno Informativo,"On 25 November 2024, in Hermosillo, Guanajuato, armed individual(s) in a vehicle shot and killed a man on Mazatlan street, in Colonia Lopez Portillo (drive-by). 1 fatality.",1,MX11036,Santiago Maravatío,2024-12-16,2025-12-16
MEX96080,2024-11-25,2024,Political violence,Battles,Armed clash,484,North America,Mexico,Guerrero,Teloloapan,Teloloapan,18.3718,-99.8696,Reforma,"On 25 November 2024, in Teloloapan, Guerrero, unidentified individuals shot and killed a member of La Tecampanera self-defense group in Colonia Vicente Guerrero. 1 fatality.",1,MX12058,Teloloapan,2024-12-16,2025-12-16
MEX96083,2024-11-25,2024,Political violence,Violence against civilians,Attack,484,North America,Mexico,Jalisco,Puerto Vallarta,Puerto Vallarta,20.6136,-105.2272,Mural,"On 25 November 2024, in Puerto Vallarta, Jalisco, armed individuals aboard two vehicles shot at a digital platform cab on Independencia avenue, in Colonia La Esperanza, killing the woman passenger and injuring the driver (drive-by). 1 fatality, 1 injured.",1,MX14067,Puerto Vallarta,2024-12-16,2025-12-16
MEX96088,2024-11-25,2024,Political violence,Battles,Armed clash,484,North America,Mexico,Michoacán,Tangamandapio,La Cantera,19.8647,-102.4094,MiMorelia,"On 25 November 2024, in La Cantera, Michoacan de Ocampo, armed men aboard two trucks opened fire at the police station. One minor was injured and two patrol cars were damaged. 1 injury.",0,MX16084,Tangamandapio,2024-12-16,2025-12-16
MEX96089,2024-11-25,2024,Political violence,Violence against civilians,Attack,484,North America,Mexico,Michoacán,Uruapan,Uruapan,19.4209,-102.0628,La Voz de Michoacan; MiMorelia,"On 25 November 2024, in Uruapan, Michoacan de Ocampo, two armed individuals entered Aqua Motel, on Industrial boulevard, in Colonia Eduardo Ruiz, threatened the employees, and shot and killed two male clients. The perpetrators locked the wife of one of the victims inside their room. 2 fatalities.",2,MX16102,Uruapan,2024-12-16,2025-12-16
MEX96093,2024-11-25,2024,Political violence,Battles,Armed clash,484,North America,Mexico,Nuevo León,China,China,25.7059,-99.2393,La Silla Rota,"On 25 November 2024, in China, Nuevo Leon, armed rival groups engaged in an armed clash. There were no injuries.",0,MX19013,China,2024-12-16,2025-12-16
MEX96094,2024-11-25,2024,Political violence,Battles,Armed clash,484,North America,Mexico,Nuevo León,General Bravo,General Bravo,25.7955,-99.1787,El Norte,"On 25 November 2024, around General Bravo, Nuevo Leon, rival organized crime organizations clashed near the toll on km. 119 of the highway to Reynosa. A man died. State police officers later arrived at the scene and seized two vehicles with a fireweapon, drugs, and tactical equipment inside. 1 fatality.",1,MX19020,General Bravo,2024-12-16,2025-12-16
MEX96106,2024-11-25,2024,Political violence,Violence against civilians,Attack,484,North America,Mexico,Quintana Roo,Solidaridad,Playa del Carmen,20.6281,-87.0755,El Norte,"On 25 November 2024, in Playa del Carmen, Quintana Roo, unknown armed individuals shot at the home of the Undersecretary of Public Security of the Municipality of Solidaridad (likely not empty). There were no injuries.",0,MX23008,Solidaridad,2024-12-16,2025-12-16
MEX96107,2024-11-25,2024,Political violence,Battles,Armed clash,484,North America,Mexico,Sinaloa,Concordia,El Palmito,23.5633,-105.8374,El Universal (Mexico),"On 25 November 2024, in El Palmito, Sinaloa, armed rival groups engaged in an armed clash. There were no injuries.",0,MX25004,Concordia,2024-12-16,2025-12-16
MEX96122,2024-11-25,2024,Political violence,Violence against civilians,Attack,484,North America,Mexico,Sonora,Guaymas,Los Arrieros,28.3187,-111.0425,Entorno Informativo,"On 25 November 2024, in Los Arrieros, Sonora, unknown armed individuals shot and killed a man and left his body wrapped in blankets in El Sahuaral. 1 fatality.",1,MX26029,Guaymas,2024-12-16,2025-12-16
MEX96128,2024-11-25,2024,Political violence,Violence against civilians,Abduction/forced disappearance,484,North America,Mexico,Veracruz de Ignacio de la Llave,Ixtaczoquitlan,Ixtaczoquitlan,18.8606,-97.0621,Imagen del Golfo,"On 25 November 2024, in Ixtaczoquitlan, Veracruz de Ignacio de la Llave, armed individuals abducted a man who was driving a motorcycle in Escamela. The victim's whereabouts are unknown.",0,MX30085,Ixtaczoquitlán,2024-12-16,2025-12-16
MEX96129,2024-11-25,2024,Political violence,Violence against civilians,Attack,484,North America,Mexico,Veracruz de Ignacio de la Llave,Minatitlan,Minatitlan,17.991,-94.5484,La Silla Rota,"On 25 November 2024, in Minatitlan, Veracruz de Ignacio de la Llave, two armed individuals shot and killed a taxi driver who was inside his vehicle on Buenos Aires street, in Colonia Nueva Mina. 1 fatality.",1,MX30108,Minatitlán,2024-12-16,2025-12-16
MEX96136,2024-11-25,2024,Political violence,Battles,Armed clash,484,North America,Mexico,Zacatecas,Sombrerete,Sombrerete,23.6331,-103.6398,La Jornada; Pagina 24 Zacatecas,"On 25 November 2024, in Sombrerete, Zacatecas, suspected gang members aboard three trucks shot at National Guard officers who were patrolling on the road to El Mineral and Fresnillo, initiating a clash. One officer was injured. 1 injured.",0,MX32042,Sombrerete,2024-12-16,2025-12-16
MEX96137,2024-11-25,2024,Political violence,Violence against civilians,Attack,484,North America,Mexico,Zacatecas,Sombrerete,Sombrerete,23.6331,-103.6398,La Jornada,"On 25 November 2024, in Sombrerete, Zacatecas, unknown armed individuals shot and killed a man at his home in Colonia El Penasco. The man was identified was a peasant leader and had recently made complaints about intimidations. 1 fatality.",1,MX32042,Sombrerete,2024-12-16,2025-12-16
MEX96138,2024-11-26,2024,Political violence,Violence against civilians,Attack,484,North America,Mexico,Baja California,Tijuana,Tijuana,32.5325,-117.019,AFN - Tijuana,"On 26 November 2024, in Tijuana, Baja California, according to witnesses, several individuals abducted a man at Plaza Mundo Divertido. The man was shot and killed and his body was found minutes later inside a car in Colonia Villa Floresta. 1 fatality.",1,MX02004,Tijuana,2024-12-16,2025-12-16
MEX96139,2024-11-26,2024,Political violence,Violence against civilians,Attack,484,North America,Mexico,Baja California,Tijuana,Tijuana,32.5325,-117.019,AFN - Tijuana,"Around 26 November 2024 (as reported), in Tijuana, Baja California, a man was killed and his body was found with the hands tied, a wire around the neck, and wrapped in a blanket on Via Rapida Oriente, by Colonia Los Alamos. 1 fatality.",1,MX02004,Tijuana,2024-12-16,2025-12-16
MEX96140,2024-11-26,2024,Political violence,Violence against civilians,Abduction/forced disappearance,484,North America,Mexico,Chihuahua,Juarez,Ciudad Juarez,31.7465,-106.485,La Jornada,"Around 26 November 2024 (as reported), in Ciudad Juarez, Chihuahua, unidentified individuals abducted four migrants from El Salvador, Ecuador, and Honduras. The victims got to escape from a house in Colonia Portal del Roble and were assisted by state, military, and National Guard officers.",0,MX08037,Juárez,2024-12-16,2025-12-16
MEX96149,2024-11-26,2024,Political violence,Violence against civilians,Attack,484,North America,Mexico,Guanajuato,Guanajuato,Guanajuato,21.0161,-101.2536,Zona Franca,"On 26 November 2024, in Guanajuato, Guanajuato, unidentified individuals shot at people on Maravillas alley, killing a woman and injuring two men. 1 fatality, 2 injured.",1,MX11015,Guanajuato,2024-12-16,2025-12-16
MEX96158,2024-11-26,2024,Political violence,Battles,Armed clash,484,North America,Mexico,Jalisco,Lagos de Moreno,Lagos de Moreno,21.3564,-101.9292,El Proceso,"Around 26 November 2024 (as reported), in Lagos de Moreno, Jalisco, members of the Jalisco New Generation Cartel and National Guard officers clashed. The officers arrested four members of the cartel. Casualties unknown.",0,MX14053,Lagos de Moreno,2024-12-16,2025-12-16
MEX96160,2024-11-26,2024,Political violence,Violence against civilians,Attack,484,North America,Mexico,México,Tezoyuca,Tezoyuca,19.5903,-98.9085,Reforma,"On 26 November 2024, in Tezoyuca, Mexico, several individuals shot and killed three men who were inside vehicles on Bosque de Hawai street, in Colonia Ejidos de Tequisistlan. 3 fatalities.",3,MX15100,Tezoyuca,2024-12-16,2025-12-16
MEX96164,2024-11-26,2024,Political violence,Battles,Armed clash,484,North America,Mexico,Michoacán,Paracuaro,Las Ordenitas,19.235,-102.1898,La Jornada; La Voz de Michoacan; Milenio; MiMorelia,"On 26 November 2024, in Las Ordenitas, Michoacan de Ocampo, suspected gang members shot at state, federal ministerial, military, and National Guard officers, initiating a clash. Two armed individuals died and a military officer was injured. Officers seized six fireweapons, tactical equipment, and a stolen van. 2 fatalities, 1 injured.",2,MX16064,Parácuaro,2024-12-16,2025-12-16
MEX96166,2024-11-26,2024,Political violence,Battles,Armed clash,484,North America,Mexico,Michoacán,Zamora,Zamora de Hidalgo,19.9836,-102.286,La Voz de Michoacan,"On 26 November 2024, in Zamora de Hidalgo, Michoacan de Ocampo, armed groups clashed on Libramiento Norte, between Colonia Primero de Mayo and Fraccionamiento Monte Olivo. Two men were injured and went to the hospital by their own means. National Guard officers arrived at the scene and seized a motorcycle and a car. 2 injured.",0,MX16108,Zamora,2024-12-16,2025-12-16
MEX96170,2024-11-26,2024,Political violence,Violence against civilians,Attack,484,North America,Mexico,Nuevo León,Garcia,Garcia,25.8005,-100.5855,El Norte,"Around 26 November 2024 (as reported), in the municipality of Garcia, Nuevo Leon, a man was killed and his body was found with wounds in the head and burnt in an uninhabited area by the bridge on Nacataz river, in Colonia Alfonso Martinez Dominguez. 1 fatality.",1,MX19018,García,2024-12-16,2025-12-16
MEX96174,2024-11-26,2024,Political violence,Battles,Armed clash,484,North America,Mexico,Puebla,Cuautlancingo,San Juan Cuautlancingo,19.0893,-98.2733,E-Consulta,"On 26 November 2024, in San Juan Cuautlancingo, Puebla, according to witnesses, armed individuals on a motorcycle shot and injured a ministerial federal police officer (assumed on-duty) on Periferico Ecologico. The victim suspectedly carried documents of investigations related to persons engaged in the theft of cargo. 1 injured.",0,MX21041,Cuautlancingo,2024-12-16,2025-12-16
MEX96184,2024-11-26,2024,Political violence,Violence against civilians,Attack,484,North America,Mexico,Sinaloa,Culiacan,El Ranchito,24.7444,-107.3746,El Sol de Sinaloa; Noroeste; Riodoce,"Around 26 November 2024 (as reported), in El Ranchito, Sinaloa, a man was killed and his body was found wrapped in blankets, tape around the head, and the hands tied with ropes on a side of a metal recycling plant on Prolongacion Alvaro Obregon avenue. 1 fatality.",1,MX25006,Culiacán,2024-12-16,2025-12-16
MEX96185,2024-11-26,2024,Political violence,Battles,Armed clash,484,North America,Mexico,Sinaloa,Elota,Elota,23.9695,-106.7117,Noroeste,"On 26 November 2024, in the municipality of Elota, Sinaloa, armed groups clashed on Culiacan-Mazatlan road. Casualties unknown.",0,MX25008,Elota,2024-12-16,2025-12-16
MEX96193,2024-11-26,2024,Political violence,Violence against civilians,Attack,484,North America,Mexico,Veracruz de Ignacio de la Llave,Ixhuatlan del Sureste,Ixhuatlan del Sureste,18.0211,-94.3875,La Silla Rota,"Around 26 November 2024 (as reported), in Ixhuatlan del Sureste, Veracruz de Ignacio de la Llave, a man was killed and his dismembered body was found inside plastic bags in the intersection of Principal and Pino Suarez streets, in Colonia Santa Maria. 1 fatality.",1,MX30082,Ixhuatlán del Sureste,2024-12-16,2025-12-16
MEX96196,2024-11-27,2024,Political violence,Violence against civilians,Attack,484,North America,Mexico,Baja California,Mexicali,Mexicali,32.6412,-115.476,AFN - Tijuana; Milenio; Zeta Tijuana,"On 27 November 2024, in Mexicali, Baja California, according to witnesses, four armed men shot and killed a man in the parking lot of a bar in fraccionamiento Los Pinos. The victim was a lawyer for a man known as 'El Plaga', a leader of Los Rusos Gang considered as the operational arm of the Ismael El Mayo Zambada. 1 fatality.",1,MX02002,Mexicali,2024-12-16,2025-12-16
MEX96199,2024-11-27,2024,Political violence,Battles,Armed clash,484,North America,Mexico,Baja California,Tijuana,Tijuana,32.5325,-117.019,AFN - Tijuana,"On 27 November 2024, in Tijuana, Baja California, armed individuals aboard a car shot at municipal police officers on Mariano Escobedo e International street, in Colonia Castillo (drive-by). The officers were escorting a vehicle suspectedly linked with a homicide. There were no casualties.",0,MX02004,Tijuana,2024-12-16,2025-12-16
MEX96200,2024-11-27,2024,Political violence,Violence against civilians,Attack,484,North America,Mexico,Baja California Sur,La Paz,La Paz,24.1487,-110.307,BCS Noticias,"On 27 November 2024, in La Paz, Baja California Sur, according to a woman, she and her partner were kidnapped by a group of armed men in colonia Marquez de Leon. They were beaten up. She was left injured. The man's whereabouts are unknown.",0,MX03003,La Paz,2024-12-16,2025-12-16
MEX96201,2024-11-27,2024,Political violence,Battles,Armed clash,484,North America,Mexico,Chiapas,Villaflores,Villaflores,16.2341,-93.2703,La Silla Rota,"On 27 November 2024, in the municipality of Villaflores, Chiapas, organized crime organizations clashed with military and state police officers. At least two state police officers were injured and several armed individuals were arrested, including one of the gangs' leader of 'halconeo' (surveillance) operations. Officers also seized fireweapons, motorcycles, cars, and vans. At least 2 injured.",0,MX07108,Villaflores,2024-12-16,2025-12-16
MEX96203,2024-11-27,2024,Political violence,Violence against civilians,Abduction/forced disappearance,484,North America,Mexico,Ciudad de Mexico,Alvaro Obregon,Ciudad de Mexico - Alvaro Obregon,19.3908,-99.1954,Diario de Morelos,"Around 27 November 2024 (as reported), in the south of Jardines del Pedregal (coded to Ciudad de Mexico - Alvaro Obregon), three men abducted a woman and abandoned her inside a car in Averanda square, Cuernavaca, Morelos state. State police officers of Morelos located and released her uninjured.",0,MX09010,Álvaro Obregón,2024-12-16,2025-12-16
MEX96206,2024-11-27,2024,Political violence,Violence against civilians,Attack,484,North America,Mexico,Coahuila de Zaragoza,Frontera,Frontera,26.9261,-101.4494,La Prensa de Monclova,"On 27 November 2024, in Frontera, Coahuila de Zaragoza, according to witnesses, unidentified individuals hit and injured a man on Encino and Cerezo streets, in Colonia Jardines del Aeropuerto. 1 injured.",0,MX05010,Frontera,2024-12-16,2025-12-16
MEX96209,2024-11-27,2024,Political violence,Violence against civilians,Attack,484,North America,Mexico,Guanajuato,Celaya,Celaya,20.5215,-100.814,Zona Franca,"Around 27 November 2024 (as reported), in Celaya, Guanajuato, according to several witnesses, men on a motorcycle stopped next to a vehicle on Adolfo Lopez Mateos boulevard and shot and killed its driver. 1 fatality.",1,MX11007,Celaya,2024-12-16,2025-12-16
MEX96210,2024-11-27,2024,Political violence,Violence against civilians,Attack,484,North America,Mexico,Guanajuato,Celaya,Celaya,20.5215,-100.814,Zona Franca,"Around 27 November 2024 (as reported), in Celaya, Guanajuato, two men on a motorcycle approached a woman on 10 de Marzo street, in Colonia Ampliacion Emiliano Zapata Sur, and one of them got off the vehicle and shot and killed the woman. 1 fatality.",1,MX11007,Celaya,2024-12-16,2025-12-16
MEX96219,2024-11-27,2024,Political violence,Battles,Armed clash,484,North America,Mexico,Jalisco,Guadalajara,Guadalajara,20.6764,-103.3422,Riodoce,"On 27 November 2024, in Guadalajara, Jalisco, at least four armed men entered the barracks of Group 38 of the Auxiliary Police, in Colonia Alcalde Barranquitas, and subdued and tied three police officers. The perpetrators then seized 24 short weapons and two long weapons. There were no casualties.",0,MX14039,Guadalajara,2024-12-16,2025-12-16
MEX96222,2024-11-27,2024,Political violence,Battles,Armed clash,484,North America,Mexico,Michoacán,Contepec,Las Pilas,19.9408,-100.2849,La Voz de Michoacan; Quadratin Oaxaca,"On 27 November 2024, in Las Pilas, Michoacan de Ocampo, several armed individuals shot at municipal police officers along the road to Maravatio. The clash continued in Las Pilas, where officers killed an individual and the rest of them fled. 1 fatality.",1,MX16017,Contepec,2024-12-16,2025-12-16
MEX96226,2024-11-27,2024,Political violence,Battles,Armed clash,484,North America,Mexico,Nuevo León,General Escobedo,Ciudad General Escobedo,25.808,-100.3226,El Norte,"On 27 November 2024, in Ciudad General Escobedo, Nuevo Leon, armed individuals in a vehicle shot and killed a man in a drive-by inside a business in la Colonia Jardines de San Martin. The victim had drug dealing records. 1 fatality.",1,MX19021,General Escobedo,2024-12-16,2025-12-16
MEX96233,2024-11-27,2024,Political violence,Violence against civilians,Attack,484,North America,Mexico,Sinaloa,Culiacan,El Ranchito,24.7444,-107.3746,El Sol de Sinaloa; Noroeste,"On 27 November 2024, in El Ranchito, Sinaloa, armed individuals entered a house used as a clandestine casino in the intersection of Verano street and Huizache avenue, and shot and killed a man. 1 fatality.",1,MX25006,Culiacán,2024-12-16,2025-12-16
MEX96234,2024-11-27,2024,Political violence,Violence against civilians,Attack,484,North America,Mexico,Sonora,Hermosillo,Hermosillo,29.0749,-110.959,Entorno Informativo,"Around 27 November 2024 (as reported), in Hermosillo, Sonora, a man was killed and the body was found wrapped in a blanket with signs of violence in between Colonia Sierra Bonita and Fraccionamiento Romanza Residencial. 1 fatality.",1,MX26030,Hermosillo,2024-12-16,2025-12-16
MEX96242,2024-11-28,2024,Political violence,Violence against civilians,Attack,484,North America,Mexico,Baja California,Tijuana,Tijuana,32.5325,-117.019,AFN - Tijuana; Milenio; Zeta Tijuana,"On 28 November 2024, in Tijuana, Baja California, a group of unidentified armed men broke into the rehabilitation center 'Amigos por siempre' and shot and injured an inmate. The event occurred in Colonia Ciudad Jardin. Later the inmates rioted and set fire to the mattresses (coded separately).",0,MX02004,Tijuana,2024-12-16,2025-12-16
MEX96243,2024-11-28,2024,Political violence,Violence against civilians,Attack,484,North America,Mexico,Baja California,Tijuana,Tijuana,32.5325,-117.019,AFN - Tijuana; Zeta Tijuana,"Around 28 November 2024 (as reported), in Tijuana, Baja California, two men were killed and their bodies were found with signs of violence inside the trunk of a car in Colonia Mariano Matamoros. One of the bodies was wrapped with a blanket. According to witnesses, several armed men left the bodies in the car and then ran away. One of the victims was also found naked. 2 fatalities.",2,MX02004,Tijuana,2024-12-16,2025-12-16
MEX96244,2024-11-28,2024,Political violence,Violence against civilians,Attack,484,North America,Mexico,Baja California,Tijuana,Tijuana,32.5325,-117.019,Zeta Tijuana,"On 28 November 2024, in Tijuana, Baja California, a man was shot and injured between Avenidas Negrete and Madero. It is suspected the perpetrator was an armed woman. Later, two people were arrested.",0,MX02004,Tijuana,2024-12-16,2025-12-16
MEX96245,2024-11-28,2024,Political violence,Violence against civilians,Attack,484,North America,Mexico,Baja California,Tijuana,Tijuana,32.5325,-117.019,Zeta Tijuana,"On 28 November 2024, in Tijuana, Baja California, a woman was shot and killed on Avenida Constitucion. The perpetrators ran away on foot and others in a vehicle. Two men were arrested. 1 fatality.",1,MX02004,Tijuana,2024-12-16,2025-12-16
MEX96248,2024-11-28,2024,Political violence,Violence against civilians,Attack,484,North America,Mexico,Campeche,Champoton,Canasayab,19.2961,-90.5683,Tribuna Campeche,"On 28 November 2024, in Canasayab, Campeche, two armed men in a vehicle shot and killed two men. It is suspected to be related to a settling of accounts. 2 fatalities.",2,MX04004,Champotón,2024-12-16,2025-12-16
MEX96252,2024-11-28,2024,Political violence,Battles,Armed clash,484,North America,Mexico,Coahuila de Zaragoza,Saltillo,Saltillo,25.4217,-100.9997,El Norte,"On 28 November 2024, around Saltillo, Coahuila, there was an armed clash between armed men and the state police on the Monterrey-Saltillo highway. One man was arrested. According to the investigations, this event could be related to a previous clash in Santa Catarina municipality, in Nuevo Leon (coded separately), however, this was not confirmed. No casualties.",0,MX05030,Saltillo,2024-12-16,2025-12-16
MEX96256,2024-11-28,2024,Political violence,Violence against civilians,Attack,484,North America,Mexico,Guerrero,Acapulco de Juarez,Lomas de Chapultepec,16.7161,-99.6114,El Sol de Acapulco,"Around 28 November 2024 (as reported), in Lomas de Chapultepec, Guerrero, a woman was killed and her body was found wrapped in a blanket with her hands tied up and stabbed. 1 fatality.",1,MX12001,Acapulco de Juárez,2024-12-16,2025-12-16
MEX96264,2024-11-28,2024,Political violence,Violence against civilians,Attack,484,North America,Mexico,Michoacán,Zamora,Zamora de Hidalgo,19.9836,-102.286,La Voz de Michoacan,"On 28 November 2024, in Zamora de Hidalgo, Michoacan, a young man was shot and injured by two armed men inside a beauty salon in Colonia Ramirez.",0,MX16108,Zamora,2024-12-16,2025-12-16
MEX96266,2024-11-28,2024,Political violence,Battles,Armed clash,484,North America,Mexico,Nuevo León,Santa Catarina,Ciudad Santa Catarina,25.6744,-100.4617,El Norte,"On 28 November 2024, in Ciudad Santa Catarina, Nuevo Leon, there was an armed clash between armed individuals. A man was killed and his body was found. 1 fatality.",1,MX19048,Santa Catarina,2024-12-16,2025-12-16
MEX96270,2024-11-28,2024,Political violence,Violence against civilians,Attack,484,North America,Mexico,San Luis Potosí,Ciudad Valles,Ciudad Valles,21.9865,-99.0187,La Jornada,"On 28 November 2024, in Ciudad Valles, San Luis Potosi, According to witnesses, gunmen in a vehicle fired at a passing vehicle and the vehicle crashed, killing the driver and injuring two others. The gunmen also kidnapped a man who was in the vehicle. The kidnapping victim had just been released from prison. The victim's whereabouts are unknown. 1 fatality.",1,MX24013,Ciudad Valles,2024-12-16,2025-12-16
MEX96281,2024-11-28,2024,Political violence,Battles,Armed clash,484,North America,Mexico,Sonora,Nogales,Cibuta,31.0619,-110.8979,Milenio,"On 28 November 2024, in Cibuta, Sonora, there was an armed clash between the military and armed men while officers were patrolling the area. One man was killed and another one was injured. Weapons were seized. 1 fatality.",1,MX26043,Nogales,2024-12-16,2025-12-16
MEX96282,2024-11-28,2024,Political violence,Battles,Armed clash,484,North America,Mexico,Sonora,San Luis Rio Colorado,San Luis Rio Colorado,32.4798,-114.7796,Milenio,"On 28 November 2024, in San Luis Rio Colorado, Sonora, there was an armed clash between criminal gropus on Avenida 5 de mayo. Two people were killed. An unknown number of people were arrested. Later, a second armed clash was reported on Avenida Quintana Roo. One person was injured. Lastly, another armed clash was reported on Avenida Hortencias, where two people were killed and another one was injured. Suspectedly, all these clashes are gang-related. 2 injured, 4 fatalities.",4,MX26055,San Luis Río Colorado,2024-12-16,2025-12-16
MEX96284,2024-11-29,2024,Political violence,Violence against civilians,Attack,484,North America,Mexico,Baja California,Tijuana,Tijuana,32.5325,-117.019,AFN - Tijuana,"On 29 November 2024, in Tijuana, Baja California, a man was shot and killed in colonia Los Laureles. A man and a woman were arrested as they are suspected to be the perpetrators. 1 fatality.",1,MX02004,Tijuana,2024-12-16,2025-12-16
MEX96289,2024-11-29,2024,Political violence,Violence against civilians,Attack,484,North America,Mexico,Colima,Manzanillo,Manzanillo,19.0532,-104.3164,Colima Noticias,"On 29 November 2024, in Manzanillo, Colima, armed men shot and killed a man in fraccionamiento Valle Paraiso. The victim was a municipal police officer (off duty). 1 fatality.",1,MX06007,Manzanillo,2024-12-16,2025-12-16
MEX96295,2024-11-29,2024,Political violence,Violence against civilians,Attack,484,North America,Mexico,Michoacán,Zinapecuaro,Ucareo,19.8997,-100.687,La Voz de Michoacan,"Around 29 November 2024 (as reported), around Ucareo, Michoacan, a person was killed and the body was found wrapped in bags on the Ucareo-Jerahuaro. 1 fatality.",1,MX16110,Zinapécuaro,2024-12-16,2025-12-16
MEX96296,2024-11-29,2024,Political violence,Violence against civilians,Attack,484,North America,Mexico,Morelos,Jiutepec,Jiutepec,18.882,-99.1772,Diario de Morelos,"On 29 November 2024, in Jiutepec, Morelos, two armed men on a motorcycle shot and killed a man in a drive-by shooting in colonia Calera Chica. 1 fatality.",1,MX17011,Jiutepec,2024-12-16,2025-12-16
MEX96297,2024-11-29,2024,Political violence,Violence against civilians,Attack,484,North America,Mexico,Puebla,Puebla,Heroica Puebla de Zaragoza,19.044,-98.1975,E-Consulta; Milenio,"Around 29 November 2024 (as reported), in Heroica Puebla de Zaragoza, Puebla, a man was killed and his body was found wrapped in blankets in Colonia Naciones Unidas. 1 fatality.",1,MX21114,Puebla,2024-12-16,2025-12-16
MEX96306,2024-11-29,2024,Political violence,Battles,Armed clash,484,North America,Mexico,Sonora,Nogales,Heroica Nogales,31.3259,-110.9458,Entorno Informativo; Milenio,"On 29 November 2024, in Heroica Nogales, Sonora, there was an armed clash between the state police and members of a criminal group during an operation in a base camp. One person was killed. Four people were arrested. Weapons were seized. 1 fatality.",1,MX26043,Nogales,2024-12-16,2025-12-16
MEX95168,2024-11-04,2024,Political violence,Battles,Armed clash,484,North America,Mexico,Tabasco,Centro,Villahermosa,17.9878,-92.9194,Tabasco Hoy,"On 4 November 2024, in Villahermosa, Tabasco, an armed individual shot and killed two officers of the Attorney General's office (FGR) in fraccionamiento Estrellas de Buenavista on patrol. Several people were arrested. The perpetrator is a business man who was owed money by the victims. 2 fatalities.",2,MX27004,Centro,2024-12-16,2025-12-16
MEX95210,2024-11-05,2024,Political violence,Violence against civilians,Attack,484,North America,Mexico,Oaxaca,Oaxaca de Juarez,Oaxaca de Juarez,17.06,-96.7255,24 Horas (Mexico); La Jornada; La Verdad; Quadratin Oaxaca,"On 5 November 2024, in Oaxaca de Juarez, Oaxaca, two armed individuals opened fire from a motorcycle (drive-by) and shot two women indigenous Triqui (coded to Mixtec Indigenous Group) and members of MULT while they were in a vehicle in Colonia Union. Both women died, and the driver was injured. One of the perpetrators was an active state police officer (likely off-duty) who was hired to carry out the attack; he was arrested. 2 fatalities, 1 injury.",2,MX20067,Oaxaca de Juárez,2024-12-16,2025-12-16
MEX96452,2024-12-03,2024,Political violence,Battles,Armed clash,484,North America,Mexico,Chiapas,Pantelho,San Francisco de Asis,17.0608,-92.5006,Milenio,"On 3 December 2024, in San Francisco de Asis, Chiapas, members of Los Herrera gang entered the community and clashed with local armed groups. This event was replicated in other locations in the municipality (coded separately). There were no casualties.",0,MX07066,Pantelhó,2024-12-16,2025-12-16
MEX93190,2024-09-18,2024,Political violence,Battles,Armed clash,484,North America,Mexico,Veracruz de Ignacio de la Llave,Rafael Delgado,Rafael Delgado,18.8105,-97.0719,Imagen del Golfo; La Silla Rota,"On 18 September 2024, in Rafael Delgado, Veracruz de Ignacio de la Llave, armed individuals opened fire at two state police officers who were injured and transported to the hospital. 2 injuries.",0,MX30135,Rafael Delgado,2024-12-16,2025-12-16
MEX95003,2024-10-30,2024,Political violence,Battles,Armed clash,484,North America,Mexico,Sinaloa,Rosario,Corral de Piedras,22.9262,-105.6121,Noroeste,"On 30 October 2024, in Corral de Piedras, Sinaloa, there was an armed clash between armed men. Two people were arrested. Casualties unknown.",0,MX25014,Rosario,2024-12-16,2025-12-16
MEX95217,2024-11-05,2024,Political violence,Violence against civilians,Attack,484,North America,Mexico,Sinaloa,Rosario,Otatitan,23.0118,-105.6672,El Sol de Sinaloa,"Around 5 November 2024 (as reported), in Otatitan, Sinaloa, a person was killed and the body was found burned inside a burning car. 1 fatality.",1,MX25014,Rosario,2024-12-16,2025-12-16
MEX95848,2024-11-16,2024,Political violence,Violence against civilians,Attack,484,North America,Mexico,Michoacán,Zinapecuaro,Zinapecuaro de Figueroa,19.8603,-100.8276,MiMorelia,"Around 16 November 2024 (as reported), in Zinapecuaro de Figueroa, Michoacan, a man was killed and the body was found dismembered inside a cooler. 1 fatality.",1,MX16110,Zinapécuaro,2024-12-16,2025-12-16
MEX96307,2024-10-22,2024,Political violence,Violence against civilians,Attack,484,North America,Mexico,Guerrero,Taxco de Alarcon,Taxco de Alarcon,18.5574,-99.6046,El Sol de Acapulco,"On 22 October 2024, in Taxco de Alarcon, Guerrero, a journalist was assaulted by the security personnel of the municipal president during a religious cultural-musical event after the escort tried to snatch the work equipment, and carried out physical and verbal aggressions. There were no fatalities.",0,MX12055,Taxco de Alarcón,2024-12-16,2025-12-16
MEX96310,2024-11-25,2024,Political violence,Violence against civilians,Attack,484,North America,Mexico,México,Valle de Chalco Solidaridad,Valle de Chalco Solidaridad,19.2925,-98.9401,La Verdad,"Around 25 November 2024 (as reported), in Valle de Chalco Solidaridad, Mexico, a man was killed and his body was found together with a threatening message signed by the CJNG. State police officers arrested 11 suspects (nine men and two women) in Ixtapaluca around 1 December 2024. 1 fatality.",1,MX15122,Valle de Chalco Solidaridad,2024-12-16,2025-12-16
MEX96314,2024-11-28,2024,Political violence,Violence against civilians,Attack,484,North America,Mexico,Jalisco,Guadalajara,Guadalajara,20.6764,-103.3422,Mural,"On 28 November 2024, in Guadalajara, Jalisco, according to the victim, unidentified individuals abducted a man on Periferico Sur, near Lopez Mateos avenue, and took him to a property where they hit and injured him. The perpetrators released the victim the day after on Antonio Larranaga street, in Colonia Huentitan El Alto. 1 injured.",0,MX14039,Guadalajara,2024-12-16,2025-12-16
MEX96318,2024-11-29,2024,Political violence,Violence against civilians,Attack,484,North America,Mexico,Jalisco,El Salto,El Salto,20.5194,-103.1817,Mural,"Around 29 November 2024 (week of), in El Salto, Jalisco, a man was killed and his body was found with the hands tied in a canal next to Fresnos street, in Fraccionamiento La Azucena. 1 fatality.",1,MX14070,El Salto,2024-12-16,2025-12-16
MEX96320,2024-11-29,2024,Political violence,Violence against civilians,Attack,484,North America,Mexico,Michoacán,Paracuaro,Paracuaro,19.1458,-102.22,La Verdad,"On 29 November 2024, in Paracuaro municipality, Michoacan, armed individuals intercepted and attacked a well known lemon business farmer on the Cuatro Caminos-Apatzingan highway. The business owner died at the hospital due to the injuries. Another man that was with him was also injured. The killed victim, had been threaten by criminal groups and was part of a extortions. 1 fatality.",1,MX16064,Parácuaro,2024-12-16,2025-12-16
MEX96321,2024-11-29,2024,Political violence,Violence against civilians,Attack,484,North America,Mexico,Nuevo León,General Escobedo,Ciudad General Escobedo,25.808,-100.3226,El Norte; Milenio,"On 29 November 2024, in Ciudad General Escobedo, Nuevo Leon, according to witnesses, two individuals on a motorcycle arrived at Articulo 43 avenue and Privada Santiago street, in the neighborhood of Nuevo Leon, in Colonia Alianza Real, one of them got off the vehicle, and shot and killed two men. 2 fatalities.",2,MX19021,General Escobedo,2024-12-16,2025-12-16
MEX96323,2024-11-29,2024,Political violence,Battles,Armed clash,484,North America,Mexico,Sinaloa,Culiacan,Campo Eureka,24.4914,-107.423,Milenio,"On 29 November 2024, in Campo Eureka, Sinaloa, armed groups clashed. Casualties unknown.",0,MX25006,Culiacán,2024-12-16,2025-12-16
MEX96327,2024-11-30,2024,Political violence,Violence against civilians,Attack,484,North America,Mexico,Baja California,Tijuana,Tijuana,32.5325,-117.019,AFN - Tijuana,"On 30 November 2024, in Tijuana, Baja California, according to witnesses, unidentified individuals shot and killed a transport driver in Fraccionamiento El Laurel 2. 1 fatality.",1,MX02004,Tijuana,2024-12-16,2025-12-16
MEX96328,2024-11-30,2024,Political violence,Violence against civilians,Attack,484,North America,Mexico,Baja California,Tijuana,Tijuana,32.5325,-117.019,AFN - Tijuana; Milenio,"On 30 November 2024, in Tijuana, Baja California, according to witnesses, four individuals shot at a handicrafts store on Via Rapida Oriente street, injuring a 17-years old boy who was inside. Also in Tijuana, four individuals shot and injured a 17-years old boy in a clandestine casino near the toll of San Ysidro. 2 injured.",0,MX02004,Tijuana,2024-12-16,2025-12-16
MEX96329,2024-11-30,2024,Political violence,Violence against civilians,Attack,484,North America,Mexico,Baja California,Tijuana,Tijuana,32.5325,-117.019,Zeta Tijuana,"Around 30 November 2024 (as reported), in Tijuana, Baja California, a man killed two women and their bodies were found in a house on Uxmal street, in Colonia Mariano Matamoros. One of the victims was tied up and had a bag around the head, and the other was wrapped in blankets. The perpetrator was injured and arrested during a police operation in the same colonia. 2 fatalities.",2,MX02004,Tijuana,2024-12-16,2025-12-16
MEX96330,2024-11-30,2024,Political violence,Violence against civilians,Attack,484,North America,Mexico,Chiapas,Ocozocoautla de Espinosa,Ocozocoautla,16.7596,-93.3739,Milenio,"On 30 November 2024, in Ocozocoautla, Chiapas, according to witnesses, armed individuals on two motorcycles shot at people at 'El Hornito' tacos stand, on Primera Avenida Norte avenue, killing two men (drive-by). 2 fatalities.",2,MX07061,Ocozocoautla de Espinosa,2024-12-16,2025-12-16
MEX96333,2024-11-30,2024,Political violence,Violence against civilians,Attack,484,North America,Mexico,Ciudad de Mexico,Coyoacan,Ciudad de Mexico - Coyoacan,19.3502,-99.1621,Metro Mx; Reforma,"On 30 November 2024, in Ciudad de Mexico - Coyoacan, several armed men shot and killed a man in Colonia Ajusco. 1 fatality.",1,MX09003,Coyoacán,2024-12-16,2025-12-16
MEX96334,2024-11-30,2024,Political violence,Violence against civilians,Attack,484,North America,Mexico,Colima,Manzanillo,El Colomo,19.0616,-104.2589,Colima Noticias,"On 30 November 2024, in El Colomo, Colima, armed individuals in a vehicle shot and killed a man on Lopez Mateos avenue (drive-by). 1 fatality.",1,MX06007,Manzanillo,2024-12-16,2025-12-16
MEX96336,2024-11-30,2024,Political violence,Violence against civilians,Attack,484,North America,Mexico,Guanajuato,Celaya,Celaya,20.5215,-100.814,La Silla Rota,"On 30 November 2024, in Celaya, Guanajuato, suspected cartel members shot at members of a family who managed a stand for the sell of churros on Tierra y Libertad street, in Colonia Emiliano Zapata, killing two women and injuring three people (a man, a woman, and a minor). 2 fatalities, 3 injured.",2,MX11007,Celaya,2024-12-16,2025-12-16
MEX96339,2024-11-30,2024,Political violence,Violence against civilians,Attack,484,North America,Mexico,México,Tlalnepantla de Baz,Tlalnepantla,19.5385,-99.1952,La Jornada,"Around 30 November 2024 (as reported), in Tlalnepantla, Mexico, two men were killed and their bodies were found wrapped in blankets and inside bags in a canal on Prolongacion Hidalgo avenue, in Colonia Industrial Barrientos. 2 fatalities.",2,MX15104,Tlalnepantla de Baz,2024-12-16,2025-12-16
MEX96341,2024-11-30,2024,Political violence,Violence against civilians,Attack,484,North America,Mexico,Michoacán,Querendaro,La Estancia,19.795,-100.8244,La Voz de Michoacan,"Around 30 November 2024 (as reported), on the Zinapecuaro-Ciudad Hidalgo road (coded to La Estancia), Michoacan de Ocampo, a person was killed and the dismembered body was found on the bypass road to La Estancia. According to the authorities, this and other attack perpetrated the day after in the municipality of Zinapecuaro (coded separately) are linked to the conflict between the Jalisco New Generation Cartel (CJNG) and Grupo X Gang. 1 fatality.",1,MX16072,Queréndaro,2024-12-16,2025-12-16
MEX96344,2024-11-30,2024,Political violence,Violence against civilians,Attack,484,North America,Mexico,Morelos,Jiutepec,Jiutepec,18.882,-99.1772,Diario de Morelos; El Norte; El Proceso; La Jornada; La Verdad; Milenio; Noroeste; Reforma; Riodoce; Tabasco Hoy; Zeta Tijuana; Zona Franca,"On 30 November 2024, in Jiutepec, Morelos, armed men entered a house on Cerro de las Turquesas street, in Colonia Vista Hermosa, and shot and killed nine men (including a boy). The house is a drug selling point known as 'El Picadero'. State police officers arrived at the scene and seized two fireweapons and drugs. Also in Jiutepec, armed men in a vehicle shot and killed a man who was driving a motorcycle in Colonia Vicente Guerrero (drive-by). A girl who was with the victim was injured. 10 fatalities, 1 injured.",10,MX17011,Jiutepec,2024-12-16,2025-12-16
MEX96346,2024-11-30,2024,Political violence,Violence against civilians,Attack,484,North America,Mexico,Nuevo León,San Nicolas de los Garza,San Nicolas de los Garza,25.7553,-100.2896,El Norte,"On 30 November 2024, in San Nicolas de los Garza, Nuevo Leon, two armed men entered a house and shot at people in Colonia Vicente Guerrero. Three people were injured, including two girls. A day later, a man who was a victim died at the hospital. 1 fatality.",1,MX19046,San Nicolás de los Garza,2024-12-16,2025-12-16
MEX96348,2024-11-30,2024,Political violence,Violence against civilians,Attack,484,North America,Mexico,Puebla,Puebla,San Miguel Canoa,19.1519,-98.103,E-Consulta; Noroeste,"On 30 November 2024, in San Miguel Canoa, Puebla, two armed individuals entered a drug selling point on El Jardin and Emiliano Zapata streets and shot and killed at the people who were inside, killing a man and injuring two. 1 fatality, 2 injured.",1,MX21114,Puebla,2024-12-16,2025-12-16
MEX96349,2024-11-30,2024,Political violence,Violence against civilians,Attack,484,North America,Mexico,Quintana Roo,Benito Juarez,Cancun,21.1614,-86.8248,La Prensa de Monclova; Milenio,"On 30 November 2024, in Cancun, Quintana Roo, according to witnesses, at least four individuals on motorcycles shot and killed four men (including two boys) in Colonia Santa Cecilia (drive-by). Also, a man was shot and killed by unknown armed individuals inside a barbershop. Also in Cancun, two men were shot and injured by an armed individual inside a house in Colonia Villas Otoch Paraiso. The three attacks are linked to disputes between drug trafficking groups. 5 fatalities.",5,MX23005,Benito Juárez,2024-12-16,2025-12-16
MEX96360,2024-11-30,2024,Political violence,Battles,Armed clash,484,North America,Mexico,Sinaloa,Rosario,La Rastra,23.0714,-105.5197,Noroeste; Riodoce,"On 30 November 2024, in the area between La Rastra and Palmarito (coded to La Rastra), Sinaloa, unidentified armed groups clashed. Casualties unknown.",0,MX25014,Rosario,2024-12-16,2025-12-16
MEX96363,2024-11-30,2024,Political violence,Violence against civilians,Attack,484,North America,Mexico,Veracruz de Ignacio de la Llave,Hueyapan de Ocampo,Juan Diaz Covarrubias,18.1586,-95.1844,Imagen del Golfo; Zeta Tijuana,"Around 30 November 2024 (as reported), in Juan Diaz Covarrubias, Veracruz de Ignacio de la Llave, eight people (seven men and a woman) were killed and their bodies were found dismembered, partially burnt, and inside plastic bags in Aparicio ranch. The victims had been abducted in the towns of De Hueyapan and Catemaco on unspecified dates. 8 fatalities.",8,MX30073,Hueyapan de Ocampo,2024-12-16,2025-12-16
MEX96365,2024-12-01,2024,Political violence,Violence against civilians,Attack,484,North America,Mexico,Baja California,Tecate,Tecate,32.5727,-116.6266,AFN - Tijuana; Zeta Tijuana,"On 1 December 2024, in Tecate, Baja California, armed individuals shot and killed a man at 'La Guarida de Diversion' children's playground. A 3-years old boy was injured. The killed victim was identified as the former boyfriend of a woman who was an activist in the search of missing people and who was killed in February. 1 fatality, 1 injured.",1,MX02003,Tecate,2024-12-16,2025-12-16
MEX96366,2024-12-01,2024,Political violence,Violence against civilians,Attack,484,North America,Mexico,Baja California,Tijuana,Tijuana,32.5325,-117.019,AFN - Tijuana,"Around 1 December 2024 (as reported), in Tijuana, Baja California, a man was killed and his body was found with signs of torture and wrapped in a blanket in colonia Herrera. 1 fatality.",1,MX02004,Tijuana,2024-12-16,2025-12-16
MEX96367,2024-12-01,2024,Political violence,Violence against civilians,Attack,484,North America,Mexico,Baja California,Tijuana,Tijuana,32.5325,-117.019,Zeta Tijuana,"Around 1 December 2024 (as reported), in Tijuana, Baja California, a man was killed and his body was found burned in Colonia Guaycura. 1 fatality.",1,MX02004,Tijuana,2024-12-16,2025-12-16
MEX96368,2024-12-01,2024,Political violence,Violence against civilians,Attack,484,North America,Mexico,Baja California,Tijuana,Tijuana,32.5325,-117.019,AFN - Tijuana,"On 1 December 2024, in Tijuana, Baja California, according to witnesses and security cameras footage, two individuals shot and injured a man in Colonia Dimenstein. 1 injured.",0,MX02004,Tijuana,2024-12-16,2025-12-16
MEX96373,2024-12-01,2024,Political violence,Violence against civilians,Attack,484,North America,Mexico,Chihuahua,Chihuahua,Chihuahua,28.6368,-106.0763,Tiempo,"On 1 December 2024, in Chihuahua, Chihuahua, according to witnesses, armed individuals shot and killed a man on Ortiz de Campo street, in Colonia San Felipe. 1 fatality.",1,MX08019,Chihuahua,2024-12-16,2025-12-16
MEX96374,2024-12-01,2024,Political violence,Violence against civilians,Attack,484,North America,Mexico,Chihuahua,Chihuahua,Chihuahua,28.6368,-106.0763,Tiempo,"Around 1 December 2024 (as reported), in Chihuahua, Chihuahua, a person was killed and the body was found wrapped in blankets on Venceremos avenue, by Colonia Granjas del Valle. The victim had been reported missing since 28 November. 1 fatality.",1,MX08019,Chihuahua,2024-12-16,2025-12-16
MEX96379,2024-12-01,2024,Political violence,Battles,Armed clash,484,North America,Mexico,Michoacán,Buenavista,Los Charcos,19.0217,-102.5084,El Proceso; La Voz de Michoacan; MiMorelia; Riodoce,"On 1 December 2024, near Los Charcos, Michoacan de Ocampo, military, National Guard, and state police officers clashed with armed individuals from a criminal group. Three men were killed. The officers also seized three fireweapons and tactical equipment. 3 fatalities.",3,MX16012,Buenavista,2024-12-16,2025-12-16
MEX96380,2024-12-01,2024,Political violence,Violence against civilians,Attack,484,North America,Mexico,Nuevo León,Linares,El Salitre,24.9609,-99.7572,El Norte,"Around 1 December 2024 (as reported), in El Salitre, Nuevo Leon, a woman was killed and the body was found with signs of torture. 1 fatality.",1,MX19033,Linares,2024-12-16,2025-12-16
MEX96381,2024-12-01,2024,Political violence,Violence against civilians,Attack,484,North America,Mexico,Nuevo León,Montemorelos,Montemorelos,25.1893,-99.827,La Jornada; La Verdad,"On 1 December 2024, in Montemorelos, Nuevo Leon, armed individuals in a vehicle shot at a woman journalist who was driving a van on Capitan Alonso de Leon avenue (drive-by). The victim is also wife of Ricardo a reporter for the Marmat Noticias media outlet.1 injured.",0,MX19038,Montemorelos,2024-12-16,2025-12-16
MEX96383,2024-12-01,2024,Political violence,Violence against civilians,Attack,484,North America,Mexico,Quintana Roo,Benito Juarez,Cancun,21.1614,-86.8248,La Prensa de Monclova,"On 1 December 2024, in Cancun, Quintana Roo, a man was shot and killed by unknown armed individuals. The victim was a bricklayer but it is unknown if the attack is related to his profession. The attack is linked to disputes between drug trafficking groups. 1 fatality.",1,MX23005,Benito Juárez,2024-12-16,2025-12-16
MEX96384,2024-12-01,2024,Political violence,Violence against civilians,Attack,484,North America,Mexico,Quintana Roo,Benito Juarez,Cancun,21.1614,-86.8248,La Prensa de Monclova,"Around 1 December 2024 (as reported), in Cancun, Quintana Roo, a man was killed and his body was found inside a motorcycle taxi belonging to a union of people with disabilities. The attack is linked to disputes between drug trafficking groups. 1 fatality.",1,MX23005,Benito Juárez,2024-12-16,2025-12-16
MEX96386,2024-12-01,2024,Political violence,Battles,Armed clash,484,North America,Mexico,Sinaloa,Culiacan,Aguaruto,24.7785,-107.5072,Noroeste,"Around 1 December 2024 (as reported), in Aguaruto, Sinaloa, National Guard officers and armed individuals clashed. Casualties unknown.",0,MX25006,Culiacán,2024-12-16,2025-12-16
MEX96390,2024-12-01,2024,Political violence,Violence against civilians,Attack,484,North America,Mexico,Tabasco,Comalcalco,Comalcalco,18.266,-93.225,Tabasco Hoy,"Around 1 December 2024 (as reported), in Comalcalco, Tabasco, men in a van shot and killed a man on Gil y Saenz street, in Colonia Centro (drive-by). 1 fatality.",1,MX27005,Comalcalco,2024-12-16,2025-12-16
MEX96391,2024-12-01,2024,Political violence,Violence against civilians,Attack,484,North America,Mexico,Tabasco,Macuspana,Macuspana,17.7564,-92.5941,Tabasco Hoy,"Around 1 December 2024 (as reported), in Macuspana, Tabasco, according to the victim's sister, at least three men entered a house in Nabor Cornelio ranch and shot and killed a man. 1 fatality.",1,MX27012,Macuspana,2024-12-16,2025-12-16
MEX96393,2024-12-01,2024,Political violence,Violence against civilians,Attack,484,North America,Mexico,Zacatecas,Zacatecas,La Pimienta,22.7919,-102.6317,Pagina 24 Zacatecas,"Around 1 December 2024 (as reported), in La Pimienta, Zacatecas, two young men were killed and their bodies were found with the 'tiro de gracia'. 2 fatalities.",2,MX32056,Zacatecas,2024-12-16,2025-12-16
MEX96394,2024-12-02,2024,Political violence,Violence against civilians,Attack,484,North America,Mexico,Baja California,Tijuana,Tijuana,32.5325,-117.019,AFN - Tijuana,"Around 2 December 2024 (as reported), in Tijuana, Baja California, a man was killed and his body was found with signs of violence and wrapped in a blanket in fraccionamiento Real del Bosque. 1 fatality.",1,MX02004,Tijuana,2024-12-16,2025-12-16
MEX96395,2024-12-02,2024,Political violence,Violence against civilians,Attack,484,North America,Mexico,Baja California,Tijuana,Tijuana,32.5325,-117.019,Zeta Tijuana,"On 2 December 2024, in Tijuana, Baja California, unidentified armed individuals shot and killed two brothers who were standing in front of a house in Colonia Libertad Parte Alta. One of them was a minister at the Antioquia Missionary Center (Christian Group). 2 fatalities.",2,MX02004,Tijuana,2024-12-16,2025-12-16
MEX96396,2024-12-02,2024,Political violence,Violence against civilians,Attack,484,North America,Mexico,Baja California Sur,La Paz,La Paz,24.1487,-110.307,BCS Noticias,"On 2 December 2024, in La Paz, Baja California Sur, a group of armed men intercepted a group of six fishermen and tried to kidnap them around Playa El Coyote. The victims were in a vehicle when they were intercepted by the perpetrators, who forced them to get out of the car (shots were likely fired as shots were heard, and the vehicle was left with bullet holes). The perpetrators burned the victims' vehicle. Three of the men managed to escape. The rest of the victim's whereabouts is unknown. Casualties unknown.",0,MX03003,La Paz,2024-12-16,2025-12-16
MEX96399,2024-12-02,2024,Political violence,Battles,Armed clash,484,North America,Mexico,Chihuahua,Ojinaga,Manuel Ojinaga,29.5645,-104.4157,Tiempo,"On 2 December 2024, in Manuel Ojinaga, Chihuahua, armed individuals attacked state police officers in two vehicles and then threw tire punctures on the road to avoid further persecution. There were no casualties.",0,MX08052,Ojinaga,2024-12-16,2025-12-16
MEX96406,2024-12-02,2024,Political violence,Battles,Armed clash,484,North America,Mexico,Guanajuato,Celaya,Celaya,20.5215,-100.814,Zona Franca,"On 2 December 2024, in Celaya, Guanajuato, armed individuals carried out a drive-by shooting targeting a transit police officer. There were no casualties.",0,MX11007,Celaya,2024-12-16,2025-12-16
MEX96409,2024-12-02,2024,Political violence,Violence against civilians,Attack,484,North America,Mexico,Guerrero,Acapulco de Juarez,El Treinta,16.9297,-99.8025,El Sol de Acapulco; Milenio,"Around 2 December 2024 (as reported), in El Treinta, Guerrero, three men were killed and their bodies were found beheaded with a message inside a vehicle. Only three heads and two bodies were found. The third's victim body was later found in El Metlapil (coded separately). 3 fatalities.",3,MX12001,Acapulco de Juárez,2024-12-16,2025-12-16
MEX96422,2024-12-02,2024,Political violence,Violence against civilians,Attack,484,North America,Mexico,Michoacán,Morelia,Morelia,19.7034,-101.192,La Voz de Michoacan; MiMorelia,"On 2 December 2024, in Morelia, Michoacan, according to witnesses, an armed woman and her accomplice shot and injured a man who was working in the logistics of public buses in Colonia Martin Castrejon. 1 injured.",0,MX16053,Morelia,2024-12-16,2025-12-16
MEX96423,2024-12-02,2024,Political violence,Battles,Armed clash,484,North America,Mexico,Michoacán,Uruapan,Caltzontzin,19.4234,-102.007,MiMorelia,"On 2 December 2024, around Caltzontzin, Michoacan, armed individuals from criminal groups clashed on the road to San Andres Coru. One man was injured. The injured man and another one were later arrested.",0,MX16102,Uruapan,2024-12-16,2025-12-16
MEX96424,2024-12-02,2024,Political violence,Battles,Armed clash,484,North America,Mexico,Morelos,Yautepec,Yautepec de Zaragoza,18.8861,-99.0608,Diario de Morelos; Milenio,"On 2 December 2024, in Yautepec de Zaragoza, Morelos, there was an armed clash between armed individuals. One minor was injured with a stray bullet. He died later at the hospital. Another version, is that there was an attack against the owner of a business who also died during the attack. At least 1 fatality.",1,MX17029,Yautepec,2024-12-16,2025-12-16
MEX96425,2024-12-02,2024,Political violence,Violence against civilians,Attack,484,North America,Mexico,Nuevo León,Pesqueria,Pesqueria,25.7833,-100.0537,El Norte; Metro Monterrey,"On 2 December 2024, in Pesqueria, Nuevo Leon, according to witnesses, armed men entered a house and shot and killed a woman and injured a man in Colonia Colinas del Aeropuerto. 1 fatality.",1,MX19041,Pesquería,2024-12-16,2025-12-16
MEX96426,2024-12-02,2024,Political violence,Violence against civilians,Attack,484,North America,Mexico,Nuevo León,San Pedro Garza Garcia,San Pedro Garza Garcia,25.6652,-100.4025,Milenio,"On 2 December 2024, in San Pedro Garza Garcia, Nuevo Leon, a man was shot and killed by armed individuals at the city center. The perpetrators left a message. 1 fatality.",1,MX19019,San Pedro Garza García,2024-12-16,2025-12-16
MEX96430,2024-12-02,2024,Political violence,Violence against civilians,Attack,484,North America,Mexico,Sinaloa,Culiacan,El Ranchito,24.7444,-107.3746,La Jornada; Milenio; Riodoce,"On 2 December 2024, in El Ranchito, Sinaloa, criminal members shot at a drug addict rehab center (likely not empty) and set it on fire. There were no casualties, only material damages.",0,MX25006,Culiacán,2024-12-16,2025-12-16
MEX96437,2024-12-02,2024,Political violence,Violence against civilians,Attack,484,North America,Mexico,Sonora,Hermosillo,Hermosillo,29.0749,-110.959,Entorno Informativo,"On 2 December 2024, in Hermosillo, Sonora, three armed men in two vehicles stabbed at two men in colonia El Jito. They took them for some blocks and later released them injured. 2 injured.",0,MX26030,Hermosillo,2024-12-16,2025-12-16
MEX96439,2024-12-02,2024,Political violence,Battles,Armed clash,484,North America,Mexico,Tamaulipas,San Carlos,San Carlos,24.5818,-98.9436,El Norte; Milenio,"On 2 December 2024, in San Carlos, Tamulipas, there was an armed clash between armed individuals and the state police during a patrol. One police officer was injured but died later at the hospital. 1 fatality.",1,MX28034,San Carlos,2024-12-16,2025-12-16
MEX96441,2024-12-02,2024,Political violence,Violence against civilians,Attack,484,North America,Mexico,Zacatecas,Tepetongo,Tepetongo,22.4612,-103.1479,Milenio; Pagina 24 Zacatecas,"Around 2 December 2024 (as reported), in Tepetongo, Zacatecas, a man was killed and the body was found with signs of torture and a message signed by a criminal group in the trunk of a taxi. The victim was a taxi driver who had been reported missing. 1 fatality.",1,MX32046,Tepetongo,2024-12-16,2025-12-16
MEX96442,2024-12-02,2024,Political violence,Violence against civilians,Attack,484,North America,Mexico,Zacatecas,Zacatecas,Zacatecas,22.7761,-102.5718,Pagina 24 Zacatecas,"On 2 December 2024, in Zacatecas, Zacatecas, members of a criminal group entered a house and shot and killed a man in colonia Toma de Zacatecas. 1 fatality.",1,MX32056,Zacatecas,2024-12-16,2025-12-16
MEX96445,2024-12-03,2024,Political violence,Violence against civilians,Attack,484,North America,Mexico,Baja California,Tijuana,Tijuana,32.5325,-117.019,AFN - Tijuana,"Around 3 December 2024 (as reported), in Tijuana, Baja California, a man was killed and the body was found with signs of violence, hands tied up and covered with a blanket in colonia Reforma. 1 fatality.",1,MX02004,Tijuana,2024-12-16,2025-12-16
MEX96447,2024-12-03,2024,Political violence,Violence against civilians,Attack,484,North America,Mexico,Baja California Sur,La Paz,La Paz,24.1487,-110.307,BCS Noticias,"On 3 December 2024, in La Paz, Baja California Sur, several individuals entered a house and beaten up a man in colonia Colina de La Cruz. The victim was left injured.",0,MX03003,La Paz,2024-12-16,2025-12-16
MEX96450,2024-12-03,2024,Political violence,Violence against civilians,Attack,484,North America,Mexico,Chiapas,Palenque,Palenque,17.5091,-91.9809,Milenio,"On 3 December 2024, in Palenque, Chiapas, an armed man on a motorcycle shot and killed a man inside a business in a drive-by in Colonia Unitaria de los Trabajadores. 1 fatality.",1,MX07065,Palenque,2024-12-16,2025-12-16
MEX96451,2024-12-03,2024,Political violence,Battles,Armed clash,484,North America,Mexico,Chiapas,Pantelho,San Jose Buenavista Tercero,17.0553,-92.5006,Milenio,"On 3 December 2024, in San Jose Buenavista Tercero, Chiapas, members of Los Herrera gang entered the community and clashed with local armed groups. This event was replicated in other locations in the municipality (coded separately). There were no casualties.",0,MX07066,Pantelhó,2024-12-16,2025-12-16
MEX96453,2024-12-03,2024,Political violence,Battles,Armed clash,484,North America,Mexico,Chiapas,Pantelho,Pantelho,17.0056,-92.4717,Milenio,"On 3 December 2024, in Pantelho municipality, Chiapas, members of Los Herrera gang entered the communities of Polonia and La Esperanza and clashed with local armed groups. This event was replicated in other locations in the municipality (coded separately).There were no casualties.",0,MX07066,Pantelhó,2024-12-16,2025-12-16
MEX96454,2024-12-03,2024,Political violence,Battles,Armed clash,484,North America,Mexico,Chiapas,Pantelho,El Roblar Chishtontic,17.0653,-92.5006,Milenio,"On 3 December 2024, in El Roblar Chishtontic, Chiapas, members of Los Herrera gang entered the community and clashed with local armed groups. This event was replicated in other locations in the municipality (coded separately). There were no casualties.",0,MX07066,Pantelhó,2024-12-16,2025-12-16
MEX96462,2024-12-03,2024,Political violence,Violence against civilians,Attack,484,North America,Mexico,Guanajuato,Abasolo,Abasolo,20.45,-101.5307,La Verdad; Zona Franca,"On 3 December 2024, in Abasolo municipality, Guanajuato, according to witnesses, armed individuals shot at a vehicle on the Penjamo-Huanimaro highway around Cabrera community. The victims were a woman and her underage daughter who were killed. The woman was state police officer (likely off-duty). 2 fatalities.",2,MX11001,Abasolo,2024-12-16,2025-12-16
MEX96463,2024-12-03,2024,Political violence,Violence against civilians,Attack,484,North America,Mexico,Guanajuato,Celaya,Celaya,20.5215,-100.814,Zona Franca,"On 3 December 2024, in Celaya, Guanajuato, according to residents, armed individuals shot and killed a man and a woman who were at their street restaurant in Colonia La Mision. 2 fatalities.",2,MX11007,Celaya,2024-12-16,2025-12-16
MEX96464,2024-12-03,2024,Political violence,Violence against civilians,Attack,484,North America,Mexico,Guanajuato,Purisima del Rincon,Purisima del Rincon,20.8897,-101.9213,Milenio; Zona Franca,"On 3 December 2024, in Purisima del Rincon, Guanajuato, according to witnesses, four armed men shot at four people making a bonfire in fraccionamiento San Juan del Bosque. Three people were killed and one person was injured. 3 fatalities, 1 injured.",3,MX11025,Purísima del Rincón,2024-12-16,2025-12-16
MEX96465,2024-12-03,2024,Political violence,Violence against civilians,Attack,484,North America,Mexico,Guanajuato,San Francisco del Rincon,San Francisco del Rincon,21.0187,-101.859,Zona Franca,"On 3 December 2024, in San Francisco del Rincon, Guanajuato, six armed individuals travelling in three motorcycles shot at a vehicle in a drive-by in Barrio de Guadalupe. Two men were injured and another was killed. Two victims were municipal police officers off duty. The injured victim died also a day after at the hospital. 2 fatalities, 1 injured.",2,MX11031,San Francisco del Rincón,2024-12-16,2025-12-16
MEX96472,2024-12-03,2024,Political violence,Violence against civilians,Attack,484,North America,Mexico,Jalisco,Guadalajara,Guadalajara,20.6764,-103.3422,Milenio,"On 3 December 2024, in Guadalajara, Jalisco, two armed men shot and killed a man in Colonia Lomas del Paraiso tercera seccion. 1 fatality.",1,MX14039,Guadalajara,2024-12-16,2025-12-16
MEX96473,2024-12-03,2024,Political violence,Violence against civilians,Attack,484,North America,Mexico,Jalisco,Tlajomulco de Zuniga,Tlajomulco de Zuniga,20.4736,-103.4431,Milenio,"Around 3 December 2024 (as reported), in Tlajomulco de Zuniga, Jalisco, a woman was killed and her body was found wrapped in a blanket and tied up with a rope in colonia Villa Fontana Aqua. 1 fatality.",1,MX14097,Tlajomulco de Zúñiga,2024-12-16,2025-12-16
MEX96485,2024-12-03,2024,Political violence,Violence against civilians,Attack,484,North America,Mexico,Michoacán,Zinapecuaro,Zinapecuaro de Figueroa,19.8603,-100.8276,24 Horas (Mexico); La Verdad; La Voz de Michoacan; Milenio; MiMorelia,"Around 3 December 2024 (as reported), in Zinapecuaro de Figueroa municipality, Michoacan, a man was killed and his body was found dismembered, inside a bag with a message on the Mexico-Guadalajara highway. The victim was later identified as the , treasurer of the Zinapecuaro City Council. The perpetrators were members of the CJNG. 1 fatality.",1,MX16110,Zinapécuaro,2024-12-16,2025-12-16
MEX96490,2024-12-03,2024,Political violence,Violence against civilians,Attack,484,North America,Mexico,Nuevo León,Santa Catarina,Ciudad Santa Catarina,25.6744,-100.4617,Milenio,"On 3 December 2024, in Ciudad Santa Catarina, Nuevo Leon, two hooded men entered a store and shot a man to death in Colonia Cumbres. 1 fatality.",1,MX19048,Santa Catarina,2024-12-16,2025-12-16
MEX96491,2024-12-03,2024,Political violence,Battles,Armed clash,484,North America,Mexico,Puebla,Canada Morelos,San Jose Ixtapa,18.7155,-97.4577,Milenio,"On 3 December 2024, in San Jose Ixtapa, Puebla, there was an armed clash between armed individuals and the state police. One armed man was killed. Three people were arrested and one police officer was injured. 1 fatality, 1 injured.",1,MX21099,Cañada Morelos,2024-12-16,2025-12-16
MEX96496,2024-12-03,2024,Political violence,Violence against civilians,Abduction/forced disappearance,484,North America,Mexico,Sinaloa,Culiacan,Baila,24.1825,-106.973,Riodoce,"On 3 December 2024, in Baila, Sinaloa, armed individuals who arrived by boat kidnapped the municipal commissioner of Cospita. He was later released.",0,MX25006,Culiacán,2024-12-16,2025-12-16
MEX96509,2024-12-03,2024,Political violence,Violence against civilians,Attack,484,North America,Mexico,Sonora,Cajeme,Ciudad Obregon,27.4965,-109.9327,Entorno Informativo,"On 3 December 2024, in Ciudad Obregon, Sonora, armed individuals opened fire from a vehicle and shot a man and his son on their motorcycle in Colonia Mision del Sol (drive-by). The father was killed and his son was injured. 1 fatality, 1 injury.",1,MX26018,Cajeme,2024-12-16,2025-12-16
MEX96510,2024-12-03,2024,Political violence,Battles,Armed clash,484,North America,Mexico,Tamaulipas,Rio Bravo,Ciudad Rio Bravo,25.981,-98.0901,Hoy Tamaulipas,"On 3 December 2024, in Ciudad Rio Bravo, Tamaulipas, there was an armed clash between state police and armed individuals in colonia Octavio Silva. Three people who had been kidnapped were rescued. Weapons and vehicles were seized. Casualties unknown.",0,MX28033,Río Bravo,2024-12-16,2025-12-16
MEX96512,2024-12-03,2024,Political violence,Violence against civilians,Abduction/forced disappearance,484,North America,Mexico,Veracruz de Ignacio de la Llave,Ixtaczoquitlan,Ixtaczoquitlan,18.8606,-97.0621,Imagen del Golfo,"On 3 December 2024, in Ixtaczoquitlan, Veracruz, armed men kidnap a woman around Potrerillo I. It is suspected that the victim is a unionized worker of the city council. The victim's whereabouts are unknown.",0,MX30085,Ixtaczoquitlán,2024-12-16,2025-12-16
MEX96515,2024-12-03,2024,Political violence,Battles,Armed clash,484,North America,Mexico,Zacatecas,Villa Garcia,Granadas,22.1026,-101.8645,Milenio,"On 3 December 2024, in Granadas, Zacatecas, there was an armed clash between armed individuals from a criminal group and the state police during a police patrol. Four armed men were killed. 4 fatalities.",4,MX32052,Villa García,2024-12-16,2025-12-16
MEX96518,2024-12-04,2024,Political violence,Violence against civilians,Attack,484,North America,Mexico,Chiapas,Pantelho,Pantelho,17.0056,-92.4717,24 Horas (Mexico),"On 4 December 2024, in Pantelho, Chiapas, members of El Machete attacked community members of the municipality with bombs, firearms and explosives to take over the municipality as they accused members of local congress to be members of the rival group Los Herreras. Casualties unknown.",0,MX07066,Pantelhó,2024-12-16,2025-12-16
MEX96519,2024-12-04,2024,Political violence,Violence against civilians,Attack,484,North America,Mexico,Chihuahua,Balleza,Mariano Balleza,26.9541,-106.3469,Tiempo,"Around 4 December 2024 (as reported), in Mariano Balleza, Chihuahua, a man was killed and his body was found with signs of torture on a road between El Vergel and San Julian. The victim was a miner who was kidnapped at the San Julian community mining site. 1 fatality.",1,MX08007,Balleza,2024-12-16,2025-12-16
MEX96520,2024-12-04,2024,Political violence,Battles,Armed clash,484,North America,Mexico,Chihuahua,Madera,La Nortena,29.6443,-108.4503,La Prensa de Monclova; Quadratin Oaxaca,"On 4 December 2024, in La Nortena, Chihuahua, armed rival groups engaged in an armed clash leading to the burning of between 10 and 14 homes and between two and three vehicles. There were no injuries.",0,MX08040,Madera,2024-12-16,2025-12-16
MEX96522,2024-12-04,2024,Political violence,Violence against civilians,Attack,484,North America,Mexico,Ciudad de Mexico,Gustavo A. Madero,Ciudad de Mexico - Gustavo A. Madero,19.4829,-99.1135,El Norte,"Around 4 December 2024 (as reported), in Ciudad de Mexico - Gustavo A. Madero, a person was killed and the body was found burned near a migrant camp after two individuals left the remains at an intersection in Colonia Ampliacion Panamericana. Both men were arrested. 1 fatality.",1,MX09005,Gustavo A. Madero,2024-12-16,2025-12-16
MEX96523,2024-12-04,2024,Political violence,Violence against civilians,Attack,484,North America,Mexico,Ciudad de Mexico,Miguel Hidalgo,Ciudad de Mexico - Miguel Hidalgo,19.4073,-99.1908,E-Consulta; El Norte; El Proceso; La Jornada; La Silla Rota; La Verdad; Milenio; Zeta Tijuana,"On 4 December 2024, in Ciudad de Mexico - Miguel Hidalgo, two members of Los Cuinis Gang shot and killed a man at El Bajio restaurant, in Plaza Miyana, colonia Polanco. The victim was a relative of a member of the gang and the former regional manager of a music band. It is suspected that the victim had ties (unspecified) to the CJNG. Six individuals were arrested. 1 fatality.",1,MX09016,Miguel Hidalgo,2024-12-16,2025-12-16
MEX96528,2024-12-04,2024,Political violence,Violence against civilians,Attack,484,North America,Mexico,Guerrero,Ometepec,Ometepec,16.6851,-98.4044,La Silla Rota,"On 4 December 2024, in Ometepec, Guerrero, armed men broke into a home and shot four men, three of whom were identified as brothers. The attack is suspected to be linked to organized crime as specific guns were used. 4 fatalities.",4,MX12046,Ometepec,2024-12-16,2025-12-16
MEX96529,2024-12-04,2024,Political violence,Violence against civilians,Abduction/forced disappearance,484,North America,Mexico,Guerrero,Petatlan,Rancho Nuevo,17.4746,-101.215,El Norte,"On 4 December 2024, in Rancho Nuevo, Guerrero, armed individuals traveling in several vehicles kidnapped 5 people from a home, including a municipal police commissioner (likely off-duty) and one minor. The whereabouts remain unknown.",0,MX12048,Petatlán,2024-12-16,2025-12-16
MEX96533,2024-12-04,2024,Political violence,Violence against civilians,Attack,484,North America,Mexico,Jalisco,Guadalajara,Guadalajara,20.6764,-103.3422,Milenio,"On 4 December 2024, in Guadalajara, Jalisco, members of the CJNG attacked and detained a journalist in a bar mistaking him for a rival to the CJNG in the Chapultepec area. The individuals attempted to extort the journalist's family for 35,000 pesos to release him. The journalist reports that the individuals staged as the CJNG but belong to another organized crime group. Eventually, the journalist was released. 1 injury.",0,MX14039,Guadalajara,2024-12-16,2025-12-16
MEX96536,2024-12-04,2024,Political violence,Violence against civilians,Attack,484,North America,Mexico,Jalisco,Tlajomulco de Zuniga,Tlajomulco de Zuniga,20.4736,-103.4431,El Norte,"Around 4 December 2024 (as reported), in Tlajomulco de Zuniga, Jalisco, a person was killed and the body was found wrapped in sheets in Colonia Valle de Tejeda. 1 fatality.",1,MX14097,Tlajomulco de Zúñiga,2024-12-16,2025-12-16
MEX96537,2024-12-04,2024,Political violence,Violence against civilians,Attack,484,North America,Mexico,Michoacán,Alvaro Obregon,Las Trojes,19.8836,-101.0561,MiMorelia,"Around 4 December 2024 (as reported), close to Las Trojes, Michoacan de Ocampo,a person was killed and the body was found between Las Trojes and Palo Blanco with a gunshot to the head (likely tiro de gracia) and tied up. 1 fatality.",1,MX16003,Álvaro Obregón,2024-12-16,2025-12-16
MEX96538,2024-12-04,2024,Political violence,Violence against civilians,Attack,484,North America,Mexico,Michoacán,Alvaro Obregon,Alvaro Obregon,19.8263,-101.0385,MiMorelia,"Around 4 December 2024 (as reported), in Alvaro Obregon, Michoacan de Ocampo, one man was killed and his body was found inside a trunk covered in plastic bags. 1 fatality.",1,MX16003,Álvaro Obregón,2024-12-16,2025-12-16
MEX96540,2024-12-04,2024,Political violence,Battles,Armed clash,484,North America,Mexico,Michoacán,Paracuaro,Paracuaro,19.1458,-102.22,MiMorelia,"On 4 December 2024, in Paracuaro, Michoacan de Ocampo, armed rival groups engaged in an armed clash linked to the dispute of territory. There were no injuries.",0,MX16064,Parácuaro,2024-12-16,2025-12-16
MEX96541,2024-12-04,2024,Political violence,Battles,Armed clash,484,North America,Mexico,Michoacán,Paracuaro,Las Ordenitas,19.235,-102.1898,MiMorelia,"On 4 December 2024, in Las Ordenitas, Michoacan de Ocampo, armed rival groups engaged in an armed clash linked to the dispute of territory. There were no injuries.",0,MX16064,Parácuaro,2024-12-16,2025-12-16
MEX96543,2024-12-04,2024,Political violence,Violence against civilians,Attack,484,North America,Mexico,Michoacán,Uruapan,Uruapan,19.4209,-102.0628,La Voz de Michoacan,"On 4 December 2024, in Uruapan, Michoacan de Ocampo, armed individuals on a motorcycle intercepted a couple traveling on a motorcycle close to the municipal cemetery and opened fire at them (drive-by). One man died and one woman was injured. 1 fatality, 1 injury.",1,MX16102,Uruapan,2024-12-16,2025-12-16
MEX96546,2024-12-04,2024,Political violence,Violence against civilians,Attack,484,North America,Mexico,Nuevo León,San Nicolas de los Garza,San Nicolas de los Garza,25.7553,-100.2896,Milenio,"On 4 December 2024, in San Nicolas de los Garza, Nuevo Leon, unknown armed men aboard a truck shot a man at least ten times outside his home in Colonia Diaz Ordaz (drive-by). 1 fatality.",1,MX19046,San Nicolás de los Garza,2024-12-16,2025-12-16
MEX96548,2024-12-04,2024,Political violence,Violence against civilians,Attack,484,North America,Mexico,Puebla,Cuetzalan del Progreso,Ciudad de Cuetzalan,20.0185,-97.5208,E-Consulta,"On 4 December 2024, in Ciudad de Cuetzalan, Puebla, unknown armed individuals shot and killed a man and a woman on the Cuetzalan-Zacapoaxtla highway. The attack is suspected to be linked to the settling of scores between rival gangs. 2 fatalities.",2,MX21043,Cuetzalan del Progreso,2024-12-16,2025-12-16
MEX96555,2024-12-04,2024,Political violence,Battles,Armed clash,484,North America,Mexico,Sinaloa,San Ignacio,Las Mulas,23.9699,-106.1904,Debate MX; El Norte,"Around 4 December 2024, close to Las Mulas, Sinaloa, seven men were killed and their bodies were found on the side of the road. vehicle was also seized. Unofficially, it was said that the men were killed during an armed clash between armed individuals. 7 fatalities.",7,MX25016,San Ignacio,2024-12-16,2025-12-16
MEX96556,2024-12-04,2024,Political violence,Violence against civilians,Attack,484,North America,Mexico,Sonora,Cajeme,Ciudad Obregon,27.4965,-109.9327,Entorno Informativo,"Around 4 December 2024 (as reported), in Ciudad Obregon, Sonora, a man was killed and his body was found burned inside the trunk of a car in Colonia Libertad. 1 fatality.",1,MX26018,Cajeme,2024-12-16,2025-12-16
MEX96557,2024-12-04,2024,Political violence,Battles,Armed clash,484,North America,Mexico,Tabasco,Centro,Villahermosa,17.9878,-92.9194,La Verdad,"On 4 December 2024, in Villahermosa, Tabasco, at least two armed individuals opened fire at a nightclub killing a security guard outside the club. 1 fatality.",1,MX27004,Centro,2024-12-16,2025-12-16
MEX96564,2024-12-04,2024,Political violence,Violence against civilians,Attack,484,North America,Mexico,Zacatecas,Pinos,Pinos,22.2958,-101.5751,La Jornada,"Around 4 December 2024 (between 2 - 6 December), in Pinos, Zacatecas, four men were killed, and their bodies were found on 6 December with signs of torture and with three posters next to their bodies. The men, including the son of the former local deputy, were kidnapped on 2 December by unknown armed individuals who set fire to the brewery where they were at. 4 fatalities.",4,MX32038,Pinos,2024-12-16,2025-12-16
MEX96565,2024-12-05,2024,Political violence,Violence against civilians,Attack,484,North America,Mexico,Baja California,Tijuana,Tijuana,32.5325,-117.019,AFN - Tijuana; Zeta Tijuana,"On 5 December 2024, in Tijuana, Baja California, a couple of men shot and injured a man in the downtown area. Both men were arrested. Also, two armed men shot and killed the owner of a restaurant in Colonia Libertad Parte Alta. 1 fatality, 1 injury.",1,MX02004,Tijuana,2024-12-16,2025-12-16
MEX96568,2024-12-05,2024,Political violence,Violence against civilians,Attack,484,North America,Mexico,Campeche,Carmen,Isla Aguada,18.7865,-91.4914,Tribuna Campeche,"On 5 December 2024, in Isla Aguada, Campeche, two men opened fire and killed the former candidate for local deputy for the PES party inside a store. 1 fatality.",1,MX04003,Carmen,2024-12-16,2025-12-16
MEX96571,2024-12-05,2024,Political violence,Battles,Armed clash,484,North America,Mexico,Chihuahua,Coyame del Sotol,Coyame,29.4615,-105.0926,Tiempo,"On 5 December 2024, in Coyame, Chihuahua, an armed clash took place between Coyame and Cuchillo Parado. Armed individuals set fire to cars. There were no injuries.",0,MX08015,Coyame del Sotol,2024-12-16,2025-12-16
MEX96573,2024-12-05,2024,Political violence,Violence against civilians,Attack,484,North America,Mexico,Chihuahua,Madera,Madera,29.19,-108.1414,Tiempo,"Around 5 December 2024 (as reported), in Madera, Chihuahua, two men were killed and their bodies were found in a gap that connects Largo Maderal and Las Margaritas. Both of the men were brothers and one was tied. 2 fatalities.",2,MX08040,Madera,2024-12-16,2025-12-16
MEX96576,2024-12-05,2024,Political violence,Violence against civilians,Attack,484,North America,Mexico,Coahuila de Zaragoza,Torreon,Torreon,25.5418,-103.4531,Milenio,"Around 5 December 2024 (as reported), in Torreon, Coahuila de Zaragoza, a woman was attacked and injured. She was found covered in a blanket and with signs of violence on the Torreon-Matamoros highway. 1 injury.",0,MX05035,Torreón,2024-12-16,2025-12-16
MEX96578,2024-12-05,2024,Political violence,Violence against civilians,Attack,484,North America,Mexico,Guanajuato,Celaya,Celaya,20.5215,-100.814,Zona Franca,"On 5 December 2024, in Celaya, Guanajuato, one man got off a motorcycle and shot at a man at a repair shop. The man fled the scene with an accomplice. The victim is suspected to be the owner of the shop. 1 fatality.",1,MX11007,Celaya,2024-12-16,2025-12-16
MEX96582,2024-12-05,2024,Political violence,Violence against civilians,Attack,484,North America,Mexico,Guanajuato,San Francisco del Rincon,San Francisco del Rincon,21.0187,-101.859,Zona Franca,"On 5 December 2024, in San Francisco del Rincon, Guanajuato, two armed men entered a home in Colonia El Llano and opened fire at a family. One 16 year old girl died as a result. 1 fatality.",1,MX11031,San Francisco del Rincón,2024-12-16,2025-12-16
MEX96588,2024-12-05,2024,Political violence,Violence against civilians,Attack,484,North America,Mexico,Jalisco,Guadalajara,Guadalajara,20.6764,-103.3422,El Norte,"Around 5 December 2024 (as reported), in Guadalajara, Jalisco, unknown armed individuals shot a man at the door to his home in Miravalle. The home was a point for the sale of drugs. 1 fatality.",1,MX14039,Guadalajara,2024-12-16,2025-12-16
MEX96596,2024-12-05,2024,Political violence,Battles,Armed clash,484,North America,Mexico,Oaxaca,Oaxaca de Juarez,Oaxaca de Juarez,17.06,-96.7255,Quadratin Oaxaca,"On 5 December 2024, in Oaxaca de Juarez, Oaxaca, at least two armed individuals opened fire at municipal police officers who repelled the aggression in Colonia Dolores. One armed man died as a result, one police officer was injured and one individual was arrested. 1 fatality, 1 injury.",1,MX20067,Oaxaca de Juárez,2024-12-16,2025-12-16
MEX96604,2024-12-06,2024,Political violence,Violence against civilians,Attack,484,North America,Mexico,Baja California,Tijuana,Tijuana,32.5325,-117.019,AFN - Tijuana,"Around 6 December 2024 (as reported), in Tijuana, Baja California, a woman was killed and her head was decapitated and found inside a cooler in a Chinese restaurant in Colonia Rinconada de Otay with a cardboard sign next to it. 1 fatality.",1,MX02004,Tijuana,2024-12-16,2025-12-16
MEX96607,2024-12-06,2024,Political violence,Violence against civilians,Attack,484,North America,Mexico,Chihuahua,Chihuahua,Chihuahua,28.6368,-106.0763,Tiempo,"On 6 December 2024, in Chihuahua, Chihuahua, two armed men shot two men with the 'tiro de gracia' in Colonia San Jose Extension. 2 fatalities.",2,MX08019,Chihuahua,2024-12-16,2025-12-16
MEX96610,2024-12-06,2024,Political violence,Violence against civilians,Attack,484,North America,Mexico,Ciudad de Mexico,Benito Juarez,Ciudad de Mexico - Benito Juarez,19.372,-99.1579,La Jornada,"On 6 December 2024, in Ciudad de Mexico - Benito Juarez, a couple of armed individuals shot and killed a Colombian citizen in Colonia Atenor Salas and fled the scene on a motorcycle. 1 fatality.",1,MX09014,Benito Juárez,2024-12-16,2025-12-16
MEX96619,2024-12-06,2024,Political violence,Violence against civilians,Attack,484,North America,Mexico,Jalisco,Guadalajara,Guadalajara,20.6764,-103.3422,Milenio,"Around 6 December 2024 (month of), in Guadalajara, Jalisco, a man was killed and his body was found wrapped in a plastic bag in Colonia San Juan de Dios. The body was in a state of decomposition. 1 fatality.",1,MX14039,Guadalajara,2024-12-16,2025-12-16
MEX96627,2024-12-06,2024,Political violence,Battles,Armed clash,484,North America,Mexico,Quintana Roo,Benito Juarez,Cancun,21.1614,-86.8248,La Verdad,"On 6 December 2024, in Cancun, Quintana Roo, unknown armed individuals opened fire at state and ministerial police officers in Colonia Tres Reyes who repelled the aggression. One armed individual died as a result. 1 fatality.",1,MX23005,Benito Juárez,2024-12-16,2025-12-16
MEX96631,2024-12-06,2024,Political violence,Battles,Armed clash,484,North America,Mexico,Sonora,Cajeme,Ciudad Obregon,27.4965,-109.9327,Entorno Informativo,"On 6 December 2024, in Ciudad Obregon, Sonora, armed individuals chased a man and shot him who sought shelter inside a home and repelled the aggression in Colonia Cajeme. The victim escaped the scene and there were no injuries.",0,MX26018,Cajeme,2024-12-16,2025-12-16
MEX96632,2024-12-06,2024,Political violence,Violence against civilians,Attack,484,North America,Mexico,Sonora,Cajeme,Ciudad Obregon,27.4965,-109.9327,Entorno Informativo,"Around 6 December 2024 (as reported), in Ciudad Obregon, Sonora, a man was killed and his body was found wrapped in plastic close to Colonia Pioneros. 1 fatality.",1,MX26018,Cajeme,2024-12-16,2025-12-16
MEX96633,2024-12-06,2024,Political violence,Battles,Armed clash,484,North America,Mexico,Tamaulipas,Reynosa,Reynosa,26.0924,-98.2781,Hoy Tamaulipas,"On 6 December 2024, in Reynosa, Tamaulipas, armed men opened fire at state police officers who repelled the aggression in Colonia Riveras del Carmen leading to a chase and ending on the Reynosa-Rio Bravo highway. One armed man died as a result and one was arrested. 1 fatality.",1,MX28032,Reynosa,2024-12-16,2025-12-16
MEX96009,2024-11-23,2024,Political violence,Violence against civilians,Abduction/forced disappearance,484,North America,Mexico,Ciudad de Mexico,Tlalpan,Ciudad de Mexico - Tlalpan,19.2883,-99.1671,Diario de Morelos; El Proceso; La Prensa de Monclova; La Silla Rota; La Verdad; Sintesis,"On 23 November 2024, in Ciudad de Mexico - Tlalpan, members of Los Roques Gang abducted a man and a woman for an express robbery on km. 46 of Mexico-Cuernavaca highway, in the town of Parres. Officers arrested one of the suspects and released the victims in the north of Cuernavaca the same day of the abduction. The victims were uninjured. According to security cameras footage, a vehicle of the Huitzilac road police escorted the perpetrators during the abduction. This information led to the arrest of a second suspect around 12 December 2024, and two other men around 11 September 2025. The latter worked as municipal employees and had links to criminal groups and local police officers. It also led to an investigation on the participation of at least four municipal police officers in the event.",0,MX09012,Tlalpan,2024-12-16,2025-12-16
MEX96455,2024-12-03,2024,Political violence,Battles,Armed clash,484,North America,Mexico,Chiapas,Pantelho,Pantelho,17.0056,-92.4717,El Norte; La Jornada; Milenio,"On 3 December 2024, in Pantelho, Chiapas, members of El Machete engaged in an armed clash with Los Herrera for control of the municipality. After several hours, El Machete took over the municipal presidency issuing a video posted on social media. On 7 December, they left the presidency. Casualties unknown.",0,MX07066,Pantelhó,2024-12-16,2025-12-16
MEX96539,2024-12-04,2024,Political violence,Violence against civilians,Attack,484,North America,Mexico,Michoacán,Morelia,Morelia,19.7034,-101.192,La Voz de Michoacan; MiMorelia,"Around 4 December 2024 (as reported), in Morelia, Michoacan de Ocampo, a man was killed and his body was found with his hands tied to his back close to the Technological University of Morelia (UTM) in Colonia Canteras. 1 fatality.",1,MX16053,Morelia,2024-12-16,2025-12-16
MEX95984,2024-11-22,2024,Political violence,Violence against civilians,Attack,484,North America,Mexico,Ciudad de Mexico,Venustiano Carranza,Ciudad de Mexico - Venustiano Carranza,19.4193,-99.1137,El Norte; La Silla Rota,"On 22 November 2024, in Ciudad de Mexico - Venustiano Carranza, two men on a motorcycle shot and killed a Norwegian national in a taxi in Colonia Jardin Balbuena (drive-by). The taxi driver was uninjured. Four suspects were arrested in two operations conducted in Colonia Jacarandas, in Iztapalapa, around 12 December 2024. 1 fatality.",1,MX09017,Venustiano Carranza,2024-12-16,2025-12-16
MEX93025,2024-09-20,2024,Political violence,Battles,Armed clash,484,North America,Mexico,Michoacán,Apatzingan,Los Tepetates,19.0922,-102.3208,La Voz de Michoacan; MiMorelia,"On 20 September 2024, in Los Tepetates, Michoacan de Ocampo, Los Caballeros Templarios gang and the CJNG from Jalisco and Michoacan de Ocampo engaged in armed clashes in several municipalities of Apatzingan. No casualties.",0,MX16006,Apatzingán,2024-12-16,2025-12-16
MEX93264,2024-09-22,2024,Political violence,Violence against civilians,Attack,484,North America,Mexico,Veracruz de Ignacio de la Llave,San Juan Evangelista,San Juan Evangelista,17.8861,-95.1401,La Silla Rota,"Around 22 September 2024 (between 20 - 24 September), in San Juan Evangelista, Veracruz de Ignacio de la Llave, two men were killed and their bodies were found with their hands tied and with a message next to the bodies on 24 September. One of the victims was identified as an official from Playa Vicente and director of the Economic Development of the Municipality together with his son. Both men were reported missing on 20 September. 2 fatalities.",2,MX30142,San Juan Evangelista,2024-12-16,2025-12-16
MEX93424,2024-09-25,2024,Political violence,Violence against civilians,Attack,484,North America,Mexico,San Luis Potosí,San Luis Potosi,San Luis Potosi,22.1517,-100.977,Antena San Luis,"On 25 September 2024, in San Luis Potosi, San Luis Potosi, several armed individuals shot at a van and a house in the intersection of Camino Real a Saltillo and Aztecas streets, in Colonia Imperio Azteca, injuring a person.",0,MX24028,San Luis Potosí,2024-12-16,2025-12-16
MEX93699,2024-09-28,2024,Political violence,Violence against civilians,Attack,484,North America,Mexico,Morelos,Cuernavaca,Chamilpa,18.9716,-99.2367,Diario de Morelos,"On 28 September 2024, in Chamilpa, Morelos, according to witnesses, two armed men shot and killed a woman who worked at a food stand near Cuernavaca-Tepoztlan road. The perpetrators fled on a motorbike. 1 fatality.",1,MX17007,Cuernavaca,2024-12-16,2025-12-16
MEX94175,2024-10-12,2024,Political violence,Battles,Armed clash,484,North America,Mexico,Morelos,Cuernavaca,Chamilpa,18.9716,-99.2367,La Jornada,"On 12 October 2024, around Chamilpa, Morelos, armed men in a vehicle shot in a drive-by at the check-point of the National Guard on the Mexico-Cuernavaca. One police officer died after he was ran over. One armed man was arrested and two vehicles were seized. 1 fatality.",1,MX17007,Cuernavaca,2024-12-16,2025-12-16
MEX94641,2024-10-17,2024,Political violence,Violence against civilians,Abduction/forced disappearance,484,North America,Mexico,San Luis Potosí,San Luis Potosi,San Luis Potosi,22.1517,-100.977,Antena San Luis,"On 17 October 2024, in San Luis Potosi, San Luis Potosi, a group on individuals abducted three people (a man and two women). The Civil State Guard (GCE) and the State Commission for the Search for Persons (CEBP) released them near the community of Pozas de Santa Ana and 57 Matehuala-San Luis road.",0,MX24028,San Luis Potosí,2024-12-16,2025-12-16
MEX94654,2024-10-19,2024,Political violence,Violence against civilians,Attack,484,North America,Mexico,San Luis Potosí,San Luis Potosi,San Luis Potosi,22.1517,-100.977,Antena San Luis,"On 19 October 2024, in San Luis Potosi, San Luis Potosi, a group of armed masked and hooded individuals entered restaurant 'La Revolucion' on Ignacio Comonfort street, in Colonia Alamitos, and shot and killed a man. 1 fatality.",1,MX24028,San Luis Potosí,2024-12-16,2025-12-16
MEX94788,2024-10-25,2024,Political violence,Violence against civilians,Attack,484,North America,Mexico,Michoacán,Buenavista,Buenavista Tomatlan,19.2117,-102.588,La Jornada; La Voz de Michoacan,"On 25 October 2024, in Buenavista Tomatlan, Michoacan de Ocampo, four men abducted and killed a taxi driver, whose body was found with signs of torture and with his ears mutilated and wrapped in sacks in a field next to the Apatzingan-Tepalcatepec highway near Ejido Benito Juarez. The perpetrators were the former leader and current members of Andres Quintana Roo Taxi Union, and suspectedly killed the victim for refusing a collaboration between the union and criminal organizations for the distribution of drugs. 1 fatality.",1,MX16012,Buenavista,2024-12-16,2025-12-16
MEX94876,2024-10-27,2024,Political violence,Violence against civilians,Attack,484,North America,Mexico,San Luis Potosí,San Luis Potosi,San Luis Potosi,22.1517,-100.977,Antena San Luis,"Around 27 October 2024 (as reported), in San Luis Potosi, San Luis Potosi, a man was killed and his body was found covered in a plastic bag and with gunshot wounds in Colonia Arbolitos on the Mexico-Laredo highway. 1 fatality.",1,MX24028,San Luis Potosí,2024-12-16,2025-12-16
MEX94996,2024-10-30,2024,Political violence,Violence against civilians,Attack,484,North America,Mexico,Oaxaca,Matias Romero Avendano,Palomares,17.1375,-95.0623,Quadratin Oaxaca,"On 30 October 2024, in Palomares, Oaxaca, armed individuals in a vehicle shot in a drive-by at a woman and a man. The man was killed and the woman was injured. 1 fatality.",1,MX20057,Matías Romero Avendaño,2024-12-16,2025-12-16
MEX94998,2024-10-30,2024,Political violence,Violence against civilians,Attack,484,North America,Mexico,San Luis Potosí,San Luis Potosi,San Luis Potosi,22.1517,-100.977,Antena San Luis,"Around 30 October 2024 (as reported), in San Luis Potosi, San Luis Potosi, a man and a woman were killed and their bodies were found with gunshot wounds, including 'tiro de gracia', behind the premises of Tabicel company, in Colonia Puerta Real. The man's body had the hands and feet tied, and the woman's was gagged. 2 fatalities.",2,MX24028,San Luis Potosí,2024-12-16,2025-12-16
MEX95033,2024-10-31,2024,Political violence,Violence against civilians,Attack,484,North America,Mexico,Michoacán,Buenavista,Buenavista Tomatlan,19.2117,-102.588,La Voz de Michoacan,"On 31 October 2024, in Buenavista Tomatlan, Michoacan, an unknown number of armed individuals shot and killed a woman driving a motorcycle. According to local sources, the women is suspected to be a 'vigilante' from a criminal group, however, this was not confirmed. 1 fatality.",1,MX16012,Buenavista,2024-12-16,2025-12-16
MEX95075,2024-11-01,2024,Political violence,Violence against civilians,Attack,484,North America,Mexico,San Luis Potosí,San Luis Potosi,San Luis Potosi,22.1517,-100.977,Antena San Luis,"On 1 November 2024, in San Luis Potosi, San Luis Potosi, several armed men shot at a house in colonia San Francisco. A woman was injured but died later at the hospital. 1 fatality.",1,MX24028,San Luis Potosí,2024-12-16,2025-12-16
MEX95352,2024-11-08,2024,Political violence,Battles,Armed clash,484,North America,Mexico,Michoacán,Apatzingan,Los Tepetates,19.0922,-102.3208,La Voz de Michoacan; Milenio; MiMorelia,"On 8 November 2024, in Los Tepetates, Michoacan de Ocampo, members of Los Caballeros Templarios Gang and the Jalisco New Generation Cartel (CJNG) clashed. This event is related to other clashes that took place in El Alcalde, Las Bateas, Los Charcos, and El Capire (coded separately). Military, National Guard, and Civil Guard officers arrived at the scene and arrested one of the armed individuals, who affirmed to belong to the CJNG. Casualties unknown.",0,MX16006,Apatzingán,2024-12-16,2025-12-16
MEX95531,2024-11-12,2024,Political violence,Violence against civilians,Attack,484,North America,Mexico,Morelos,Huitzilac,Huitzilac,19.0305,-99.2658,Diario de Morelos,"On 12 November 2024, in Huitzilac, Morelos, according to witnesses, a taxi driver was shot and killed by armed men who escaped in a vehicle on the Mexico-Cuernavaca highway. 1 fatality.",1,MX17009,Huitzilac,2024-12-16,2025-12-16
MEX95850,2024-11-21,2024,Political violence,Violence against civilians,Attack,484,North America,Mexico,Morelos,Cuernavaca,Chamilpa,18.9716,-99.2367,Diario de Morelos,"On 21 November 2024, in Chamilpa, Morelos, according to the victim, two armed men on a motorcycle shot and injured a man who was driving a motorcycle on Hermenegildo Galeana street, near the bridge over Mexico-Cuernavaca highway (drive-by). The perpetrators fled towards Universidad avenue. 1 injured.",0,MX17007,Cuernavaca,2024-12-16,2025-12-16
MEX96036,2024-11-24,2024,Political violence,Violence against civilians,Attack,484,North America,Mexico,Michoacán,Buenavista,Buenavista Tomatlan,19.2117,-102.588,MiMorelia,"On 24 November 2024, in Buenavista Tomatlan, Michoacan de Ocampo, armed men shot at the facilities of a rehabilitation center in Colonia Emiliano Zapata and then kidnapped a patient. Casualties unknown.",0,MX16012,Buenavista,2024-12-16,2025-12-16
MEX96271,2024-11-28,2024,Political violence,Violence against civilians,Attack,484,North America,Mexico,San Luis Potosí,Mexquitic de Carmona,Mexquitic de Carmona,22.2661,-101.1136,Antena San Luis,"Around 28 November 2024 (as reported), in Mexquitic de Carmona, San Luis Potosi, a man was killed and his body was found with signs of violence and wrapped in a blanket on the road between Camino to Maravillas. 1 fatality.",1,MX24021,Mexquitic de Carmona,2024-12-16,2025-12-16
MEX96319,2024-11-29,2024,Political violence,Battles,Armed clash,484,North America,Mexico,Michoacán,Buenavista,Buenavista Tomatlan,19.2117,-102.588,La Voz de Michoacan,"On 29 November 2024, in Buenavista Tomatlan, Michoacan de Ocampo, municipal police officers and members of a cell linked to the Jalisco New Generation Cartel (CJNG) clashed along Apatzingan - Buenavista road, near the police station, and in the downtown. Initial versions on social media indicated that the clash resulted in dead people, although authorities have denied it. Casualties unknown.",0,MX16012,Buenavista,2024-12-16,2025-12-16
MEX96421,2024-12-02,2024,Political violence,Battles,Armed clash,484,North America,Mexico,Michoacán,Buenavista,Buenavista Tomatlan,19.2117,-102.588,La Voz de Michoacan,"On 2 December 2024, in Buenavista Tomatlan, Michoacan, armed men shot and injured a man on the Buenavista-Los Reyes highway. According to the police, the man is a watchman for a criminal cell. A woman was also injured with a stray bullet.",0,MX16012,Buenavista,2024-12-16,2025-12-16
MEX96486,2024-12-03,2024,Political violence,Violence against civilians,Attack,484,North America,Mexico,Morelos,Huitzilac,Coajomulco,19.0349,-99.2046,Diario de Morelos,"Around 3 December 2024 (as reported), in Coajomulco, Morelos, a man was killed and his body was found dismembered inside several bags covered with a blanket. The victim was a municipal police officer who last time was seen was after he went out of work and did not came back. 1 fatality.",1,MX17009,Huitzilac,2024-12-16,2025-12-16
MEX96641,2024-12-10,2024,Political violence,Explosions/Remote violence,Air/drone strike,484,North America,Mexico,Michoacán,Paracuaro,Paracuaro,19.1458,-102.22,La Voz de Michoacan,"On 10 December 2024, in Paracuaro, Michoacan de Ocampo, unknown individuals launched and explosive device from a drone in the main square. There were no casualties.",0,MX16064,Parácuaro,2024-12-16,2025-12-16
MEX96643,2024-12-13,2024,Political violence,Battles,Armed clash,484,North America,Mexico,Michoacán,Paracuaro,Los Bancos,19.1828,-102.2077,La Voz de Michoacan,"Around 13 December 2024 (as reported), in Los Bancos, Michoacan de Ocampo, members of the CJNG and Los Caballeros Templarios Gang clashed. Casualties unknown.",0,MX16064,Parácuaro,2024-12-16,2025-12-16
MEX96645,2024-12-07,2024,Political violence,Battles,Armed clash,484,North America,Mexico,Sinaloa,Elota,Alta Rosa,24.1546,-106.9992,Borderland Beat; Noroeste; Riodoce,"On 7 December 2024, in Alta Rosa, Sinaloa, there was an armed clash between armed individuals. Suspectedly, the armed men were members of Los Mayitos and Los Chapitos gangs. One man was killed. Weapons and vehicles were seized. 1 fatality.",1,MX25008,Elota,2024-12-16,2025-12-16
MEX96646,2024-12-11,2024,Political violence,Battles,Armed clash,484,North America,Mexico,Jalisco,Lagos de Moreno,Lagos de Moreno,21.3564,-101.9292,La Verdad,"On 11 December 2024, in Lagos de Moreno, Jalisco, military and National Guard officers clashed with armed individuals in Colonia Alvarez del Castillo. The officers arrested four individuals and seized fireweapons and drugs. Casualties unknown.",0,MX14053,Lagos de Moreno,2024-12-16,2025-12-16
MEX96648,2024-12-11,2024,Political violence,Battles,Armed clash,484,North America,Mexico,Baja California,Tecate,Tecate,32.5727,-116.6266,AFN - Tijuana,"On 11 December 2024, in Tecate, Baja California, municipal police officers clashed with armed individuals on Septima street. The armed individuals abandoned their vehicle and fled. Inside the vehicle, police officers located and released three men who had just been abducted from a house nearby. The men were uninjured. Casualties unknown.",0,MX02003,Tecate,2024-12-16,2025-12-16
MEX96649,2024-12-08,2024,Political violence,Battles,Armed clash,484,North America,Mexico,Michoacán,Quiroga,Quiroga,19.6638,-101.524,La Voz de Michoacan,"On 8 December 2024, in Quiroga, Michoacan, there was an armed clash between the National Guard and three armed men on the Patzcuaro-Quiroga road and the city center. One man was arrested and declared to be part of a criminal cell in Jalisco. There were no casualties.",0,MX16073,Quiroga,2024-12-16,2025-12-16
MEX96653,2024-12-08,2024,Political violence,Battles,Armed clash,484,North America,Mexico,Puebla,Puebla,Heroica Puebla de Zaragoza,19.044,-98.1975,E-Consulta,"On 8 December 2024, in Heroica Puebla de Zaragoza, Puebla, two armed men shot and killed a man in Colonia Fuentes de San Bartolo. The victim was a member of Los Rojos Gang working in Iguala municipality of Guerrero. 1 fatality.",1,MX21114,Puebla,2024-12-16,2025-12-16
MEX96654,2024-12-05,2024,Political violence,Battles,Armed clash,484,North America,Mexico,Morelos,Jojutla,Tequesquitengo,18.6115,-99.2595,Diario de Morelos,"On 5 December 2024, in Tequesquitengo, Morelos, unidentified armed individuals entered a house in Colonia Loma Bonita and killed a man. The victim was a member of Los Tlacos Gang. 1 fatality.",1,MX17012,Jojutla,2024-12-16,2025-12-16
MEX96655,2024-12-07,2024,Political violence,Battles,Armed clash,484,North America,Mexico,Sinaloa,Angostura,El Batallon,25.2889,-108.202,Noroeste,"On 7 December 2024, in El Batallon, Sinaloa, there was an armed clash between military officers and armed individuals on the Angostura-Batury road. One armed man was arrested. There were no casualties.",0,MX25002,Angostura,2024-12-16,2025-12-16
MEX96656,2024-12-11,2024,Political violence,Battles,Armed clash,484,North America,Mexico,Sinaloa,Culiacan,Palo Colorado,25.0511,-107.2499,El Sol de Sinaloa,"On 11 December 2024, in Palo Colorado, Sinaloa, armed individuals opened fire at military officers. One officer was injured as a result. 1 injury.",0,MX25006,Culiacán,2024-12-16,2025-12-16
MEX96657,2024-12-11,2024,Political violence,Battles,Armed clash,484,North America,Mexico,Chiapas,Tuxtla Gutierrez,Tuxtla Gutierrez,16.754,-93.1152,El Proceso; La Jornada,"Around 11 December 2024 (as reported), close to Tuxtla Gutierrez, Chiapas, a soldier was killed and the body was found on the Tuxtla Gutierrez-Chicoasen highway inside a car. 1 fatality.",1,MX07101,Tuxtla Gutiérrez,2024-12-16,2025-12-16
MEX96658,2024-12-08,2024,Political violence,Battles,Armed clash,484,North America,Mexico,Michoacán,Buenavista,Buenavista Tomatlan,19.2117,-102.588,La Voz de Michoacan,"On 8 December 2024, close to Buenavista Tomatlan, Michoacan de Ocampo, armed individuals opened fire at the municipal police booth located on the Buenavista-Tepalcatepec highway. The officers who were at the booth were unharmed.",0,MX16012,Buenavista,2024-12-16,2025-12-16
MEX96659,2024-12-09,2024,Political violence,Battles,Armed clash,484,North America,Mexico,Nuevo León,Santa Catarina,Ciudad Santa Catarina,25.6744,-100.4617,Milenio,"On 9 December 2024, in Ciudad Santa Catarina, Nuevo Leon, armed individuals shot at municipal police officers who arrived at the place after there were reports of shots against a home in Colonia Hacienda las Portales. Police officers repelled the aggression leading to a chase. Four individuals were arrested and weapons were seized. There were no injuries.",0,MX19048,Santa Catarina,2024-12-16,2025-12-16
MEX96660,2024-12-13,2024,Political violence,Battles,Armed clash,484,North America,Mexico,Veracruz de Ignacio de la Llave,San Juan Evangelista,Rancho Nuevo,17.9104,-95.0799,El Proceso; Imagen del Golfo; La Silla Rota; Milenio,"Around 13 December 2024 (as reported), in Rancho Nuevo, Veracruz de Ignacio de la Llave, according to witnesses, armed individuals threw 'ponchallantas' (objects to puncture tires) and ambushed municipal police officers on Sayula de Aleman-La Tinaja federal road, killing two and injuring another. An alternative version indicates that the police officers attempted to arrest the armed group, initiating the clash. The officers later defused two grenades that were threw but didn't explode. 2 fatalities, 1 injured.",2,MX30142,San Juan Evangelista,2024-12-16,2025-12-16
MEX96662,2024-12-10,2024,Political violence,Battles,Armed clash,484,North America,Mexico,Nuevo León,Doctor Coss,Doctor Coss,25.9249,-99.1831,El Norte,"On 10 December 2024, in Doctor Coss, Nuevo Leon, armed individuals opened fire at state police officers who were on patrol and repelled the aggression. Officers arrested two men. There were no injuries.",0,MX19015,Doctor Coss,2024-12-16,2025-12-16
MEX96663,2024-12-09,2024,Political violence,Battles,Armed clash,484,North America,Mexico,Tamaulipas,San Fernando,Plan de Alazan,25.3611,-98.0441,Reforma,"On 9 December 2024, in Plan de Alazan, Tamaulipas, armed men opened fire at state police officers on patrol who repelled the aggression and chased the armed men. An unspecified number of armed men were killed. The vehicle caught fire and later exploded due to explosives inside the vehicle. Unspecified number of fatalities coded as 3.",3,MX28035,San Fernando,2024-12-16,2025-12-16
MEX96664,2024-12-10,2024,Political violence,Battles,Armed clash,484,North America,Mexico,Tamaulipas,Reynosa,Reynosa,26.0924,-98.2781,Hoy Tamaulipas,"On 10 December 2024, in Reynosa, Tamaulipas, armed individuals opened fire at state police officers in Colonia Aztlan. Two armed individuals died as a result and police seized a truck and weapons. 2 fatalities.",2,MX28032,Reynosa,2024-12-16,2025-12-16
MEX96669,2024-12-08,2024,Political violence,Battles,Armed clash,484,North America,Mexico,Baja California,Tijuana,Tijuana,32.5325,-117.019,AFN - Tijuana,"On 8 December 2024, in Tijuana, Baja California, according to witnesses, armed individuals shot at a man who answered the attack, shooting at the armed men in fraccionamiento Santa Fe de Tijuana. Casualties unknown.",0,MX02004,Tijuana,2024-12-16,2025-12-16
MEX96670,2024-12-07,2024,Political violence,Battles,Armed clash,484,North America,Mexico,Sonora,Caborca,Caborca,30.7166,-112.1562,Milenio,"On 7 December 2024, in Caborca, Sonora, there was an armed clash between the military forces and ministerial police against armed young men likely affiliated with criminal groups. The armed men placed objects to puncture tires. Three men were arrested. Weapons were seized.",0,MX26017,Caborca,2024-12-16,2025-12-16
MEX96677,2024-12-09,2024,Political violence,Violence against civilians,Attack,484,North America,Mexico,México,Texcoco,Cuautlalpan,19.4325,-98.902,El Norte,"Around 9 December 2024 (as reported), in Cuautlalpan, Mexico, a person was killed and a decapitated head was found wrapped in a plastic bag with a message signed by the CJNG. 1 fatality.",1,MX15099,Texcoco,2024-12-16,2025-12-16
MEX96678,2024-12-12,2024,Political violence,Violence against civilians,Attack,484,North America,Mexico,Guanajuato,Salvatierra,Cupareo,20.2308,-101.0195,AFP; El Norte; El Proceso; La Jornada; La Prensa de Monclova; La Verdad; Riodoce; Xinhua; Zona Franca,"Around 12 December 2024 (as reported), in Cupareo, Guanajuato, at least seven people were killed and their dismembered bodies were found inside plastic bags in a van on Salvatierra-Yuridia road. There were also cardboards/blankets with messages signed by the CJNG. At least 7 fatalities.",7,MX11028,Salvatierra,2024-12-16,2025-12-16
MEX96679,2024-12-10,2024,Political violence,Violence against civilians,Attack,484,North America,Mexico,Baja California Sur,La Paz,La Paz,24.1487,-110.307,Zeta Tijuana,"On 10 December 2024, in La Paz, Baja California, suspected members of a criminal group intercepted six fishermen and shot them and then set fire to their vehicle. The six fishermen were able to escape and were left uninjured. The attack took place while fishermen were accused of stealing illegal fish from the area of Playa El Coyote.",0,MX03003,La Paz,2024-12-16,2025-12-16
MEX96681,2024-12-06,2024,Political violence,Violence against civilians,Attack,484,North America,Mexico,Veracruz de Ignacio de la Llave,Sayula de Aleman,Sayula de Aleman,17.881,-94.9601,Milenio,"On 6 December 2024, in Sayula de Aleman, Veracruz, armed men intercepted and shot at three men driving on the transismic highway on the road to Almagres community. The victims were left injured. The victims are workers of the city council.",0,MX30144,Sayula de Alemán,2024-12-16,2025-12-16
MEX96684,2024-12-09,2024,Political violence,Violence against civilians,Attack,484,North America,Mexico,Nuevo León,Garcia,Garcia,25.8005,-100.5855,Milenio,"On 9 December 2024, in Garcia, Nuevo Leon, two armed men opened fire and shot a welder starting his work day in Colonia Valle de San Blas. The man died as a result. 1 fatality.",1,MX19018,García,2024-12-16,2025-12-16
MEX96687,2024-12-08,2024,Political violence,Violence against civilians,Attack,484,North America,Mexico,Zacatecas,Guadalupe,Guadalupe,22.7468,-102.5188,La Verdad; Milenio,"On 8 December 2024, in Guadalupe, Zacatecas, unidentified armed men shot and killed a man in fraccionamientos Bonito Pueblo and Virreyes. The victim was a prison police officer who had gone out of work. 1 fatality.",1,MX32017,Guadalupe,2024-12-16,2025-12-16
MEX96688,2024-12-08,2024,Political violence,Violence against civilians,Attack,484,North America,Mexico,Colima,Manzanillo,Manzanillo,19.0532,-104.3164,Borderland Beat; La Verdad,"On 8 December 2024, in Manzanillo, Colima, unknown armed individuals shot and killed the off-duty deputy director of the social reinsertion center (Cereso) (police prison guard) outside his home in Colonia Valle de las Garzas. 1 fatality.",1,MX06007,Manzanillo,2024-12-16,2025-12-16
MEX96689,2024-12-10,2024,Political violence,Violence against civilians,Attack,484,North America,Mexico,Guanajuato,Celaya,El Sauz,20.4102,-100.7975,24 Horas (Mexico); El Universal (Mexico); Milenio,"On 10 December 2024, in El Sauz, Guanajuato, at least four trucks with armed men arrived in the community and entered three different homes and killed three off-duty police officers. One was a state police officer and two were prison guards. All three men were brothers. The men then fled the scene and abandoned two vehicles in the community. 3 fatalities.",3,MX11007,Celaya,2024-12-16,2025-12-16
MEX96691,2024-12-07,2024,Political violence,Violence against civilians,Attack,484,North America,Mexico,Ciudad de Mexico,Gustavo A. Madero,Ciudad de Mexico - Gustavo A. Madero,19.4829,-99.1135,Milenio,"On 7 December 2024, in Ciudad de Mexico - Gustavo A. Madero, a woman was shot and killed by two armed men in colonia Granjas Modernas. 1 fatality.",1,MX09005,Gustavo A. Madero,2024-12-16,2025-12-16
MEX96693,2024-12-10,2024,Political violence,Violence against civilians,Attack,484,North America,Mexico,Jalisco,San Pedro Tlaquepaque,Tlaquepaque,20.6386,-103.3072,El Norte,"On 10 December 2024, in Tlaquepaque, Jalisco, two men were talking to a woman and then shot her in Colonia Lomas de Santa Maria. The woman died as a result. 1 fatality.",1,MX14098,San Pedro Tlaquepaque,2024-12-16,2025-12-16
MEX96694,2024-12-13,2024,Political violence,Violence against civilians,Attack,484,North America,Mexico,Guanajuato,Celaya,Celaya,20.5215,-100.814,Zona Franca,"Around 13 December 2024 (as reported), in Celaya, Guanajuato, two men who arrived on a motorcycle shot at a carwash in Hacienda Don Gu, killing a man and injuring two others who were inside. 1 fatality, 2 injured.",1,MX11007,Celaya,2024-12-16,2025-12-16
MEX96695,2024-12-07,2024,Political violence,Violence against civilians,Attack,484,North America,Mexico,Ciudad de Mexico,Iztapalapa,Ciudad de Mexico - Iztapalapa,19.359,-99.0926,El Norte,"On 7 December 2024, in Ciudad de Mexico - Iztapalapa, three armed men shot and killed a man in a football field in Colonia Moderna. 1 fatality.",1,MX09007,Iztapalapa,2024-12-16,2025-12-16
MEX96696,2024-12-09,2024,Political violence,Violence against civilians,Attack,484,North America,Mexico,Sonora,Cajeme,Cocorit,27.5751,-109.9591,Entorno Informativo,"On 9 December 2024, in Cocorit, Sonora, several armed individuals attacked and chased a man in Colonia La Estrella, shooting him several times. The man was injured and transferred to the hospital. 1 injury.",0,MX26018,Cajeme,2024-12-16,2025-12-16
MEX96697,2024-12-13,2024,Political violence,Violence against civilians,Attack,484,North America,Mexico,Morelos,Cuernavaca,Cuernavaca,18.9218,-99.2349,Diario de Morelos,"On 13 December 2024, in Cuernavaca, Morelos, according to witnesses, armed individuals shot at three people in a street market on Violetas street, in Colonia Vicente Estrada Cajigal. A man died and two were injured. 1 fatality, 2 injured.",1,MX17007,Cuernavaca,2024-12-16,2025-12-16
MEX96699,2024-12-13,2024,Political violence,Violence against civilians,Attack,484,North America,Mexico,Jalisco,Guadalajara,Guadalajara,20.6764,-103.3422,Milenio,"On 13 December 2024, in Guadalajara, Jalisco, at least four armed individuals shot and killed a man in the intersection of Artes Plasticas avenue and Vicente Mercado street, in Colonia Miravalle. Municipal police officers later arrested a suspect. 1 fatality.",1,MX14039,Guadalajara,2024-12-16,2025-12-16
MEX96700,2024-12-13,2024,Political violence,Violence against civilians,Attack,484,North America,Mexico,Sonora,Hermosillo,Hermosillo,29.0749,-110.959,Entorno Informativo,"On 13 December 2024, in Hermosillo, Sonora, according to witnesses, armed individuals shot and injured a man on Penon del Cobre street, in Colonia Real del Cobre. 1 injured.",0,MX26030,Hermosillo,2024-12-16,2025-12-16
MEX96701,2024-12-09,2024,Political violence,Violence against civilians,Attack,484,North America,Mexico,Sonora,Nogales,Heroica Nogales,31.3259,-110.9458,Entorno Informativo,"On 9 December 2024, in Heroica Nogales, Sonora, several armed individuals intercepted a man and kidnapped him, took him to another place, beat him, and shot him. The man was injured but survived and later went to the hospital. 1 injury.",0,MX26043,Nogales,2024-12-16,2025-12-16
MEX96702,2024-12-08,2024,Political violence,Violence against civilians,Attack,484,North America,Mexico,Morelos,Jiutepec,Jiutepec,18.882,-99.1772,Diario de Morelos,"On 8 December 2024, in Jiutepec, Morelos, two armed individuals shot and killed a man at the entrance of a store in Colonia Calera Chica and fled the scene. 1 fatality.",1,MX17011,Jiutepec,2024-12-16,2025-12-16
MEX96703,2024-12-07,2024,Political violence,Violence against civilians,Attack,484,North America,Mexico,Michoacán,Tangamandapio,La Cantera,19.8647,-102.4094,La Voz de Michoacan,"On 7 December 2024, in La Cantera, Michoacan, armed men who arrived in two vehicles and a pair of motorcycles shot and killed a man on the Adolfo Lopez Matios road. 1 fatality.",1,MX16084,Tangamandapio,2024-12-16,2025-12-16
MEX96707,2024-12-10,2024,Political violence,Violence against civilians,Attack,484,North America,Mexico,Nuevo León,Linares,Linares,24.8597,-99.5679,Milenio,"On 10 December 2024, in Linares, Nuevo Leon, four armed men opened fire at a father and his son outside their home in Colonia San Felipe. Both were injured. 2 injuries.",0,MX19033,Linares,2024-12-16,2025-12-16
MEX96709,2024-12-10,2024,Political violence,Violence against civilians,Attack,484,North America,Mexico,Veracruz de Ignacio de la Llave,Minatitlan,Minatitlan,17.991,-94.5484,La Silla Rota,"On 10 December 2024, in Minatitlan, Veracruz de Ignacio de la Llave, two individuals shot and killed a man on Uno street, in Colonia El Mangal. The victim was with two friends, who remained uninjured. 1 fatality.",1,MX30108,Minatitlán,2024-12-16,2025-12-16
MEX96710,2024-12-10,2024,Political violence,Violence against civilians,Attack,484,North America,Mexico,Veracruz de Ignacio de la Llave,San Andres Tuxtla,San Andres Tuxtla,18.4451,-95.214,La Silla Rota,"On 10 December 2024, in San Andres Tuxtla, Veracruz de Ignacio de la Llave, two armed men entered a home, shot and killed two people inside. 2 fatalities.",2,MX30141,San Andrés Tuxtla,2024-12-16,2025-12-16
MEX96711,2024-12-07,2024,Political violence,Violence against civilians,Attack,484,North America,Mexico,Baja California,Tijuana,Tijuana,32.5325,-117.019,AFN - Tijuana,"Around 7 December 2024 (as reported), in Tijuana, Baja California, a man was killed and the body was found wrapped in a blanket in fraccionamiento Pontevedra. 1 fatality.",1,MX02004,Tijuana,2024-12-16,2025-12-16
MEX96712,2024-12-08,2024,Political violence,Violence against civilians,Attack,484,North America,Mexico,Baja California,Tijuana,Tijuana,32.5325,-117.019,Zeta Tijuana,"Around 8 December 2024 (as reported), in Tijuana, Baja California, a man was killed and his body was found wrapped in a plastic bag and placed in a stroller in Colonia Modulos de Otay. 1 fatality.",1,MX02004,Tijuana,2024-12-16,2025-12-16
MEX96713,2024-12-12,2024,Political violence,Violence against civilians,Attack,484,North America,Mexico,Baja California,Tijuana,Tijuana,32.5325,-117.019,AFN - Tijuana,"Around 12 December 2024 (as reported), in Tijuana, Baja California, three people were killed and their bodies were found wrapped in plastic on Palma Real boulevard, in Colonia Palma Real. 3 fatalities.",3,MX02004,Tijuana,2024-12-16,2025-12-16
MEX96714,2024-12-12,2024,Political violence,Violence against civilians,Attack,484,North America,Mexico,Baja California,Tijuana,Tijuana,32.5325,-117.019,AFN - Tijuana,"On 12 December 2024, in Tijuana, Baja California, according to witnesses, unidentified individuals shot and killed two men in the patio of a house in Colonia Potros. Also in Tijuana, according to witnesses, unidentified individuals shot and killed two people in a house on Leona Vicario street, in Colonia Habitacional Estadio. 4 fatalities.",4,MX02004,Tijuana,2024-12-16,2025-12-16
MEX96715,2024-12-09,2024,Political violence,Violence against civilians,Attack,484,North America,Mexico,Michoacán,Zamora,Zamora de Hidalgo,19.9836,-102.286,La Voz de Michoacan,"On 9 December 2024, in Zamora de Hidalgo, Michoacan de Ocampo, two armed men shot and killed a man in Colonia 20 de noviembre and then fled the scene. 1 fatality.",1,MX16108,Zamora,2024-12-16,2025-12-16
MEX96717,2024-12-09,2024,Political violence,Violence against civilians,Attack,484,North America,Mexico,Veracruz de Ignacio de la Llave,Zongolica,Tepenacaxtla,18.5861,-96.9086,Imagen del Golfo; La Jornada; Tabasco Hoy; Zeta Tijuana,"On 9 December 2024, in Tepenacaxtla, Veracruz de Ignacio de la Llave, one armed man shot the PVEM federal deputy outside his home when he was with his collaborator. The deputy and the collaborator both died as a result. 2 fatalities.",2,MX30201,Zongolica,2024-12-16,2025-12-16
MEX96718,2024-12-07,2024,Political violence,Violence against civilians,Attack,484,North America,Mexico,Michoacán,Morelia,Morelia,19.7034,-101.192,La Voz de Michoacan; MiMorelia,"Around 7 December 2024 (as reported), in Morelia, Michoacan, a woman was killed and her body was found tied up by her head and feet. 1 fatality.",1,MX16053,Morelia,2024-12-16,2025-12-16
MEX96719,2024-12-07,2024,Political violence,Violence against civilians,Attack,484,North America,Mexico,Baja California,Tijuana,Tijuana,32.5325,-117.019,AFN - Tijuana,"Around 7 December 2024 (as reported), in Tijuana, Baja California, a woman was killed and her body was found burned in Playas de Tijuana. 1 fatality.",1,MX02004,Tijuana,2024-12-16,2025-12-16
MEX96720,2024-12-12,2024,Political violence,Violence against civilians,Attack,484,North America,Mexico,Michoacán,Alvaro Obregon,Alvaro Obregon,19.8263,-101.0385,MiMorelia,"Around 12 December 2024 (as reported), in Alvaro Obregon, Michoacan de Ocampo, a person was killed and the body was found with the hands tied next to the welcome sign at the entry of the town, on Tarimbaro-Zinapecuaro road. 1 fatality.",1,MX16003,Álvaro Obregón,2024-12-16,2025-12-16
MEX96721,2024-12-08,2024,Political violence,Violence against civilians,Attack,484,North America,Mexico,Michoacán,Buenavista,Buenavista Tomatlan,19.2117,-102.588,La Voz de Michoacan,"On 8 December 2024, in Buenavista Tomatlan, Michoacan, armed individuals on a motorcycle shot and killed a man on the exit road to Tancitaro (drive-by). The victim was the gardener of the city hall. 1 fatality.",1,MX16012,Buenavista,2024-12-16,2025-12-16
MEX96722,2024-12-11,2024,Political violence,Violence against civilians,Attack,484,North America,Mexico,Guanajuato,Celaya,Celaya,20.5215,-100.814,Zona Franca,"On 11 December 2024, in Celaya, Guanajuato, two men on a motorcycle opened fire at a man in a vehicle (drive-by) causing the man to lose control and crash. 1 fatality.",1,MX11007,Celaya,2024-12-16,2025-12-16
MEX96724,2024-12-09,2024,Political violence,Violence against civilians,Attack,484,North America,Mexico,México,Chicoloapan,Chicoloapan de Juarez,19.4168,-98.902,El Norte,"Around 9 December 2024 (as reported), in Chicoloapan de Juarez, Mexico, a person was killed and the dismembered body was found inside a plastic bag in Colonia San Jose. 1 fatality.",1,MX15029,Chicoloapan,2024-12-16,2025-12-16
MEX96726,2024-12-07,2024,Political violence,Violence against civilians,Attack,484,North America,Mexico,Chihuahua,Chihuahua,Chihuahua,28.6368,-106.0763,Tiempo,"Around 7 December 2024 (as reported), in Chihuahua, Chihuahua, a man was killed and his body was found with the 'tiro de gracia' in colonia Rinconada Los Nogales. 1 fatality.",1,MX08019,Chihuahua,2024-12-16,2025-12-16
MEX96727,2024-12-06,2024,Political violence,Violence against civilians,Attack,484,North America,Mexico,Nuevo León,Apodaca,Ciudad Apodaca,25.7813,-100.1892,El Norte,"On 6 December 2024, in Ciudad Apodaca, Nuevo Leon, two armed men on a motorcycle shot and injured a man in a drive-by in the Pueblo Nuevo sector.",0,MX19006,Apodaca,2024-12-16,2025-12-16
MEX96729,2024-12-12,2024,Political violence,Violence against civilians,Attack,484,North America,Mexico,Nuevo León,General Escobedo,Ciudad General Escobedo,25.808,-100.3226,El Norte,"On 12 December 2024, in Ciudad General Escobedo, Nuevo Leon, according to witnesses, at least two individuals on a motorcycle shot at people in the intersection of San Francisco and Carpintero streets, in Colonia Villas de San Francisco (drive-by), killing a 12-years old boy and injuring a man and a 7-years old girl. The man was the target of the attack, and had received death threats in recent days from a criminal group dedicated to drug dealing in the area. 1 fatality, 2 injured.",1,MX19021,General Escobedo,2024-12-16,2025-12-16
MEX96730,2024-12-12,2024,Political violence,Violence against civilians,Attack,484,North America,Mexico,Nuevo León,Santa Catarina,Ciudad Santa Catarina,25.6744,-100.4617,El Norte,"On 12 December 2024, in Ciudad Santa Catarina, Nuevo Leon, according to witnesses, two hooded individuals on a motorcycle shot and killed a man on Esteban Baca Calderon 324 street, in Colonia Martires de Cananea (drive-by). 1 fatality.",1,MX19048,Santa Catarina,2024-12-16,2025-12-16
MEX96733,2024-12-13,2024,Political violence,Violence against civilians,Attack,484,North America,Mexico,Morelos,Cuernavaca,Cuernavaca,18.9218,-99.2349,Diario de Morelos,"On 13 December 2024, in Cuernavaca, Morelos, according to witnesses, two individuals on a motorcycle shot and killed a man who was driving a van on Plan de Ayala avenue (drive-by). 1 fatality.",1,MX17007,Cuernavaca,2024-12-16,2025-12-16
MEX96738,2024-12-09,2024,Political violence,Violence against civilians,Attack,484,North America,Mexico,Oaxaca,Heroica Ciudad de Juchitan de Zaragoza,Juchitan de Zaragoza,16.4333,-95.0216,Quadratin Oaxaca,"Around 9 December 2024 (as reported), in Juchitan de Zaragoza, Oaxaca, a man was killed and his body was found with signs of torture and his feet tied near the international hotel. 1 fatality.",1,MX20043,Heroica Ciudad de Juchitán de Zaragoza,2024-12-16,2025-12-16
MEX96746,2024-12-08,2024,Political violence,Violence against civilians,Attack,484,North America,Mexico,Michoacán,Morelia,Morelia,19.7034,-101.192,La Voz de Michoacan,"Around 8 December 2024 (as reported), in Morelia, Michoacan, a man was killed and his body was found with his hands tied up in colonia Margarita Maza. 1 fatality.",1,MX16053,Morelia,2024-12-16,2025-12-16
MEX96747,2024-12-11,2024,Political violence,Violence against civilians,Attack,484,North America,Mexico,Michoacán,Morelia,Morelia,19.7034,-101.192,La Voz de Michoacan,"Around 11 December 2024 (as reported), in Morelia, Michoacan de Ocampo, a man and a woman were killed and their bodies were found tied in Colonia Centenario. 2 fatalities.",2,MX16053,Morelia,2024-12-16,2025-12-16
MEX96748,2024-12-09,2024,Political violence,Violence against civilians,Attack,484,North America,Mexico,Sinaloa,Badiraguato,Pericos,26.1118,-107.4078,Riodoce,"Around 9 December 2024 (as reported), in Pericos, Sinaloa, a man was killed and his body was found with gunshot wounds and with his hands and feet tied on the Mexico 15 international highway. 1 fatality.",1,MX25003,Badiraguato,2024-12-16,2025-12-16
MEX96749,2024-12-07,2024,Political violence,Violence against civilians,Attack,484,North America,Mexico,Veracruz de Ignacio de la Llave,Puente Nacional,Potrerillos,19.32,-96.5864,Imagen del Golfo,"On 7 December 2024, in Potrerillos, Veracruz, armed individuals on a motorcycle shot and killed a man in a drive-by. 1 fatality.",1,MX30134,Puente Nacional,2024-12-16,2025-12-16
MEX96751,2024-12-09,2024,Political violence,Violence against civilians,Attack,484,North America,Mexico,Jalisco,El Salto,San Jose El Verde,20.5557,-103.279,Milenio,"Around 9 December 2024 (as reported), in San Jose El Verde, Jalisco, a person was killed and the body was found burned in Colonia La Loma. 1 fatality.",1,MX14070,El Salto,2024-12-16,2025-12-16
MEX96752,2024-12-08,2024,Political violence,Violence against civilians,Attack,484,North America,Mexico,San Luis Potosí,Mexquitic de Carmona,San Marcos Carmona,22.1917,-101.0519,Antena San Luis,"Around 8 December 2024 (as reported), in San Marcos Carmona, San Luis Potosi, a man was killed and his body was found tied and burning in an unpopulated area. 1 fatality.",1,MX24021,Mexquitic de Carmona,2024-12-16,2025-12-16
MEX96753,2024-12-09,2024,Political violence,Violence against civilians,Attack,484,North America,Mexico,México,Atenco,San Salvador Atenco,19.5593,-98.9133,El Norte,"Around 9 December 2024 (as reported), in San Salvador Atenco, Mexico, a person was killed and the body was found burned in Colonia El Salado. 1 fatality.",1,MX15011,Atenco,2024-12-16,2025-12-16
MEX96755,2024-12-09,2024,Political violence,Violence against civilians,Attack,484,North America,Mexico,Baja California,Tijuana,Tijuana,32.5325,-117.019,AFN - Tijuana,"Around 9 December 2024 (as reported), in Tijuana, Baja California, a man was killed and his body was found burned inside a garbage can in Colonia Valle Bonito. 1 fatality.",1,MX02004,Tijuana,2024-12-16,2025-12-16
MEX96756,2024-12-12,2024,Political violence,Violence against civilians,Attack,484,North America,Mexico,Baja California,Tijuana,Tijuana,32.5325,-117.019,AFN - Tijuana,"Around 12 December 2024 (as reported), in Tijuana, Baja California, a person was killed and the torso of the body was found inside plastic bags on F street, in Colonia Roberto de la Madrid. The bags were in a shopping trolley. 1 fatality.",1,MX02004,Tijuana,2024-12-16,2025-12-16
MEX96757,2024-12-07,2024,Political violence,Violence against civilians,Attack,484,North America,Mexico,Michoacán,Uruapan,Uruapan,19.4209,-102.0628,La Voz de Michoacan,"On 7 December 2024, in Uruapan, Michoacan, an armed man on a motorcycle shot and injured a man in a drive-by in Fraccionamiento San Jose de la Mina.",0,MX16102,Uruapan,2024-12-16,2025-12-16
MEX96880,2024-12-10,2024,Political violence,Violence against civilians,Sexual violence,484,North America,Mexico,Nuevo León,Juarez,Benito Juarez,25.6513,-100.106,El Norte,"Around 10 December 2024 (as reported), in Benito Juarez, Nuevo Leon, a man was killed and his body was found naked, with his hands tied, and with signs of torture at KM 12 on the San Mateo highway. 1 fatality.",1,MX19031,Juárez,2024-12-16,2025-12-16
MEX96335,2024-11-30,2024,Political violence,Violence against civilians,Attack,484,North America,Mexico,Durango,Durango,Victoria de Durango,24.024,-104.6702,El Siglo de Durango; Milenio,"On 30 November 2024, in Victoria de Durango, Durango, according to security cameras footage, two men shot and injured three men (two employees and a client) inside Asil Mariscos y Litros carwash, in the intersection of San Ignacio avenue and Alejandra street, in Fraccionamiento San Ignacio. The perpetrators had been hired to conduct the attack due a debt. They fled on a vehicle driven by two other accomplices, and were arrested on 15 December 2024 in Colonia Ampliacion Luz del Carmen. 3 injured.",0,MX10005,Durango,2024-12-16,2025-12-16
MEX94961,2024-10-29,2024,Political violence,Violence against civilians,Attack,484,North America,Mexico,Michoacán,Uruapan,Uruapan,19.4209,-102.0628,24 Horas (Mexico); AFP; El Norte; La Jornada; La Voz de Michoacan; Milenio; MiMorelia; Yucatan a la Mano,"On 29 October 2024, in Uruapan, Michoacan de Ocampo, at least three armed individuals shot and killed a journalist a few meters from the House of Culture and the Municipal Pergola. Another person was collaterally injured. One perpetrator was arrested on 6 January 2025. 1 fatality.",1,MX16102,Uruapan,2024-12-16,2025-12-16
MEX93152,2024-09-19,2024,Political violence,Violence against civilians,Attack,484,North America,Mexico,Tabasco,Cardenas,Las Coloradas 2da seccion,18.3291,-93.5492,Tabasco Hoy,"On 19 September 2024, in Las Coloradas 2da seccion, Tabasco, unknown armed individuals shot and killed a man close to his home. The victim was identified as the husband of the current municipal delegate, the leader of a criminal gang and father of two of the three minors who were arrested for extortion and kidnapping. There was a message left next to the body. 1 fatality.",1,MX27002,Cárdenas,2024-12-16,2025-12-16
MEX93444,2024-09-26,2024,Political violence,Violence against civilians,Attack,484,North America,Mexico,Chihuahua,Guadalupe y Calvo,Guadalupe y Calvo,26.0945,-106.9644,Tiempo,"Around 26 September 2024 (as reported), in Guadalupe y Calvo, Chihuahua, an off-duty municipal police officer was killed and his body was found with gunshot wounds in the head on a path that connects Llano Grande and the village of Milpillas. 1 fatality.",1,MX08029,Guadalupe y Calvo,2024-12-16,2025-12-16
MEX93687,2024-10-03,2024,Political violence,Violence against civilians,Attack,484,North America,Mexico,Guanajuato,Salamanca,Salamanca,20.5687,-101.1999,Borderland Beat; La Silla Rota,"Around 3 October 2024 (as reported), in Salamanca, Guanajuato, three people were killed and their bodies were found in Colonia Cruz next to a banner with a message accursing the victims of supporting the CJNG. The perpetrators are suspected to be members of the Santa Rosa de Lima Cartel. 3 fatalities.",3,MX11027,Salamanca,2024-12-16,2025-12-16
MEX93734,2024-10-01,2024,Political violence,Violence against civilians,Attack,484,North America,Mexico,Guanajuato,Salamanca,Salamanca,20.5687,-101.1999,La Silla Rota; Milenio; Zona Franca,"On 1 October 2024, in Salamanca, Guanajuato, several armed men entered the facilities of a rehab center and shot and killed five people in Colonia El Rosario. Another four people were also injured. 5 fatalities. 4 injuries.",5,MX11027,Salamanca,2024-12-16,2025-12-16
MEX93740,2024-10-02,2024,Political violence,Violence against civilians,Attack,484,North America,Mexico,Chihuahua,Guadalupe y Calvo,Guadalupe y Calvo,26.0945,-106.9644,El Norte,"Around 2 October 2024 (as reported), in Guadalupe y Calvo, Chihuahua, five men were killed and their bodies were found with signs of violence in Las Crucecitas. Three of the men were wearing military style clothing, tactical vests and magazine pouches. 5 fatalities.",5,MX08029,Guadalupe y Calvo,2024-12-16,2025-12-16
MEX94290,2024-10-14,2024,Political violence,Violence against civilians,Attack,484,North America,Mexico,Jalisco,Tonala,Tonala,20.6233,-103.2456,El Norte,"Around 14 October 2024 (as reported), in Tonala, Jalisco, a person was killed and the body was found decapitated and wrapped in plastic bags in Colonia La Loma. 1 fatality.",1,MX14101,Tonalá,2024-12-16,2025-12-16
MEX94826,2024-10-26,2024,Political violence,Violence against civilians,Attack,484,North America,Mexico,Guanajuato,San Miguel de Allende,San Miguel de Allende,20.904,-100.7134,Borderland Beat,"On 26 October 2024, in San Miguel de Allende, Guanajuato, armed men attacked a drug and alcohol rehabilitation center in Colonia San Martin and killed three individuals and injured two. This is the second attack on a rehab center in Guanajuato in October. 3 fatalities, 2 injuries.",3,MX11003,San Miguel de Allende,2024-12-16,2025-12-16
MEX94960,2024-10-29,2024,Political violence,Violence against civilians,Attack,484,North America,Mexico,Michoacán,Uruapan,Tzararacua,19.3523,-102.074,La Voz de Michoacan; MiMorelia,"Around 29 October 2024 (as reported), in Tzararacua, Michoacan de Ocampo, a man was killed and his body was found with gunshot wounds, wrapped in a blanket, and with a cardboard with a threatening message on Uruapan-Lombardia road. The message was signed by a criminal group. 1 fatality.",1,MX16102,Uruapan,2024-12-16,2025-12-16
MEX95092,2024-11-02,2024,Political violence,Violence against civilians,Attack,484,North America,Mexico,Jalisco,Tonala,Tonala,20.6233,-103.2456,El Norte,"On 2 November 2024, in Tonala, Jalisco, armed men on a motorcycle shot and killed a 17-year-old man in a drive-by during a bike ride in Colonia La Ladrillera. 1 fatality.",1,MX14101,Tonalá,2024-12-16,2025-12-16
MEX95497,2024-11-08,2024,Political violence,Violence against civilians,Attack,484,North America,Mexico,Jalisco,Tonala,Tonala,20.6233,-103.2456,Mural,"On 8 November 2024, in Tonala, Jalisco, according to witnesses, armed individuals on a motorbike shot and killed a man in the intersection of Andador Laurel and La Fresa avenue, in Colonia Lomas del Laurel (drive-by). 1 fatality.",1,MX14101,Tonalá,2024-12-16,2025-12-16
MEX95568,2024-11-15,2024,Political violence,Violence against civilians,Attack,484,North America,Mexico,Puebla,Chietla,Chietla,18.5188,-98.5762,E-Consulta,"On 15 November 2024, in Chietla, Puebla, armed men who arrived on a motorcycle shot and killed the former mayor of the Tepeojuma (affiliated with the PT party). 1 fatality.",1,MX21051,Chietla,2024-12-16,2025-12-16
MEX95571,2024-11-15,2024,Political violence,Violence against civilians,Attack,484,North America,Mexico,Puebla,Izucar de Matamoros,Izucar de Matamoros,18.6022,-98.4654,E-Consulta,"On 15 November 2024, in Izucar de Matamoros, Puebla, one armed individual on a motorcycle opened fire (drive-by) and injured another man driving his motorcycle on the Mexico-Oaxaca highway. 1 injury.",0,MX21085,Izúcar de Matamoros,2024-12-16,2025-12-16
MEX96035,2024-11-24,2024,Political violence,Violence against civilians,Attack,484,North America,Mexico,Jalisco,Tonala,Tonala,20.6233,-103.2456,Milenio,"On 24 November 2024, in Tonala, Jalisco, armed individuals pulled up to a man walking on the street, shot him from the vehicle and fled the scene in Colonia Alberca (drive-by). 1 fatality.",1,MX14101,Tonalá,2024-12-16,2025-12-16
MEX96227,2024-11-27,2024,Political violence,Violence against civilians,Attack,484,North America,Mexico,Puebla,San Salvador el Verde,San Andres Hueyacatitla,19.2576,-98.5366,E-Consulta,"On 27 November 2024, in San Andres Hueyacatitla, Puebla, at least five individuals shot and killed the local ejidal commissariat on 16 de Septiembre street. The perpetrators fled and abandoned their van in the border between San Salvador El Verde and San Martin Texmelucan. 1 fatality.",1,MX21143,San Salvador el Verde,2024-12-16,2025-12-16
MEX96725,2024-12-06,2024,Political violence,Violence against civilians,Attack,484,North America,Mexico,Puebla,Chietla,Chietla,18.5188,-98.5762,E-Consulta,"Around 6 December 2024 (as reported), in Chietla, Puebla, two men were killed and their bodies were found with gunshot wounds, their feet and hands tied up in Campos Villas del Monte Cristo. 2 fatalities.",2,MX21051,Chietla,2024-12-16,2025-12-16
MEX96736,2024-12-09,2024,Political violence,Violence against civilians,Attack,484,North America,Mexico,Sinaloa,Culiacan,El Espinal,24.9023,-107.161,Riodoce,"Around 9 December 2024 (as reported), in El Espinal, Sinaloa, a person was killed and a decapitated head and arm along with other remains were found inside a cooler. 1 fatality.",1,MX25006,Culiacán,2024-12-16,2025-12-16
MEX96739,2024-12-12,2024,Political violence,Violence against civilians,Attack,484,North America,Mexico,Michoacán,Cotija,Las Penas,19.7622,-102.6986,La Voz de Michoacan; Milenio,"Around 12 December 2024 (as reported), in Las Penas, Michoacan de Ocampo, three men were killed and their bodies were found with gunshot wounds and the hands handcuffed on Cotija-Gallineros road. 3 fatalities.",3,MX16019,Cotija,2024-12-16,2025-12-16
MEX96886,2024-12-05,2024,Political violence,Violence against civilians,Attack,484,North America,Mexico,México,Amanalco,Amanalco de Becerra,19.2524,-100.02,24 Horas (Mexico); El Norte; El Proceso; La Jornada; La Silla Rota; La Verdad; Reforma; SDP Noticias,"On 5 December 2024, in Amanalco de Becerra, Mexico, at least ten people linked to La Familia Michoacana Cartel hit, injured, and abducted the woman mayor in an express robbery that aimed at forcing her to resign and suspend her request to deploy state and federal security forces in the area. The victim had received threatening calls the day before, and was released two hours after the abduction. Two government officials were arrested on 17 December 2024 for this abduction and their suspected links with La Familia Michoacana. These arrests are part of 'Operacion Enjambre' (Operation Swarm) that included the arrest of authorities linked to organized crime across Mexico state (coded separately). 1 injured.",0,MX15007,Amanalco,2024-12-16,2025-12-16
MEX96890,2024-12-13,2024,Political violence,Battles,Armed clash,484,North America,Mexico,Jalisco,Zapotlanejo,Zapotlanejo,20.6214,-103.0668,Pagina 24 Jalisco,"On 13 December 2024, in Zapotlanejo, Jalisco, members of the CJNG opened fire at officers of the National Guard on patrol in Colonia San Martin who repelled the aggression. One officer died and one was injured. 1 fatality, 1 injury.",1,MX14124,Zapotlanejo,2024-12-16,2025-12-16
MEX96892,2024-12-13,2024,Political violence,Violence against civilians,Attack,484,North America,Mexico,Nuevo León,Santa Catarina,Ciudad Santa Catarina,25.6744,-100.4617,El Norte,"Around 13 December 2024 (as reported), in Ciudad Santa Catarina, Nuevo Leon, a man was killed and his body was found with signs of torture and tied on the side of the Saltillo highway. 1 fatality.",1,MX19048,Santa Catarina,2024-12-16,2025-12-16
MEX96894,2024-12-14,2024,Political violence,Violence against civilians,Attack,484,North America,Mexico,Baja California,Tijuana,Tijuana,32.5325,-117.019,AFN - Tijuana,"Around 14 December 2024 (as reported), in Tijuana, Baja California, a person was killed and the body was found with a narco message next to the body and wrapped in a sheet in Colonia Postal. 1 fatality.",1,MX02004,Tijuana,2024-12-16,2025-12-16
MEX96895,2024-12-14,2024,Political violence,Battles,Armed clash,484,North America,Mexico,Baja California,Tijuana,Tijuana,32.5325,-117.019,AFN - Tijuana,"On 14 December 2024, in Tijuana, Baja California, municipal police officers attempted to stop a man driving a car in Colonia Sanchez Taboada who fled the scene and then opened fire at the officers when he got out of the car. The man was injured as a result. 1 injury.",0,MX02004,Tijuana,2024-12-16,2025-12-16
MEX96896,2024-12-14,2024,Political violence,Violence against civilians,Attack,484,North America,Mexico,Ciudad de Mexico,Cuauhtemoc,Ciudad de Mexico - Cuauhtemoc,19.4313,-99.1531,El Norte,"On 14 December 2024, in Ciudad de Mexico - Cuauhtemoc, two men opened fire and killed a man in colonia Tlatelolco. The perpetrators escaped on a motorcycle. 1 fatality.",1,MX09015,Cuauhtémoc,2024-12-16,2025-12-16
MEX96897,2024-12-14,2024,Political violence,Violence against civilians,Attack,484,North America,Mexico,Coahuila de Zaragoza,Saltillo,Saltillo,25.4217,-100.9997,La Prensa de Monclova,"On 14 December 2024, in Saltillo, Coahuila de Zaragoza, three men armed with stones and bats hit two men in a field of Colonia Centro Ferrocarrilero. One of the victims died and the other got to flee. The attack suspectedly responded to a dispute over drugs. 1 fatality, 1 injured.",1,MX05030,Saltillo,2024-12-16,2025-12-16
MEX96898,2024-12-14,2024,Political violence,Violence against civilians,Attack,484,North America,Mexico,Colima,Tecoman,Tecoman,18.9105,-103.8735,Colima Noticias,"On 14 December 2024, in Tecoman, Colima, two armed individuals opened fire at two men outside a home in Colonia Santa Elena. One man died and one was injured. 1 fatality, 1 injury.",1,MX06009,Tecomán,2024-12-16,2025-12-16
MEX96899,2024-12-14,2024,Political violence,Violence against civilians,Attack,484,North America,Mexico,Guanajuato,Dolores Hidalgo Cuna de la Independencia Nacional,Dolores Hidalgo Cuna de la Independencia Nacional,21.1592,-100.9172,Zona Franca,"On 14 December 2024, in Dolores Hidalgo Cuna de la Independencia Nacional, Guanajuato, two armed individuals opened fire at a bar and injured a journalist working as a security guard at a night club. The man was injured as a result. The victim is known for reporting on events related to insecurity and violence. 1 injury.",0,MX11014,Dolores Hidalgo Cuna de la Independencia Nacional,2024-12-16,2025-12-16
MEX96903,2024-12-14,2024,Political violence,Battles,Armed clash,484,North America,Mexico,Michoacán,Apatzingan,Cenobio Moreno,19.0967,-102.5035,La Voz de Michoacan,"On 14 December 2024, in Cenobio Moreno, Michoacan de Ocampo, members of the self-defense group Los Blancos de Troya opened fire at officers of the military force and municipal police who repelled the aggression. Two men were arrested as a result. There were no injuries and officers seized magazines, weapons and cartridges. Moments after this first clash, armed men attacked another police station and military and police officers repelled the aggression. Another four armed men were injured and officers seized rifles, magazines, weapons and a carrier vest. 6 arrests.",0,MX16006,Apatzingán,2024-12-16,2025-12-16
MEX96905,2024-12-14,2024,Political violence,Violence against civilians,Attack,484,North America,Mexico,Morelos,Cuautla,Cuautla,18.8128,-98.9553,Diario de Morelos,"Around 14 December 2024 (as reported), in Cuautla, Morelos, a person was killed and the human remains such as a hand and other body parts were found in Colonia Paraiso. 1 fatality.",1,MX17006,Cuautla,2024-12-16,2025-12-16
MEX96911,2024-12-14,2024,Political violence,Violence against civilians,Attack,484,North America,Mexico,San Luis Potosí,San Luis Potosi,San Luis Potosi,22.1517,-100.977,Quadratin Oaxaca,"On 14 December 2024, in San Luis Potosi, San Luis Potosi, unknown armed individuals opened fire from a vehicle at twin brothers driving in a vehicle (drive-by) in Colonia Los Prados. Both died as a result. 2 fatalities.",2,MX24028,San Luis Potosí,2024-12-16,2025-12-16
MEX96918,2024-12-14,2024,Political violence,Violence against civilians,Attack,484,North America,Mexico,Sonora,Cajeme,Ciudad Obregon,27.4965,-109.9327,Entorno Informativo,"Around 14 December 2024 (as reported), in Ciudad Obregon, Sonora, a man was shot and his body was found with his hands and feet tied and with signs of violence inside a building in Colonia Las Haciendas. The man was reported alive and transported to the hospital. 1 injury.",0,MX26018,Cajeme,2024-12-16,2025-12-16
MEX96919,2024-12-14,2024,Political violence,Violence against civilians,Attack,484,North America,Mexico,Veracruz de Ignacio de la Llave,Cordoba,San Matias,18.9137,-96.9238,Imagen del Golfo,"Around 14 December 2024 (as reported), in San Matias, Veracruz de Ignacio de la Llave, a man was stabbed and killed and his body was found with the hands tied with a t-shirt. 1 fatality.",1,MX30044,Córdoba,2024-12-16,2025-12-16
MEX96921,2024-12-15,2024,Political violence,Battles,Armed clash,484,North America,Mexico,Baja California,Tijuana,Tijuana,32.5325,-117.019,AFN - Tijuana; Milenio,"On 15 December 2024, in Tijuana, Baja California, at least three armed individuals in a vehicle opened fire at a municipal police officer who was in another vehicle (drive-by). The officers asked for reinforcement, leading to a chase in which the perpetrators crashed their vehicle in fraccionamiento Chapultepec. One armed individual was killed and another was injured. 1 fatality, 1 injured.",1,MX02004,Tijuana,2024-12-16,2025-12-16
MEX96934,2024-12-15,2024,Political violence,Violence against civilians,Attack,484,North America,Mexico,Ciudad de Mexico,Azcapotzalco,Ciudad de Mexico - Azcapotzalco,19.4841,-99.1844,Mural,"Around 15 December 2024 (as reported), in Ciudad de Mexico - Azcapotzalco, a man was killed and his body was found tied and with the 'tiro de gracia' in the intersection of Miguel Borja and Marisol streets, in Colonia Nueva Santa Maria. 1 fatality.",1,MX09002,Azcapotzalco,2024-12-16,2025-12-16
MEX96937,2024-12-15,2024,Political violence,Battles,Armed clash,484,North America,Mexico,Colima,Manzanillo,Salagua,19.1034,-104.3327,Entorno Informativo; La Verdad,"On 15 December 2024, in Salagua, Colima, an armed group opened fire at municipal police officers who repelled the aggression leading to the death of two armed individuals, one of who was identified as the leader of the Sinaloa Cartel of Manzanillo. The clash took place after the armed group opened fire at individuals at a cockfight (coded separately). 2 fatalities.",2,MX06007,Manzanillo,2024-12-16,2025-12-16
MEX96938,2024-12-15,2024,Political violence,Violence against civilians,Attack,484,North America,Mexico,Colima,Manzanillo,Salagua,19.1034,-104.3327,La Verdad,"On 15 December 2024, in Salagua, Colima, an armed group affiliated with Sinaloa Cartel attacked individuals attending an illegal cockfight killing two individuals and injuring three. Upon the attack, police and military were deployed leading to a clash (coded separately). 2 fatalities, 3 injuries.",2,MX06007,Manzanillo,2024-12-16,2025-12-16
MEX96945,2024-12-15,2024,Political violence,Violence against civilians,Attack,484,North America,Mexico,Nuevo León,General Bravo,General Bravo,25.7955,-99.1787,El Norte,"On 15 December 2024, in General Bravo, Nuevo Leon, four armed men dressed in camouflage intercepted a couple at the side of the highway and shot a man, who later died from his injuries. 1 fatality.",1,MX19020,General Bravo,2024-12-16,2025-12-16
MEX96950,2024-12-15,2024,Political violence,Violence against civilians,Abduction/forced disappearance,484,North America,Mexico,Sonora,Hermosillo,Hermosillo,29.0749,-110.959,Entorno Informativo,"Around 15 December 2024 (month of), in Hermosillo, Sonora, at least two men abducted two men and took them to a house on Cerro Prieto and Carlos Balderrama streets, in Colonia Sonacer. Municipal police officers released the victims, arrested the perpetrators, and seized two firearms on 16 December 2024.",0,MX26030,Hermosillo,2024-12-16,2025-12-16
MEX96953,2024-12-16,2024,Political violence,Violence against civilians,Attack,484,North America,Mexico,Baja California,Mexicali,Mexicali,32.6412,-115.476,AFN - Tijuana,"Around 16 December 2024 (month of), in Mexicali, Baja California, a person was killed and the body was found inside a plastic bag in the state of decomposition in Colonia Santa Clara. 1 fatality.",1,MX02002,Mexicali,2024-12-16,2025-12-16
MEX96954,2024-12-16,2024,Political violence,Violence against civilians,Attack,484,North America,Mexico,Baja California,Tijuana,Tijuana,32.5325,-117.019,AFN - Tijuana; La Jornada; La Silla Rota; Zeta Tijuana,"Around 16 December 2024 (as reported), in Tijuana, Baja California, at least two men strangled and killed three women. The perpetrators abandoned the bodies with a threatening message inside a van in Libramiento Rosas Magallon, in Colonia Obrera. One of the perpetrators is a military officer who was on leave and was arrested the day after the bodies were found. 3 fatalities.",3,MX02004,Tijuana,2024-12-16,2025-12-16
MEX96964,2024-12-16,2024,Political violence,Violence against civilians,Attack,484,North America,Mexico,Durango,Durango,Victoria de Durango,24.024,-104.6702,Milenio,"On 16 December 2024, in Victoria de Durango, Durango, at least four armed individuals arrived at a car wash and started shooting at people at the facilities, injuring two employees and damaging one restaurant and two cars. Two armed individuals were arrested. 2 injuries.",0,MX10005,Durango,2024-12-16,2025-12-16
MEX96966,2024-12-16,2024,Political violence,Battles,Armed clash,484,North America,Mexico,Guanajuato,Yuriria,Parangarico,20.1911,-101.1674,Zeta Tijuana,"On 16 December 2024, in Parangarico, Guanajuato, municipal police officers chased armed individuals who had ambushed police officers in Uriangato (coded separately). The officers and the individuals clashed, resulting in one officer injured. 1 injured.",0,MX11046,Yuriria,2024-12-16,2025-12-16
MEX96969,2024-12-16,2024,Political violence,Battles,Armed clash,484,North America,Mexico,Guerrero,Leonardo Bravo,Chichihualco,17.6608,-99.6773,El Norte; El Sol de Acapulco; La Silla Rota,"On 16 December 2024, in Chichihualco, Guerrero, unidentified gangs clashed in Colonia La Trichera. During the clash, one of the groups shot at houses and abducted two men (a father and his son), whose whereabouts are unknown. Two other people were killed during the clash. 2 fatalities.",2,MX12040,Leonardo Bravo,2024-12-16,2025-12-16
MEX96971,2024-12-16,2024,Political violence,Violence against civilians,Attack,484,North America,Mexico,Jalisco,San Pedro Tlaquepaque,Tlaquepaque,20.6386,-103.3072,El Norte,"Around 16 December 2024 (as reported), in Tlaquepaque, Jalisco, a man was killed and his body was found with his hands and feet tied and with gunshot wounds and signs of violence in Colonia Nueva Santa Maria. 1 fatality.",1,MX14098,San Pedro Tlaquepaque,2024-12-16,2025-12-16
MEX96977,2024-12-16,2024,Political violence,Explosions/Remote violence,Air/drone strike,484,North America,Mexico,Michoacán,Cotija,Cotija de la Paz,19.8084,-102.7041,Tabasco Hoy,"On 16 December 2024, in Cotija de la Paz, Michoacan de Ocampo, armed individuals attacked with drones charged with explosives officers of the military who were on patrol. Two officers were killed and five were injured. The perpetrators were suspected members of the CJNG. 2 fatalities, 5 injuries.",2,MX16019,Cotija,2024-12-16,2025-12-16
MEX96980,2024-12-16,2024,Political violence,Violence against civilians,Attack,484,North America,Mexico,Michoacán,Jacona,Jacona de Plancarte,19.9563,-102.306,La Voz de Michoacan,"On 16 December 2024, in Jacona de Plancarte, Michoacan de Ocampo, unknown armed individuals shot and killed a farmer inside his home in Colonia Palito Verde and wrapped him in a blanket. 1 fatality.",1,MX16043,Jacona,2024-12-16,2025-12-16
MEX96985,2024-12-16,2024,Political violence,Battles,Armed clash,484,North America,Mexico,Morelos,Puente de Ixtla,Puente de Ixtla,18.6169,-99.3237,Diario de Morelos,"On 16 December 2024, in Puente de Ixtla, Morelos, rival armed individuals clashed around 5 de Mayo street, Gilberto Figueroa avenue, and Allende street. A stray bullet killed a pregnant woman. One of the armed individuals was injured and arrested. 1 fatality, 1 injured.",1,MX17017,Puente de Ixtla,2024-12-16,2025-12-16
MEX96986,2024-12-16,2024,Political violence,Violence against civilians,Attack,484,North America,Mexico,Morelos,Puente de Ixtla,Puente de Ixtla,18.6169,-99.3237,Diario de Morelos,"On 16 December 2024, in Puente de Ixtla, Morelos, according to witnesses, two men dressed in black on a motorcycle opened fire at a pregnant woman in Colonia San Matero (drive-by). The woman died and one man was injured. 1 fatality, 1 injury.",1,MX17017,Puente de Ixtla,2024-12-16,2025-12-16
MEX96989,2024-12-16,2024,Political violence,Violence against civilians,Attack,484,North America,Mexico,Puebla,Puebla,Heroica Puebla de Zaragoza,19.044,-98.1975,E-Consulta,"Around 16 December 2024 (as reported), in Heroica Puebla de Zaragoza, Puebla, a person was killed and the body was found dismembered inside three bags in a box in Colonia Bosques de Amalucan and a message next to the remains. 1 fatality.",1,MX21114,Puebla,2024-12-16,2025-12-16
MEX96991,2024-12-16,2024,Political violence,Violence against civilians,Attack,484,North America,Mexico,Puebla,Tilapa,Tilapa,18.5956,-98.5536,E-Consulta; La Jornada,"On 16 December 2024, in Tilapa, Puebla, unidentified individuals shot and killed an off-duty municipal police officer and local Director of Public Safety on the road that connects the municipalities of Atzala and Tilapa. 1 fatality.",1,MX21176,Tilapa,2024-12-16,2025-12-16
MEX97458,2024-12-15,2024,Political violence,Violence against civilians,Attack,484,North America,Mexico,San Luis Potosí,San Luis Potosi,San Luis Potosi,22.1517,-100.977,Antena San Luis; E-Consulta; El Norte; La Jornada; La Verdad; Milenio; Mural; Reforma; Tabasco Hoy,"On 15 December 2024, in San Luis Potosi, San Luis Potosi, at least two individuals shot and killed the mayor of Tancanhuitz and three other people who travelled with him (his assistant and two military escort officers) on Tamazunchale-Ciudad Valles road, near Colonia Palmira. One of the perpetrators is the former mayor of Tancanhuitz and former PAN local deputy, who was arrested a few hours after the attack and later released due to lack of evidence. He had been arrested in previous years for possession of firearms and ammunition. His brother, also a former mayor of Tancanhuitz of MORENA, was arrested on 17 December 2024. Another suspect is an acting councilman of Tancanhuitz. Two other suspects were arrested around 9 January 2025. According to the authorities, this event is linked to personal and political disputes and not to organized crime. 4 fatalities.",4,MX24028,San Luis Potosí,2024-12-16,2025-12-16
MEX97459,2024-12-16,2024,Political violence,Battles,Armed clash,484,North America,Mexico,Guanajuato,Guanajuato,Guanajuato,21.0161,-101.2536,La Silla Rota,"Around 16 December 2024 (as reported), in Guanajuato state, state police officers and unspecified federal agents clashed with members of the Santa Rosa de Lima Cartel who had participated in a previous clash in Uriangato. One cartel member died and officers seized firearms, munition, and tactical equipment. 1 fatality.",1,MX11015,Guanajuato,2024-12-16,2025-12-16
MEX95086,2024-11-02,2024,Political violence,Explosions/Remote violence,Air/drone strike,484,North America,Mexico,Durango,Rodeo,Tierra Blanca,25.2287,-104.5737,La Verdad,"On 2 November 2024, in Tierra Blanca, Durango, unidentified groups launched explosive devices from drones. Casualties unknown.",0,MX10024,Rodeo,2024-12-16,2025-12-16
MEX96326,2024-11-29,2024,Political violence,Explosions/Remote violence,Air/drone strike,484,North America,Mexico,Sinaloa,Rosario,Charco Hondo,23.0528,-105.6341,El Sol de Sinaloa; Noroeste; Riodoce,"On 29 November 2024, in Charco Hondo, Sinaloa, unidentified individuals threw explosive devices from a light aircraft. There were no casualties.",0,MX25014,Rosario,2024-12-16,2025-12-16
MEX96362,2024-11-30,2024,Political violence,Explosions/Remote violence,Air/drone strike,484,North America,Mexico,Sinaloa,Rosario,Charco Hondo,23.0528,-105.6341,Noroeste; Riodoce,"On 30 November 2024, in Charco Hondo, Sinaloa, for the second consecutive day, unidentified individuals threw explosive devices from a light aircraft. The same vehicle was used the same day to launch explosives in other locations of Sinaloa (coded separately). There were no casualties.",0,MX25014,Rosario,2024-12-16,2025-12-16
MEX96361,2024-11-30,2024,Political violence,Explosions/Remote violence,Air/drone strike,484,North America,Mexico,Sinaloa,Rosario,Maloya,22.948,-105.6058,Noroeste; Riodoce,"On 30 November 2024, in Maloya, Sinaloa, unidentified individuals threw explosive devices from a light aircraft. The same vehicle was used the same day to launch explosives in other locations of Sinaloa (coded separately). There were no casualties.",0,MX25014,Rosario,2024-12-16,2025-12-16
MEX94795,2024-10-24,2024,Political violence,Violence against civilians,Attack,484,North America,Mexico,Oaxaca,Santo Domingo Teojomulco,Santo Domingo Teojomulco,16.5886,-97.2258,Quadratin Oaxaca,"On 24 October 2024, in Santo Domingo Teojomulco, Oaxaca, unknown armed individuals shot at the municipal president who was accompanied by police officers during an operation against illegal animal hunt. The officers answered the attack, while the mayor was injured along with two collaborators. One armed individual was killed. 1 fatality, 3 injuries.",1,MX20516,Santo Domingo Teojomulco,2024-12-16,2025-12-16
MEX97708,2024-12-04,2024,Political violence,Violence against civilians,Attack,484,North America,Mexico,Baja California,Tijuana,Tijuana,32.5325,-117.019,AFN - Tijuana; Zeta Tijuana,"On 4 December 2024, in Tijuana, Baja California, according to witnesses and security cameras footage, at least two men shot and killed a woman who was driving on Lopez Lucio avenue. The two men were arrested in Tijuana around 13 January 2025, and the authorities search for at least a third suspect. The victim was a social media influencer. 1 fatality.",1,MX02004,Tijuana,2024-12-16,2025-12-16
MEX98025,2024-10-13,2024,Political violence,Violence against civilians,Attack,484,North America,Mexico,Nuevo León,Cienega de Flores,Cienega de Flores,25.9521,-100.1681,El Norte,"On 13 October 2024, in Cienega de Flores, Nuevo Leon, according to witnesses, two men armed with a baseball bat hit and killed a man on 43 street, in Colonia Villas de Carrizalejo. The perpetrators were arrested on 10 January 2025 in the same colonia. 1 fatality.",1,MX19012,Ciénega de Flores,2024-12-16,2025-12-16
MEX94666,2024-10-20,2024,Political violence,Violence against civilians,Attack,484,North America,Mexico,Michoacán,Tlalpujahua,Tlalpujahua de Rayon,19.8055,-100.1737,La Voz de Michoacan,"On 20 October 2024, in Tlalpujahua de Rayon, Michoacan de Ocampo, an off-duty municipal police officer was shot and killed on Calzada del Carmen street. 1 fatality.",1,MX16093,Tlalpujahua,2024-12-16,2025-12-16
MEX98048,2024-10-13,2024,Political violence,Explosions/Remote violence,Air/drone strike,484,North America,Mexico,Tamaulipas,Rio Bravo,Ciudad Rio Bravo,25.981,-98.0901,Hoy Tamaulipas; La Jornada; Milenio,"On 13 October 2024, near Ciudad Rio Bravo, Tamaulipas, unidentified individuals used a drone to launch explosives and killed a state police officer in Brecha 109. 1 fatality.",1,MX28033,Río Bravo,2024-12-16,2025-12-16
MEX94901,2024-10-28,2024,Political violence,Explosions/Remote violence,Air/drone strike,484,North America,Mexico,Durango,Santiago Papasquiaro,Vascogil,24.8958,-106.3808,La Jornada; La Prensa de Monclova; La Verdad,"On 28 October 2024, in Vascogil, Durango, unidentified individuals threw at least four explosive devices at residential areas from a light aircraft, out of which at least three exploded. There were no casualties.",0,MX10032,Santiago Papasquiaro,2024-12-16,2025-12-16
MEX94116,2024-10-07,2024,Political violence,Violence against civilians,Sexual violence,484,North America,Mexico,Veracruz de Ignacio de la Llave,Chocaman,Chocaman,19.0109,-97.0332,Imagen del Golfo; La Silla Rota,"Around 7 October 2024 (as reported), in Chocaman, Veracruz de Ignacio de la Llave, a woman was killed and her naked body was found with a gunshot wound, the hands tied, and wrapped in a blanket on a road that connects to San Jose Neria. 1 fatality.",1,MX30062,Chocamán,2024-12-16,2025-12-16
MEX95054,2024-11-01,2024,Political violence,Violence against civilians,Attack,484,North America,Mexico,Guanajuato,Leon,Alvaro Obregon,20.9573,-101.578,La Jornada; Milenio; Zona Franca,"On 1 November 2024, around Alvaro Obregon (Santa Ana del Conde), Guanajuato, three armed men shot and attacked at three prison guards who were just out of work and were at a beer shop in San Agustin del Mirasol. Two of the victims were killed and another one was injured. The injured victim died later at the hospital. Around 31 January 2025, two members of the CJNG were arrested for this attack. According to the investigations, the attack was orchestrated by the CJNG to prevent the transfer of one of its leaders. 3 fatalities.",3,MX11020,León,2024-12-16,2025-12-16
MEX93137,2024-09-19,2024,Political violence,Violence against civilians,Attack,484,North America,Mexico,Sinaloa,Mazatlan,Mazatlan,23.2003,-106.4222,El Norte; Milenio,"On 19 September 2024, in Mazatlan, Sinaloa, several unknown armed men intercepted an off-duty municipal commander and former deputy chief while he was driving a truck and shot him near fraccionamiento Los Mangos. 1 fatality.",1,MX25012,Mazatlán,2024-12-16,2025-12-16
MEX93259,2024-09-22,2024,Political violence,Violence against civilians,Abduction/forced disappearance,484,North America,Mexico,Sinaloa,Mazatlan,Mazatlan,23.2003,-106.4222,Riodoce,"On 22 September 2024, in Mazatlan, Sinaloa, armed men abducted a man in a rehabilitation center in Colonia Emiliano Zapata (likely witness were present). The victim's whereabouts are unknown.",0,MX25012,Mazatlán,2024-12-16,2025-12-16
MEX93484,2024-09-26,2024,Political violence,Violence against civilians,Abduction/forced disappearance,484,North America,Mexico,Sinaloa,Mazatlan,Mazatlan,23.2003,-106.4222,Noroeste,"On 26 September 2024, in Mazatlan, Sinaloa, armed men got off at least two vans and abducted a man who was parking his car. The victim is a digital platforms' driver.",0,MX25012,Mazatlán,2024-12-16,2025-12-16
MEX93693,2024-09-26,2024,Political violence,Violence against civilians,Abduction/forced disappearance,484,North America,Mexico,Sinaloa,Mazatlan,Mazatlan,23.2003,-106.4222,El Universal (Mexico),"On 26 September 2024, in Mazatlan, Sinaloa, armed individuals abducted an off-duty municipal police officer in front of a bar in Zona Dorada. The victim was later released.",0,MX25012,Mazatlán,2024-12-16,2025-12-16
MEX93711,2024-09-29,2024,Political violence,Violence against civilians,Abduction/forced disappearance,484,North America,Mexico,Sinaloa,Mazatlan,Mazatlan,23.2003,-106.4222,El Sol de Sinaloa,"On 29 September 2024, in Mazatlan, Sinaloa, armed men on vans abducted two persons. The victims' whereabouts are unknown.",0,MX25012,Mazatlán,2024-12-16,2025-12-16
MEX93814,2024-10-01,2024,Political violence,Violence against civilians,Attack,484,North America,Mexico,Sinaloa,Mazatlan,Mazatlan,23.2003,-106.4222,Noroeste,"On 1 October 2024, in Mazatlan, Sinaloa, armed men in a vehicle shot and killed two men in a drive-by shooting. The victims were in a play room in Colonia Rafael Buelna. 2 fatalities.",2,MX25012,Mazatlán,2024-12-16,2025-12-16
MEX94080,2024-10-06,2024,Political violence,Battles,Armed clash,484,North America,Mexico,Sinaloa,Mazatlan,Mazatlan,23.2003,-106.4222,El Siglo de Durango,"Around 6 October 2024 (between 4 - 8 October), in the 'Sinaloense' tunnel on Durango-Mazatlan road (coded to Mazatlan), Sinaloa, a video was published on social media on the 8 October showing armed individuals using trailers to set up a (narco) blockade in the tunnel on the Durango-Mazatlan highway. It is suspected that the incident occurred after a clash between armed groups in which an unspecified number of people were killed. Some media indicate that the event happened on the same day the video was published, while others say it corresponds to an event that occurred on 4 October. Unspecified number of fatalities coded as 3.",3,MX25012,Mazatlán,2024-12-16,2025-12-16
MEX94653,2024-10-19,2024,Political violence,Violence against civilians,Attack,484,North America,Mexico,Sinaloa,Mazatlan,Mazatlan,23.2003,-106.4222,Noroeste,"Around 19 October 2024 (as reported), in Mazatlan, Sinaloa, two armed men who arrived on a motorbike shot and killed a man on Kena Moreno street. 1 fatality.",1,MX25012,Mazatlán,2024-12-16,2025-12-16
MEX94686,2024-10-23,2024,Political violence,Violence against civilians,Abduction/forced disappearance,484,North America,Mexico,Sinaloa,Mazatlan,Mazatlan,23.2003,-106.4222,El Norte; La Jornada,"On 23 October 2024, in Mazatlan, Sinaloa, between four and five armed individuals kidnapped three men and a woman from a home in Colonia Telleria while they were on vacation. The whereabouts of the individuals remain unknown.",0,MX25012,Mazatlán,2024-12-16,2025-12-16
MEX94687,2024-10-23,2024,Political violence,Violence against civilians,Abduction/forced disappearance,484,North America,Mexico,Sinaloa,Mazatlan,Mazatlan,23.2003,-106.4222,Noroeste,"On 23 October 2024, close to Mazatlan, Sinaloa, unknown armed individuals intercepted a truck driver and kidnapped the co-pilot on the Mazatlan-Culiacan highway. The whereabouts of the man remain unknown.",0,MX25012,Mazatlán,2024-12-16,2025-12-16
MEX94739,2024-10-19,2024,Political violence,Violence against civilians,Attack,484,North America,Mexico,Sinaloa,Mazatlan,Mazatlan,23.2003,-106.4222,El Siglo de Durango,"Around 19 October 2024 (month of), in Mazatlan, Sinaloa, a man was killed and his beheaded body was found in a state of decomposition in Ejido El Venadillo, in Sector Salud de Badiraguato. There was a birth certificate next to the body, although it is unknown whether it belongs to the victim. The body was found after an anonymous call indicated its location. 1 fatality.",1,MX25012,Mazatlán,2024-12-16,2025-12-16
MEX94746,2024-10-20,2024,Political violence,Violence against civilians,Attack,484,North America,Mexico,Sinaloa,Mazatlan,Mazatlan,23.2003,-106.4222,Noroeste,"On 20 October 2024, in Mazatlan, Sinaloa, two armed men on a motorcycle shot and killed a man (drive-by) on Avenida Francisco Solis. 1 fatality.",1,MX25012,Mazatlán,2024-12-16,2025-12-16
MEX94884,2024-10-27,2024,Political violence,Battles,Armed clash,484,North America,Mexico,Sinaloa,Mazatlan,Mazatlan,23.2003,-106.4222,Entorno Informativo,"On 27 October 2024, in Mazatlan, Sinaloa, an armed clash between rival groups took place. The clash resulted in the death of one civilian in a vehicle and the injury of one taxi driver. 1 fatality, 1 injury.",1,MX25012,Mazatlán,2024-12-16,2025-12-16
MEX94900,2024-10-28,2024,Political violence,Violence against civilians,Attack,484,North America,Mexico,Colima,Coquimatlan,Coquimatlan,19.2037,-103.8082,Colima Noticias,"On 28 October 2024, in Coquimatlan, Colima, armed individuals who arrived on a motorcycle intercepted a man, shot him several times and fled the scene. The man died as a result. 1 fatality.",1,MX06004,Coquimatlán,2024-12-16,2025-12-16
MEX94964,2024-10-29,2024,Political violence,Violence against civilians,Abduction/forced disappearance,484,North America,Mexico,Puebla,San Martin Texmelucan,San Lucas Atoyatenco,19.2826,-98.4156,E-Consulta,"On 29 October 2024, in San Lucas Atoyatenco, Puebla, armed men on a motorbike intercepted a Bimbo company vehicle on Arco Norte, and abducted the driver. The victim's whereabouts are unknown.",0,MX21132,San Martín Texmelucan,2024-12-16,2025-12-16
MEX95051,2024-11-01,2024,Political violence,Violence against civilians,Attack,484,North America,Mexico,Colima,Colima,El Chanal,19.2945,-103.7046,Colima Noticias,"On 1 November 2024, in El Chanal, Colima, armed individuals on a motorcycle shot and killed (drive-by) a man. 1 fatality.",1,MX06002,Colima,2024-12-16,2025-12-16
MEX95166,2024-11-04,2024,Political violence,Violence against civilians,Attack,484,North America,Mexico,Sinaloa,Mazatlan,Mazatlan,23.2003,-106.4222,Noroeste,"On 4 November 2024, in Mazatlan, Sinaloa, two armed individuals who arrived on a motorcycle shot and injured a man in Colonia Francisco Villa. 1 injury.",0,MX25012,Mazatlán,2024-12-16,2025-12-16
MEX95633,2024-11-09,2024,Political violence,Violence against civilians,Attack,484,North America,Mexico,Sinaloa,Mazatlan,Mazatlan,23.2003,-106.4222,El Siglo de Durango; La Jornada; Noroeste; Riodoce,"On 9 November 2024, in Mazatlan, Sinaloa, armed individuals shot and killed a man at his house on Mutualismo street, in Colonia Benito Juarez. The victim was a former director of the municipal police of Mazatlan. A victim's bodyguard was injured. 1 fatality, 1 injured.",1,MX25012,Mazatlán,2024-12-16,2025-12-16
MEX95635,2024-11-11,2024,Political violence,Violence against civilians,Attack,484,North America,Mexico,Sinaloa,Mazatlan,Mazatlan,23.2003,-106.4222,Riodoce,"On 11 November 2024, in Mazatlan, Sinaloa, two armed individuals entered Mino's GYM on Estero e Insurgentes street, in Colonia Villas del Estero, and shot and killed a man and injured another. 1 fatality, 1 injured.",1,MX25012,Mazatlán,2024-12-16,2025-12-16
MEX95636,2024-11-12,2024,Political violence,Violence against civilians,Attack,484,North America,Mexico,Sinaloa,Mazatlan,Mazatlan,23.2003,-106.4222,El Universal (Mexico); Noroeste; Riodoce,"On 12 November 2024, in Mazatlan, Sinaloa, armed men who arrived in vehicles shot and killed a municipal police officer who was just arriving to his house in fraccionamiento San Marcos. 1 fatality.",1,MX25012,Mazatlán,2024-12-16,2025-12-16
MEX95638,2024-11-14,2024,Political violence,Violence against civilians,Attack,484,North America,Mexico,Sinaloa,Mazatlan,Mazatlan,23.2003,-106.4222,Noroeste,"On 14 November 2024, in Mazatlan, Sinaloa, two men on a motorcycle approached a woman and shot her at least three times, leaving her seriously injured in fraccionamiento Urbi Villas del Real. 1 injury.",0,MX25012,Mazatlán,2024-12-16,2025-12-16
MEX95926,2024-11-17,2024,Political violence,Battles,Armed clash,484,North America,Mexico,Sinaloa,Mazatlan,Mazatlan,23.2003,-106.4222,El Siglo de Durango; Noroeste,"On 17 November 2024, in Mazatlan, Sinaloa, there was an armed clash between military officers and armed individuals after the latter refused to stop at a checkpoint in fraccionamiento Las Mananitas. One minor was arrested. There were no casualties.",0,MX25012,Mazatlán,2024-12-16,2025-12-16
MEX95928,2024-11-20,2024,Political violence,Violence against civilians,Abduction/forced disappearance,484,North America,Mexico,Sinaloa,Mazatlan,Mazatlan,23.2003,-106.4222,El Sol de Sinaloa; Riodoce,"On 20 November 2024, in Mazatlan, Sinaloa, unidentified individuals abducted a woman/girl (her age is not specified) between Mangos 1 and De los Olivos avenue. The perpetrators later contacted her parent and demanded a ransom. The victim's whereabouts are unknown.",0,MX25012,Mazatlán,2024-12-16,2025-12-16
MEX95929,2024-11-15,2024,Political violence,Violence against civilians,Abduction/forced disappearance,484,North America,Mexico,Sinaloa,Mazatlan,Mazatlan,23.2003,-106.4222,El Universal (Mexico),"On 15 November 2024, in Mazatlan, Sinaloa, unidentified individuals abducted a person. On 20 November 2024, military officers of the 8th Naval Zone released the victim and arrested four people.",0,MX25012,Mazatlán,2024-12-16,2025-12-16
MEX95979,2024-11-15,2024,Political violence,Violence against civilians,Attack,484,North America,Mexico,Sinaloa,Mazatlan,Mazatlan,23.2003,-106.4222,Noroeste,"Around 15 November 2024 (as reported), in Mazatlan, Sinaloa, a father and her daughter were kidnapped by unidentified individuals in Isla de la Piedra. They were tortured and found alive on 28 November in Fraccionamiento Santa Fe.",0,MX25012,Mazatlán,2024-12-16,2025-12-16
MEX96047,2024-11-24,2024,Political violence,Violence against civilians,Attack,484,North America,Mexico,Sinaloa,Mazatlan,Mazatlan,23.2003,-106.4222,El Siglo de Durango; La Silla Rota,"On 24 November 2024, in Mazatlan, Sinaloa, a group of armed men shot and killed a former municipal secretary of public security and retired police officer at his home in Colonia Hacienda de Urias. 1 fatality.",1,MX25012,Mazatlán,2024-12-16,2025-12-16
MEX96119,2024-11-25,2024,Political violence,Violence against civilians,Abduction/forced disappearance,484,North America,Mexico,Sinaloa,Mazatlan,Mazatlan,23.2003,-106.4222,Antena San Luis; El Norte; El Siglo de Durango; El Sol de Sinaloa; La Prensa de Monclova; La Silla Rota; La Verdad; Milenio; Noroeste; SDP Noticias; Sintesis; Tabasco Hoy; Zeta Tijuana,"On 25 November 2024, in Mazatlan, Sinaloa, according to security cameras footage, armed men aboard two vehicles intercepted five people (four adults and a child, one of them of foreign nationality) who travelled in a vehicle on Paseo del Palmar, in Fraccionamiento Paraiso Marina, and abducted three of the adults. The perpetrators also attempted to abduct the fourth adult, a woman, but they let her go when the child wrestled with the perpetrators and demanded them to release his parents. All the victims were released uninjured between 26 and 27 November 2024.",0,MX25012,Mazatlán,2024-12-16,2025-12-16
MEX96357,2024-11-30,2024,Political violence,Battles,Armed clash,484,North America,Mexico,Sinaloa,Mazatlan,Mazatlan,23.2003,-106.4222,La Jornada; Milenio; Noroeste; Riodoce,"On 30 November 2024, in Mazatlan, Sinaloa, unidentified individuals shot at three municipal and traffic police officers on Eje 2 and Genaro Estrada avenues, in Fraccionamiento Pradera Dorada 2, killing two and injuring another. 2 fatalities, 1 injured.",2,MX25012,Mazatlán,2024-12-16,2025-12-16
MEX96389,2024-12-01,2024,Political violence,Battles,Armed clash,484,North America,Mexico,Sinaloa,Mazatlan,Mazatlan,23.2003,-106.4222,Noroeste; Riodoce,"On 1 December 2024, in Mazatlan, Sinaloa, military officers and armed individuals clashed on Manuel Clouthier avenue. The officers arrested an individual and seized fire weapons (amount and type unknown). There were no casualties.",0,MX25012,Mazatlán,2024-12-16,2025-12-16
MEX96435,2024-12-02,2024,Political violence,Violence against civilians,Attack,484,North America,Mexico,Sinaloa,Mazatlan,Mazatlan,23.2003,-106.4222,Noroeste,"On 2 December 2024, in Mazatlan, Sinaloa, armed individuals in a vehicle shot and killed a man in a drive-by in Colonia Lico Velarde. 1 fatality.",1,MX25012,Mazatlán,2024-12-16,2025-12-16
MEX96507,2024-12-03,2024,Political violence,Violence against civilians,Abduction/forced disappearance,484,North America,Mexico,Sinaloa,Mazatlan,Mazatlan,23.2003,-106.4222,Riodoce,"On 3 December 2024, in Mazatlan, Sinaloa, armed individuals driving in two vehicles kidnapped a man in fraccionamiento Hacienda del Mar. The victim's whereabouts are unknown.",0,MX25012,Mazatlán,2024-12-16,2025-12-16
MEX96629,2024-12-06,2024,Political violence,Violence against civilians,Attack,484,North America,Mexico,Sinaloa,Mazatlan,Mazatlan,23.2003,-106.4222,Riodoce,"On 6 December 2024, in Mazatlan, Sinaloa, at least two men shot a man outside a store in Colonia Los Mangos. The man died as a result. 1 fatality.",1,MX25012,Mazatlán,2024-12-16,2025-12-16
MEX96630,2024-12-06,2024,Political violence,Violence against civilians,Attack,484,North America,Mexico,Sinaloa,Mazatlan,Mazatlan,23.2003,-106.4222,Noroeste,"On 6 December 2024, in Mazatlan, Sinaloa, two men opened fire from a vehicle (drive-by) and shot a truck driver several times in Colonia Francisco Villa. The man was injured as a result. 1 injury.",0,MX25012,Mazatlán,2024-12-16,2025-12-16
MEX96640,2024-12-08,2024,Political violence,Violence against civilians,Abduction/forced disappearance,484,North America,Mexico,Sinaloa,Mazatlan,Mazatlan,23.2003,-106.4222,El Siglo de Durango; Noroeste; Riodoce,"On 8 December 2024, in Mazatlan, Sinaloa, four people were kidnapped by unidentified armed individuals in Colonia Benito Juarez. Also, two brothers were also kidnapped in the same Colonia. This event is likely related to the ongoing war between factions of the Sinaloa Cartel. The six victim's whereabouts are unknown.",0,MX25012,Mazatlán,2024-12-16,2025-12-16
MEX96686,2024-12-09,2024,Political violence,Violence against civilians,Attack,484,North America,Mexico,Colima,Coquimatlan,Coquimatlan,19.2037,-103.8082,Colima Noticias,"On 9 December 2024, in Coquimatlan, Colima, armed men shot at a municipal police officer (off-duty) in Colonia Hacienda Buenos Aires and then fled the scene. The victim died the next day. 1 fatality.",1,MX06004,Coquimatlán,2024-12-16,2025-12-16
MEX96742,2024-12-09,2024,Political violence,Violence against civilians,Attack,484,North America,Mexico,México,Lerma,Lerma de Villada,19.2859,-99.5122,Metro Mx,"Around 9 December 2024 (as reported), in Lerma de Villada, Mexico, a man was killed and his body was found tied, beaten and with bullet wounds on the Toluca-Naucalpan highway near Colonia Agricola Analco. 1 fatality.",1,MX15051,Lerma,2024-12-16,2025-12-16
MEX96744,2024-12-08,2024,Political violence,Violence against civilians,Attack,484,North America,Mexico,Sinaloa,Mazatlan,Mazatlan,23.2003,-106.4222,El Siglo de Durango; Noroeste; Riodoce,"On 8 December 2024, in Mazatlan, Sinaloa, a man was kidnapped by unknown individuals in the colonia Frencisco Villa. He was held, beaten up and handcuffed. He was later left injured.",0,MX25012,Mazatlán,2024-12-16,2025-12-16
MEX96745,2024-12-07,2024,Political violence,Violence against civilians,Attack,484,North America,Mexico,Sinaloa,Mazatlan,Mazatlan,23.2003,-106.4222,Riodoce,"On 7 December 2024, in Mazatlan, Sinaloa, armed individuals on a motorcycle shot and killed in a drive-by a man around Parque Martiniano Carvajal. Also in Mazatlan, two armed individuals on a motorcycle shot and injured a man in fraccionamiento Infonavit Playas (drive-by). 1 fatality.",1,MX25012,Mazatlán,2024-12-16,2025-12-16
MEX98320,2024-10-01,2024,Political violence,Violence against civilians,Attack,484,North America,Mexico,Baja California Sur,La Paz,La Paz,24.1487,-110.307,Zeta Tijuana,"Around 1 October 2024 (month of), in La Paz, Baja California, members of the Group of Tactical Operations of the state police and navy officers hit and injured an unspecified number of arrested drug dealers during an operation in Colonia Valle del Mezquite. Unspecified number of injured.",0,MX03003,La Paz,2024-12-16,2025-12-16
MEX98328,2024-10-08,2024,Political violence,Battles,Armed clash,484,North America,Mexico,Jalisco,Encarnacion de Diaz,Encarnacion de Diaz,21.5244,-102.2331,Milenio,"Around 8 October 2024 (as reported), in Encarnacion de Diaz, Jalisco, unidentified gangs clashed. Two men died and another was injured. 2 fatalities, 1 injured.",2,MX14035,Encarnación de Díaz,2024-12-16,2025-12-16
MEX98338,2024-10-08,2024,Political violence,Violence against civilians,Abduction/forced disappearance,484,North America,Mexico,Tamaulipas,Nuevo Laredo,Nuevo Laredo,27.4863,-99.5085,Milenio,"Around 8 October 2024 (as reported), in Nuevo Laredo, Tamaulipas, two men abducted three people of Colombian nationality (a man, a woman, and a child), got them on a bus, and forced the drivers to drive towards Monterrey. Civil Force officers arrested the men and released the victims on Monterrey-Nuevo Laredo road, in the municipality of Sabinas Hidalgo, Nuevo Leon.",0,MX28027,Nuevo Laredo,2024-12-16,2025-12-16
MEX98340,2024-11-02,2024,Political violence,Violence against civilians,Abduction/forced disappearance,484,North America,Mexico,Jalisco,Zapopan,Zapopan,20.7206,-103.3883,El Norte,"On 2 November 2024, in Zapopan, Jalisco, unidentified individuals abducted a state police officer who was visiting friends in Paseos del Sol (likely off-duty). According to a video published on social media, the perpetrators partially undressed him and questioned him. The victim was released on 6 November 2024.",0,MX14120,Zapopan,2024-12-16,2025-12-16
MEX98341,2024-12-01,2024,Political violence,Violence against civilians,Attack,484,North America,Mexico,Baja California Sur,Comondu,Ciudad Constitucion,25.0321,-111.6625,Zeta Tijuana,"Around 1 December 2024 (month of), in Ciudad Constitucion, Baja California Sur, members of the Group of Tactical Operations of the state police and navy officers hit and injured an unspecified number of arrested drug dealers during an operation in Los Pinos. Unspecified number of injured.",0,MX03001,Comondú,2024-12-16,2025-12-16
MEX93011,2024-09-19,2024,Political violence,Battles,Armed clash,484,North America,Mexico,Jalisco,Teuchitlan,La Estanzuela,20.6698,-103.8263,La Jornada; Mural,"On 19 September 2024, in La Estanzuela, Jalisco, members of the Jalisco New Generation Cartel (CJNG) opened fire at elements of the National Guard on patrol who repelled the aggression. Officers arrested ten people and released two men who were kidnapped. One person was found dead at the site (no information on the circumstances). Officers seized several vehicles, weapons, magazines and drugs. There were no casualties.",0,MX14095,Teuchitlán,2024-12-16,2025-12-16
MEX98322,2024-10-04,2024,Political violence,Violence against civilians,Abduction/forced disappearance,484,North America,Mexico,Oaxaca,San Juan Cotzocon,Maria Lombardo de Caso,17.4493,-95.4282,24 Horas (Mexico); El Proceso; Imagen del Golfo; La Verdad; Milenio; Quadratin Oaxaca,"On 4 October 2024, in Maria Lombardo de Caso, Oaxaca, at least two men abducted a woman Mixe Indigenous activist and lawyer and her husband. The woman had denounced state and federal police officers who shared intimate images of Indigenous women in chats. An arrest operation against the suspected perpetrators led to an armed clash near Palomares around 29 January 2025 (coded separately). Another woman suspect was arrested in the municipality of Santiago Yaveo around 3 February 2025. The victims' whereabouts are unknown.",0,MX20190,San Juan Cotzocón,2024-12-16,2025-12-16
MEX97460,2024-12-16,2024,Political violence,Battles,Armed clash,484,North America,Mexico,Guanajuato,Uriangato,Uriangato,20.141,-101.1781,La Jornada; La Silla Rota; La Verdad; Quadratin Oaxaca,"On 16 December 2024, in Uriangato, Guanajuato, state police officers intercepted convoy of ten vehicles of the Santa Rosa de Lima Cartel in Colonia Independencia, initiating a clash that resulted in the death of four officers and the injury of two. The cartel members were on their way to attack a member of the Jalisco New Generation Cartel (CJNG) known as 'La Tripa', who is the brother of the mayor of Uriangato. The officers seized five vans with explosives, 'ponchallantas' (objects to puncture tires), and munition to be used in (narco) roadblocks. On 4 February 2025, at least four criminal members were arrested. 4 fatalities, 2 injured.",4,MX11041,Uriangato,2024-12-16,2025-12-16
MEX93351,2024-09-24,2024,Political violence,Violence against civilians,Attack,484,North America,Mexico,Hidalgo,Mineral de la Reforma,Mineral de la Reforma,20.0458,-98.7212,La Silla Rota,"Around 24 September 2024 (as reported), in the municipality of Mineral de la Reforma, Hidalgo, a woman was killed and her body was found tied and with her mouth covered in tape between El Saucillo and La Providencia. 1 fatality.",1,MX13051,Mineral de la Reforma,2024-12-16,2025-12-16
MEX93777,2024-10-03,2024,Political violence,Battles,Armed clash,484,North America,Mexico,Michoacán,Indaparapeo,Canada del Agua,19.7579,-100.9039,La Voz de Michoacan,"On 3 October 2024, in Canada del Agua, Michoacan de Ocampo, armed individuals opened fire at officers of the National Guard who repelled the aggression. One man was hit by a stray bullet and died as a result. 1 fatality.",1,MX16040,Indaparapeo,2024-12-16,2025-12-16
MEX95500,2024-11-13,2024,Political violence,Violence against civilians,Attack,484,North America,Mexico,México,Almoloya de Juarez,San Francisco Tlalcilalcalpan,19.2932,-99.7686,Metro Toluca,"On 13 November 2024, in San Francisco Tlalcilalcalpan, Mexico, two armed individuals on a motorcycle chased a man traveling in his vehicle who got out of his car and attempted to flee. The armed men continued to chase him and shot and killed him. 1 fatality.",1,MX15005,Almoloya de Juárez,2024-12-16,2025-12-16
MEX96737,2024-12-07,2024,Political violence,Violence against civilians,Attack,484,North America,Mexico,Michoacán,Indaparapeo,Indaparapeo,19.7888,-100.9682,La Voz de Michoacan,"Around 7 December 2024 (as reported), in Indaparapeo, Michoacan, a person was killed and the body was found dismembered inside bags on the Naranjos-Canada de Agua Blanca road. 1 fatality.",1,MX16040,Indaparapeo,2024-12-16,2025-12-16
MEX93913,2024-10-08,2024,Political violence,Violence against civilians,Attack,484,North America,Mexico,Guanajuato,Celaya,Celaya,20.5215,-100.814,El Siglo de Durango; Zona Franca,"On 8 October 2024, in Celaya, Guanajuato, according to witnesses, a group of armed men entered a mechanic workshop on Norte 9 street, in Ciudad Industrial, and shot and killed four men, among whom there were employees. 4 fatalities.",4,MX11007,Celaya,2024-12-16,2025-12-16
MEX94318,2024-10-14,2024,Political violence,Explosions/Remote violence,Grenade,484,North America,Mexico,Zacatecas,Jerez,Jerez de Garcia Salinas,22.6494,-102.9899,El Proceso; La Jornada; Milenio,"On 14 October 2024, in Jerez de Garcia Salinas, Zacatecas, members of the CJNG aboard several vehicles placed a narco banner at the front of the municipal presidency and when they left, they threw fragmentation grenades towards the municipal presidency which injured five people. Another version is that the CJNG threw the grenades and shot directly at taxi drivers at the municipal presidency leading to 5 injuries. Three taxis were damaged. 5 injuries.",0,MX32020,Jerez,2024-12-16,2025-12-16
MEX95470,2024-11-12,2024,Political violence,Violence against civilians,Attack,484,North America,Mexico,Guerrero,Chilpancingo de los Bravo,Chilpancingo de los Bravo,17.5516,-99.5011,El Sol de Acapulco; El Universal (Mexico); Milenio,"On 12 November 2024, in Chilpancingo de los Bravo, Guerrero, a man was shot and killed by unidentified armed individuals behind the Baltazar R. Leyva Mancilla Market in Chilpancingo in Colonia Elias Naime Nemer. One version is that the victim was a worker from the Municipal Government Department and another version indicated that he was a worker of the municipal market. 1 fatality.",1,MX12029,Chilpancingo de los Bravo,2024-12-16,2025-12-16
MEX95523,2024-11-15,2024,Political violence,Battles,Armed clash,484,North America,Mexico,Michoacán,Zinapecuaro,Zinapecuaro de Figueroa,19.8603,-100.8276,La Silla Rota,"On 15 November 2024, in Zinapecuaro de Figueroa, Michoacan de Ocampo, rival criminal groups engaged in an armed clash near the municipal palace. During the clash the groups fired at the facade of the Manipal palace and set fire to a vehicle parked outside the palace. Also, armed men threw tire punctures close to the municipal presidency to avoid their rivals from catching up with them after an armed clash. There were no casualties.",0,MX16110,Zinapécuaro,2024-12-16,2025-12-16
MEX93356,2024-09-24,2024,Political violence,Violence against civilians,Attack,484,North America,Mexico,México,Coacalco de Berriozabal,San Francisco Coacalco,19.6293,-99.1044,El Norte,"Around 24 September 2024 (as reported), in San Francisco Coacalco, Mexico, a person was killed and the body was found wrapped in plastic bags in an abandoned car in Colonia Bosques del Valle. 1 fatality.",1,MX15020,Coacalco de Berriozábal,2024-12-16,2025-12-16
MEX93406,2024-09-25,2024,Political violence,Violence against civilians,Attack,484,North America,Mexico,México,Ecatepec de Morelos,Ecatepec de Morelos,19.5991,-99.0492,El Norte,"Around 25 September 2024 (as reported), in Ecatepec de Morelos, Mexico, a man was killed and his remains were found inside a suitcase in Colonia Santo Tomas Chiconautla. 1 fatality.",1,MX15033,Ecatepec de Morelos,2024-12-16,2025-12-16
MEX93507,2024-09-27,2024,Political violence,Battles,Armed clash,484,North America,Mexico,Hidalgo,Nopala de Villagran,Nopala,20.25,-99.6466,La Silla Rota,"On 27 September 2024, in Nopala, Hidalgo, army and state police officers clashed with an armed group of huachicoleros (fuel thieves) during an operations against theft of fuel in Dentho. Two huachicoleros were killed, three arrested, and two officers injured. 2 fatalities.",2,MX13044,Nopala de Villagrán,2024-12-16,2025-12-16
MEX93551,2024-09-29,2024,Political violence,Battles,Armed clash,484,North America,Mexico,Hidalgo,Nopala de Villagran,Nopala de Villagran,20.2519,-99.6454,Milenio,"Around 29 September 2024 (as reported), in Nopala de Villagran, Hidalgo, army and National Guard officers clashed with armed individuals. Five people were injured (four officers and an armed individual). The officers seized drugs and fuel.",0,MX13044,Nopala de Villagrán,2024-12-16,2025-12-16
MEX93835,2024-10-04,2024,Political violence,Violence against civilians,Attack,484,North America,Mexico,México,Ecatepec de Morelos,Ecatepec de Morelos,19.5991,-99.0492,El Norte,"Around 4 October 2024 (as reported), in Ecatepec de Morelos, Mexico, a man was killed and his body was found in Colonia Mesa de Leones. A message was found next to the body. 1 fatality.",1,MX15033,Ecatepec de Morelos,2024-12-16,2025-12-16
MEX93946,2024-10-10,2024,Political violence,Violence against civilians,Attack,484,North America,Mexico,Hidalgo,Tizayuca,Tizayuca,19.8411,-98.9816,La Silla Rota,"Around 10 October 2024 (as reported), in Tizayuca, Hidalgo, a woman was killed and her body was found with signs of torture in colonia San Juan Huicalco. 1 fatality.",1,MX13069,Tizayuca,2024-12-16,2025-12-16
MEX93961,2024-10-05,2024,Political violence,Violence against civilians,Attack,484,North America,Mexico,México,Ecatepec de Morelos,Ecatepec de Morelos,19.5991,-99.0492,Reforma,"Around 5 October 2024 (as reported), in Ecatepec de Morelos, Mexico, a man was killed and his body was found with gunshot wounds to his body and with a message next to him in Colonia Mesa de Leones. 1 fatality.",1,MX15033,Ecatepec de Morelos,2024-12-16,2025-12-16
MEX93962,2024-10-08,2024,Political violence,Violence against civilians,Attack,484,North America,Mexico,México,Ecatepec de Morelos,Ecatepec de Morelos,19.5991,-99.0492,Reforma,"Around 8 October 2024 (as reported), in Ecatepec de Morelos, Mexico, a man was killed and his body was found with a cut on the throat and inside a plastic bag under a trailer on Rio de los Remedios avenue, in the junction with General Cristobal Solano street, in Colonia Granjas Valle de Guadalupe. 1 fatality.",1,MX15033,Ecatepec de Morelos,2024-12-16,2025-12-16
MEX93963,2024-10-09,2024,Political violence,Violence against civilians,Attack,484,North America,Mexico,México,Ecatepec de Morelos,Ecatepec de Morelos,19.5991,-99.0492,Milenio,"Around 9 October 2024 (as reported), in the municipality of Ecatepec de Morelos, Mexico, two people (one of them a man) were killed and their bodies were found inside plastic bags on Mexico-Pachuca road. 2 fatalities.",2,MX15033,Ecatepec de Morelos,2024-12-16,2025-12-16
MEX93964,2024-10-09,2024,Political violence,Violence against civilians,Attack,484,North America,Mexico,México,Ecatepec de Morelos,Ecatepec de Morelos,19.5991,-99.0492,Metro Mx,"Around 9 October 2024 (as reported), in Ecatepec de Morelos, Mexico, a man was killed and his body was found with knife wounds and the hands tied on Puerto Morazan street, near Las Torres avenue, in Colonia Tierra Blanca. 1 fatality.",1,MX15033,Ecatepec de Morelos,2024-12-16,2025-12-16
MEX94041,2024-10-08,2024,Political violence,Battles,Armed clash,484,North America,Mexico,Puebla,San Matias Tlalancaleca,San Francisco Tlaloc,19.3697,-98.4772,E-Consulta; Sintesis,"On 8 October 2024, in San Francisco Tlaloc, Puebla, army officers and suspected armed huachicoleros (fuel thieves) clashed when the latter shot at the officers that were conducting a routine surveillance operation. Two army officers were injured.",0,MX21134,San Matías Tlalancaleca,2024-12-16,2025-12-16
MEX94756,2024-10-21,2024,Political violence,Violence against civilians,Attack,484,North America,Mexico,México,Ecatepec de Morelos,Ecatepec de Morelos,19.5991,-99.0492,Milenio,"Around 21 October 2024 (as reported), in Ecatepec de Morelos, Mexico, a person was killed and the body was found dismembered and wrapped in bags on the Lecheria-Texcoco road. 1 fatality.",1,MX15033,Ecatepec de Morelos,2024-12-16,2025-12-16
MEX94851,2024-10-26,2024,Political violence,Violence against civilians,Attack,484,North America,Mexico,Sinaloa,Navolato,Licenciado Benito Juarez,24.6574,-107.5451,El Sol de Sinaloa,"Around 26 October 2024 (as reported), in Licenciado Benito Juarez, Sinaloa, two men were killed and their bodies were found shot to death with signs of torture and covered in a tarp in Villa Juarez. 2 fatalities.",2,MX25018,Navolato,2024-12-16,2025-12-16
MEX94931,2024-10-28,2024,Political violence,Battles,Armed clash,484,North America,Mexico,Sinaloa,Culiacan,Mojolo,24.8839,-107.4165,Riodoce,"On 28 October 2024, in Mojolo, Sinaloa, armed individuals opened fire at ministerial federal police officers. There were no casualties.",0,MX25006,Culiacán,2024-12-16,2025-12-16
MEX95145,2024-11-04,2024,Political violence,Violence against civilians,Attack,484,North America,Mexico,Guerrero,Acapulco de Juarez,Tres Palos,16.8305,-99.7769,La Jornada,"On 4 November 2024, in Tres Palos, Guerrero, unknown armed individuals shot and killed a family inside their home. Four men, two women and a minor were found inside the home. Three vehicles were set on fire. 7 fatalities.",7,MX12001,Acapulco de Juárez,2024-12-16,2025-12-16
MEX95503,2024-11-14,2024,Political violence,Violence against civilians,Attack,484,North America,Mexico,México,Coacalco de Berriozabal,San Francisco Coacalco,19.6293,-99.1044,La Jornada,"On 14 November 2024, in San Francisco Coacalco, Mexico, two men arrived at a diner and shot at a couple inside in Colonia Colina San Rafael. The man died as a result and the woman was injured. 1 fatality, 1 injury.",1,MX15020,Coacalco de Berriozábal,2024-12-16,2025-12-16
MEX95796,2024-11-17,2024,Political violence,Violence against civilians,Attack,484,North America,Mexico,Hidalgo,Tizayuca,Tizayuca,19.8411,-98.9816,Diario Via Libre; El Norte; Milenio; News Hidalgo,"On 17 November 2024, in Tizayuca, Hidalgo, according to witnesses, armed individuals shot and killed a man while driving. His son was also injured but died later at the hospital. 2 fatalities.",2,MX13069,Tizayuca,2024-12-16,2025-12-16
MEX95814,2024-11-18,2024,Political violence,Violence against civilians,Attack,484,North America,Mexico,México,Coacalco de Berriozabal,San Francisco Coacalco,19.6293,-99.1044,Metro Mx,"On 18 November 2024, in San Francisco Coacalco, Mexico, two armed individuals on a motorcycle shot and killed a man and a woman in Colonia Villa de las Flores and then fled the scene (drive-by). 2 fatalities.",2,MX15020,Coacalco de Berriozábal,2024-12-16,2025-12-16
MEX95881,2024-11-22,2024,Political violence,Violence against civilians,Attack,484,North America,Mexico,Puebla,Palmar de Bravo,San Miguel Xaltepec,18.8747,-97.6155,E-Consulta,"Around 22 November 2024 (as reported), in San Miguel Xaltepec, Puebla, a man was attacked and he was found alive tied to a pole, wrapped in plastic, with signs of torture, and a cardboard with a threatening message written on it, in front of a health center. 1 injured.",0,MX21110,Palmar de Bravo,2024-12-16,2025-12-16
MEX96260,2024-11-28,2024,Political violence,Violence against civilians,Attack,484,North America,Mexico,México,Ecatepec de Morelos,Ecatepec de Morelos,19.5991,-99.0492,El Norte,"Around 28 November 2024 (as reported), in Ecatepec de Morelos, Mexico, a man was killed and his body was found with his hands tied up in Colonia Santo Tomas Chiconautla. 1 fatality.",1,MX15033,Ecatepec de Morelos,2024-12-16,2025-12-16
MEX96304,2024-11-29,2024,Political violence,Battles,Armed clash,484,North America,Mexico,Sinaloa,Culiacan,Mojolo,24.8839,-107.4165,Zeta Tijuana,"On 29 November 2024, in Mojolo, Sinaloa, there was an armed clash between military officers and a criminal group linked to Los Chapitos gang and led by son the of Alfredo Beltran Leyva, 'El Mochomo'. Two criminal member was arrested, after a confrontation with elements of the Navy (SEMAR) and National Defense (DEFENSA). Some reports suggest that the leader of the gang was arrested, while the security forces have not confirmed this information. According to local sources, several people were killed, including bodyguards of the criminal member, but it is unknown the exact number of fatalities. The criminal member was also injured. Unspecified number of fatalities coded as 3.",3,MX25006,Culiacán,2024-12-16,2025-12-16
MEX96410,2024-12-02,2024,Political violence,Violence against civilians,Attack,484,North America,Mexico,Guerrero,Acapulco de Juarez,El Metlapil,16.8419,-99.7488,El Sol de Acapulco; Milenio,"Around 2 December 2024 (as reported), in El Metlapil, Guerrero, a body without head was found with his hands and feet tied up. The victim's head was found in El Treinta (La Venta) (coded separately). 0 fatalities coded here.",0,MX12001,Acapulco de Juárez,2024-12-16,2025-12-16
MEX96526,2024-12-04,2024,Political violence,Violence against civilians,Attack,484,North America,Mexico,Colima,Cuauhtemoc,Cuauhtemoc,19.3283,-103.6015,Colima Noticias,"On 4 December 2024, in Cuauhtemoc, Colima, armed individuals in a vehicle shot and killed a man on an old road (drive-by). It is suspected that the victim is a municipal police officer, although authorities have not confirmed the information. 1 fatality.",1,MX06005,Cuauhtémoc,2024-12-16,2025-12-16
MEX96636,2024-12-08,2024,Political violence,Violence against civilians,Abduction/forced disappearance,484,North America,Mexico,Hidalgo,Tizayuca,Tizayuca,19.8411,-98.9816,MiMorelia,"On 8 December 2024, in Tizayuca, Hidalgo, at least five individuals abducted the Director of Family Medicine of the Social Security Institute and demanded his family to pay a ransom and hand over two vehicles for his release. Ministerial police officers arrested five suspects around 12 December 2024 in Huetamo, Michoacan de Ocampo. It is unknown whether the victim was located.",0,MX13069,Tizayuca,2024-12-16,2025-12-16
MEX96650,2024-12-05,2024,Political violence,Battles,Armed clash,484,North America,Mexico,México,Ecatepec de Morelos,Ecatepec de Morelos,19.5991,-99.0492,Antena San Luis,"On 5 December 2024, in Ecatepec de Morelos, Mexico, there was a clash between the state police and municipal police officers after two state police were arrested and accuse to extortion. The clash started after the colleagues of the detained who were state police officers tried to released them. The Ministerial police also intervened and held the detainees.",0,MX15033,Ecatepec de Morelos,2024-12-16,2025-12-16
MEX98330,2024-10-08,2024,Political violence,Violence against civilians,Attack,484,North America,Mexico,México,Ecatepec de Morelos,Ecatepec de Morelos,19.5991,-99.0492,El Norte,"Around 8 October 2024 (as reported), in Ecatepec de Morelos, Mexico, a person was killed and the body was found with stab wounds and the hands tied on a field near La Preciosa street, in Colonia Pirules de Ballisco. 1 fatality.",1,MX15033,Ecatepec de Morelos,2024-12-16,2025-12-16
MEX99406,2024-10-25,2024,Political violence,Violence against civilians,Attack,484,North America,Mexico,Quintana Roo,Benito Juarez,Cancun,21.1614,-86.8248,La Verdad,"On 25 October 2024, in Cancun, Quintana Roo, armed men abducted and on the same day killed a member of the Andres Quintana Roo Taxi Union and his body was found next to Cancun-Merida road. Nine men were arrested, including the union's secretary for suspectedly having ordered the killing. A search in the union's premises on 6 November 2024 led to the seizure of drugs and the location of a torture room. 1 fatality.",1,MX23005,Benito Juárez,2024-12-16,2025-12-16
MEX94287,2024-10-15,2024,Political violence,Violence against civilians,Attack,484,North America,Mexico,Ciudad de Mexico,Gustavo A. Madero,Ciudad de Mexico - Gustavo A. Madero,19.4829,-99.1135,Milenio; Reforma,"Around 15 October 2024 (as reported), in Ciudad de Mexico - Gustavo A. Madero, a man was killed and his body was found wrapped in a sheet and tied in Colonia San Felipe de Jesus. 1 fatality.",1,MX09005,Gustavo A. Madero,2024-12-16,2025-12-16
MEX94782,2024-10-24,2024,Political violence,Violence against civilians,Attack,484,North America,Mexico,Guerrero,Huamuxtitlan,Huamuxtitlan,17.8044,-98.5641,Colima Noticias; El Norte; Milenio,"On 24 October 2024, in Huamuxtitlan, Guerrero, a group of several armed men intercepted the former Morena mayor, kidnapped him and killed his driver. The former mayor was found dead the same day. 2 fatalities.",2,MX12033,Huamuxtitlán,2024-12-16,2025-12-16
MEX94504,2024-10-24,2024,Political violence,Battles,Armed clash,484,North America,Mexico,Guerrero,Tecpan de Galeana,Tecpan de Galeana,17.2226,-100.6324,Diario de Morelos; El Norte; La Jornada; La Prensa de Monclova; La Silla Rota; Milenio,"On 24 October 2024, in Tecpan de Galeana, Guerrero, members of Guerrero New Generation aboard at least 20 trucks engaged in an armed clash with Los Granados gang on a road that leads to El Moreno. Municipal police officers on duty were involved in the attack resulting in the death of two municipal police officers. The military also came under attack and received support from elements of the National Guard. Three military officers were injured as a result. 17 armed individuals died. It is believed that one of the rival gangs have links with the CJNG. Over 100 gang members had entered the municipality the same day and were being searched by military and police officers. Police and military seized 16 vehicles, weapons, cartridges and explosive devices. 11 armed individuals were arrested. 19 fatalities.",19,MX12057,Técpan de Galeana,2024-12-16,2025-12-16
MEX94839,2024-10-26,2024,Political violence,Violence against civilians,Attack,484,North America,Mexico,Puebla,Amozoc,Amozoc de Mota,19.0446,-98.0449,Milenio,"Around 26 October 2024 (as reported), in Amozoc de Mota, Puebla, two men were killed and their bodies were found dismembered inside plastic bags in Colonia San Jose Las Flores. 2 fatalities.",2,MX21015,Amozoc,2024-12-16,2025-12-16
MEX94260,2024-10-16,2024,Political violence,Violence against civilians,Attack,484,North America,Mexico,Veracruz de Ignacio de la Llave,Cosamaloapan de Carpio,Cosamaloapan,18.3676,-95.7962,El Universal (Mexico); Milenio,"On 16 October 2024, in Cosamaloapan, Veracruz de Ignacio de la Llave, according to witnesses, armed men on a vehicle shot at a vehicle, killing a man and injuring his underage daughter (drive-by) on Adolfo Ruiz Cortines y Morelos street. An alternative version indicates that his daughter remained uninjured. The man was a former municipal police officer. 1 fatality.",1,MX30045,Cosamaloapan de Carpio,2024-12-16,2025-12-16
MEX100001,2024-10-15,2024,Political violence,Violence against civilians,Attack,484,North America,Mexico,Guanajuato,Celaya,Celaya,20.5215,-100.814,Milenio,"On 15 October 2024, in Celaya, Guanajuato, for a second consecutive day, armed men entered the vehicle verification center and opened fire at employees, killing two people and injuring one. 2 fatalities, 1 injury.",2,MX11007,Celaya,2024-12-16,2025-12-16
MEX100010,2024-10-15,2024,Political violence,Violence against civilians,Attack,484,North America,Mexico,Guanajuato,Irapuato,Irapuato,20.6728,-101.3481,Milenio,"On 15 October 2024, in Irapuato, Guanajuato, several unknown armed men opened fire and killed three men inside a bar in Colonia Santa Julia. One of the men was an 18 year old waiter who was shot in the head. 3 fatalities.",3,MX11017,Irapuato,2024-12-16,2025-12-16
MEX100011,2024-10-19,2024,Political violence,Violence against civilians,Attack,484,North America,Mexico,Guanajuato,Irapuato,Irapuato,20.6728,-101.3481,Milenio,"On 19 October 2024, in Irapuato, Guanajuato, unidentified men entered a house in the intersection of Santander and Matogrosso streets, in Colonia Las Americas, and attempted to abduct a man. His mother, who was in the house, hit the men to try to prevent the abduction. The men then shot and killed the man and the woman. The perpetrators fled aboard two vans. 2 fatalities.",2,MX11017,Irapuato,2024-12-16,2025-12-16
MEX100059,2024-10-30,2024,Political violence,Battles,Armed clash,484,North America,Mexico,Guerrero,Tecpan de Galeana,Tetitlan,17.1586,-100.6397,Milenio,"Around 30 October 2024 (as reported), in Tetitlan, Guerrero, military, National Guard, state police, and ministerial federal police officers clashed with members of the GNG. The officers arrested five individuals. Casualties unknown.",0,MX12057,Técpan de Galeana,2024-12-16,2025-12-16
MEX100085,2024-10-20,2024,Political violence,Violence against civilians,Attack,484,North America,Mexico,Jalisco,Tonala,Tonala,20.6233,-103.2456,Milenio,"On 20 October 2024, in Tonala, Jalisco, unidentified individuals shot and killed a man, and his body was found hours later wrapped in plastic in the intersection of Trincheras and Vicente Guerrero streets, in Colonia Altamira. 1 fatality.",1,MX14101,Tonalá,2024-12-16,2025-12-16
MEX100086,2024-10-16,2024,Political violence,Violence against civilians,Attack,484,North America,Mexico,Jalisco,Zapopan,Zapopan,20.7206,-103.3883,Milenio,"On 16 October 2024, in Zapopan, Jalisco, several armed individuals arrived at a family party in Colonia Santa Margarita and opened fire at a man who died as a result. 1 fatality.",1,MX14120,Zapopan,2024-12-16,2025-12-16
MEX100089,2024-10-13,2024,Political violence,Violence against civilians,Attack,484,North America,Mexico,México,Chimalhuacan,Chimalhuacan,19.4169,-98.9453,Milenio,"On 13 October 2024, in Chimalhuacan, Puebla, armed men entered a grocery store and opened fire at customers inside and outside the grocery store. One man threw a bottle at the armed men in an attempt to prevent the attack. Two men died as a result and one person was injured. Four children, who were inside the store were not injured. 2 fatalities.",2,MX15031,Chimalhuacán,2024-12-16,2025-12-16
MEX100202,2024-10-28,2024,Political violence,Violence against civilians,Attack,484,North America,Mexico,Puebla,Coronango,Santa Maria Coronango,19.1311,-98.3081,Milenio,"Around 28 October 2024 (as reported), in the municipality of Santa Maria Coronango, Puebla, two people were killed and their bodies were found with signs of torture on Mexico-Puebla highway. Different versions indicate that the victims are a man and a woman or two men. 2 fatalities.",2,MX21034,Coronango,2024-12-16,2025-12-16
MEX100391,2024-10-16,2024,Political violence,Battles,Armed clash,484,North America,Mexico,Zacatecas,Guadalupe,Guadalupe,22.7468,-102.5188,Milenio,"On 16 October 2024, in Guadalupe, Zacatecas, officers of the military and municipal police were carrying out an arrest when they were shot at by armed individuals and repelled the aggression in Colonia Las Americas. Three men were arrested, including one minor, accused of being members of the CDN. Police officers seized weapons, drugs and homemade explosives.",0,MX32017,Guadalupe,2024-12-16,2025-12-16
MEX94150,2024-10-18,2024,Political violence,Battles,Armed clash,484,North America,Mexico,Nuevo León,Cienega de Flores,Cienega de Flores,25.9521,-100.1681,La Silla Rota; Milenio,"On 18 October 2024, in the municipality of Cienega de Flores, Nuevo Leon, state police officers and unidentified gang members clashed on Cienagade Flores-Salinas Victoria road, by Colonia Real del Sol. Three armed individuals died and five officers were injured. 3 fatalities, 5 injured.",3,MX19012,Ciénega de Flores,2024-12-16,2025-12-16
MEX94252,2024-10-18,2024,Political violence,Battles,Armed clash,484,North America,Mexico,Puebla,Tepeojuma,Tepeojuma,18.7247,-98.4506,E-Consulta; Milenio,"On 18 October 2024, in Tepeojuma, Puebla, according to witnesses, unidentified individuals shot at three members of a family who were refueling at a Pemex gas station, killing two (a man and his underage son) and injuring a woman (their wife and mother). An employee of the station was collaterally injured. The attack was suspectedly linked to drug deals and targeted the two dead men, who were members of a gang led by someone known as 'El Medina'. 2 fatalities, 2 injured.",2,MX21166,Tepeojuma,2024-12-16,2025-12-16
MEX94711,2024-10-19,2024,Political violence,Explosions/Remote violence,Remote explosive/landmine/IED,484,North America,Mexico,Michoacán,Coahuayana,Coahuayana de Hidalgo,18.6963,-103.662,El Proceso; La Voz de Michoacan,"Around 19 October 2024 (as reported), in the bordering area between Michoacan and Colima (coded to Coahuayana de Hidalgo), Michoacan de Ocampo, a landmine exploded and injured four members of the Coahuayana de Hidalgo Communal Militia (Mexico) that travelled in a van. Other members of the militia later found three other mines in the area.",0,MX16014,Coahuayana,2024-12-16,2025-12-16
MEX99929,2024-10-23,2024,Political violence,Violence against civilians,Attack,484,North America,Mexico,Chiapas,Huehuetan,Canton San Luis,15.0487,-92.4495,Milenio,"Around 23 October 2024 (as reported), in Canton San Luis, Chiapas, a person was killed and the human remains were found dismembered inside plastic bags including one bag with the limbs and legs and the other bag with the rest of the body. 1 fatality.",1,MX07037,Huehuetán,2024-12-16,2025-12-16
MEX99953,2024-10-14,2024,Political violence,Battles,Armed clash,484,North America,Mexico,Ciudad de Mexico,Coyoacan,Ciudad de Mexico - Coyoacan,19.3502,-99.1621,Milenio,"On 14 October 2024, in Ciudad de Mexico - Coyoacan, several people attacked officers of the State Secretariat of Citizen Security (SSC) while they were conducting security patrols and observed two people exchanging money and bags in Colonia Emiliano Zapata. When officers attempted to arrest both people as suspected drug dealers, three other individuals arrived to prevent the arrest, beating the officers. Police officers ended up arresting five people and seizing drugs.",0,MX09003,Coyoacán,2024-12-16,2025-12-16
MEX99982,2024-10-17,2024,Political violence,Battles,Armed clash,484,North America,Mexico,Coahuila de Zaragoza,Progreso,Progreso,27.4282,-100.9885,Milenio,"On 17 October 2024, in the municipality of Progreso, Coahuila de Zaragoza, unidentified individuals shot at officers of the State Attorney General's office, the Agency of Criminal Investigations (AIC) and the Action and Reaction Police (PAR). The officers repelled the attack, killed three men and seized three fireweapons. 3 fatalities.",3,MX05026,Progreso,2024-12-16,2025-12-16
MEX100614,2024-10-08,2024,Political violence,Violence against civilians,Attack,484,North America,Mexico,Nuevo León,El Carmen,Carmen,25.9322,-100.3641,Milenio,"On 8 October 2024, in Carmen, Nuevo Leon, three armed men shot and killed a man in Colonia Hacienda El Jaral. The three perpetrators were arrested around March 2025. 1 fatality.",1,MX19010,El Carmen,2024-12-16,2025-12-16
MEX94758,2024-10-21,2024,Political violence,Violence against civilians,Attack,484,North America,Mexico,Colima,Manzanillo,Manzanillo,19.0532,-104.3164,Colima Noticias; Milenio; Zeta Tijuana,"On 21 October 2024, in Manzanillo, Colima, armed men in a vehicle shot and killed a woman in a drive-by shooting on Avenida Elias Zamora Verduzco. The woman was an employee of the Attorney General's Office (FGR). 1 fatality.",1,MX06007,Manzanillo,2024-12-16,2025-12-16
MEX94304,2024-10-12,2024,Political violence,Violence against civilians,Attack,484,North America,Mexico,Guerrero,Cuajinicuilapa,Cuajinicuilapa,16.472,-98.4167,El Sol de Acapulco; Milenio,"On 12 October 2024, in Cuajinicuilapa, Guerrero, armed men in a vehicle shot and killed (drive-by) two men at a taxi station. One of the victims was a taxi union leader and his brother. 2 fatalities.",2,MX12023,Cuajinicuilapa,2024-12-16,2025-12-16
MEX94157,2024-10-12,2024,Political violence,Battles,Armed clash,484,North America,Mexico,Nuevo León,Apodaca,Ciudad Apodaca,25.7813,-100.1892,Milenio,"On 12 October 2024, in Ciudad Apodaca, Nuevo Leon, unidentified armed men shot and injured a ministerial police officer in colonia Pueblo Nuevo.",0,MX19006,Apodaca,2024-12-16,2025-12-16
MEX94092,2024-10-10,2024,Political violence,Battles,Armed clash,484,North America,Mexico,Sonora,San Luis Rio Colorado,San Luis Rio Colorado,32.4798,-114.7796,Entorno Informativo,"On 10 October 2024, in San Luis Rio Colorado, Sonora, there was an armed clash between criminal groups in colonia Comercial. Two men were kidnapped. They were killed and the same day their bodies were found burned inside a vehicle in Colonia Burocrata. Later, six people were arrested. 2 fatalities.",2,MX26055,San Luis Río Colorado,2024-12-16,2025-12-16
MEX100032,2024-10-14,2024,Political violence,Violence against civilians,Attack,484,North America,Mexico,Guerrero,Acapulco de Juarez,Acapulco de Juarez,16.8619,-99.8866,Milenio,"On 14 October 2024, in Acapulco de Juarez, Guerrero, unidentified individuals who arrived in a van shot at people at Las Cruces taxi stand, killing two men (including a taxi driver) and injuring four people. Also in Acapulco, according to witnesses, unidentified individuals shot and killed a taxi driver who had just left his house in El Cuetero. 3 fatalities, 4 injured.",3,MX12001,Acapulco de Juárez,2024-12-16,2025-12-16
MEX100034,2024-10-28,2024,Political violence,Violence against civilians,Attack,484,North America,Mexico,Guerrero,Acapulco de Juarez,Acapulco de Juarez,16.8619,-99.8866,Milenio,"On 28 October 2024, in Acapulco de Juarez, Guerrero, two individuals on a motorcycle shot and killed a woman who was driving on Alta Quebradora street, in Ciudad Renacimiento (drive-by). The victim was a preschool teacher at Las Casitas El Quemado kindergarten. 1 fatality.",1,MX12001,Acapulco de Juárez,2024-12-16,2025-12-16
MEX100933,2024-10-11,2024,Political violence,Violence against civilians,Attack,484,North America,Mexico,Guerrero,Acapulco de Juarez,Acapulco de Juarez,16.8619,-99.8866,Milenio,"On 11 October 2024, in Acapulco de Juarez, Guerrero, according to witnesses, two armed men on a motorcycle shot and injured (drive-by) a man and his son in fraccionamiento Hornos. 2 injured.",0,MX12001,Acapulco de Juárez,2024-12-16,2025-12-16
MEX100959,2024-10-11,2024,Political violence,Violence against civilians,Attack,484,North America,Mexico,Guerrero,Cuajinicuilapa,Cuajinicuilapa,16.472,-98.4167,Milenio,"Around 11 October 2024 (as reported), in Cuajinicuilapa, Guerrero, a man was killed and beheaded. The body and the head were thrown. Relatives of the victim pick up the body and take it away. 1 fatality.",1,MX12023,Cuajinicuilapa,2024-12-16,2025-12-16
MEX101068,2024-10-10,2024,Political violence,Battles,Armed clash,484,North America,Mexico,Nuevo León,General Bravo,General Bravo,25.7955,-99.1787,Milenio,"On 10 October 2024, between General Bravo and Tamaulipas state, Nuevo Leon, there was an armed clash between armed individuals and the state police that started in Tamaulipas and ended in General Bravo. Three armed men were killed. 3 fatalities.",3,MX19020,General Bravo,2024-12-16,2025-12-16
MEX101110,2024-10-10,2024,Political violence,Violence against civilians,Attack,484,North America,Mexico,Puebla,Tepexco,Tepexco,18.6431,-98.6894,Milenio,"Around 10 October 2024 (as reported), in Tepexco, Puebla, a man was killed and the body was found with signs of torture and gunshot wounds on the Izucar de Matamoros - Cuautla. 1 fatality.",1,MX21168,Tepexco,2024-12-16,2025-12-16
MEX101160,2024-11-18,2024,Political violence,Violence against civilians,Attack,484,North America,Mexico,Sonora,Cajeme,Ciudad Obregon,27.4965,-109.9327,El Universal (Mexico),"On 18 November 2024, in Ciudad Obregon, Sonora, five men and a boy who were members of an unspecified gang abducted a man near 300 street and International Road and took him to a house on Rio Panuco street, in Colonia Francisco Villa, Navojoa, where they subjected him to physical and psychological violence (methods unknown). Military officers and agents of the Federal Attorney General's office arrested the perpetrators and released the victim on 3 March 2025. 1 injured.",0,MX26018,Cajeme,2024-12-16,2025-12-16
MEX92979,2024-09-17,2024,Political violence,Violence against civilians,Attack,484,North America,Mexico,Guerrero,Acapulco de Juarez,Acapulco de Juarez,16.8619,-99.8866,El Sol de Acapulco,"On 17 September 2024, in Acapulco de Juarez, Guerrero, armed individuals shot at a taxi on Mexico-Acapulco federal road, direction Cima-Cruces, injuring the driver. The passengers were not injured.",0,MX12001,Acapulco de Juárez,2024-12-16,2025-12-16
MEX92982,2024-09-18,2024,Political violence,Violence against civilians,Attack,484,North America,Mexico,Guerrero,Acapulco de Juarez,Acapulco de Juarez,16.8619,-99.8866,El Sol de Acapulco,"Around 18 September 2024 (as reported), in Acapulco de Juarez, Guerrero, a teenager was killed and his body was found with his hands tied to his back in Colonia Postal. 1 fatality.",1,MX12001,Acapulco de Juárez,2024-12-16,2025-12-16
MEX92983,2024-09-19,2024,Political violence,Battles,Armed clash,484,North America,Mexico,Guerrero,Acapulco de Juarez,Acapulco de Juarez,16.8619,-99.8866,Milenio; Quadratin Oaxaca,"On 19 September 2024, in Acapulco de Juarez, Guerrero, two armed men in a car opened fire at municipal police officers in the center of the city leading to a chase. The armed men fled the scene after abandoning the car. One civilian was killed, one police officer was injured and two vehicles were damaged in the attack. 1 fatality, 1 injury.",1,MX12001,Acapulco de Juárez,2024-12-16,2025-12-16
MEX92984,2024-09-19,2024,Political violence,Violence against civilians,Attack,484,North America,Mexico,Guerrero,Acapulco de Juarez,Acapulco de Juarez,16.8619,-99.8866,Milenio,"Around 19 September 2024 (as reported), in Acapulco de Juarez, Guerrero, a man was killed and his dismembered body was found inside three plastic bags with signs of torture in Colonia Progreso. 1 fatality.",1,MX12001,Acapulco de Juárez,2024-12-16,2025-12-16
MEX92985,2024-09-20,2024,Political violence,Violence against civilians,Attack,484,North America,Mexico,Guerrero,Acapulco de Juarez,Acapulco de Juarez,16.8619,-99.8866,El Sol de Acapulco,"Around 20 September 2024 (as reported), in Acapulco de Juarez, Guerrero, a man was killed and his body was found with signs of torture in La Poza. The man was identified as a missing person since 8 September. 1 fatality.",1,MX12001,Acapulco de Juárez,2024-12-16,2025-12-16
MEX93218,2024-09-21,2024,Political violence,Violence against civilians,Attack,484,North America,Mexico,Guerrero,Acapulco de Juarez,Acapulco de Juarez,16.8619,-99.8866,El Sol de Acapulco,"Around 21 September 2024 (as reported), in Acapulco de Juarez, Guerrero, a man was killed and the body was found with a tourniquet wrapped in a tarp on the Mexico- Acapulco road around Colonia Benito Juarez and Colonia Libertad. 1 fatality.",1,MX12001,Acapulco de Juárez,2024-12-16,2025-12-16
MEX93243,2024-09-22,2024,Political violence,Violence against civilians,Attack,484,North America,Mexico,Guerrero,Acapulco de Juarez,Acapulco de Juarez,16.8619,-99.8866,El Sol de Acapulco,"Around 22 September 2024 (as reported), in Acapulco de Juarez, Guerrero, a man was killed and the body was found with a tourniquet inside a vehicle around Distrito de Galeana. 1 fatality.",1,MX12001,Acapulco de Juárez,2024-12-16,2025-12-16
MEX93706,2024-09-29,2024,Political violence,Violence against civilians,Attack,484,North America,Mexico,Guerrero,Acapulco de Juarez,Acapulco de Juarez,16.8619,-99.8866,El Sol de Acapulco,"Around 29 September 2024 (as reported), in Acapulco de Juarez, Guerrero, a person was killed and their remains were found inside plastic bags on bulevar Vicente Guerrero. 1 fatality.",1,MX12001,Acapulco de Juárez,2024-12-16,2025-12-16
MEX93725,2024-10-01,2024,Political violence,Violence against civilians,Attack,484,North America,Mexico,Guerrero,Acapulco de Juarez,Acapulco de Juarez,16.8619,-99.8866,El Sol de Acapulco,"Around 1 October 2024 (as reported), in Acapulco de Juarez, Guerrero, a person was killed and the human remains were found inside black plastic bags inside a metal tub on Costera Miguel Aleman Avenue in Fraccionamiento Magallanes. 1 fatality.",1,MX12001,Acapulco de Juárez,2024-12-16,2025-12-16
MEX93799,2024-09-30,2024,Political violence,Violence against civilians,Attack,484,North America,Mexico,Guerrero,Acapulco de Juarez,Acapulco de Juarez,16.8619,-99.8866,El Sol de Acapulco,"On 30 September 2024, in Acapulco de Juarez, Guerrero, armed individuals in a vehicle shot and killed a taxi driver in a drive-by on the Mexico-Acapulco highway around Colonia 20 de noviembre. 1 fatality.",1,MX12001,Acapulco de Juárez,2024-12-16,2025-12-16
MEX93810,2024-10-01,2024,Political violence,Violence against civilians,Attack,484,North America,Mexico,Guerrero,Acapulco de Juarez,Acapulco de Juarez,16.8619,-99.8866,El Sol de Acapulco,"Around 1 October 2024 (as reported), in Acapulco de Juarez, Guerrero, a man was killed and the body was found with his hands and feet tied up with a tourniquet around his neck in Colonia Morelos. 1 fatality.",1,MX12001,Acapulco de Juárez,2024-12-16,2025-12-16
MEX93823,2024-10-03,2024,Political violence,Violence against civilians,Attack,484,North America,Mexico,Guerrero,Acapulco de Juarez,Acapulco de Juarez,16.8619,-99.8866,Milenio,"Around 3 October 2024 (as reported), in Acapulco de Juarez, Guerrero, four men were killed and two bodies were found dismembered at an intersection of Colonia San Miguel in the direction of El Pitayo and two more on the federal highway. The two dismembered men were removed by family members, according to witnesses. Also in Acapulco, a man was killed and his body was found with a torniquet around his neck, his hands and feet tied and with signs of torture in Colonia El Progreso. 5 fatalities.",5,MX12001,Acapulco de Juárez,2024-12-16,2025-12-16
MEX93829,2024-09-30,2024,Political violence,Violence against civilians,Attack,484,North America,Mexico,Puebla,San Martin Texmelucan,San Martin Texmelucan de Labastida,19.2829,-98.4355,E-Consulta,"Around 30 September 2024 (between 30 September - 3 October), in San Martin Texmelucan de Labastida, Puebla, a man was killed and his decapitated body was found inside a car outside a Walmart store. An unspecified threatening message was found next to the body. The victim was a business man who had been abducted by members of La Barredora Gang on 30 September 2024, and his body was found on 3 October 2024. A video on social media showed the victim alive, semi-naked and with signs of torture. In the video, the victim tells people involved in 'huachicoleo' (fuel theft), drug dealing and extortion to 'stay away from San Martin'. 1 fatality.",1,MX21132,San Martín Texmelucan,2024-12-16,2025-12-16
MEX93832,2024-10-04,2024,Political violence,Violence against civilians,Attack,484,North America,Mexico,Guerrero,Acapulco de Juarez,Acapulco de Juarez,16.8619,-99.8866,El Sol de Acapulco,"Around 4 October 2024 (as reported), in Acapulco de Juarez, Guerrero, two men were killed and their bodies were found with a torniquet around their necks, their hands tied and with signs of torture in Colonia Bellavista. 2 fatalities.",2,MX12001,Acapulco de Juárez,2024-12-16,2025-12-16
MEX93842,2024-09-28,2024,Political violence,Battles,Armed clash,484,North America,Mexico,Sinaloa,Elota,Pueblo Nuevo,23.9909,-106.9557,Riodoce,"On 28 September 2024, in Pueblo Nuevo, Sinaloa, rival armed groups clashed on the highway known as 'Maxipista Culiacan-Mazatla'. Several other related clashes were recorded on the same day in other communities along this road (coded separately). Three bodies were found in Pueblo Nuevo while a the body of a fourth man was found along the Maxipista Culiacan - Mazatlan who suspectedly was involved in these clashes. This event is likely related to the ongoing fight between factions of the Sinaloa Cartel that started on 9 September (coded separately). 4 fatalities.",4,MX25008,Elota,2024-12-16,2025-12-16
MEX93923,2024-10-04,2024,Political violence,Violence against civilians,Attack,484,North America,Mexico,Guerrero,Acapulco de Juarez,Acapulco de Juarez,16.8619,-99.8866,El Sol de Acapulco,"Around 4 October 2024 (as reported), in Acapulco de Juarez, Guerrero, a person was killed and the human remains were abandoned by several armed individuals inside three bags in Colonia La Sabana. 1 fatality.",1,MX12001,Acapulco de Juárez,2024-12-16,2025-12-16
MEX93924,2024-10-07,2024,Political violence,Violence against civilians,Attack,484,North America,Mexico,Guerrero,Acapulco de Juarez,Acapulco de Juarez,16.8619,-99.8866,El Sol de Acapulco,"Around 7 October 2024 (as reported), in Acapulco de Juarez, Guerrero, a person was killed and the body was found with signs of torture and wrapped in sheets in Colonia Ciudad Renacimiento. 1 fatality.",1,MX12001,Acapulco de Juárez,2024-12-16,2025-12-16
MEX93925,2024-10-08,2024,Political violence,Violence against civilians,Attack,484,North America,Mexico,Guerrero,Acapulco de Juarez,Acapulco de Juarez,16.8619,-99.8866,El Sol de Acapulco,"Around 8 October 2024 (as reported), in Acapulco de Juarez, Guerrero, a man was killed and his body was thrown from a vehicle and found with signs of torture and the hands tied between 20 de Noviembre and Francisco Gonzalez Bocanegra streets, in Colonia Libertad. 1 fatality.",1,MX12001,Acapulco de Juárez,2024-12-16,2025-12-16
MEX93927,2024-10-08,2024,Political violence,Violence against civilians,Attack,484,North America,Mexico,Guerrero,Acapulco de Juarez,Acapulco de Juarez,16.8619,-99.8866,El Sol de Acapulco,"On 8 October 2024, in Acapulco de Juarez, Guerrero, according to witnesses, armed men shot and killed a woman in an area known as 'Derrumbe', in Calzada Pie de la Cuesta, in the port. 1 fatality.",1,MX12001,Acapulco de Juárez,2024-12-16,2025-12-16
MEX93928,2024-10-09,2024,Political violence,Violence against civilians,Attack,484,North America,Mexico,Guerrero,Acapulco de Juarez,Acapulco de Juarez,16.8619,-99.8866,El Sol de Acapulco,"On 9 October 2024, in Acapulco de Juarez, Guerrero, two armed individuals on a motorbike shot at people at a taxi stop located between Constituyentes avenue and 17 de Septiembre street, in Colonia Centro, injuring a taxi driver and a woman (drive-by).",0,MX12001,Acapulco de Juárez,2024-12-16,2025-12-16
MEX94284,2024-10-15,2024,Political violence,Violence against civilians,Attack,484,North America,Mexico,Guerrero,Acapulco de Juarez,Acapulco de Juarez,16.8619,-99.8866,El Sol de Acapulco,"On 15 October 2024, in Acapulco de Juarez, Guerrero, armed individuals chased a person and opened fire from a moving motorcycle in Colonia Las Parotas killing the victim. 1 fatality.",1,MX12001,Acapulco de Juárez,2024-12-16,2025-12-16
MEX94285,2024-10-15,2024,Political violence,Violence against civilians,Attack,484,North America,Mexico,Guerrero,Acapulco de Juarez,Acapulco de Juarez,16.8619,-99.8866,El Sol de Acapulco,"Around 15 October 2024 (as reported), in Acapulco de Juarez, Guerrero, one person was killed and the human remains were found inside plastic bags inside a drum in Ciudad Renacimiento. A message was found next to the remains. 1 fatality.",1,MX12001,Acapulco de Juárez,2024-12-16,2025-12-16
MEX94302,2024-10-16,2024,Political violence,Violence against civilians,Attack,484,North America,Mexico,Guerrero,Acapulco de Juarez,Acapulco de Juarez,16.8619,-99.8866,El Sol de Acapulco,"Around 16 October 2024 (as reported), in Acapulco de Juarez, Guerrero, two people were killed and their human remains were found inside a vehicle that was set on fire in Colonia Libertadores. 2 fatalities.",2,MX12001,Acapulco de Juárez,2024-12-16,2025-12-16
MEX94659,2024-10-19,2024,Political violence,Violence against civilians,Attack,484,North America,Mexico,Michoacán,Morelia,Uruapilla,19.6212,-101.275,MiMorelia; Quadratin Oaxaca; Tabasco Hoy,"On 19 October 2024, in Uruapilla, Michoacan de Ocampo, an armed group shot and killed an off-duty state police officer who was driving on Morelia-Patzcuaro road. The victim was the chief of the escort of the municipal president of Huiramba, Michoacan. 1 fatality.",1,MX16053,Morelia,2024-12-16,2025-12-16
MEX94718,2024-10-21,2024,Political violence,Battles,Armed clash,484,North America,Mexico,Guerrero,Acapulco de Juarez,Acapulco de Juarez,16.8619,-99.8866,El Sol de Acapulco,"On 21 October 2024, in Acapulco de Juarez, Guerrero, there was an armed clash between the state police and armed individuals in Colonia Emiliano Zapata. One officer was killed and another two people were arrested. 1 fatality.",1,MX12001,Acapulco de Juárez,2024-12-16,2025-12-16
MEX94730,2024-10-19,2024,Political violence,Violence against civilians,Attack,484,North America,Mexico,Guerrero,Acapulco de Juarez,Acapulco de Juarez,16.8619,-99.8866,El Sol de Acapulco,"On 19 October 2024, in Acapulco de Juarez, Guerrero, two armed individuals on a car shot and killed a man on Velazquez de Leon street, in an area known as 'Tamarindo', in Colonia Centro (drive-by). 1 fatality.",1,MX12001,Acapulco de Juárez,2024-12-16,2025-12-16
MEX94750,2024-10-21,2024,Political violence,Violence against civilians,Attack,484,North America,Mexico,Guerrero,Acapulco de Juarez,Acapulco de Juarez,16.8619,-99.8866,El Sol de Acapulco,"Around 21 October 2024 (as reported), in Acapulco de Juarez, Guerrero, a man was killed and his body was found with a tourniquet around his neck, tied up hands and feet, and with visible signs of torture in Colonia La Libertad. 1 fatality.",1,MX12001,Acapulco de Juárez,2024-12-16,2025-12-16
MEX94767,2024-10-22,2024,Political violence,Violence against civilians,Attack,484,North America,Mexico,México,Jilotepec,Jilotepec de Molina Enriquez,19.9532,-99.5375,Metro Toluca,"Around 22 October 2024 (as reported), in Jilotepec de Molina Enriquez, Mexico, a man was killed and his body was found with a shot to his head, tied, and with a message next to the body in San Pablo Huantepec. 1 fatality.",1,MX15045,Jilotepec,2024-12-16,2025-12-16
MEX94863,2024-10-27,2024,Political violence,Violence against civilians,Attack,484,North America,Mexico,Guerrero,Acapulco de Juarez,Acapulco de Juarez,16.8619,-99.8866,El Sol de Acapulco,"On 27 October 2024, in Acapulco de Juarez, Guerrero, unknown armed individuals shot and killed a traffic municipal police officer when he arrived at his home in Colonia Postal. 1 fatality.",1,MX12001,Acapulco de Juárez,2024-12-16,2025-12-16
MEX94864,2024-10-27,2024,Political violence,Violence against civilians,Attack,484,North America,Mexico,Guerrero,Acapulco de Juarez,Acapulco de Juarez,16.8619,-99.8866,El Sol de Acapulco,"Around 27 October 2024 (as reported), in Acapulco de Juarez, Guerrero, two men were killed and their bodies were found with signs of torture, tied up and with a tourniquet inside a trunk in Colonia Juan R. Escudero. 2 fatalities.",2,MX12001,Acapulco de Juárez,2024-12-16,2025-12-16
MEX94950,2024-10-29,2024,Political violence,Violence against civilians,Attack,484,North America,Mexico,Guerrero,Acapulco de Juarez,Acapulco de Juarez,16.8619,-99.8866,El Sol de Acapulco,"Around 29 October 2024 (as reported), in Acapulco de Juarez, Guerrero, the amputated hand of a man was found on 16 de Septiembre street, in front of a kids playground, in Colonia La Fabrica. Authorities investigate whether it belongs to a dead body found in Colonia Ciudad Renacimiento on 28 October 2024 (uncoded). At least 1 injured.",0,MX12001,Acapulco de Juárez,2024-12-16,2025-12-16
MEX95071,2024-11-01,2024,Political violence,Violence against civilians,Attack,484,North America,Mexico,Guerrero,Acapulco de Juarez,Acapulco de Juarez,16.8619,-99.8866,Milenio,"Around 1 November 2024 (as reported), in Acapulco de Juarez, Guerrero, a man was killed and the body was found with signs of torture, as well as a tourniquet on the neck and multiple gunshot wounds around Lazaro Cardenas and Morelos streets. 1 fatality.",1,MX12001,Acapulco de Juárez,2024-12-16,2025-12-16
MEX95088,2024-11-02,2024,Political violence,Violence against civilians,Attack,484,North America,Mexico,Guerrero,Acapulco de Juarez,Acapulco de Juarez,16.8619,-99.8866,Milenio,"Around 2 November 2024 (as reported), in Acapulco de Juarez, Guerrero, at least one man was killed and the human remains were found inside four containers. Later, more human remains were found around the area. At least 1 fatality.",1,MX12001,Acapulco de Juárez,2024-12-16,2025-12-16
MEX95117,2024-11-03,2024,Political violence,Violence against civilians,Attack,484,North America,Mexico,Guerrero,Acapulco de Juarez,Acapulco de Juarez,16.8619,-99.8866,Milenio,"Around 3 November 2024 (as reported), in Acapulco de Juarez, Guerrero, a man was killed and his body was found with his hands tied up and signs of torture in colonia Vicente Guerrero. 1 fatality.",1,MX12001,Acapulco de Juárez,2024-12-16,2025-12-16
MEX95144,2024-11-04,2024,Political violence,Violence against civilians,Attack,484,North America,Mexico,Guerrero,Acapulco de Juarez,Acapulco de Juarez,16.8619,-99.8866,El Sol de Acapulco,"Around 4 November 2024 (as reported), in Acapulco de Juarez, Guerrero, a man was killed and his body was found with signs of torture and a torniquet around his neck in Colonia Libertadores. 1 fatality.",1,MX12001,Acapulco de Juárez,2024-12-16,2025-12-16
MEX95189,2024-11-05,2024,Political violence,Battles,Armed clash,484,North America,Mexico,Guerrero,Acapulco de Juarez,Acapulco de Juarez,16.8619,-99.8866,El Sol de Acapulco,"On 5 November 2024, in Acapulco de Juarez, Guerrero, unknown armed individuals opened fire at elements of the National Guard who repelled the aggression in the tourist area of the city. There were no injuries.",0,MX12001,Acapulco de Juárez,2024-12-16,2025-12-16
MEX95237,2024-11-06,2024,Political violence,Violence against civilians,Attack,484,North America,Mexico,Guerrero,Acapulco de Juarez,Acapulco de Juarez,16.8619,-99.8866,Reforma,"On 6 November 2024, in Acapulco de Juarez, Guerrero, two armed individuals on a motorbike shot at people outside the central market, killing one and injuring two others (drive-by). 1 fatality, 2 injured.",1,MX12001,Acapulco de Juárez,2024-12-16,2025-12-16
MEX95281,2024-11-07,2024,Political violence,Violence against civilians,Attack,484,North America,Mexico,Guerrero,Acapulco de Juarez,Acapulco de Juarez,16.8619,-99.8866,El Sol de Acapulco; La Silla Rota; La Verdad; Mural; Zona Franca,"Around 7 November 2024 (as reported), in Acapulco de Juarez, Guerrero, four men were killed and their bodies were found inside a car with signs of torture, the hands tied, and tourniquets made of wire and wood around the neck. The vehicle was abandoned on Lerdo de Tejada, in Colonia Centro, by individuals onboard another vehicle. 4 fatalities.",4,MX12001,Acapulco de Juárez,2024-12-16,2025-12-16
MEX95451,2024-11-09,2024,Political violence,Violence against civilians,Attack,484,North America,Mexico,Guerrero,Acapulco de Juarez,Acapulco de Juarez,16.8619,-99.8866,El Sol de Acapulco,"Around 9 November 2024 (as reported), in Acapulco de Juarez, Guerrero, a man was killed and his body was found with signs of torture and the hands tied on Hornitos street, in the neighborhood of Petaquillas, behind the Historic Museum of San Diego Fort. 1 fatality.",1,MX12001,Acapulco de Juárez,2024-12-16,2025-12-16
MEX95452,2024-11-10,2024,Political violence,Violence against civilians,Attack,484,North America,Mexico,Guerrero,Acapulco de Juarez,Acapulco de Juarez,16.8619,-99.8866,El Sol de Acapulco,"Around 10 November 2024 (as reported), in Acapulco de Juarez, Guerrero, a man was killed and his body was found with signs of torture and a tourniquet on an unspecified part of the body on Viaducto Diamante. The victim had been thrown from a moving vehicle. 1 fatality.",1,MX12001,Acapulco de Juárez,2024-12-16,2025-12-16
MEX95458,2024-11-13,2024,Political violence,Violence against civilians,Attack,484,North America,Mexico,Guerrero,Acapulco de Juarez,Acapulco de Juarez,16.8619,-99.8866,El Sol de Acapulco,"Around 13 November 2024 (as reported), in Acapulco de Juarez, Guerrero, a person was killed and the body was found with feet and hands tied up in colonia Progreso. 1 fatality.",1,MX12001,Acapulco de Juárez,2024-12-16,2025-12-16
MEX95459,2024-11-14,2024,Political violence,Violence against civilians,Attack,484,North America,Mexico,Guerrero,Acapulco de Juarez,Acapulco de Juarez,16.8619,-99.8866,El Sol de Acapulco,"On 14 November 2024, in Acapulco de Juarez, Guerrero, armed individuals opened fire from a moving vehicle and two women and one man in Colonia Ciudad Renacimiento (drive-by). All three were injured as a result. 3 injuries.",0,MX12001,Acapulco de Juárez,2024-12-16,2025-12-16
MEX95460,2024-11-14,2024,Political violence,Violence against civilians,Attack,484,North America,Mexico,Guerrero,Acapulco de Juarez,Acapulco de Juarez,16.8619,-99.8866,El Norte,"On 14 November 2024, in Acapulco de Juarez, Guerrero, several armed individuals shot and killed a taxi driver close to the old City Hall building. 1 fatality.",1,MX12001,Acapulco de Juárez,2024-12-16,2025-12-16
MEX95771,2024-11-18,2024,Political violence,Violence against civilians,Attack,484,North America,Mexico,Guerrero,Acapulco de Juarez,Acapulco de Juarez,16.8619,-99.8866,El Sol de Acapulco,"Around 18 November 2024 (as reported), in Acapulco de Juarez, Guerrero, two men were killed and their bodies were found with signs of torture and a torniquet around their necks in Ciudad Renacimiento. 2 fatalities.",2,MX12001,Acapulco de Juárez,2024-12-16,2025-12-16
MEX95775,2024-11-20,2024,Political violence,Battles,Armed clash,484,North America,Mexico,Guerrero,Acapulco de Juarez,Acapulco de Juarez,16.8619,-99.8866,El Sol de Acapulco,"On 20 November 2024, in Acapulco de Juarez, Guerrero, armed rival groups engaged in an armed clash close to Colonia Vicente Guerrero on the Mexico-Acapulco highway at a point known as La Tolva. There were no injuries.",0,MX12001,Acapulco de Juárez,2024-12-16,2025-12-16
MEX95777,2024-11-21,2024,Political violence,Violence against civilians,Attack,484,North America,Mexico,Guerrero,Acapulco de Juarez,Acapulco de Juarez,16.8619,-99.8866,El Sol de Acapulco,"Around 21 November 2024 (as reported), in Acapulco de Juarez, Guerrero, a man was killed and his burnt body was found with a gunshot wound in the head (likely 'tiro de gracia') in the intersection of Montes de Oca and Azoyu streets, in Colonia Ciudad Renacimiento. The perpetrators had previously abducted the victim. 1 fatality.",1,MX12001,Acapulco de Juárez,2024-12-16,2025-12-16
MEX95780,2024-11-22,2024,Political violence,Violence against civilians,Attack,484,North America,Mexico,Guerrero,Acapulco de Juarez,Acapulco de Juarez,16.8619,-99.8866,El Sol de Acapulco,"Around 22 November 2024 (as reported), in Acapulco de Juarez, Guerrero, a man was killed and his body was found wrapped in blankets and plastic bags, with a gunshot wound in the head, signs of torture, the hands and feet tied, and a tourniquet around the neck, on Colonial street, in Fraccionamiento Mozimba. 1 fatality.",1,MX12001,Acapulco de Juárez,2024-12-16,2025-12-16
MEX96005,2024-11-23,2024,Political violence,Violence against civilians,Attack,484,North America,Mexico,Guerrero,Acapulco de Juarez,Acapulco de Juarez,16.8619,-99.8866,La Jornada,"Around 23 November 2024 (as reported), in Acapulco de Juarez, Guerrero, a woman was killed and her body was found with signs of torture and a cooler placed on her body in fraccionamiento Las Playas. 1 fatality.",1,MX12001,Acapulco de Juárez,2024-12-16,2025-12-16
MEX96254,2024-11-28,2024,Political violence,Violence against civilians,Attack,484,North America,Mexico,Guanajuato,Salvatierra,Salvatierra,20.2161,-100.8814,Zona Franca,"On 28 November 2024, in Salvatierra, Guanajuato, an activist and member of the LGBTQ+ community was shot and killed by unidentified armed individuals inside a hotel on bulevar Posadas Ocampo. 1 fatality.",1,MX11028,Salvatierra,2024-12-16,2025-12-16
MEX96291,2024-11-29,2024,Political violence,Battles,Armed clash,484,North America,Mexico,Guerrero,Acapulco de Juarez,Acapulco de Juarez,16.8619,-99.8866,El Sol de Acapulco; La Jornada; Milenio,"On 29 November 2024, in Acapulco de Juarez, Guerrero, according to witnesses, armed men shot and killed at the commander of the Anti-Kidnapping Group of the State Attorney General's Office in Colonia Cumbres de Figueroa. Another officer was also injured. Another version, indicates that he was not working as he was going out of his house. 1 fatality.",1,MX12001,Acapulco de Juárez,2024-12-16,2025-12-16
MEX96583,2024-12-05,2024,Political violence,Violence against civilians,Attack,484,North America,Mexico,Guerrero,Acapulco de Juarez,Acapulco de Juarez,16.8619,-99.8866,El Sol de Acapulco,"Around 5 December 2024 (as reported), in Acapulco de Juarez, Guerrero, a man was killed and his body was found with signs of torture inside a taxi in the Diamante area. 1 fatality.",1,MX12001,Acapulco de Juárez,2024-12-16,2025-12-16
MEX96690,2024-12-09,2024,Political violence,Violence against civilians,Attack,484,North America,Mexico,Guerrero,Acapulco de Juarez,Acapulco de Juarez,16.8619,-99.8866,El Sol de Acapulco,"Around 9 December 2024 (as reported), in Acapulco de Juarez, Guerrero, a woman was killed and her body was found in Colonia Los Organos with signs of torture and wrapped in a sheet. 1 fatality.",1,MX12001,Acapulco de Juárez,2024-12-16,2025-12-16
MEX97916,2024-10-24,2024,Political violence,Violence against civilians,Attack,484,North America,Mexico,Guerrero,Acapulco de Juarez,Acapulco de Juarez,16.8619,-99.8866,La Silla Rota; Milenio,"Around 24 October 2024 (as reported), in Acapulco de Juarez, Guerrero, a man was killed by at least four individuals (three men and one woman who was a preventive municipal police officer) and his body was found. The victim was a veterinarian abducted in Fraccionamiento Costa Azu and the perpetrators had demanded a ramson for his family. The perpetrators were arrested on 10 January 2025. 1 fatality.",1,MX12001,Acapulco de Juárez,2024-12-16,2025-12-16
MEX93480,2024-09-26,2024,Political violence,Violence against civilians,Attack,484,North America,Mexico,Sinaloa,Culiacan,El Melon,24.8883,-107.1673,El Sol de Sinaloa,"Around 26 September 2024 (as reported), near El Melon, Sinaloa, a man was killed and his body was found with the hands tied behind his back on a side of Mazatlan-Culiacan highway, down the bridge that connects Loma de Redo and El Melon. 1 fatality.",1,MX25006,Culiacán,2024-12-16,2025-12-16
MEX94076,2024-10-09,2024,Political violence,Violence against civilians,Attack,484,North America,Mexico,Sinaloa,Culiacan,Sanalona,24.8017,-107.1391,El Siglo de Durango; El Sol de Sinaloa; La Silla Rota; Riodoce,"Around 9 October 2024 (as reported), in Sanalona, Sinaloa, a man and a woman were killed and their bodies were found with gunshot wounds and signs of torture on a side of the road that leads to the town of Arroyo Grande and Espinar across Tamazula-Durango road. The body of the man was semi-naked. 2 fatalities.",2,MX25006,Culiacán,2024-12-16,2025-12-16
MEX94850,2024-10-26,2024,Political violence,Violence against civilians,Attack,484,North America,Mexico,Sinaloa,Culiacan,Sanalona,24.8017,-107.1391,Borderland Beat; Riodoce,"Around 26 October 2024 (as reported), in Sanalona, Sinaloa, a person was killed and the body was found wrapped in a tarp at the El Carrizalejo police station. A video was released and it is suspected that the man in the video is a member of La Chapiza where he is interrogated. 1 fatality.",1,MX25006,Culiacán,2024-12-16,2025-12-16
MEX95537,2024-11-10,2024,Political violence,Violence against civilians,Attack,484,North America,Mexico,Nuevo León,Cadereyta Jimenez,Cadereyta Jimenez,25.591,-100.0016,El Norte,"Around 10 November 2024 (as reported), in Cadereyta Jimenez, Nuevo Leon, a man was killed and his body was found with tape on the eyes, the hands and feet tied with wire and tape, and wrapped in a canvas, on km. 26 of the highway to Reynosa. 1 fatality.",1,MX19009,Cadereyta Jiménez,2024-12-16,2025-12-16
MEX96591,2024-12-05,2024,Political violence,Violence against civilians,Sexual violence,484,North America,Mexico,Michoacán,La Piedad,La Piedad de Cabadas,20.3415,-102.023,La Voz de Michoacan,"Around 5 December 2024 (as reported), in La Piedad de Cabadas, Michoacan de Ocampo,a man was killed and his body was found naked and with signs of violence in El Maguey. 1 fatality.",1,MX16069,La Piedad,2024-12-16,2025-12-16
MEX96594,2024-12-05,2024,Political violence,Violence against civilians,Attack,484,North America,Mexico,Nuevo León,Cadereyta Jimenez,Cadereyta Jimenez,25.591,-100.0016,La Verdad,"Around 5 December 2024 (as reported), in Cadereyta Jimenez, Nuevo Leon, two men were killed and their bodies were found with signs of torture, half naked and with their hands and feet tied under a bridge. 2 fatalities.",2,MX19009,Cadereyta Jiménez,2024-12-16,2025-12-16
MEX96750,2024-12-11,2024,Political violence,Violence against civilians,Attack,484,North America,Mexico,Jalisco,Tonala,Puente Grande,20.5692,-103.1543,El Norte,"Around 11 December 2024 (as reported), in Puente Grande, Jalisco, a person was killed and the body was found burned in a gap known as Las Jicamas. 1 fatality.",1,MX14101,Tonalá,2024-12-16,2025-12-16
MEX93357,2024-09-24,2024,Political violence,Battles,Armed clash,484,North America,Mexico,Michoacán,Apatzingan,Apatzingan de la Constitucion,19.0872,-102.3553,MiMorelia,"On 24 September 2024, in Apatzingan de la Constitucion, Michoacan de Ocampo, armed individuals opened fire at municipal police officers who repelled the aggression close to Colonia Mirador del Valle. There were no injuries.",0,MX16006,Apatzingán,2024-12-16,2025-12-16
MEX93461,2024-09-26,2024,Political violence,Violence against civilians,Attack,484,North America,Mexico,México,Naucalpan de Juarez,Naucalpan de Juarez,19.4788,-99.2332,Reforma,"On 26 September 2024, in Naucalpan de Juarez, Mexico, at least two armed men shot and killed a man in Colonia Colinas de San Mateo. Several people arrived later and drove motorbikes around the body. 1 fatality.",1,MX15057,Naucalpan de Juárez,2024-12-16,2025-12-16
MEX93733,2024-10-01,2024,Political violence,Violence against civilians,Attack,484,North America,Mexico,México,Naucalpan de Juarez,Naucalpan de Juarez,19.4788,-99.2332,El Universal (Mexico),"On 1 October 2024, in Naucalpan de Juarez, Mexico, armed individuals attacked and killed a man outside a mechanic's shop and fled the scene on two motorcycles. 1 fatality.",1,MX15057,Naucalpan de Juárez,2024-12-16,2025-12-16
MEX93958,2024-10-09,2024,Political violence,Violence against civilians,Abduction/forced disappearance,484,North America,Mexico,México,Atizapan de Zaragoza,Ciudad Lopez Mateos,19.5432,-99.235,Milenio,"Around 9 October 2024 (as reported), in Ciudad Lopez Mateos, Mexico, a woman was abducted by an unknown number of people. The woman was rescued on 9 October 2024 by municipal police and navy officers from a commercial establishment in Colonia Lomas de Atizapan, where she was tied and gagged. It is suspected that the perpetrators demanded a ransom.",0,MX15013,Atizapán de Zaragoza,2024-12-16,2025-12-16
MEX94126,2024-10-11,2024,Political violence,Violence against civilians,Attack,484,North America,Mexico,Veracruz de Ignacio de la Llave,Medellin,Veracruz,19.1799,-96.1356,Imagen del Golfo; La Jornada,"Around 11 October 2024 (as reported), around Veracruz, Veracruz, at least two people were killed and the human remains were found inside bags with messages by a criminal group around the Colinas de Santa Fe area on the Veracruz-Cardel highway. 2 fatalities.",2,MX30193,Veracruz,2024-12-16,2025-12-16
MEX94226,2024-10-13,2024,Political violence,Violence against civilians,Attack,484,North America,Mexico,Michoacán,Apatzingan,Apatzingan de la Constitucion,19.0872,-102.3553,La Jornada,"On 13 October 2024, in Apatzingan de la Constitucion, Michoacan de Ocampo, several armed men arrived at a property and shot a man. The man was transported to the hospital where he died on the way. The victim was identified as operating a rehabilitation center for addiction. 1 fatality.",1,MX16006,Apatzingán,2024-12-16,2025-12-16
MEX94505,2024-10-21,2024,Political violence,Battles,Armed clash,484,North America,Mexico,Sinaloa,Culiacan,Alcoyonqui,24.7473,-107.2072,El Blog del Narco; El Siglo de Durango; El Sol de Sinaloa; La Prensa de Monclova; La Verdad; Milenio; Riodoce,"On 21 October 2024, in Alcoyonqui, Sinaloa, there was an armed clash between at least 30 armed individuals and the military forces. During the armed clash, a gang leader from the Sinaloa Cartel, belonging to Los Mayitos gang, and 20 other gang members were arrested. An alternative version indicates that rival armed groups had clashed before the army officers arrived at the scene and that, once they arrived, the military agreed not to arrest the cartel's leader in exchange for a million dollars. The officers would have subsequently broken the agreement, stolen the money, and clashed with the members of the cartel. This version is supported by a message on a blanket that was hung in Culiacan Rosales on 24 October 2024. In the message, Los Chapitos Gang claims to have an alliance with the military against Los Mayitos. This event is related to a similar clash reported in Carboneras community in the same municipality (coded separately). During both clashes, a total of 19 people were killed.19 fatalities split across two clashes, 10 fatalities coded in this event.",10,MX25006,Culiacán,2024-12-16,2025-12-16
MEX94808,2024-10-25,2024,Political violence,Violence against civilians,Attack,484,North America,Mexico,México,Naucalpan de Juarez,Naucalpan de Juarez,19.4788,-99.2332,Reforma,"Around 25 October 2024 (as reported), in Naucalpan de Juarez, Mexico, a man was killed and his body was found wit gunshot wounds and a message next to his body in Colonia San Jose de los Leones. 1 fatality.",1,MX15057,Naucalpan de Juárez,2024-12-16,2025-12-16
MEX95120,2024-11-03,2024,Political violence,Battles,Armed clash,484,North America,Mexico,Michoacán,Apatzingan,Apatzingan de la Constitucion,19.0872,-102.3553,La Voz de Michoacan; Quadratin Oaxaca,"On 3 November 2024, Apatzingan de la Constitucion, Michoacan, armed individuals clashed in Colonia Lomas de Palmira. Five people, including two adults and three minors were injured with stray bullets. 5 injured.",0,MX16006,Apatzingán,2024-12-16,2025-12-16
MEX95121,2024-11-03,2024,Political violence,Battles,Armed clash,484,North America,Mexico,Michoacán,Apatzingan,Apatzingan de la Constitucion,19.0872,-102.3553,La Voz de Michoacan,"On 3 November 2024, in Apatzingan de la Constitucion, Michoacan, armed individuals clashed with the municipal police around the area known as 'La Financiera'. This event occurred after there was an armed clash between armed men in colonia Lomas de Palmira (coded separately). There were no casualties.",0,MX16006,Apatzingán,2024-12-16,2025-12-16
MEX95515,2024-11-09,2024,Political violence,Violence against civilians,Attack,484,North America,Mexico,Michoacán,Apatzingan,Apatzingan de la Constitucion,19.0872,-102.3553,La Voz de Michoacan,"Around 9 November 2024 (as reported), in Apatzingan de la Constitucion, Michoacan de Ocampo, a man was killed and his body was found with gunshot wounds and wrapped in a blanket, wearing tactical clothing, on a side of Apatzingan-Presa del Rosario road, near El Semental bullring. Authorities investigate whether the man participated in the armed clashed that took place in the area on 8 November 2024 (coded separately). 1 fatality.",1,MX16006,Apatzingán,2024-12-16,2025-12-16
MEX95818,2024-11-18,2024,Political violence,Violence against civilians,Attack,484,North America,Mexico,México,Naucalpan de Juarez,Naucalpan de Juarez,19.4788,-99.2332,La Silla Rota,"On 18 November 2024, in Naucalpan de Juarez, Mexico, several armed individuals opened fire from a vehicle and shot three people in Colonia El Molinito (drive-by). All three people died as a result. 3 fatalities.",3,MX15057,Naucalpan de Juárez,2024-12-16,2025-12-16
MEX95923,2024-11-21,2024,Political violence,Violence against civilians,Attack,484,North America,Mexico,Sinaloa,Culiacan,Obispo,24.3066,-107.1018,El Sol de Sinaloa; La Silla Rota; Noroeste; Riodoce,"On 21 November 2024, in Obispo, Sinaloa, armed men entered a house where four men were celebrating a birthday, and demanded them to hand their weapons. One of the presents replied that they were not armed, after which the men shot and killed two of them, and abducted the other two, whose whereabouts are unknown. One of the abductees was an off-duty state police officer. 2 fatalities.",2,MX25006,Culiacán,2024-12-16,2025-12-16
MEX96262,2024-11-28,2024,Political violence,Violence against civilians,Attack,484,North America,Mexico,Michoacán,Apatzingan,Apatzingan de la Constitucion,19.0872,-102.3553,El Norte; La Jornada,"On 28 November 2024, in Apatzingan de la Constitucion, Michoacan, two armed individuals shot and killed a man in his business on Avenida Jose Maria Morelos y Pavon Poniente. The victim was a known business dedicated to the sell of motorcycle. According to relatives and local sources, he was threatened by criminal groups to pay extortion fees. Just a week before, a criminal cell demanded 500 thousand pesos as payment for the floor fee. 1 fatality.",1,MX16006,Apatzingán,2024-12-16,2025-12-16
MEX96324,2024-11-29,2024,Political violence,Battles,Armed clash,484,North America,Mexico,Sinaloa,Culiacan,El Limon de los Ramos,24.9162,-107.5261,El Proceso,"On 29 November 2024, in El Limon de los Ramos, Sinaloa, unidentified armed groups clashed. This event is suspectedly linked to the clash that took place the same day in Mojolo (coded separately). Casualties unknown.",0,MX25006,Culiacán,2024-12-16,2025-12-16
MEX96340,2024-11-30,2024,Political violence,Violence against civilians,Attack,484,North America,Mexico,Michoacán,Apatzingan,Apatzingan de la Constitucion,19.0872,-102.3553,La Voz de Michoacan,"Around 30 November 2024 (month of), in Apatzingan de la Constitucion, Michoacan de Ocampo, two people were killed and their bodies were found in an advanced state of decomposition, inside plastic bags, and buried in a building on Doctor Francisco Argandar, in Colonia Chavez Tejeda. 2 fatalities.",2,MX16006,Apatzingán,2024-12-16,2025-12-16
MEX96364,2024-11-30,2024,Political violence,Violence against civilians,Abduction/forced disappearance,484,North America,Mexico,Veracruz de Ignacio de la Llave,Medellin,Veracruz,19.1799,-96.1356,La Silla Rota,"On 30 November 2024, in Veracruz, Veracruz de Ignacio de la Llave, according to security camera footage, armed men abducted three employees of a second-hand car dealership on Cuauhtemoc avenue, in Fraccionamiento Los Pinos. One of the victims is the son of the dealership's owner. The victims' whereabouts are unknown.",0,MX30193,Veracruz,2024-12-16,2025-12-16
MEX96392,2024-12-01,2024,Political violence,Battles,Armed clash,484,North America,Mexico,Veracruz de Ignacio de la Llave,Medellin,Veracruz,19.1799,-96.1356,Imagen del Golfo; La Silla Rota,"On 1 December 2024, in Veracruz, Veracruz de Ignacio de la Llave, according to witnesses, state police officers and armed individuals who drove a van clashed on Orizaba and Vendrell streets, in Colonia Primero de Mayo, where they initiated a persecution that ended on Jimenez Sur street, in Colonia Vista Mar. A female state police officer was injured. 1 injured.",0,MX30193,Veracruz,2024-12-16,2025-12-16
MEX96562,2024-12-04,2024,Political violence,Violence against civilians,Attack,484,North America,Mexico,Veracruz de Ignacio de la Llave,Medellin,Veracruz,19.1799,-96.1356,La Silla Rota,"Around 4 December 2024 (as reported), in Veracruz, Veracruz de Ignacio de la Llave, a person was killed and the body was found burned in fraccionamiento Lomas 4. 1 fatality.",1,MX30193,Veracruz,2024-12-16,2025-12-16
MEX96642,2024-12-12,2024,Political violence,Battles,Armed clash,484,North America,Mexico,Michoacán,Apatzingan,Apatzingan de la Constitucion,19.0872,-102.3553,El Norte,"On 12 December 2024, in Apatzingan de la Constitucion, Michoacan de Ocampo, members of the CJNG and Los Caballeros Templarios Gang clashed in Fraccionamiento Ex-Hacienda La Huerta. Hundreds of residents fled the area fearing more violence. Casualties unknown.",0,MX16006,Apatzingán,2024-12-16,2025-12-16
MEX94348,2024-10-12,2024,Political violence,Violence against civilians,Attack,484,North America,Mexico,Tamaulipas,Nuevo Laredo,Nuevo Laredo,27.4863,-99.5085,La Jornada,"On 12 October 2024, in Nuevo Laredo, Tamaulipas, officer of the National Guard shot at a vehicle in Colonia Palmares. A little girl was injured and died later at the hospital. It is unknown the reason of the shooting or attack. When the incident occurred, relatives of the victims arrived to the location of the event, police officers threw tear gas at them. 1 fatality.",1,MX28027,Nuevo Laredo,2024-12-16,2025-12-16
MEX101098,2024-10-30,2024,Political violence,Violence against civilians,Attack,484,North America,Mexico,Puebla,Huejotzingo,Santa Ana Xalmimilulco,19.2111,-98.3807,Milenio,"On 30 October 2024, in Santa Ana Xalmimilulco, Puebla, four members of La Barredora Gang fired shots in a suspected attempt to carry out an attack (it is not known against whom) on El Angel street. The four members were arrested. There were no casualties.",0,MX21074,Huejotzingo,2024-12-16,2025-12-16
MEX93091,2024-09-20,2024,Political violence,Violence against civilians,Sexual violence,484,North America,Mexico,Puebla,Huejotzingo,Huejotzingo,19.159,-98.408,El Proceso,"Around 20 September 2024 (between 19 September - 20 September), in Huejotzingo, Puebla, a girl was killed and her body was found on 20 September with signs of sexual violence. The 14 year old girl was reported missing on 19 September. 1 fatality.",1,MX21074,Huejotzingo,2024-12-16,2025-12-16
MEX93096,2024-09-19,2024,Political violence,Violence against civilians,Attack,484,North America,Mexico,Puebla,San Martin Texmelucan,Santa Maria Moyotzingo,19.2453,-98.4047,La Jornada,"On 19 September 2024, in Santa Maria Moyotzingo, Puebla, according to witnesses, armed men targeted and opened fire and killed a man inside an elementary school and injured a teacher. The victim was involved in the fraudulent sale of vehicles. 1 fatality.",1,MX21132,San Martín Texmelucan,2024-12-16,2025-12-16
MEX93372,2024-09-24,2024,Political violence,Violence against civilians,Attack,484,North America,Mexico,Puebla,Huejotzingo,Huejotzingo,19.159,-98.408,Milenio,"Around 24 September 2024 (as reported), in Huejotzingo, Puebla, a man was killed and his body was found wrapped in blankets and with signs of violence at the entrance to the Real Segovia residential complex. 1 fatality.",1,MX21074,Huejotzingo,2024-12-16,2025-12-16
MEX93393,2024-09-25,2024,Political violence,Battles,Armed clash,484,North America,Mexico,Chiapas,Tapachula,Tapachula de Cordova y Ordonez,14.9111,-92.2643,La Jornada,"On 25 September 2024, in Tapachula de Cordova y Ordonez, Chiapas, officers of the Navy and the Special Prosecutor's Office for Organized Crime (ministerial police) were carrying out search operations when they were attacked by members of the Sinaloa Cartel in two houses. 16 members were arrested, three officers were injured and one was killed as a result. 1 fatality, 3 injuries.",1,MX07089,Tapachula,2024-12-16,2025-12-16
MEX93501,2024-09-27,2024,Political violence,Violence against civilians,Attack,484,North America,Mexico,Chiapas,Tapachula,Tapachula de Cordova y Ordonez,14.9111,-92.2643,La Jornada,"On 27 September 2024, in Tapachula de Cordova y Ordonez, Chiapas, armed men shot and killed two men on the parking lot of a casino. One of the victims was a former federal police regional commander, suspectedly linked to the traffic of migrants and to a business of taxis in the International Airport of Tapachula. 2 fatalities.",2,MX07089,Tapachula,2024-12-16,2025-12-16
MEX93520,2024-09-27,2024,Political violence,Violence against civilians,Attack,484,North America,Mexico,Puebla,San Miguel Xoxtla,San Miguel Xoxtla,19.1692,-98.3089,E-Consulta; La Verdad,"Around 27 September 2024 (between 26 - 27 September), in San Miguel Xoxtla, Puebla, a man was killed and his body was found with a message nailed to the chest on km. 107 of Mexico-Puebla highway, direction Ciudad de Mexico on 27 September. The victim was a businessman that was abducted on 26 September in Chiautempan, Tlaxcala. The message suspectedly linking the attack with a case of extorsion and/or a settling of scores between the victim and a criminal group. 1 fatality.",1,MX21136,San Miguel Xoxtla,2024-12-16,2025-12-16
MEX94308,2024-10-14,2024,Political violence,Violence against civilians,Attack,484,North America,Mexico,Puebla,Huejotzingo,Huejotzingo,19.159,-98.408,E-Consulta,"Around 14 October 2024 (as reported), near Huejotzingo, Puebla, four men were killed and their bodies were found inside bags in a burning vehicle on Mexico-Puebla highway. All four men had criminal records for robbery. 4 fatalities.",4,MX21074,Huejotzingo,2024-12-16,2025-12-16
MEX94647,2024-10-22,2024,Political violence,Battles,Armed clash,484,North America,Mexico,Puebla,San Miguel Xoxtla,San Miguel Xoxtla,19.1692,-98.3089,E-Consulta,"On 22 October 2024, in San Miguel Xoxtla, Puebla, two municipal police officers were shot and killed by unidentified armed individuals on the Mexico-Puebla highway. According to the authorities, the victims were not registered in the National Registry of Public Security Personnel and their confidence control evaluations were not updated. 2 fatalities.",2,MX21136,San Miguel Xoxtla,2024-12-16,2025-12-16
MEX94886,2024-10-27,2024,Political violence,Violence against civilians,Attack,484,North America,Mexico,Veracruz de Ignacio de la Llave,Jesus Carranza,Jesus Carranza,17.4375,-95.0284,La Silla Rota,"On 27 October 2024, in Jesus Carranza, Veracruz de Ignacio de la Llave, according to witnesses, two armed men shot and injured a trans woman on 16 de Septiembre street, 30 meters from the town hall and the municipal police station. The perpetrators fled on a motorbike.",0,MX30091,Jesús Carranza,2024-12-16,2025-12-16
MEX95001,2024-10-30,2024,Political violence,Battles,Armed clash,484,North America,Mexico,Sinaloa,Culiacan,El Tepuche,24.9427,-107.3496,Noroeste; Riodoce,"On 30 October 2024, near El Tepuche, Sinaloa, armed groups clashed in the village of San Antonio, resulting in three people injured.",0,MX25006,Culiacán,2024-12-16,2025-12-16
MEX95403,2024-11-12,2024,Political violence,Violence against civilians,Abduction/forced disappearance,484,North America,Mexico,Chiapas,Tapachula,Tapachula de Cordova y Ordonez,14.9111,-92.2643,Milenio,"On 12 November 2024, in Tapachula de Cordova y Ordonez, Chiapas, seven migrants from Venezuela, including five adults and two children were kidnapped by a hooded group of armed men in Colonia Centro after they entered a house. The victim's whereabouts are unknown.",0,MX07089,Tapachula,2024-12-16,2025-12-16
MEX96249,2024-11-28,2024,Political violence,Battles,Armed clash,484,North America,Mexico,Chiapas,Tapachula,Tapachula de Cordova y Ordonez,14.9111,-92.2643,La Jornada; Milenio,"On 28 November 2024, in Tapachula de Cordova y Ordonez, Chiapas, there was an armed clash between the military and ministerial police against members of the CJNG in a house in Colonia Las Colinas after the report of the kidnapping of migrants. Two officers were killed and another three were injured. Weapons were seized. Twenty migrants were released. Another version, is that around 50 migrants were released. 2 fatalities.",2,MX07089,Tapachula,2024-12-16,2025-12-16
MEX96331,2024-11-30,2024,Political violence,Violence against civilians,Abduction/forced disappearance,484,North America,Mexico,Chiapas,Tapachula,Tapachula de Cordova y Ordonez,14.9111,-92.2643,Milenio,"Around 30 November 2024 (as reported), in Tapachula de Cordova y Ordonez, Chiapas, four individuals abducted 23 migrants of unspecified nationalities. The victims were released by military, National Guard, state, and ministerial federal police officers in El Rancho building. The officers arrested the four perpetrators and seized fireweapons, tactical equipment, three cars, two motorcycles, and a video surveillance system.",0,MX07089,Tapachula,2024-12-16,2025-12-16
MEX96644,2024-12-12,2024,Political violence,Battles,Armed clash,484,North America,Mexico,Michoacán,Apatzingan,Los Puertecitos,19.0729,-102.2885,El Norte,"On 12 December 2024, in Los Puertecitos, Michoacan de Ocampo, members of the CJNG and Los Caballeros Templarios Gang clashed. Hundreds of residents fled the area fearing more violence. Casualties unknown.",0,MX16006,Apatzingán,2024-12-16,2025-12-16
MEX96668,2024-12-09,2024,Political violence,Battles,Armed clash,484,North America,Mexico,Michoacán,Apatzingan,Los Puertecitos,19.0729,-102.2885,MiMorelia,"On 9 December 2024, in Los Puertecitos, Michoacan de Ocampo, rival groups engaged in an armed clash. There were no injuries.",0,MX16006,Apatzingán,2024-12-16,2025-12-16
MEX96915,2024-12-14,2024,Political violence,Battles,Armed clash,484,North America,Mexico,Sinaloa,Culiacan,El Tepuche,24.9427,-107.3496,Borderland Beat; El Sol de Sinaloa; Noroeste; Riodoce,"Around 14 December 2024 (as reported), in El Tepuche, Sinaloa, unidentified armed groups clashed near the village of San Cayetano. The authorities arrived at the scene on 19 December 2024 and located shot and burnt vehicles, and the bodies of six men who wore tactical equipment. Authorities suspect that the clash had taken place five days before their arrival, according to the conditions in which the bodies were found. At least 6 fatalities.",6,MX25006,Culiacán,2024-12-16,2025-12-16
MEX93208,2024-09-20,2024,Political violence,Violence against civilians,Attack,484,North America,Mexico,Tabasco,Nacajuca,Nacajuca,18.1689,-93.02,Tabasco Hoy,"Around 20 September 2024 (as reported), in Nacajuca, Tabasco, a woman was killed and her body was found inside the Carrizal river with her feet tied up around El Cedro ranch. 1 fatality.",1,MX27013,Nacajuca,2024-12-16,2025-12-16
MEX93488,2024-09-26,2024,Political violence,Violence against civilians,Attack,484,North America,Mexico,Tabasco,Nacajuca,Nacajuca,18.1689,-93.02,Tabasco Hoy,"On 26 September 2024, in Nacajuca, Tabasco, according to witnesses, two armed men travelling on a motorbike shot and killed a man on Socorro Villamil street, in Fraccionamiento Bosques de Saloya. Two women were injured. 1 fatality.",1,MX27013,Nacajuca,2024-12-16,2025-12-16
MEX94108,2024-10-06,2024,Political violence,Violence against civilians,Attack,484,North America,Mexico,Tabasco,Nacajuca,Nacajuca,18.1689,-93.02,Tabasco Hoy,"On 6 October 2024, in Nacajuca, Tabasco, two men opened fire and killed a man who was working at a motorcycle workshop in fraccionamiento Valle Real. 1 fatality.",1,MX27013,Nacajuca,2024-12-16,2025-12-16
MEX94511,2024-10-19,2024,Political violence,Battles,Armed clash,484,North America,Mexico,Michoacán,Huiramba,El Carmen,19.5412,-101.4602,La Voz de Michoacan; MiMorelia,"On 19 October 2024, in El Carmen, Michoacan de Ocampo, state police officers and armed individuals clashed when the latter opened fire at officers who approached them. There were no fatalities.",0,MX16039,Huiramba,2024-12-16,2025-12-16
MEX94745,2024-10-20,2024,Political violence,Violence against civilians,Attack,484,North America,Mexico,Zacatecas,Luis Moya,Luis Moya,22.4325,-102.2492,Pagina 24 Zacatecas,"On 20 October 2024, in Luis Moya, Zacatecas, members of a criminal groups shot and injured a woman in the city center. She died later at the hospital. 1 fatality.",1,MX32025,Luis Moya,2024-12-16,2025-12-16
MEX94784,2024-10-24,2024,Political violence,Violence against civilians,Attack,484,North America,Mexico,Tabasco,Nacajuca,Nacajuca,18.1689,-93.02,Tabasco Hoy,"Around 24 October 2024 (as reported), in Nacajuca, Tabasco, man was killed and his body was found wrapped in plastic bags on the Villahermosa-Nacajuca highway. A message was found next to the body. 1 fatality.",1,MX27013,Nacajuca,2024-12-16,2025-12-16
MEX95091,2024-11-02,2024,Political violence,Violence against civilians,Attack,484,North America,Mexico,Hidalgo,Tula de Allende,San Lucas Teacalco,19.9808,-99.3609,Diario Via Libre; El Sol de Hidalgo; Milenio,"Around 2 November 2024 (as reported), in San Lucas Teacalco, Hidalgo, a person was killed and the body was found beheaded with the hands tied up and wrapped in a blanket. 1 fatality.",1,MX13076,Tula de Allende,2024-12-16,2025-12-16
MEX95519,2024-11-15,2024,Political violence,Battles,Armed clash,484,North America,Mexico,Michoacán,Querendaro,Querendaro,19.8097,-100.8836,MiMorelia,"On 15 November 2024, in Querendaro, Michoacan de Ocampo, armed men aboard a vehicle opened fire at municipal police officers, resulting in the death of one policeman and the injury of one policewoman. 1 fatality, 1 injury.",1,MX16072,Queréndaro,2024-12-16,2025-12-16
MEX95622,2024-11-14,2024,Political violence,Violence against civilians,Attack,484,North America,Mexico,Sinaloa,Culiacan,Ejido Los Huizaches,24.705,-107.3824,El Sol de Sinaloa,"Around 14 November 2024 (as reported), in Ejido Los Huizaches, Sinaloa, a man was killed and his body was found with signs of torture and with his hands tied in Colonia Pemex. 1 fatality.",1,MX25006,Culiacán,2024-12-16,2025-12-16
MEX96358,2024-11-30,2024,Political violence,Explosions/Remote violence,Air/drone strike,484,North America,Mexico,Sinaloa,Mocorito,El Palmarito de la Sierra,25.5993,-107.7458,El Sol de Sinaloa; Noroeste; Riodoce,"On 30 November 2024, around El Palmarito de la Sierra, Sinaloa, unidentified individuals threw explosive devices from a light aircraft at several unspecified villages. The same vehicle was used the same day to launch explosives in other locations of Sinaloa (coded separately). There were no casualties.",0,MX25013,Mocorito,2024-12-16,2025-12-16
MEX96651,2024-12-09,2024,Political violence,Battles,Armed clash,484,North America,Mexico,Zacatecas,Luis Moya,Luis Moya,22.4325,-102.2492,La Jornada; La Verdad; Noroeste,"On 9 December 2024, in Luis Moya, Zacatecas, dozens of members of the Sinaloa Cartel and the CJNG engaged in an armed clash on the Ojo Caliente-Luis Mayo highway section as well as in Esteban Castorena and La Concepcion. The clash that resulted in the death of six persons- Nine people were arrested. It is believed that the fatality number is higher with armed men hiding at least eight more bodies, although authorities have not confirmed this. At least 6 fatalities.",6,MX32025,Luis Moya,2024-12-16,2025-12-16
MEX96743,2024-12-06,2024,Political violence,Violence against civilians,Attack,484,North America,Mexico,Zacatecas,Luis Moya,Luis Moya,22.4325,-102.2492,Pagina 24 Zacatecas,"Around 6 December 2024 (as reported), in Luis Moya, Zacatecas, a man was tortured, kidnapped and killed by members of a criminal group and his body was found wrapped in blankets with a narco-message on the road to Cuauhtemoc municipality. 1 fatality.",1,MX32025,Luis Moya,2024-12-16,2025-12-16
MEX102872,2024-09-21,2024,Political violence,Violence against civilians,Attack,484,North America,Mexico,Michoacán,Morelia,Morelia,19.7034,-101.192,MiMorelia,"On 21 September 2024, in Morelia, Michoacan de Ocampo, several individuals abducted a woman and her granddaughter from their house on Puerto Vallarta street, in Colonia Rincon de la Ortiga. The perpetrators took the woman to a building in the town of Jesus del Monte, where they shot and killed her. The girl was released on an unspecified date. A man and a woman were arrested around 17 April 2025. 1 fatality.",1,MX16053,Morelia,2024-12-16,2025-12-16
MEX102901,2024-10-07,2024,Political violence,Violence against civilians,Attack,484,North America,Mexico,Sonora,San Luis Rio Colorado,San Luis Rio Colorado,32.4798,-114.7796,Entorno Informativo,"On 7 October 2024, in San Luis Rio Colorado, Sonora, two men beat and abducted a man in Colonia Sonora. The victim escaped and contacted the authorities. One of the perpetrators was arrested on 10 April 2025 and the other around 18 April 2025. 1 injured.",0,MX26055,San Luis Río Colorado,2024-12-16,2025-12-16
MEX93215,2024-09-21,2024,Political violence,Violence against civilians,Attack,484,North America,Mexico,Colima,Colima,Colima,19.2429,-103.7281,Colima Noticias,"On 21 September 2024, in Colima, Colima, two armed men who arrived on a motorcycle shot and killed a man in the city center. 1 fatality.",1,MX06002,Colima,2024-12-16,2025-12-16
MEX93235,2024-09-21,2024,Political violence,Violence against civilians,Attack,484,North America,Mexico,Sinaloa,Culiacan,Quila,24.4246,-107.2196,Riodoce,"Around 21 September 2024 (as reported), in Quila, Sinaloa, a man was killed and his body was found with his feet tied up with tape and handcuffed by the side of the Culiacan - Mazatlan highway. 1 fatality.",1,MX25006,Culiacán,2024-12-16,2025-12-16
MEX93345,2024-09-24,2024,Political violence,Violence against civilians,Attack,484,North America,Mexico,Colima,Colima,Colima,19.2429,-103.7281,Colima Noticias,"On 24 September 2024, in Colima, Colima, at least two armed individual travelling on a motorcycle intercepted a man, shot him and then fled the scene in Colonia Rinconada del Pereyra. The man died as a result. 1 fatality.",1,MX06002,Colima,2024-12-16,2025-12-16
MEX93451,2024-09-26,2024,Political violence,Violence against civilians,Attack,484,North America,Mexico,Colima,Villa de Alvarez,Ciudad de Villa de Alvarez,19.2648,-103.7368,Colima Noticias; El Universal (Mexico),"On 26 September 2024, in Ciudad de Villa de Alvarez, Colima, armed individuals who arrived on a motorbike shot and killed an off-duty state police officer in front of his house, near a convenience store in Colonia La Reserva. 1 fatality.",1,MX06010,Villa de Álvarez,2024-12-16,2025-12-16
MEX93452,2024-09-26,2024,Political violence,Violence against civilians,Attack,484,North America,Mexico,Colima,Colima,Colima,19.2429,-103.7281,Colima Noticias,"On 26 September 2024, in Colima, Colima, armed men entered 'La Costumbre' bar on Constitucion avenue, in Colonia Residencial Esmeralda, and shot and killed a man (likely witnesses were present). The perpetrators fled in a vehicle. 1 fatality.",1,MX06002,Colima,2024-12-16,2025-12-16
MEX93453,2024-09-26,2024,Political violence,Violence against civilians,Attack,484,North America,Mexico,Colima,Colima,Colima,19.2429,-103.7281,Colima Noticias,"On 26 September 2024, in Colima, Colima, two armed individuals on a motorbike shot and killed a man on Ninos Heroes avenue, by Colima avenue, in Colonia Infonavit la Estancia (drive-by). 1 fatality.",1,MX06002,Colima,2024-12-16,2025-12-16
MEX93454,2024-09-26,2024,Political violence,Violence against civilians,Attack,484,North America,Mexico,Colima,Colima,Colima,19.2429,-103.7281,Colima Noticias,"Around 26 September 2024 (as reported), in Colima, Colima, a person was killed and his/her dismembered body was found cover in paper at the entry to La Florena de Manzanillo. 1 fatality.",1,MX06002,Colima,2024-12-16,2025-12-16
MEX93707,2024-09-29,2024,Political violence,Violence against civilians,Attack,484,North America,Mexico,Colima,Colima,Colima,19.2429,-103.7281,Colima Noticias,"On 29 September 2024, in Colima, Colima, armed individuals shot at three people inside a restaurant in Jardines de San Jose, killing a man and injuring a man and a woman. The perpetrators fled in a vehicle. 1 fatality.",1,MX06002,Colima,2024-12-16,2025-12-16
MEX93726,2024-10-01,2024,Political violence,Violence against civilians,Attack,484,North America,Mexico,Colima,Villa de Alvarez,Ciudad de Villa de Alvarez,19.2648,-103.7368,Colima Noticias,"On 1 October 2024, in Ciudad de Villa de Alvarez, Colima, unidentified armed individuals shot and killed a state police officer inside his house in Colonia Lomas Altas. 1 fatality.",1,MX06010,Villa de Álvarez,2024-12-16,2025-12-16
MEX93757,2024-10-04,2024,Political violence,Violence against civilians,Attack,484,North America,Mexico,Colima,Villa de Alvarez,Ciudad de Villa de Alvarez,19.2648,-103.7368,Colima Noticias,"Around 4 October 2024 (as reported), in Ciudad de Villa de Alvarez, Colima, a man was killed and his body was found covered in a plastic bag. 1 fatality.",1,MX06010,Villa de Álvarez,2024-12-16,2025-12-16
MEX93909,2024-10-11,2024,Political violence,Violence against civilians,Attack,484,North America,Mexico,Colima,Villa de Alvarez,Ciudad de Villa de Alvarez,19.2648,-103.7368,Colima Noticias,"On 11 October 2024, in Ciudad de Villa de Alvarez, Colima, armed men on a motorcycle shot and killed a man in a drive-by in Colonia Villa Izcalli. 1 fatality.",1,MX06010,Villa de Álvarez,2024-12-16,2025-12-16
MEX94165,2024-10-15,2024,Political violence,Battles,Armed clash,484,North America,Mexico,Veracruz de Ignacio de la Llave,Coscomatepec,Coscomatepec de Bravo,19.0728,-97.0469,La Jornada,"On 15 October 2024, in Coscomatepec de Bravo, Veracruz de Ignacio de la Llave, at least five armed individuals attempted to enter a home and were encountered with gunshots in Colonia Centro. The armed individuals fled the scene as a result. There were no injuries.",0,MX30047,Coscomatepec,2024-12-16,2025-12-16
MEX94180,2024-10-17,2024,Political violence,Battles,Armed clash,484,North America,Mexico,Sinaloa,Culiacan,Quila,24.4246,-107.2196,El Sol de Sinaloa,"On 17 October 2024, in Quila, Sinaloa, armed groups clashed on Maxipista Culiacan-Mazatlan road. Authorities found four vehicles with bullet impacts around km. 135 of the road. This event is likely part of the war between 'Los Chapitos' and 'Los Mayitos' factions of the Sinaloa Cartel. Casualties unknown.",0,MX25006,Culiacán,2024-12-16,2025-12-16
MEX94241,2024-10-18,2024,Political violence,Violence against civilians,Attack,484,North America,Mexico,Colima,Colima,Colima,19.2429,-103.7281,Colima Noticias,"On 18 October 2024, Colima, Colima, armed individuals shot and killed a man in Colonia Moctezuma. 1 fatality.",1,MX06002,Colima,2024-12-16,2025-12-16
MEX94296,2024-10-17,2024,Political violence,Violence against civilians,Attack,484,North America,Mexico,Colima,Colima,Colima,19.2429,-103.7281,Colima Noticias,"On 17 October 2024, in Colima, Colima, armed individuals on a vehicle shot and killed a man on Liceo de Varones street, in Colonia Torres Quintero (drive-by). 1 fatality.",1,MX06002,Colima,2024-12-16,2025-12-16
MEX94299,2024-10-18,2024,Political violence,Violence against civilians,Attack,484,North America,Mexico,Veracruz de Ignacio de la Llave,Coscomatepec,Coscomatepec de Bravo,19.0728,-97.0469,Imagen del Golfo,"On 18 October 2024, in Coscomatepec de Bravo, Veracruz de Ignacio de la Llave, armed individuals on a vehicle shot at another vehicle on Miguel Lerdo de Tejada avenue, in Colonia Centro, killing a man and injuring two underage boys (drive-by). The perpetrators fled on 143 Huatusco-Fortin federal road. 1 fatality",1,MX30047,Coscomatepec,2024-12-16,2025-12-16
MEX94300,2024-10-18,2024,Political violence,Violence against civilians,Attack,484,North America,Mexico,Colima,Colima,Colima,19.2429,-103.7281,Colima Noticias,"On 18 October 2024, Colima, Colima, armed individuals on a motorbike shot and killed a man on Isidro Sanchez street, in Colonia Torres Quintero (drive-by). 1 fatality.",1,MX06002,Colima,2024-12-16,2025-12-16
MEX94668,2024-10-21,2024,Political violence,Violence against civilians,Attack,484,North America,Mexico,Colima,Villa de Alvarez,Ciudad de Villa de Alvarez,19.2648,-103.7368,Colima Noticias,"On 21 October 2024, in Ciudad de Villa de Alvarez, Colima, armed individuals who arrived in a vehicle shot and killed three men in Colonia Real de Minas. 3 fatalities.",3,MX06010,Villa de Álvarez,2024-12-16,2025-12-16
MEX94705,2024-10-25,2024,Political violence,Violence against civilians,Attack,484,North America,Mexico,Colima,Colima,Colima,19.2429,-103.7281,Colima Noticias,"On 25 October 2024, in Colima, Colima, one armed individual shot a man several times and then fled the scene with an accomplice on a motorcycle. The man died as a result. 1 fatality.",1,MX06002,Colima,2024-12-16,2025-12-16
MEX94742,2024-10-20,2024,Political violence,Violence against civilians,Attack,484,North America,Mexico,Colima,Villa de Alvarez,Ciudad de Villa de Alvarez,19.2648,-103.7368,Colima Noticias,"On 20 October 2024, in Ciudad de Villa de Alvarez, Colima, armed individuals on a motorbike shot at two men who were digging a well on Orbita street, in Colonia Manuel M. Dieguez (drive-by). A man died and the other was injured. 1 fatality.",1,MX06010,Villa de Álvarez,2024-12-16,2025-12-16
MEX94754,2024-10-21,2024,Political violence,Violence against civilians,Attack,484,North America,Mexico,Colima,Colima,Colima,19.2429,-103.7281,Colima Noticias; Milenio,"On 21 October 2024, in Colima, Colima, a man and a woman were shot and injured by armed men in a vehicle in a drive-by shooting in Colonia El Moralete. One version is that both were workers of the penitentiary system (likely off-duty). Another version, is that the man was a state police and the woman was a penitentiary officer (likely off-duty).",0,MX06002,Colima,2024-12-16,2025-12-16
MEX94985,2024-10-30,2024,Political violence,Violence against civilians,Attack,484,North America,Mexico,Colima,Colima,Colima,19.2429,-103.7281,24 Horas (Mexico); Colima Noticias; El Proceso; La Jornada; La Prensa de Monclova; La Silla Rota; La Voz de Michoacan; Milenio; MiMorelia; Riodoce; Tabasco Hoy; Vanguardia MX; Zeta Tijuana,"On 30 October 2024, in Colima, Colima, according to witnesses, an armed individual entered a food store on Gabino Barreda street, in Colonia La Atrevida, and shot and killed the woman owner. The victim was also a journalist. According to the Colima Attorney General's Office, the attack is related to the drug trafficking of people in the victim's personal environment and not to her journalistic activity. 1 fatality.",1,MX06002,Colima,2024-12-16,2025-12-16
MEX95020,2024-10-31,2024,Political violence,Violence against civilians,Attack,484,North America,Mexico,Colima,Villa de Alvarez,Ciudad de Villa de Alvarez,19.2648,-103.7368,Colima Noticias,"On 31 October 2024, in Ciudad de Villa de Alvarez, Colima, armed individuals on a motorcycle shot and killed in a drive-by a man in colonia Villas Coliman. 1 fatality.",1,MX06010,Villa de Álvarez,2024-12-16,2025-12-16
MEX95049,2024-11-01,2024,Political violence,Violence against civilians,Attack,484,North America,Mexico,Colima,Colima,Colima,19.2429,-103.7281,Colima Noticias,"On 1 November 2024, in Colima, Colima, unidentified armed individuals shot and killed a lawyer in Colonia Placetas Estadio. 1 fatality.",1,MX06002,Colima,2024-12-16,2025-12-16
MEX95050,2024-11-01,2024,Political violence,Violence against civilians,Attack,484,North America,Mexico,Colima,Colima,Colima,19.2429,-103.7281,Colima Noticias,"On 1 November 2024, in Colima, Colima, armed individuals in a vehicle shot and killed a transgender person in a drive-by on avenida Rodolfo Chavez Carrillo. 1 fatality.",1,MX06002,Colima,2024-12-16,2025-12-16
MEX95052,2024-11-01,2024,Political violence,Violence against civilians,Attack,484,North America,Mexico,Colima,Villa de Alvarez,Ciudad de Villa de Alvarez,19.2648,-103.7368,Colima Noticias,"On 1 November 2024, in Ciudad de Villa de Alvarez, Colima, armed individuals on a motorcycle shot and killed (drive-by) a man in colonia San Isidro. 1 fatality.",1,MX06010,Villa de Álvarez,2024-12-16,2025-12-16
MEX95074,2024-11-01,2024,Political violence,Violence against civilians,Attack,484,North America,Mexico,Oaxaca,Santiago Pinotepa Nacional,Pinotepa Nacional,16.339,-98.0503,La Jornada,"Around 1 November 2024 (as reported), in Pinotepa Nacional, Oaxaca, a person was killed and the body was found with signs of torture and a message from a criminal group. 1 fatality.",1,MX20482,Santiago Pinotepa Nacional,2024-12-16,2025-12-16
MEX95113,2024-11-03,2024,Political violence,Violence against civilians,Attack,484,North America,Mexico,Colima,Colima,Colima,19.2429,-103.7281,Colima Noticias,"On 3 November 2024, in Colima, Colima, armed men on a motorcycle shot and killed a man in a drive-by around habitacional Reforma or El Mezcalito. 1 fatality.",1,MX06002,Colima,2024-12-16,2025-12-16
MEX95182,2024-11-05,2024,Political violence,Violence against civilians,Attack,484,North America,Mexico,Colima,Colima,Colima,19.2429,-103.7281,Colima Noticias,"On 5 November 2024, in Colima, Colima, armed individuals in a vehicle intercepted two men driving in Colonia Prados del Sur, opened fire (drive-by) and then fled the scene. One was killed and the other injured. 1 fatality, 1 injury.",1,MX06002,Colima,2024-12-16,2025-12-16
MEX95184,2024-11-05,2024,Political violence,Violence against civilians,Attack,484,North America,Mexico,Colima,Cuauhtemoc,El Trapiche,19.2778,-103.6608,Colima Noticias,"Around 5 November 2024 (as reported), close to El Trapiche, Colima, a woman was killed and her body was found with signs of torture. 1 fatality.",1,MX06005,Cuauhtémoc,2024-12-16,2025-12-16
MEX95185,2024-11-05,2024,Political violence,Violence against civilians,Attack,484,North America,Mexico,Colima,Villa de Alvarez,Ciudad de Villa de Alvarez,19.2648,-103.7368,Colima Noticias,"Around 5 November 2024 (as reported), in Ciudad de Villa de Alvarez, Colima, a man was killed and his body was found dismembered in Colonia San Isidro. 1 fatality,",1,MX06010,Villa de Álvarez,2024-12-16,2025-12-16
MEX95274,2024-11-07,2024,Political violence,Violence against civilians,Attack,484,North America,Mexico,Colima,Colima,Colima,19.2429,-103.7281,Colima Noticias,"On 7 November 2024, in Colima, Colima, armed individuals on a motorbike shot and killed a woman on Republica de Colombia street, in Colonia Las Americas (drive-by). 1 fatality.",1,MX06002,Colima,2024-12-16,2025-12-16
MEX95336,2024-11-08,2024,Political violence,Violence against civilians,Attack,484,North America,Mexico,Colima,Villa de Alvarez,Ciudad de Villa de Alvarez,19.2648,-103.7368,Colima Noticias,"On 8 November 2024, in Ciudad de Villa de Alvarez, Colima, armed individuals on a vehicle shot and killed a 17-years old boy that was driving a motorbike in the intersection of Ninos Heroes avenue and Palomito, in Colonia Higueras del Espinas (drive-by). 1 fatality.",1,MX06010,Villa de Álvarez,2024-12-16,2025-12-16
MEX95427,2024-11-10,2024,Political violence,Violence against civilians,Attack,484,North America,Mexico,Colima,Colima,Colima,19.2429,-103.7281,Colima Noticias,"Around 10 November 2024 (as reported), in Colima, Colima, a man was killed and his body was found with signs of torture on Felipe Sevilla del Rio avenue. 1 fatality.",1,MX06002,Colima,2024-12-16,2025-12-16
MEX95430,2024-11-12,2024,Political violence,Violence against civilians,Attack,484,North America,Mexico,Colima,Colima,Colima,19.2429,-103.7281,Colima Noticias,"On 12 November 2024, in Colima, Colima, according to witnesses, armed men shot and killed a vendor in Colonia La Virgencita. 1 fatality.",1,MX06002,Colima,2024-12-16,2025-12-16
MEX95431,2024-11-12,2024,Political violence,Violence against civilians,Attack,484,North America,Mexico,Colima,Villa de Alvarez,Ciudad de Villa de Alvarez,19.2648,-103.7368,Colima Noticias,"On 12 November 2024, in Ciudad de Villa de Alvarez, Colima, armed individuals on a motorcycle shot and killed a man in a drive-by shooting in colonia Villas Bugambilias. 1 fatality.",1,MX06010,Villa de Álvarez,2024-12-16,2025-12-16
MEX95627,2024-11-07,2024,Political violence,Battles,Armed clash,484,North America,Mexico,Sinaloa,Culiacan,Las Milpas,24.5426,-107.1993,24 Horas (Mexico); El Sol de Sinaloa; Noroeste,"On 7 November 2024, in Las Milpas, Sinaloa, military officers and armed individuals clashed. The officers arrested ten people (eight men and two women), including a leader of Los Mayitos faction of the Sinaloa Cartel. The officers also seized nine fireweapons and three vehicles. Casualties unknown.",0,MX25006,Culiacán,2024-12-16,2025-12-16
MEX95750,2024-11-17,2024,Political violence,Violence against civilians,Attack,484,North America,Mexico,Colima,Colima,Colima,19.2429,-103.7281,Colima Noticias,"On 17 November 2024, in Colima, Colima, armed men in a vehicle shot and injured a state police officer in a drive-by in Colonia Nuevo Milenio. The victim is a woman who was left injured as she was on her way to work (off-duty).",0,MX06002,Colima,2024-12-16,2025-12-16
MEX95752,2024-11-19,2024,Political violence,Violence against civilians,Attack,484,North America,Mexico,Colima,Villa de Alvarez,Ciudad de Villa de Alvarez,19.2648,-103.7368,La Prensa de Monclova,"On 19 November 2024, in Ciudad de Villa de Alvarez, Colima, unknown armed individuals shot and killed and off-duty municipal police officer in Colonia La Antorcha. 1 fatality.",1,MX06010,Villa de Álvarez,2024-12-16,2025-12-16
MEX96288,2024-11-29,2024,Political violence,Violence against civilians,Attack,484,North America,Mexico,Colima,Colima,Colima,19.2429,-103.7281,Colima Noticias,"On 29 November 2024, in Colima, Colima, armed men in a car shot and killed a man (drive-by) in Colonia Prados del sur. 1 fatality.",1,MX06002,Colima,2024-12-16,2025-12-16
MEX96352,2024-11-30,2024,Political violence,Violence against civilians,Attack,484,North America,Mexico,Sinaloa,Culiacan,Quila,24.4246,-107.2196,Reforma,"Around 30 November 2024 (as reported), in Quila, Sinaloa, armed individuals abducted and hit and injured a man. The victim was released on 30 November 2024 in the municipality of Eldorado. 1 injured.",0,MX25006,Culiacán,2024-12-16,2025-12-16
MEX96613,2024-12-06,2024,Political violence,Violence against civilians,Attack,484,North America,Mexico,Colima,Colima,Colima,19.2429,-103.7281,Colima Noticias; Milenio,"On 6 December 2024, in Colima, Colima, unknown armed men approached an off-duty state policeman arriving at his home and shot him in Colonia Nuevo Milenio 3. 1 fatality.",1,MX06002,Colima,2024-12-16,2025-12-16
MEX96728,2024-12-12,2024,Political violence,Violence against civilians,Attack,484,North America,Mexico,Colima,Villa de Alvarez,Ciudad de Villa de Alvarez,19.2648,-103.7368,Colima Noticias,"On 12 December 2024, in Ciudad de Villa de Alvarez, Colima, armed men aboard a motorcycle shot and killed a man on Manuel Avila Camacho street, in Colonia Manuel Alvarez (drive-by). 1 fatality.",1,MX06010,Villa de Álvarez,2024-12-16,2025-12-16
MEX93413,2024-09-25,2024,Political violence,Violence against civilians,Attack,484,North America,Mexico,Morelos,Tepoztlan,Tepoztlan,18.9865,-99.1012,Diario de Morelos,"On 25 September 2024, in Tepoztlan, Morelos, two armed individuals shot and killed a man who was driving a motorbike in Colonia Angel Bocanegra. 1 fatality.",1,MX17020,Tepoztlán,2024-12-16,2025-12-16
MEX93743,2024-10-02,2024,Political violence,Violence against civilians,Attack,484,North America,Mexico,Morelos,Jiutepec,Tejalpa,18.9023,-99.1682,Diario de Morelos,"On 2 October 2024, in Tejalpa, Morelos, two men opened fire and shot the facade of a home and then escaped the scene. There were no injuries.",0,MX17011,Jiutepec,2024-12-16,2025-12-16
MEX94638,2024-10-21,2024,Political violence,Battles,Armed clash,484,North America,Mexico,Sinaloa,Cosala,Cosala,24.4127,-106.6913,Riodoce,"On 21 October 2024, in Cosala, Sinaloa, there was an armed clash between armed individuals (likely affiliated with the Sinaloa Cartel) and the military forces, the National Guard and the state police. This event is related to similar clashes involving factions of the Sinaloa Cartel recorded in other locations of this state (coded separately). There were no casualties.",0,MX25005,Cosalá,2024-12-16,2025-12-16
MEX94738,2024-10-19,2024,Political violence,Violence against civilians,Attack,484,North America,Mexico,Guerrero,Juchitan,Juchitan,16.6271,-98.6367,Quadratin Oaxaca,"Around 19 October 2024 (as reported), in Juchitan, Guerrero, a person was killed and the body was found with a gunshot wound in the head (likely tiro de gracia) and the hands tied. 1 fatality.",1,MX12080,Juchitán,2024-12-16,2025-12-16
MEX95096,2024-11-02,2024,Political violence,Violence against civilians,Attack,484,North America,Mexico,Morelos,Jiutepec,Tejalpa,18.9023,-99.1682,Diario de Morelos,"On 2 November 2024, in Tejalpa, Morelos, according to witnesses, armed men shot and killed a man in a gaming shop. According to local sources, the victim was the owner of the shop. 1 fatality.",1,MX17011,Jiutepec,2024-12-16,2025-12-16
MEX95508,2024-11-14,2024,Political violence,Violence against civilians,Attack,484,North America,Mexico,México,Mexicaltzingo,Mexicaltzingo,19.2124,-99.594,El Norte,"Around 14 November 2024 (as reported), in Mexicaltzingo, Mexico, a man was killed and his body was found dismembered inside five plastic bags in Colonia San Jose. 1 fatality.",1,MX15055,Mexicaltzingo,2024-12-16,2025-12-16
MEX95591,2024-11-13,2024,Political violence,Violence against civilians,Abduction/forced disappearance,484,North America,Mexico,Sinaloa,Ahome,Los Mochis,25.7834,-108.9943,Milenio,"On 13 November 2024, in Los Mochis, Sinaloa, three armed individuals kidnapped a 14-year-old teenager when he left his home in fraccionamiento Los Laureles. The minor was released on 15 November.",0,MX25001,Ahome,2024-12-16,2025-12-16
MEX95986,2024-11-22,2024,Political violence,Violence against civilians,Attack,484,North America,Mexico,Morelos,Tepoztlan,Tepoztlan,18.9865,-99.1012,La Jornada,"Around 22 November 2024 (as reported), in Tepoztlan, Morelos, a man was killed and his body was dismembered and found inside a plastic bag with the hands placed on top of the bag. 1 fatality.",1,MX17020,Tepoztlán,2024-12-16,2025-12-16
MEX96165,2024-11-26,2024,Political violence,Violence against civilians,Attack,484,North America,Mexico,Michoacán,Tarimbaro,Tarimbaro,19.7957,-101.1764,La Voz de Michoacan; MiMorelia,"Around 26 November 2024 (month of), in the municipality of Tarimbaro, Michoacan de Ocampo, a man was killed and his body was found in an advanced state of decomposition, with the hands tied, and signs of having been stoned, in a house on Santa Claudia street, in Fraccionamiento Santa Fe. 1 fatality.",1,MX16088,Tarímbaro,2024-12-16,2025-12-16
MEX96419,2024-12-02,2024,Political violence,Battles,Armed clash,484,North America,Mexico,México,Metepec,Metepec,19.2522,-99.6054,Milenio,"On 2 December 2024, in Metepec, Mexico, unidentified armed individuals shot and killed a food street vendor. The victim was a woman. A man was also injured. According to the authorities, it is suspected that the killed victim was dedicated to drug dealing. 1 fatality.",1,MX15054,Metepec,2024-12-16,2025-12-16
MEX96542,2024-12-04,2024,Political violence,Violence against civilians,Attack,484,North America,Mexico,Michoacán,Tarimbaro,Tarimbaro,19.7957,-101.1764,La Voz de Michoacan; MiMorelia,"Around 4 December 2024 (as reported), in Tarimbaro, Michoacan de Ocampo, two men were killed and their bodies were found tied and with gunshot wounds inside a trunk. 2 fatalities.",2,MX16088,Tarímbaro,2024-12-16,2025-12-16
MEX96550,2024-12-04,2024,Political violence,Battles,Armed clash,484,North America,Mexico,Sinaloa,Ahome,Los Mochis,25.7834,-108.9943,Entorno Informativo; Riodoce,"On 4 December 2024, in Los Mochis, Sinaloa, two armed individuals entered a barbershop and shot a client who died as a result in the sector Santa Teresa. The victim was identified as the leader of Los Zetas. Another man was injured. 1 fatality, 1 injury.",1,MX25001,Ahome,2024-12-16,2025-12-16
MEX96652,2024-12-09,2024,Political violence,Battles,Armed clash,484,North America,Mexico,Zacatecas,Ojocaliente,Ojocaliente,22.5706,-102.2541,La Jornada,"On 9 December 2024, in Ojocaliente, Zacatecas, an armed clash was reported between the Sinaloa Cartel and CJNG along the highway 45. Another armed clash was reported in Luis Moya on the same day (coded separately). There were no fatalities.",0,MX32036,Ojocaliente,2024-12-16,2025-12-16
MEX96661,2024-12-11,2024,Political violence,Battles,Armed clash,484,North America,Mexico,Michoacán,Tarimbaro,Tarimbaro,19.7957,-101.1764,La Voz de Michoacan; MiMorelia,"On 11 December 2024, in Tarimbaro, Michoacan de Ocampo, several armed individuals opened fire at municipal police officers in fraccionamiento Hacienda El Encanto. The officers answered the aggression. There were no casualties.",0,MX16088,Tarímbaro,2024-12-16,2025-12-16
MEX96754,2024-10-27,2024,Political violence,Violence against civilians,Attack,484,North America,Mexico,Michoacán,Tarimbaro,Tarimbaro,19.7957,-101.1764,La Voz de Michoacan,"On 27 October 2024, in Tarimbaro, Michoacan de Ocampo, a man on a motorcycle shot at a man who was driving on La Palma avenue, in Fraccionamiento San Jose de la Palma (drive-by). The man was with his two underage daughters, one of whom was killed. The man and the other girl remained uninjured. A suspect was arrested on 16 November 2024, and another one is wanted. 1 fatality.",1,MX16088,Tarímbaro,2024-12-16,2025-12-16
MEX96981,2024-12-16,2024,Political violence,Violence against civilians,Attack,484,North America,Mexico,Michoacán,Tarimbaro,Tarimbaro,19.7957,-101.1764,La Voz de Michoacan,"Around 16 December 2024 (as reported), in Tarimbaro, Michoacan de Ocampo, two men were killed and their bodies were found with gunshot wounds in the head (likely 'tiro de gracia') inside their house in Colonia Teresa Murillo. 2 fatalities.",2,MX16088,Tarímbaro,2024-12-16,2025-12-16
MEX103670,2024-10-25,2024,Political violence,Violence against civilians,Abduction/forced disappearance,484,North America,Mexico,Guanajuato,Silao de la Victoria,Silao de la Victoria,20.9445,-101.4262,Zona Franca,"On 25 October 2024, in Silao de la Victoria, Guanajuato, a woman and two men abducted a person in the intersection of 16 de Septiembre and Vicente Guerrero streets. The woman was arrested. The victim's whereabouts are unknown.",0,MX11037,Silao de la Victoria,2024-12-16,2025-12-16
MEX103859,2024-11-23,2024,Political violence,Violence against civilians,Attack,484,North America,Mexico,Sonora,Hermosillo,Hermosillo,29.0749,-110.959,Entorno Informativo,"On 23 November 2024, in Sonora state (coded to Hermosillo), a group of individuals killed two United States citizens who were mistaken for members of a rival criminal group. One of the perpetrators was arrested around 9 May 2025. 2 fatalities.",1,MX26030,Hermosillo,2024-12-16,2025-12-16
MEX93175,2024-09-20,2024,Political violence,Violence against civilians,Attack,484,North America,Mexico,Veracruz de Ignacio de la Llave,Atoyac,General Miguel Aleman,18.8905,-96.8,Imagen del Golfo,"Around 20 September 2024 (as reported), in General Miguel Aleman, Veracruz de Ignacio de la Llave, a man was killed and his body was found with signs of torture, with his hands and feet tied and several gunshot wounds in a sugarcane field. 1 fatality.",1,MX30021,Atoyac,2024-12-16,2025-12-16
MEX93242,2024-09-22,2024,Political violence,Violence against civilians,Attack,484,North America,Mexico,Guanajuato,Penjamo,Penjamo,20.4318,-101.725,La Jornada; Milenio,"On 22 September 2024, in Penjamo, Guanajuato, the former councilman of Penjamo was shot and killed by unidentified armed individuals in a vehicle in a drive-by while traveling in Colonia Torres Cuatas. The politician was also a cattle rancher and owner of butcher shops. 1 fatality.",1,MX11023,Pénjamo,2024-12-16,2025-12-16
MEX95094,2024-11-02,2024,Political violence,Violence against civilians,Attack,484,North America,Mexico,Michoacán,Morelia,Jesus del Monte,19.6514,-101.1517,Riodoce,"On 2 November 2024, in Jesus del Monte, Michoacan, according to witnesses, three armed men shot and killed a woman and injured other three women in a pantheon. 1 fatality, 3 injured.",1,MX16053,Morelia,2024-12-16,2025-12-16
MEX96272,2024-11-28,2024,Political violence,Violence against civilians,Attack,484,North America,Mexico,Sinaloa,Badiraguato,Badiraguato,25.3627,-107.551,El Sol de Sinaloa; Noroeste; Riodoce,"Around 28 November 2024 (as reported), in Badiraguato, Sinaloa, a person was killed and his body was wrapped in blankets. The body was given to personnel of the Red Cross by several armed group who indicated them to take it to a funeral home. 1 fatality.",1,MX25003,Badiraguato,2024-12-16,2025-12-16
MEX94266,2024-10-17,2024,Political violence,Violence against civilians,Attack,484,North America,Mexico,Ciudad de Mexico,Cuauhtemoc,Ciudad de Mexico - Cuauhtemoc,19.4313,-99.1531,24 Horas (Mexico); AFN - Tijuana; Diario de Morelos; El Blog del Narco; El Norte; El Proceso; El Universal (Mexico); La Jornada; La Silla Rota; La Verdad; La Voz de Michoacan; Milenio; Tabasco Hoy,"On 17 October 2024, in Ciudad de Mexico - Cuauhtemoc, two armed individuals on a motorbike shot and killed a woman lawyer who was driving a van on Viaducto Miguel Aleman, near Parque Delta shopping mall and the intersection with Cuauhtemoc avenue, in Colonia Roma (drive-by). A version indicates that the perpetrators were following the victim since she left a bank. Police officers later found the motorbike used by the perpetrators in Colonia Obrera. The victim had previously been threatened by an officer of the Mexico City Attorney General's Office due to personal disputes. The suspected accomplices of the perpetrators, a man and two women, were arrested in Colonia Doctores, Cuauhtemoc, on 25 October 2024. One of the perpetrators was arrested in Colonia Obrera, Cuauhtemoc, on 13 December 2024. Another perpetrator (a man) and a woman who suspectedly planned the attack were arrested on 13 May 2025. 1 fatality.",1,MX09015,Cuauhtémoc,2024-12-16,2025-12-16
MEX104066,2024-12-09,2024,Political violence,Violence against civilians,Attack,484,North America,Mexico,Sonora,Cajeme,Ciudad Obregon,27.4965,-109.9327,Entorno Informativo,"On 9 December 2024, in Ciudad Obregon, Sonora, two men shot and injured a man who refused to participate in drug trafficking activities in colonia Beltrones. One of the perpetrators was arrested. 1 injured.",0,MX26018,Cajeme,2024-12-16,2025-12-16
MEX93024,2024-09-20,2024,Political violence,Battles,Armed clash,484,North America,Mexico,Michoacán,Apatzingan,Las Bateas,18.9906,-102.4858,La Voz de Michoacan; MiMorelia,"On 20 September 2024, in Las Bateas, Michoacan de Ocampo, Los Caballeros Templarios gang and the CJNG from Jalisco and Michoacan de Ocampo engaged in armed clashes in several municipalities of Apatzingan. No casualties.",0,MX16006,Apatzingán,2024-12-16,2025-12-16
MEX93183,2024-09-18,2024,Political violence,Violence against civilians,Attack,484,North America,Mexico,Veracruz de Ignacio de la Llave,Martinez de la Torre,Martinez de la Torre,20.0734,-97.0538,La Jornada,"On 18 September 2024, in Martinez de la Torre, Veracruz de Ignacio de la Llave, several armed individuals arrived at a property in Colonia Alfredo Vladimir Bonfily and shot three people, including one 15 year old minor. All three died as a result. Two people were linked to the attack and arrested. 3 fatalities.",3,MX30102,Martínez de la Torre,2024-12-16,2025-12-16
MEX93731,2024-10-01,2024,Political violence,Violence against civilians,Attack,484,North America,Mexico,Veracruz de Ignacio de la Llave,Martinez de la Torre,Martinez de la Torre,20.0734,-97.0538,El Siglo de Durango; Imagen del Golfo; Milenio,"On 1 October 2024, in Martinez de la Torre, Veracruz, according to witnesses, armed men entered a house in and killed three men and a woman in Colonia Ejidal. 4 fatalities.",4,MX30102,Martínez de la Torre,2024-12-16,2025-12-16
MEX94170,2024-10-15,2024,Political violence,Battles,Armed clash,484,North America,Mexico,Sinaloa,Elota,El Chirimole,24.2066,-106.645,El Sol de Sinaloa,"On 15 October 2024, in El Chirimole, Sinaloa, armed confrontations took place resulting in an unknown number of fatalities. Unspecified fatalities coded to 3.",3,MX25008,Elota,2024-12-16,2025-12-16
MEX94251,2024-10-18,2024,Political violence,Violence against civilians,Attack,484,North America,Mexico,Sinaloa,Navolato,San Pedro,24.7734,-107.5504,Riodoce,"Around 18 October 2024 (as reported), in San Pedro, Sinaloa, two people were killed and their bodies were found with signs of torture and wrapped in plastic on the path that connects Las Cribas and the landfill, 300 meters north of the Obelisk to the Battle of San Pedro. 2 fatalities.",2,MX25018,Navolato,2024-12-16,2025-12-16
MEX94311,2024-10-18,2024,Political violence,Violence against civilians,Attack,484,North America,Mexico,Sonora,Altar,Altar,30.717,-111.838,AP; El Norte; Infobae; La Verdad; Tabasco Hoy; Univision,"On 18 October 2024, in Altar, Sonora, according to witnesses, armed individuals on a vehicle shot at a vehicle on Caborca-Altar road, killing an American man (drive-by). The victim was an off-duty American Marine. Two other women who were in the vehicle were not injured. One of the perpetrators, a suspected member of Los Deltas armed cell of Los Mayitos Gang, was arrested in Altar on 30 October 2024. Another perpetrator was killed during an armed clash with security forces in Altar around 30 October 2024 (coded separately). A third perpetrator was arrested in Altar on 13 February 2025. 1 fatality.",1,MX26004,Altar,2024-12-16,2025-12-16
MEX94717,2024-10-25,2024,Political violence,Battles,Armed clash,484,North America,Mexico,Sinaloa,Navolato,San Pedro,24.7734,-107.5504,El Sol de Sinaloa; Riodoce,"On 25 October 2024, in San Pedro, Sinaloa, armed men opened fire at municipal security and traffic police officers on patrol, leading to the death of two officers while two other officers were injured. 2 fatalities, 2 injuries.",2,MX25018,Navolato,2024-12-16,2025-12-16
MEX94748,2024-10-20,2024,Political violence,Violence against civilians,Attack,484,North America,Mexico,Chiapas,San Cristobal de las Casas,San Cristobal de las Casas,16.737,-92.6376,AFP; AP; Borderland Beat; Diario de Morelos; El Siglo de Durango; Imagen del Golfo; La Jornada; La Verdad; MiMorelia; Quadratin Oaxaca; SDP Noticias; Tabasco Hoy; Zeta Tijuana; Zona Franca,"On 20 October 2024, in San Cristobal de las Casas, Chiapas, according to witnesses, between two and four masked armed individuals on motorbikes shot and killed a man inside a van in the intersection of Las Peras and Franz Bloom streets, in the neighborhood of Cuxtitali (drive-by). The victim was a Tzotzil Indigenous (Mayan Indigenous group) catholic priest and human rights activist who had just officiated a mass at the church of Cuxtitali and was heading to the church of Guadalupe. The victim was known for denouncing the presence of criminal groups in Chiapas and participating in negotiations to solve conflicts between Indigenous communities and criminal groups. In 2021, the victim supported and mediated with the government for the formation of El Machete Policia Comunitaria in Pantelho. The same year, he was accused of being linked to the abduction of 21 men in Pantelho. According to some versions, the victim had been previously threatened by politicians connected to organized crime in the municipality of Simojovel, where the victim practiced as a priest. Additional versions indicate that the perpetrators of this attack could be members of Los Motonetos Gang or Los Herreras Gang. 1 fatality.",1,MX07078,San Cristóbal de las Casas,2024-12-16,2025-12-16
MEX94852,2024-10-26,2024,Political violence,Battles,Armed clash,484,North America,Mexico,Sinaloa,Navolato,San Pedro,24.7734,-107.5504,Milenio,"On 26 October 2024, in San Pedro, Sinaloa, unknown armed individuals attacked municipal police officers killing two police officers and injuring two while they were on surveillance. 2 fatalities, 2 injuries.",2,MX25018,Navolato,2024-12-16,2025-12-16
MEX94967,2024-10-29,2024,Political violence,Violence against civilians,Attack,484,North America,Mexico,Sinaloa,Culiacan,Carrizalejo,24.8104,-107.2887,El Sol de Sinaloa; Mural,"Around 29 October 2024 (as reported), near Carrizalejo, Sinaloa, two men were killed and their bodies were found with gunshot wounds, signs of torture, and covered by a canvas on a path that connects the road to Sanalona and La Grunidora village, a few meters from the bridge on Del Toro river. 2 fatalities.",2,MX25006,Culiacán,2024-12-16,2025-12-16
MEX95004,2024-10-30,2024,Political violence,Battles,Armed clash,484,North America,Mexico,Sonora,Altar,Altar,30.717,-111.838,AP; Infobae; Univision,"Around 30 October 2024 (as reported), in Altar, Sonora, two armed men on a vehicle shot at municipal police officers on Obregon street. The officers fired back and killed the two men. One of them, an Honduran citizen, was a deserter from the Presidential Honor Guard of Honduras who was also a member of Los Delta Gang (allied of Los Mayitos Gang) and was one of the perpetrators of the killing of an American citizen in Altar on 18 October 2024 (coded separately). 2 fatalities.",2,MX26004,Altar,2024-12-16,2025-12-16
MEX95009,2024-10-30,2024,Political violence,Battles,Armed clash,484,North America,Mexico,Veracruz de Ignacio de la Llave,Martinez de la Torre,Martinez de la Torre,20.0734,-97.0538,Imagen del Golfo; Milenio,"On 30 October 2024, in Martinez de la Torre, Veracruz, according to witnesses, armed individuals threw a Molotov bomb at a municipal police patrol in colonia Ejidal. There were no casualties.",0,MX30102,Martínez de la Torre,2024-12-16,2025-12-16
MEX95239,2024-11-06,2024,Political violence,Violence against civilians,Attack,484,North America,Mexico,Guerrero,Chilpancingo de los Bravo,Chilpancingo de los Bravo,17.5516,-99.5011,24 Horas (Mexico); 8 Columnas; AFN - Tijuana; AFP; AP; Diario de Morelos; E-Consulta; El Blog del Narco; El Proceso; El Siglo de Durango; El Sol de Acapulco; El Sol de Sinaloa; Entorno Informativo; La Jornada; La Prensa de Monclova; La Silla Rota; La Verdad; Milenio; Mural; Reforma; Riodoce; Sintesis; Tabasco Hoy; Xinhua; Zeta Tijuana; Zona Franca,"Around 6 November 2024 (as reported), in Chilpancingo de los Bravo, Guerrero, 11 people (two women and nine men, four of them minors) were killed and their dismembered bodies were found inside a van on Vicente Guerrero boulevard, on km. 272 of Del Sol highway, by Parador del Marques. The victims have been identified as part of the 17 vendors from Chautipan that disappeared in the villages of El Epazote (municipality of Chilapa de Alvarez) and Tlanicuilulco (municipality of Quechultenango) between 21-27 October 2024 (uncoded). On 4 November 2024, one of the minors appeared in a video on social media with the hands tied and saying that Los Jaleacos Gang had sent him to register the movements of Los Ardillos Gang. According to the military, members of Los Ardillos Gang abducted the victims and perpetrated this attack. 11 fatalities.",11,MX12029,Chilpancingo de los Bravo,2024-12-16,2025-12-16
MEX95308,2024-11-07,2024,Political violence,Violence against civilians,Attack,484,North America,Mexico,Sinaloa,Culiacan,Carrizalejo,24.8104,-107.2887,Borderland Beat; El Blog del Narco; El Proceso; El Sol de Sinaloa; La Prensa de Monclova; La Verdad; Milenio; Noroeste; Riodoce,"Around 7 November 2024 (as reported), in Carrizalejo, Sinaloa, a man was killed and his body was found with gunshot wounds, signs of torture, and wrapped in a canvas on the road to Sinaloa, in front of a pantheon. The victim was a former judicial police officer that had been in prison due to his participation in a plan to kill President Felipe Calderon, in response to security operations against the Sinaloa Cartel. 1 fatality.",1,MX25006,Culiacán,2024-12-16,2025-12-16
MEX95350,2024-11-08,2024,Political violence,Battles,Armed clash,484,North America,Mexico,Michoacán,Apatzingan,Las Bateas,18.9906,-102.4858,La Voz de Michoacan; Milenio; MiMorelia,"On 8 November 2024, in Las Bateas, Michoacan de Ocampo, members of Los Caballeros Templarios Gang and the Jalisco New Generation Cartel (CJNG) clashed. This event is related to other clashes that took place in El Alcalde, Los Tepetates, Los Charcos, and El Capire (coded separately). Casualties unknown.",0,MX16006,Apatzingán,2024-12-16,2025-12-16
MEX95351,2024-11-08,2024,Political violence,Battles,Armed clash,484,North America,Mexico,Michoacán,Apatzingan,Las Bateas,18.9906,-102.4858,La Voz de Michoacan; Milenio; MiMorelia,"On 8 November 2024, in Las Bateas, Michoacan de Ocampo, there was an armed clash between members of the CJNG and Military, National Guard, and state police officers. The police were patrolling the area following a confrontation between members of the CJNG and Los Caballeros Templarios gang (coded separately). Four members of the cartel were arrested. The officers also seized four fireweapons and tactical equipment with the letters 'F.E.M. CJNG' written on it. There were no fatalities.",0,MX16006,Apatzingán,2024-12-16,2025-12-16
MEX95585,2024-11-09,2024,Political violence,Battles,Armed clash,484,North America,Mexico,Querétaro,Queretaro,Santiago de Queretaro,20.5934,-100.39,24 Horas (Mexico); AFN - Tijuana; AFP; AP; Borderland Beat; Colima Noticias; Diario de Morelos; E-Consulta; El Norte; El Proceso; El Siglo de Durango; El Universal (Mexico); GardaWorld; La Jornada; La Silla Rota; La Verdad; La Voz de Michoacan; Milenio; Reforma; Sintesis; Tabasco Hoy; Xinhua; Zeta Tijuana,"On 9 November 2024, in Santiago de Queretaro, Queretaro, according to witnesses, four suspected members of the Santa Rosa de Lima Cartel entered Los Cantaritos bar on Circunvalacion avenue, in Colonia San Javier, and shot and killed 10 people (seven men and three women). 13 other people were injured. According to security authorities, the attack targeted one of the killed men, who was the leader of the Jalisco New Generation Cartel (CJNG) in Queretaro. He led a cell dedicated to the theft of fuel (huachicol) and was engaged in a territorial dispute with the Santa Rosa de Lima Cartel. A suspect was arrested the same day in the town of La Piedad, in the municipality of El Marques; three other suspects were arrested on 19 November 2024 in unspecified locations; two other were arrested on 21 November 2024 in the municipalities of Queretaro and Corregidora; and another was arrested in Queretaro around 22 August 2025. 10 fatalities, 13 injured.",10,MX22014,Querétaro,2024-12-16,2025-12-16
MEX95598,2024-11-11,2024,Political violence,Violence against civilians,Attack,484,North America,Mexico,Sinaloa,Culiacan,Carrizalejo,24.8104,-107.2887,El Sol de Sinaloa; Riodoce,"Around 11 November 2024 (as reported), in Carrizalejo, Sinaloa, two men were killed and their bodies were found with signs of torture and gunshot wounds near a pantheon on the road to Sanalona. 2 fatalities.",2,MX25006,Culiacán,2024-12-16,2025-12-16
MEX95599,2024-11-13,2024,Political violence,Violence against civilians,Attack,484,North America,Mexico,Sinaloa,Culiacan,Carrizalejo,24.8104,-107.2887,El Sol de Sinaloa; La Jornada; La Silla Rota,"Around 13 November 2024 (as reported), in Carrizalejo, Sinaloa, two men were killed and their bodies were found with signs of torture, their hands tied up, and wire around their neck. 2 fatalities.",2,MX25006,Culiacán,2024-12-16,2025-12-16
MEX95600,2024-11-14,2024,Political violence,Violence against civilians,Attack,484,North America,Mexico,Sinaloa,Culiacan,Carrizalejo,24.8104,-107.2887,Noroeste; Riodoce,"Around 14 November 2024 (as reported), in Carrizalejo, Sinaloa, three men were killed and their bodies were found with signs of torture and covered with a white tarp. 3 fatalities.",3,MX25006,Culiacán,2024-12-16,2025-12-16
MEX95933,2024-11-17,2024,Political violence,Violence against civilians,Attack,484,North America,Mexico,Sinaloa,Navolato,San Pedro,24.7734,-107.5504,Noroeste,"Around 17 November 2024 (as reported), in San Pedro, Sinaloa, a man was killed and the body was found wrapped in blankets on the Culiacan-Mazatlan highway. 1 fatality.",1,MX25018,Navolato,2024-12-16,2025-12-16
MEX96048,2024-11-24,2024,Political violence,Battles,Armed clash,484,North America,Mexico,Sinaloa,Navolato,La Bandera,24.7006,-107.8646,Riodoce,"On 24 November 2024, in La Bandera, Sinaloa, armed individuals engaged in an armed clash. There were no injuries.",0,MX25018,Navolato,2024-12-16,2025-12-16
MEX96228,2024-11-27,2024,Political violence,Violence against civilians,Attack,484,North America,Mexico,Sinaloa,Culiacan,Carrizalejo,24.8104,-107.2887,El Sol de Sinaloa; Riodoce,"Around 27 November 2024 (as reported), in Carrizalejo, Sinaloa, a person was killed and the body was found covered by a canvas in front of a pantheon. 1 fatality.",1,MX25006,Culiacán,2024-12-16,2025-12-16
MEX96316,2024-11-29,2024,Political violence,Violence against civilians,Attack,484,North America,Mexico,Guanajuato,Apaseo el Grande,Apaseo el Grande,20.5453,-100.6882,24 Horas (Mexico); AFN - Tijuana; AFP; AP; Colima Noticias; El Norte; El Proceso; El Universal (Mexico); La Jornada; La Prensa de Monclova; La Silla Rota; La Verdad; La Voz de Michoacan; Milenio; MiMorelia; Noroeste; Quadratin Oaxaca; Riodoce; Tabasco Hoy; Zeta Tijuana; Zona Franca,"On 29 November 2024, in Apaseo el Grande, Guanajauto, according to witnesses, several armed men got off a van and shot at vendors and clients at 'Trebol de los Apaseos' commercial area, killing eight men and injuring two people (a man and a woman). Among the victims, there were two rescuers belonging to the Fire Department and a worker of the Municipal Committee of Drinking Water and Sewerage (CMAPA). According to the authorities, the event is suspected to be related to drug dealing and the fight between the CJNG and the CSRL. 8 fatalities, 2 injured.",8,MX11005,Apaseo el Grande,2024-12-16,2025-12-16
MEX96359,2024-11-30,2024,Political violence,Violence against civilians,Attack,484,North America,Mexico,Sinaloa,Navolato,San Pedro,24.7734,-107.5504,El Norte; El Sol de Sinaloa; Noroeste; Reforma; Riodoce,"Around 30 November 2024 (as reported), near San Pedro, Sinaloa, three men were killed, and their bodies were found with gunshot wounds, mutilated, and with a threatening message stating 'Go on with your business' written on a cardboard stabbed in one of the victims' chest on km. 199+500 of the bypass that connects Benito Juarez highway and Costa Rica toll. 3 fatalities.",3,MX25018,Navolato,2024-12-16,2025-12-16
MEX96497,2024-12-03,2024,Political violence,Explosions/Remote violence,Air/drone strike,484,North America,Mexico,Sinaloa,Culiacan,La Limita de Itaje,24.8194,-107.3569,AFN - Tijuana; El Siglo de Durango,"On 3 December 2024, in La Limita de Itaje, Sinaloa, unidentified individuals sent a drone that contained an explosive device. After it hit a gas tank, it exploded. At the same time, gunshots were heard. Near the area where the explosion occurred, a truck with a Barrett-50 rifle and steel spikes to puncture tires was found. Casualties unknown.",0,MX25006,Culiacán,2024-12-16,2025-12-16
MEX96508,2024-12-03,2024,Political violence,Battles,Armed clash,484,North America,Mexico,Sinaloa,Navolato,La Curva de San Pedro,24.7261,-107.5962,El Sol de Sinaloa; Metro Monterrey; Riodoce,"Around 3 December 2024 (as reported), in La Curva de San Pedro, Sinaloa, a man was killed and his body was found with signs of violence. The victim was a municipal police officer who had been reported missing a day before. Another version, is that he was kidnapped a day before by armed men. 1 fatality.",1,MX25018,Navolato,2024-12-16,2025-12-16
MEX96554,2024-12-04,2024,Political violence,Violence against civilians,Attack,484,North America,Mexico,Sinaloa,Navolato,San Pedro,24.7734,-107.5504,El Sol de Sinaloa; Riodoce,"Around 4 December 2024 (as reported), close to San Pedro, Sinaloa, a man was killed and his body was found with signs of torture on the side of the Benito Juarez La Costera highway. 1 fatality.",1,MX25018,Navolato,2024-12-16,2025-12-16
MEX96708,2024-12-09,2024,Political violence,Violence against civilians,Attack,484,North America,Mexico,Veracruz de Ignacio de la Llave,Martinez de la Torre,Martinez de la Torre,20.0734,-97.0538,Imagen del Golfo,"Around 9 December 2024 (as reported), in Martinez de la Torre, Veracruz de Ignacio de la Llave, a person was killed and the body was found wrapped in a bag close to the Martinez II bridge. 1 fatality.",1,MX30102,Martínez de la Torre,2024-12-16,2025-12-16
MEX96716,2024-12-11,2024,Political violence,Violence against civilians,Attack,484,North America,Mexico,Guerrero,Acapulco de Juarez,Acapulco de Juarez,16.8619,-99.8866,AFN - Tijuana; AFP; AP; E-Consulta; El Proceso; El Sol de Acapulco; La Jornada; Mural; Reforma; Sintesis,"On 11 December 2024, in Acapulco de Juarez, Guerrero, according to witnesses, at least three armed individuals shot and killed a judge who was leaving the Palace of Justice on Gran Via Tropical street, in Fraccionamiento Las Playas. The victim was the former President of the State Superior Court of Justice and the step-brother of the former woman mayor of Acapulco de Juarez. He had previously received threats. Two other people were injured. 1 fatality, 2 injured.",1,MX12001,Acapulco de Juárez,2024-12-16,2025-12-16
MEX96943,2024-12-15,2024,Political violence,Violence against civilians,Attack,484,North America,Mexico,Michoacán,Apatzingan,Las Bateas,18.9906,-102.4858,La Voz de Michoacan,"Around 15 December 2024 (month of), in Las Bateas, Michoacan de Ocampo, a man was killed and his body was found with signs of violence, gunshot wounds, and partially covered by a blanket. The body was in a state of decomposition. 1 fatality.",1,MX16006,Apatzingán,2024-12-16,2025-12-16
MEX96975,2024-12-16,2024,Political violence,Violence against civilians,Attack,484,North America,Mexico,Michoacán,Apatzingan,Las Bateas,18.9906,-102.4858,La Voz de Michoacan,"Around 16 December 2024 (as reported), in Las Bateas, Michoacan de Ocampo, a man was killed and his body was found with signs of torture and wrapped in a blanket on the side of the road. 1 fatality.",1,MX16006,Apatzingán,2024-12-16,2025-12-16
MEX96978,2024-12-16,2024,Political violence,Explosions/Remote violence,Remote explosive/landmine/IED,484,North America,Mexico,Michoacán,Cotija,Los Gallineros,19.6794,-102.691,24 Horas (Mexico); AFP; AP; El Norte; El Proceso; Entorno Informativo; La Jornada; La Silla Rota; La Voz de Michoacan; Milenio; MiMorelia; Mural; Noroeste; Reforma; Yucatan a la Mano; Zeta Tijuana,"On 16 December 2024, in Los Gallineros, Michoacan de Ocampo, an improvised landmine suspectedly planted by United Cartels (UC) exploded in a camp that was being raided by military officers, killing two and injuring between five and thirteen officers. The officers had just found three dismembered bodies in the camp (coded separately). 2 fatalities, between 5 and 13 injured.",2,MX16019,Cotija,2024-12-16,2025-12-16
MEX96979,2024-12-16,2024,Political violence,Violence against civilians,Attack,484,North America,Mexico,Michoacán,Cotija,Los Gallineros,19.6794,-102.691,24 Horas (Mexico); AFP; AP; El Proceso; Entorno Informativo; La Voz de Michoacan; MiMorelia; Noroeste; Zeta Tijuana,"Around 16 December 2024 (as reported), in Los Gallineros, Michoacan de Ocampo, members of United Cartels (UC) killed and dismembered three people. Military officers found the bodies in a camp, where a landmine exploded during the raid (coded separately). 3 fatalities.",3,MX16019,Cotija,2024-12-16,2025-12-16
MEX100100,2024-10-16,2024,Political violence,Violence against civilians,Attack,484,North America,Mexico,México,Ocuilan,San Juan Atzingo,19.0107,-99.3851,Milenio,"On 16 October 2024, close to San Juan Atzingo, Mexico, armed men aboard a vehicle opened fire and shot at two men accused of illegal logging on the way to Lagunas de Zempuala (drive-by). 2 fatalities.",2,MX15063,Ocuilan,2024-12-16,2025-12-16
MEX93322,2024-09-23,2024,Political violence,Violence against civilians,Attack,484,North America,Mexico,Veracruz de Ignacio de la Llave,Cuitlahuac,Cuitlahuac,18.8145,-96.7223,Imagen del Golfo,"On 23 September 2024, in Cuitlahuac, Veracruz de Ignacio de la Llave, two armed men shot and killed a man as he arrived home in Colonia El Pedregal. 1 fatality.",1,MX30053,Cuitláhuac,2024-12-16,2025-12-16
MEX93481,2024-09-26,2024,Political violence,Battles,Armed clash,484,North America,Mexico,Sinaloa,Mazatlan,El Tecomate de Siqueros,23.3059,-106.2548,El Siglo de Durango; Noroeste,"On 26 September 2024, near El Tecomate de Siqueros, Sinaloa, National Guard officers and armed individuals in a SUV vehicle clashed on the path that connects the town and Miravalles. Two individuals died when their vehicle burned as a consequence of the shooting. Moments later, National Guard and army officers engaged in a new clash with another group of armed individuals in the same location. At least 2 fatalities.",2,MX25012,Mazatlán,2024-12-16,2025-12-16
MEX94117,2024-10-07,2024,Political violence,Violence against civilians,Attack,484,North America,Mexico,Veracruz de Ignacio de la Llave,Cordoba,Cordoba,18.8944,-96.9353,Imagen del Golfo,"On 7 October 2024, in Cordoba, Veracruz de Ignacio de la Llave, two armed individuals on a motorbike shot and injured a taxi driver on Los Cedros boulevard, in Fraccionamiento Villa Verde (drive-by). 1 injured.",0,MX30044,Córdoba,2024-12-16,2025-12-16
MEX94118,2024-10-09,2024,Political violence,Violence against civilians,Attack,484,North America,Mexico,Veracruz de Ignacio de la Llave,Cuitlahuac,Cuitlahuac,18.8145,-96.7223,Imagen del Golfo,"On 9 October 2024, in Cuitlahuac, Veracruz de Ignacio de la Llave, two armed individuals on a motorbike shot and killed a man on a path in the community of San Francisco, also known as Santa Marta (drive-by). 1 fatality.",1,MX30053,Cuitláhuac,2024-12-16,2025-12-16
MEX94265,2024-10-15,2024,Political violence,Violence against civilians,Attack,484,North America,Mexico,Veracruz de Ignacio de la Llave,Orizaba,Orizaba,18.851,-97.0989,La Silla Rota,"Around 15 October 2024 (as reported), in Orizaba, Veracruz de Ignacio de la Llave, a woman was killed and her body was found mutilated in Colonia El Espinal. 1 fatality.",1,MX30118,Orizaba,2024-12-16,2025-12-16
MEX94500,2024-10-24,2024,Political violence,Violence against civilians,Attack,484,North America,Mexico,México,Chalco,San Marcos Huixtoco,19.2951,-98.8641,El Norte; La Jornada; Milenio,"Around 24 October 2024 (as reported), in the outskirts of San Marcos Huixtoco, Mexico, two people were killed and their bodies with their hands tied and gunshot wounds were found on a road leading to the community. A message signed by the CJNG was found next to the bodies. On 30 October 2024, six state police officers were arrested in the municipality of Chalco due to their suspected participation in this attack. 2 fatalities.",2,MX15025,Chalco,2024-12-16,2025-12-16
MEX94501,2024-10-24,2024,Political violence,Violence against civilians,Attack,484,North America,Mexico,México,Chalco,San Martin Cuautlalpan,19.2762,-98.8317,El Norte; El Universal (Mexico),"Around 24 October 2024 (as reported), in San Martin Cuautlalpan, Mexico, two men were killed and their bodies were found on a dirt road with their hands tied and decapitated behind fraccionamiento Los Heroes Tercera Seccion. A message was found signed by the CJNG. 2 fatalities.",2,MX15025,Chalco,2024-12-16,2025-12-16
MEX94649,2024-10-19,2024,Political violence,Violence against civilians,Attack,484,North America,Mexico,Veracruz de Ignacio de la Llave,Amatlan de los Reyes,Amatlan de los Reyes,18.8476,-96.9155,Imagen del Golfo,"Around 19 October 2024 (as reported), in Amatlan de los Reyes, Veracruz de Ignacio de la Llave, a person was killed and the body was found wrapped in blankets on a path that connects Paraje and Rio Seco. 1 fatality.",1,MX30014,Amatlán de los Reyes,2024-12-16,2025-12-16
MEX95221,2024-11-05,2024,Political violence,Violence against civilians,Sexual violence,484,North America,Mexico,Veracruz de Ignacio de la Llave,Cordoba,Cordoba,18.8944,-96.9353,Imagen del Golfo,"Around 5 November 2024 (between 3 - 8 November), in Cordoba, Veracruz de Ignacio de la Llave, a man was killed and his naked body was found on 8 November in an advanced state of decomposition, with signs of violence and the neck tied with branches at the bottom of a cliff in the community of Francisco I. Madero. The victim had disappeared on 3 November 2024. 1 fatality.",1,MX30044,Córdoba,2024-12-16,2025-12-16
MEX95327,2024-11-07,2024,Political violence,Violence against civilians,Abduction/forced disappearance,484,North America,Mexico,Veracruz de Ignacio de la Llave,Cordoba,Cordoba,18.8944,-96.9353,Imagen del Golfo,"On 7 November 2024, in Cordoba, Veracruz de Ignacio de la Llave, at least four armed individuals abducted a woman in the intersection of Libertad street and Union avenue, in Colonia Antorchista de Cordoba. The victim's whereabouts are unknown.",0,MX30044,Córdoba,2024-12-16,2025-12-16
MEX95507,2024-11-12,2024,Political violence,Battles,Armed clash,484,North America,Mexico,México,Ixtapaluca,Ixtapaluca,19.3131,-98.8842,Milenio,"On 12 November 2024, in Ixtapaluca, Mexico, armed individuals opened fire at municipal police officers on patrol. Two officers were injured as a result. 2 injuries.",0,MX15039,Ixtapaluca,2024-12-16,2025-12-16
MEX95631,2024-11-12,2024,Political violence,Violence against civilians,Attack,484,North America,Mexico,Sinaloa,Elota,El Espinal,24.1228,-106.8922,24 Horas (Mexico); Borderland Beat; Colima Noticias; Riodoce,"On 12 November 2024, in El Espinal, Sinaloa, armed individuals in two vehicles intercepted and kidnapped at the president of the Livestock Association of Coyotitan in Higueras de Abuya. He was killed and later his body was found with his eyes removed, his tongue cut out, and a message signed by a local commander of Los Chapos in El Espinal, in Elota. 1 fatality.",1,MX25008,Elota,2024-12-16,2025-12-16
MEX96006,2024-11-23,2024,Political violence,Violence against civilians,Attack,484,North America,Mexico,Hidalgo,Atlapexco,Tecolotitla,21.007,-98.3632,Milenio,"On 23 November 2024, in Tecolotitla, Hidalgo, unknown armed individuals entered a restaurant and shot and killed a man. The victim was identified as the nephew of the mayor. 1 fatality.",1,MX13011,Atlapexco,2024-12-16,2025-12-16
MEX96513,2024-12-03,2024,Political violence,Violence against civilians,Abduction/forced disappearance,484,North America,Mexico,Veracruz de Ignacio de la Llave,Orizaba,Orizaba,18.851,-97.0989,Imagen del Golfo,"On 3 December 2024, in Orizaba, Veracruz, two armed men kidnapped three men on the Orizaba-Atzacan highway. Later, the police intercepted them and rescued the victims. The kidnappers were members of a Guerrero corporation and had license plates (likely State Police officers), as well as permits to carry weapons and drugs.",0,MX30118,Orizaba,2024-12-16,2025-12-16
MEX96685,2024-12-08,2024,Political violence,Violence against civilians,Attack,484,North America,Mexico,México,Ocuilan,Ocuilan de Arteaga,18.9778,-99.4198,24 Horas (Mexico); La Prensa de Monclova; La Verdad; Milenio,"On 8 December 2024, in Ocuilan de Arteaga, Mexico, unidentified armed individuals shot and killed at the regional coordinator of the Citizen Movement party. 1 fatality.",1,MX15063,Ocuilan,2024-12-16,2025-12-16
MEX96723,2024-12-10,2024,Political violence,Violence against civilians,Attack,484,North America,Mexico,Colima,Tecoman,Cerro de Ortega,18.752,-103.7209,Colima Noticias,"On 10 December 2024, close to Cerro de Ortega, Colima, armed men overtook a couple in their vehicle and shot them (drive-by) on the Tecoman-Cerro de Ortega highway. The couple was injured as a result. 2 injuries.",0,MX06009,Tecomán,2024-12-16,2025-12-16
MEX104667,2024-10-15,2024,Political violence,Violence against civilians,Abduction/forced disappearance,484,North America,Mexico,Sonora,Cajeme,Ciudad Obregon,27.4965,-109.9327,Entorno Informativo,"Around 15 October 2024 (month of), near Ciudad Obregon, Sonora, four individuals abducted a person who had just crossed into the country from the U.S. border and was driving to Ciudad Obregon. The perpetrators demanded a 10,000$ ramson to the victim's relatives, and released the victim near Cibuta when it was paid. A man linked to drug trafficking was arrested for participating in the abduction on 29 May 2025.",0,MX26018,Cajeme,2024-12-16,2025-12-16
MEX104668,2024-11-23,2024,Political violence,Violence against civilians,Attack,484,North America,Mexico,Sonora,Caborca,Caborca,30.7166,-112.1562,Entorno Informativo; La Jornada,"On 23 November 2024, in Caborca, Sonora, suspected members of Grupo Delta Gang shot at two U.S. citizens who travelled in a vehicle. One of the men was injured and the other remained uninjured. One of the perpetrators was arrested around 29 May 2025. 1 injured.",0,MX26017,Caborca,2024-12-16,2025-12-16
MEX93188,2024-09-18,2024,Political violence,Battles,Armed clash,484,North America,Mexico,Veracruz de Ignacio de la Llave,Poza Rica de Hidalgo,Poza Rica de Hidalgo,20.5341,-97.4436,Imagen del Golfo,"On 18 September 2024, in Poza Rica de Hidalgo, Veracruz de Ignacio de la Llave, armed individuals attacked state police officers on the highway Poza Rica-Tihuatlan after an attack was reported on a yard dedicated to collection junk and recycled objects. There were no injuries and the perpetrators fled the scene.",0,MX30131,Poza Rica de Hidalgo,2024-12-16,2025-12-16
MEX94121,2024-10-09,2024,Political violence,Violence against civilians,Abduction/forced disappearance,484,North America,Mexico,Veracruz de Ignacio de la Llave,Poza Rica de Hidalgo,Poza Rica de Hidalgo,20.5341,-97.4436,Imagen del Golfo,"On 9 October 2024, in Poza Rica de Hidalgo, Veracruz de Ignacio de la Llave, armed individuals abducted a woman vendor in Santa Fe market. Army and state police officers chased the perpetrators along Poza Rica-Tihuatlan road, whose vehicles were damaged by 'ponchallantas' (objects to puncture tires) by the community of La Isla, in Tehuatlan. The victim's whereabouts are unknown.",0,MX30131,Poza Rica de Hidalgo,2024-12-16,2025-12-16
MEX94136,2024-10-14,2024,Political violence,Violence against civilians,Abduction/forced disappearance,484,North America,Mexico,Veracruz de Ignacio de la Llave,Poza Rica de Hidalgo,Poza Rica de Hidalgo,20.5341,-97.4436,Imagen del Golfo; La Jornada; La Silla Rota,"On 14 October 2024, in Poza Rica de Hidalgo, Veracruz de Ignacio de la Llave, a group of armed men intercepted the Municipal Director of Civil Protection of the Poza Rica city council and abducted him. The victim was released around 18 October 2024.",0,MX30131,Poza Rica de Hidalgo,2024-12-16,2025-12-16
MEX95171,2024-11-04,2024,Political violence,Violence against civilians,Abduction/forced disappearance,484,North America,Mexico,Veracruz de Ignacio de la Llave,Poza Rica de Hidalgo,Poza Rica de Hidalgo,20.5341,-97.4436,Imagen del Golfo,"On 4 November 2024, in Poza Rica de Hidalgo, Veracruz de Ignacio de la Llave, unknown armed individuals kidnapped a City Hall employee assigned to the area of governance in the municipal administration when he was at a gas station. The whereabouts of the man remain unknown.",0,MX30131,Poza Rica de Hidalgo,2024-12-16,2025-12-16
MEX95326,2024-11-07,2024,Political violence,Violence against civilians,Attack,484,North America,Mexico,Veracruz de Ignacio de la Llave,Apazapan,Chahuapan,19.3475,-96.6839,Imagen del Golfo,"On 7 November 2024, in Chahuapan, Veracruz de Ignacio de la Llave, according to witnesses, armed individuals got off a van and a motorbike on Independencia street, took a man out of a house, and shot and killed him. According to a version, the victim is a relative of a municipal police officer, which is suspected to be related to this attack. 1 fatality.",1,MX30017,Apazapan,2024-12-16,2025-12-16
MEX95958,2024-11-19,2024,Political violence,Battles,Armed clash,484,North America,Mexico,Veracruz de Ignacio de la Llave,Poza Rica de Hidalgo,Poza Rica de Hidalgo,20.5341,-97.4436,Imagen del Golfo,"On 19 November 2024, in Poza Rica de Hidalgo, Veracruz de Ignacio de la Llave, unknown armed individuals opened fire at state police officers in fraccionamiento las Palmas. The officers repelled the aggression. One state police was injured as a result and four armed individuals were arrested. 1 injury.",0,MX30131,Poza Rica de Hidalgo,2024-12-16,2025-12-16
MEX96238,2024-11-27,2024,Political violence,Violence against civilians,Abduction/forced disappearance,484,North America,Mexico,Veracruz de Ignacio de la Llave,Poza Rica de Hidalgo,Poza Rica de Hidalgo,20.5341,-97.4436,Imagen del Golfo,"Around 27 November 2024 (as reported), in Poza Rica de Hidalgo, Veracruz de Ignacio de la Llave, according to witnesses, several armed individuals intercepted a car and abducted its two passengers on 2 de Enero street, in Colonia Cazones. The victims' whereabouts are unknown.",0,MX30131,Poza Rica de Hidalgo,2024-12-16,2025-12-16
MEX98339,2024-10-08,2024,Political violence,Battles,Armed clash,484,North America,Mexico,Veracruz de Ignacio de la Llave,Poza Rica de Hidalgo,Poza Rica de Hidalgo,20.5341,-97.4436,Imagen del Golfo,"Around 8 October 2024 (as reported), in Poza Rica de Hidalgo, Veracruz de Ignacio de la Llave, state police officers chased and clashed with unidentified individuals in Colonia Chapultepec, Fraccionamiento San Roman. A patrol vehicle collided with a van and a house during the chase. Three women (including an underage girl) and the passengers of the van were slightly injured. At least four injured.",0,MX30131,Poza Rica de Hidalgo,2024-12-16,2025-12-16
MEX100061,2024-10-15,2024,Political violence,Violence against civilians,Attack,484,North America,Mexico,Hidalgo,Atotonilco de Tula,Atotonilco de Tula,20.0078,-99.2202,Milenio,"On 15 October 2024, in Atotonilco de Tula, Hidalgo, three men shot and killed a man outside an Oxxo store in Colonia Senderos and then fled the scene. 1 fatality.",1,MX13013,Atotonilco de Tula,2024-12-16,2025-12-16
MEX100273,2024-10-27,2024,Political violence,Violence against civilians,Attack,484,North America,Mexico,Sinaloa,Culiacan,Eldorado,24.3228,-107.3629,Milenio,"Around 27 October 2024 (as reported), in Eldorado, Sinaloa, a man and a woman were killed and their bodies were found inside a room that is believed to be used for the sale of drugs in El Realito. 2 fatalities.",2,MX25006,Culiacán,2024-12-16,2025-12-16
MEX94074,2024-10-10,2024,Political violence,Explosions/Remote violence,Remote explosive/landmine/IED,484,North America,Mexico,Sinaloa,Culiacan,Eldorado,24.3228,-107.3629,La Silla Rota; Riodoce,"On 10 October 2024, in Eldorado, Sinaloa, a 70-year-old man was killed after a grenade exploded on the Las Arenitas highway. The victim moved some sacks that blocked the passage along the aforementioned highway and underneath one of these there was a grenade placed that was activated with the movement. 1 fatality.",1,MX25006,Culiacán,2024-12-16,2025-12-16
MEX94153,2024-10-15,2024,Political violence,Battles,Armed clash,484,North America,Mexico,Guerrero,Ayutla de los Libres,Ayutla de los Libres,16.9653,-99.0974,La Silla Rota,"On 15 October 2024, in Ayutla de los Libres, Guerrero, an armed clash was reported between members of the UPOEG and another group, which is linked to the presence of a new group in the region. At least three people were killed, including the leader of the UPOEG. 3 fatalities.",3,MX12012,Ayutla de los Libres,2024-12-16,2025-12-16
MEX94227,2024-10-15,2024,Political violence,Violence against civilians,Attack,484,North America,Mexico,Guerrero,Ayutla de los Libres,Ayutla de los Libres,16.9653,-99.0974,La Silla Rota,"Around 15 October 2024 (as reported), in Ayutla de los Libres, Guerrero, one person was killed and the human remains were found inside a plastic bag. 1 fatality.",1,MX12012,Ayutla de los Libres,2024-12-16,2025-12-16
MEX94723,2024-10-23,2024,Political violence,Battles,Armed clash,484,North America,Mexico,Sinaloa,Culiacan,Eldorado,24.3228,-107.3629,El Sol de Sinaloa; Riodoce,"On 23 October 2024, in Eldorado, Sinaloa, armed individuals engaged in an armed clash on the Culiacan-Eldorado highway close to Mezquitillo and the road was blocked with trucks that were later removed. One house and three vehicles were damaged. There were no casualties.",0,MX25006,Culiacán,2024-12-16,2025-12-16
MEX94731,2024-10-19,2024,Political violence,Violence against civilians,Attack,484,North America,Mexico,México,Apaxco,Apaxco de Ocampo,19.9756,-99.1716,Reforma,"Around 19 October 2024 (as reported), in Apaxco de Ocampo, Mexico, a man was killed and his body was found with gunshot wounds and a threatening message in a field in Colonia Perez de Galeana. 1 fatality.",1,MX15010,Apaxco,2024-12-16,2025-12-16
MEX95325,2024-11-07,2024,Political violence,Violence against civilians,Abduction/forced disappearance,484,North America,Mexico,Veracruz de Ignacio de la Llave,Acajete,La Joya,19.6107,-97.027,Imagen del Golfo,"On 7 November 2024, in La Joya, Veracruz de Ignacio de la Llave, four armed men got off a vehicle and abducted a man on Gladiolas street. The victim's whereabouts are unknown.",0,MX30001,Acajete,2024-12-16,2025-12-16
MEX95629,2024-11-11,2024,Political violence,Violence against civilians,Attack,484,North America,Mexico,Sinaloa,Culiacan,Las Piedritas,24.4125,-107.3659,El Universal (Mexico),"Around 11 November 2024 (as reported), in Las Piedritas, Sinaloa, a man was killed and his body was found with the hands tied and gunshot wounds on a side of a hydraulic channel. 1 fatality.",1,MX25006,Culiacán,2024-12-16,2025-12-16
MEX95920,2024-11-17,2024,Political violence,Battles,Armed clash,484,North America,Mexico,Sinaloa,Culiacan,Eldorado,24.3228,-107.3629,24 Horas (Mexico),"On 17 November 2024, in Eldorado, Sinaloa, armed individuals opened fire at elements of the military who repelled the aggression and arrested one individual and seized weapons, magazines, cartridges, vests, vehicles and drugs. There were no injuries.",0,MX25006,Culiacán,2024-12-16,2025-12-16
MEX96443,2024-12-03,2024,Political violence,Violence against civilians,Attack,484,North America,Mexico,Baja California,Ensenada,El Sauzal,31.8933,-116.6913,AFN - Tijuana; La Verdad,"On 3 December 2024, in El Sauzal, Baja California, a businessman in the fishing industry was shot and killed by unidentified armed individuals. The victim was a member of the National Chamber of the Fishing and Aquaculture Industry (CANAINPESCA). 1 fatality.",1,MX02001,Ensenada,2024-12-16,2025-12-16
MEX96500,2024-12-03,2024,Political violence,Violence against civilians,Attack,484,North America,Mexico,Sinaloa,Culiacan,Eldorado,24.3228,-107.3629,Riodoce,"Around 3 December 2024 (as reported), in Eldorado, Sinaloa, a man was killed and the body was found with a message. 1 fatality.",1,MX25006,Culiacán,2024-12-16,2025-12-16
MEX96665,2024-12-10,2024,Political violence,Battles,Armed clash,484,North America,Mexico,Guerrero,Ayutla de los Libres,Ayutla de los Libres,16.9653,-99.0974,El Norte,"On 10 December 2024, in Ayutla de los Libres, Guerrero, armed rival groups engaged in an armed clash in Colonia Reforma. One civilian woman was killed as a result and one armed man died. 2 fatalities.",2,MX12012,Ayutla de los Libres,2024-12-16,2025-12-16
MEX96666,2024-12-12,2024,Political violence,Battles,Armed clash,484,North America,Mexico,Guerrero,Ayutla de los Libres,Ayutla de los Libres,16.9653,-99.0974,La Silla Rota,"Around 12 December 2024 (as reported), in Ayutla de los Libres, Guerrero, armed individuals entered a house and shot at the people who were inside. These fired back, initiating a clash that resulted in two dead and several injured. 2 fatalities, several injured.",2,MX12012,Ayutla de los Libres,2024-12-16,2025-12-16
MEX105941,2024-10-17,2024,Political violence,Violence against civilians,Attack,484,North America,Mexico,Nuevo León,Mina,La Carroza,26.1072,-100.7302,El Norte,"Around 17 October 2024 (between 17 - 18 October), in La Carroza, Nuevo Leon, a man was killed and his body was found partially burned on 18 October 2024. At least three individuals had abducted the victim from his house in San Jose de la Popa on 17 October 2024. The perpetrators also burned his house. 1 fatality.",1,MX19037,Mina,2024-12-16,2025-12-16
MEX93238,2024-09-21,2024,Political violence,Violence against civilians,Attack,484,North America,Mexico,Zacatecas,Villanueva,Villanueva,22.357,-102.8833,La Jornada,"Around 21 September 2024 (as reported), in Villanueva, Zacatecas, two people were killed and their bodies were found dismembered inside plastic bags. 2 fatalities.",2,MX32055,Villanueva,2024-12-16,2025-12-16
MEX93268,2024-09-22,2024,Political violence,Violence against civilians,Attack,484,North America,Mexico,Zacatecas,Villanueva,Villanueva,22.357,-102.8833,Pagina 24 Zacatecas,"Around 22 September 2024 (as reported), in Villanueva, Zacatecas, a man was killed and his body was found in Colonia Flores del Pedregal in a vacant lot covered in a sheet. 1 fatality.",1,MX32055,Villanueva,2024-12-16,2025-12-16
MEX93311,2024-09-23,2024,Political violence,Violence against civilians,Attack,484,North America,Mexico,Sinaloa,Culiacan,Higueras de Abuya,24.2599,-107.0716,Riodoce,"Around 23 September 2024 (month of), near Higueras de Abuya, Sinaloa, a man was killed and his body was found with his hands tied to his back on the Culiacan-Mazatlan highway. The body was in a state of decomposition. 1 fatality.",1,MX25006,Culiacán,2024-12-16,2025-12-16
MEX93524,2024-09-27,2024,Political violence,Battles,Armed clash,484,North America,Mexico,Sinaloa,Culiacan,Higueras de Abuya,24.2599,-107.0716,El Siglo de Durango,"Around 27 September 2024 (as reported), in Higueras de Abuya, Sinaloa, armed groups clashed. The event is likely related to the ongoing fight between the Sinaloa Cartel factions in the municipality of Culiacan that started on 9 September (coded separately). Casualties unknown.",0,MX25006,Culiacán,2024-12-16,2025-12-16
MEX93685,2024-10-03,2024,Political violence,Violence against civilians,Attack,484,North America,Mexico,Guanajuato,Salamanca,Cerro Gordo,20.596,-101.125,La Silla Rota; Zona Franca,"Around 3 October 2024 (as reported), in Cerro Gordo, Guanajuato, a man and a woman were killed and their bodies were found dismembered accompanied by two messages on banners at the central plaza. This attack is likely related to a series of attack perpetrated by the Santa Rosa de Lima Cartel. 2 fatalities.",2,MX11027,Salamanca,2024-12-16,2025-12-16
MEX93689,2024-10-03,2024,Political violence,Violence against civilians,Attack,484,North America,Mexico,Guanajuato,Salamanca,Valtierrilla,20.5324,-101.1279,Zona Franca,"Around 3 October 2024 (as reported), in Valtierrilla, Guanajuato, a man and a woman were killed and their bodies were found at the entrance to the community tied and with messages next to their bodies. This attack is likely related to a series of attack perpetrated by the Santa Rosa de Lima Cartel. 2 fatalities.",2,MX11027,Salamanca,2024-12-16,2025-12-16
MEX93736,2024-10-02,2024,Political violence,Violence against civilians,Attack,484,North America,Mexico,Tlaxcala,Apetatitlan de Antonio Carvajal,Apetatitlan,19.3309,-98.1955,La Verdad,"On 2 October 2024, in Apetatitlan, Tlaxcala, two armed individuals shot at a businessman of the oil industry in Colonia Tecolotla. The businessman died as a result and his driver was injured. 1 fatality, 1 injury.",1,MX29002,Apetatitlán de Antonio Carvajal,2024-12-16,2025-12-16
MEX93827,2024-10-03,2024,Political violence,Violence against civilians,Attack,484,North America,Mexico,Sinaloa,Culiacan,Higueras de Abuya,24.2599,-107.0716,Riodoce,"Around 3 October 2024 (as reported), in Higueras de Abuya, Sinaloa, a man was killed and his body was found with signs of torture and tied with a rope around his neck close to El Ejido Abuya Ceuta 2. The man's hands were tied to his back and he was naked from his torso up. 1 fatality.",1,MX25006,Culiacán,2024-12-16,2025-12-16
MEX93839,2024-09-28,2024,Political violence,Battles,Armed clash,484,North America,Mexico,Sinaloa,Culiacan,Higueras de Abuya,24.2599,-107.0716,El Siglo de Durango; El Sol de Sinaloa; Noroeste; Riodoce; Tabasco Hoy,"On 28 September 2024, in Higueras de Abuya, Sinaloa, rival armed groups clashed on the highway known as 'Maxipista Culiacan-Mazatla'. Several other related clashes were recorded on the same day in other communities along this road (coded separately). This event is likely related to the ongoing fight between factions of the Sinaloa Cartel that started on 9 September (coded separately). There were no casualties.",0,MX25006,Culiacán,2024-12-16,2025-12-16
MEX94507,2024-10-20,2024,Political violence,Battles,Armed clash,484,North America,Mexico,Sinaloa,Culiacan,Higueras de Abuya,24.2599,-107.0716,El Sol de Sinaloa; La Prensa de Monclova; Milenio; Riodoce,"On 20 October 2024, in Higueras de Abuya, Sinaloa, army officers and armed individuals clashed. An officer died and several were injured. This event is suspectedly linked to an armed clash that took place in Los Tanques the same day (coded separately), and is likely part of the war between 'Los Chapitos' and 'Los Mayitos' factions of the Sinaloa Cartel. 1 fatality.",1,MX25006,Culiacán,2024-12-16,2025-12-16
MEX94791,2024-10-25,2024,Political violence,Violence against civilians,Attack,484,North America,Mexico,Puebla,Puebla,Santo Tomas Chautla,18.9657,-98.1529,Milenio,"On 25 October 2024, near Santo Tomas Chautla, Puebla, armed individuals in two vehicles shot and injured a woman traveling in her truck to Valsequillo (drive-by). The perpetrators fled the scene. 1 injury.",0,MX21114,Puebla,2024-12-16,2025-12-16
MEX95107,2024-11-02,2024,Political violence,Battles,Armed clash,484,North America,Mexico,Zacatecas,Villanueva,Villanueva,22.357,-102.8833,La Jornada; Pagina 24 Zacatecas; Riodoce,"On 2 November 2024, in Villanueva, Zacatecas, gang members travelling in several vehicles attacked at the state police during a police operation. The police officers from the Zacatecas Immediate Reaction Forces (FRIZ) repelled the attack. The regional director of security operations in the municipality was killed along with an armed man. Also four police officers were injured. The armed men also launched tire-puncturing devices. 2 fatalities.",2,MX32055,Villanueva,2024-12-16,2025-12-16
MEX95690,2024-11-09,2024,Political violence,Violence against civilians,Attack,484,North America,Mexico,Zacatecas,Villanueva,Villanueva,22.357,-102.8833,Pagina 24 Zacatecas,"Around 9 November 2024 (as reported), in Villanueva, Zacatecas, members of an unidentified criminal organization abducted a man, tortured him, and shot and killed him. The body was found on a path leading to the community of La Encarnacion. 1 fatality.",1,MX32055,Villanueva,2024-12-16,2025-12-16
MEX100170,2024-10-24,2024,Political violence,Violence against civilians,Attack,484,North America,Mexico,Nuevo León,Monterrey,Monterrey,25.6647,-100.311,Milenio,"On 24 October 2024, in Monterrey, Nuevo Leon, two armed individuals traveling on a motorcycle attacked two men at the Monterrey park in the north of the city in Colonia Fomerrey 15. One man died and another was injured. 1 fatality, 1 injury.",1,MX19039,Monterrey,2024-12-16,2025-12-16
MEX93069,2024-09-20,2024,Political violence,Violence against civilians,Attack,484,North America,Mexico,Nuevo León,Guadalupe,Guadalupe,25.6773,-100.2599,El Norte,"On 20 September 2024, in Guadalupe, Nuevo Leon, armed individuals opened fire from a motorcycle and killed a man at a car wash while he was working (drive-by). 1 fatality.",1,MX19026,Guadalupe,2024-12-16,2025-12-16
MEX93165,2024-09-20,2024,Political violence,Violence against civilians,Attack,484,North America,Mexico,Tabasco,Nacajuca,El Cedro,18.0433,-92.9424,Tabasco Hoy,"Around 20 September 2024 (as reported), in El Cedro, Tabasco, a man was killed and his body was found on the banks of the Carrizal river. The victim was suspected to be tied. 1 fatality.",1,MX27013,Nacajuca,2024-12-16,2025-12-16
MEX93179,2024-09-18,2024,Political violence,Violence against civilians,Attack,484,North America,Mexico,Veracruz de Ignacio de la Llave,Coatzacoalcos,Coatzacoalcos,18.1379,-94.453,La Silla Rota,"On 18 September 2024, in Coatzacoalcos, Veracruz de Ignacio de la Llave, a couple of armed individuals on a motorcycle intercepted and shot at the CTM delegate in Colonia Emiliano Zapata. The delegate was transported to the hospital. 1 injury.",0,MX30039,Coatzacoalcos,2024-12-16,2025-12-16
MEX93254,2024-09-22,2024,Political violence,Violence against civilians,Attack,484,North America,Mexico,Nuevo León,Monterrey,Monterrey,25.6647,-100.311,La Jornada,"On 22 September 2024, in Monterrey, Nuevo Leon, three armed men shot at a Christian preacher after a church service in Colonia Argentina in a warehouse. The man died as a result and his wife was injured. The victim is considered a former member of Los Zetas. 1 fatality, 1 injury.",1,MX19039,Monterrey,2024-12-16,2025-12-16
MEX93321,2024-09-23,2024,Political violence,Violence against civilians,Attack,484,North America,Mexico,Veracruz de Ignacio de la Llave,Coatzacoalcos,Coatzacoalcos,18.1379,-94.453,La Silla Rota,"On 23 September 2024, in Coatzacoalcos, Veracruz de Ignacio de la Llave, a couple of armed men opened fire at two mechanics at a car shop in Colonia Manantiales and killed both. 2 fatalities.",2,MX30039,Coatzacoalcos,2024-12-16,2025-12-16
MEX93534,2024-09-27,2024,Political violence,Violence against civilians,Attack,484,North America,Mexico,Veracruz de Ignacio de la Llave,Coatzacoalcos,Coatzacoalcos,18.1379,-94.453,Imagen del Golfo,"On 27 September 2024, in Coatzacoalcos, Veracruz de Ignacio de la Llave, according to witnesses, two armed individuals got on public bus 126 on Universidad Veracruzana avenue, in Colonia El Tesoro, and shot and killed a man. 1 fatality.",1,MX30039,Coatzacoalcos,2024-12-16,2025-12-16
MEX93712,2024-09-29,2024,Political violence,Violence against civilians,Attack,484,North America,Mexico,Nuevo León,Monterrey,Monterrey,25.6647,-100.311,El Norte; La Silla Rota,"Around 29 September 2024 (weekend of), in Monterrey, Nuevo Leon, according to the police, two armed men shot at a couple in Colonia Sarabia. One woman was killed and a man was injured. 1 fatality.",1,MX19039,Monterrey,2024-12-16,2025-12-16
MEX93748,2024-10-03,2024,Political violence,Violence against civilians,Attack,484,North America,Mexico,Sinaloa,Culiacan,Costa Rica,24.5895,-107.392,Riodoce,"Around 3 October 2024 (as reported), in Costa Rica, Sinaloa, two men were killed and his body was found with signs of torture and gunshot wounds on the Culiacan-ElDorado highway. 2 fatalities.",2,MX25006,Culiacán,2024-12-16,2025-12-16
MEX93806,2024-09-30,2024,Political violence,Violence against civilians,Attack,484,North America,Mexico,Hidalgo,Tula de Allende,Michimaloya,20.1019,-99.3964,La Silla Rota; News Hidalgo,"On 30 September 2024, in Michimaloya, Hidalgo, according to witnesses, armed men in two vehicles shot at two people. One person was killed and another one was injured. 1 fatality.",1,MX13076,Tula de Allende,2024-12-16,2025-12-16
MEX93820,2024-10-02,2024,Political violence,Violence against civilians,Attack,484,North America,Mexico,Nuevo León,Guadalupe,Guadalupe,25.6773,-100.2599,El Norte,"On 2 October 2024, in Guadalupe, Nuevo Leon, two armed individuals arrived at a home on a motorcycle and one individual shot and killed a man in Colonia Josefa Zozaya. The home was known as a point for the sale of drugs. 1 fatality.",1,MX19026,Guadalupe,2024-12-16,2025-12-16
MEX93826,2024-10-03,2024,Political violence,Violence against civilians,Attack,484,North America,Mexico,Nuevo León,Guadalupe,Guadalupe,25.6773,-100.2599,El Norte,"On 3 October 2024, in Guadalupe, Nuevo Leon, armed individuals in two vehicles chased and shot at a couple of men in their vehicle (drive-by) causing the driver to lose control and crash. Both men were injured as a result. 2 injuries.",0,MX19026,Guadalupe,2024-12-16,2025-12-16
MEX93843,2024-09-28,2024,Political violence,Battles,Armed clash,484,North America,Mexico,Sinaloa,Culiacan,Pueblos Unidos,24.2937,-107.1532,El Siglo de Durango; El Sol de Sinaloa; Noroeste; Riodoce; Tabasco Hoy,"On 28 September 2024, in Pueblos Unidos, Sinaloa, rival armed groups clashed on the highway known as 'Maxipista Culiacan-Mazatla'. Several other related clashes were recorded on the same day in other communities along this road (coded separately). This event is likely related to the ongoing fight between factions of the Sinaloa Cartel that started on 9 September (coded separately). There were no casualties.",0,MX25006,Culiacán,2024-12-16,2025-12-16
MEX93947,2024-10-05,2024,Political violence,Violence against civilians,Attack,484,North America,Mexico,Hidalgo,Tula de Allende,Tula de Allende,20.0552,-99.3432,La Silla Rota,"Around 5 October 2024 (as reported), in Tula de Allende, Hidalgo, a man was killed and his body was found with signs of violence in Colonia El Llano Primera Seccion with his hands tied. 1 fatality.",1,MX13076,Tula de Allende,2024-12-16,2025-12-16
MEX94008,2024-10-06,2024,Political violence,Violence against civilians,Attack,484,North America,Mexico,Nuevo León,Guadalupe,Guadalupe,25.6773,-100.2599,El Norte,"On 6 October 2024, in the municipality of Guadalupe, Nuevo Leon, armed men intercepted a mother and her daughter close to the highway to the airport, one man got out and opened fire at both women and then fled the scene in front of fraccionamiento Accadia. Both women were injured. 2 injuries.",0,MX19026,Guadalupe,2024-12-16,2025-12-16
MEX94011,2024-10-05,2024,Political violence,Violence against civilians,Attack,484,North America,Mexico,Nuevo León,Monterrey,Monterrey,25.6647,-100.311,Milenio,"Around 5 October 2024 (as reported), in Monterrey, Nuevo Leon, a man was killed and his dismembered body was found between Colonia Rincon de la Primavera and Ladrillera. 1 fatality.",1,MX19039,Monterrey,2024-12-16,2025-12-16
MEX94012,2024-10-05,2024,Political violence,Violence against civilians,Attack,484,North America,Mexico,Nuevo León,Monterrey,Monterrey,25.6647,-100.311,El Norte,"On 5 October 2024, in Monterrey, Nuevo Leon, two armed men opened fire at a group of people in Colonia Industrial killing two and injuring two outside a mechanic's shop. 2 fatalities, 2 injuries.",2,MX19039,Monterrey,2024-12-16,2025-12-16
MEX94014,2024-10-09,2024,Political violence,Battles,Armed clash,484,North America,Mexico,Nuevo León,Monterrey,Monterrey,25.6647,-100.311,El Norte,"On 9 October 2024, in Monterrey, Nuevo Leon, armed individuals from a criminal group shot at state police officers in Colonia Industrial. The police repelled the attack. There were no casualties.",0,MX19039,Monterrey,2024-12-16,2025-12-16
MEX94015,2024-10-09,2024,Political violence,Violence against civilians,Attack,484,North America,Mexico,Nuevo León,Monterrey,Monterrey,25.6647,-100.311,El Norte,"On 9 October 2024, in Monterrey, Nuevo Leon, unidentified armed individuals shot and killed a man in Colonia Bernabe. It is suspected that the event is related to a settling of accounts for drug problems, however, this was not confirmed by the authorities. 1 fatality.",1,MX19039,Monterrey,2024-12-16,2025-12-16
MEX94016,2024-10-11,2024,Political violence,Violence against civilians,Attack,484,North America,Mexico,Nuevo León,Monterrey,Monterrey,25.6647,-100.311,Milenio,"On 11 October 2024, in Monterrey, Nuevo Leon, unidentified armed individuals shot and killed a municipal transit police officer outside a house in colonia Barrio Alameda. The victim was on leave (off-duty). 1 fatality.",1,MX19039,Monterrey,2024-12-16,2025-12-16
MEX94017,2024-10-10,2024,Political violence,Violence against civilians,Attack,484,North America,Mexico,Nuevo León,Monterrey,Monterrey,25.6647,-100.311,Milenio,"Around 10 October 2024 (as reported), in Monterrey, Nuevo Leon, a man was killed and his body was found with gunshot wounds inside a house in fraccionamiento Bernardo Reyes. The house was known to be a drug dealing place. 1 fatality.",1,MX19039,Monterrey,2024-12-16,2025-12-16
MEX94018,2024-10-11,2024,Political violence,Violence against civilians,Attack,484,North America,Mexico,Nuevo León,Monterrey,Monterrey,25.6647,-100.311,El Norte,"On 11 October 2024, in Monterrey, Nuevo Leon, according to witnesses, an armed man shot and killed a man in Colonia Bernabe. The perpetrator ran away with his accomplice that was waiting for him. 1 fatality.",1,MX19039,Monterrey,2024-12-16,2025-12-16
MEX94144,2024-10-17,2024,Political violence,Battles,Armed clash,484,North America,Mexico,Sinaloa,Culiacan,Ejido Canan,24.6422,-107.4418,La Silla Rota,"On 17 October 2024, near Ejido Canan, Sinaloa, military and state police officers clashed with armed individuals. Casualties unknown.",0,MX25006,Culiacán,2024-12-16,2025-12-16
MEX94145,2024-10-17,2024,Political violence,Battles,Armed clash,484,North America,Mexico,Sinaloa,Culiacan,Costa Rica,24.5895,-107.392,24 Horas (Mexico); El Sol de Sinaloa; Riodoce,"On 17 October 2024, in Costa Rica, Sinaloa, army officers and armed individuals clashed in the intersection of Culiacan-Eldorado and La 20 roads. The officers seized a fireweapon and homemade explosive devices, which were defused. This event is likely part of the war between 'Los Chapitos' and 'Los Mayitos' factions of the Sinaloa Cartel. Casualties unknown.",0,MX25006,Culiacán,2024-12-16,2025-12-16
MEX94146,2024-10-17,2024,Political violence,Battles,Armed clash,484,North America,Mexico,Nuevo León,Monterrey,Monterrey,25.6647,-100.311,El Norte,"On 17 October 2024, near Monterrey, Nuevo Leon, state and municipal police officers clashed with suspected members of the Cartel del Noreste (CDN) along kms. 195 and 200 of Carretera Nacional. The cartel members threw 'ponchallantas' (objects to puncture tires), abandoned two vehicles, and fled in different directions. A stray bullet collaterally injured a trailer driver, who was transferred to a hospital. This event is part of three clashes between authorities and the CDN that took place in Nuevo Leon the same day (coded separately). Casualties unknown.",0,MX19039,Monterrey,2024-12-16,2025-12-16
MEX94182,2024-10-17,2024,Political violence,Battles,Armed clash,484,North America,Mexico,Sinaloa,Culiacan,Pueblos Unidos,24.2937,-107.1532,24 Horas (Mexico),"On 17 October 2024, in Pueblos Unidos, Sinaloa, armed groups clashed. This event is likely part of the war between 'Los Chapitos' and 'Los Mayitos' factions of the Sinaloa Cartel. Casualties unknown.",0,MX25006,Culiacán,2024-12-16,2025-12-16
MEX94213,2024-10-12,2024,Political violence,Violence against civilians,Attack,484,North America,Mexico,Nuevo León,Monterrey,Monterrey,25.6647,-100.311,El Norte,"On 12 October 2024, in Monterrey, Nuevo Leon, two armed individuals arrived on a motorcycle and opened fire at two 17 year old men outside their home in Colonia Tierra y Libertad. Both were wounded as a result. 2 injuries.",0,MX19039,Monterrey,2024-12-16,2025-12-16
MEX94247,2024-10-14,2024,Political violence,Violence against civilians,Attack,484,North America,Mexico,Sinaloa,Culiacan,Costa Rica,24.5895,-107.392,El Sol de Sinaloa; La Silla Rota,"Around 14 October 2024 (as reported), in Costa Rica, Sinaloa, two people were killed and their bodies were found with signs of torture and wrapped in bags and blankets on the side of the Eldorado highway. 2 fatalities.",2,MX25006,Culiacán,2024-12-16,2025-12-16
MEX94248,2024-10-14,2024,Political violence,Violence against civilians,Attack,484,North America,Mexico,Sinaloa,Culiacan,Ejido Canan,24.6422,-107.4418,Riodoce,"Around 14 October 2024 (as reported), close to Ejido Canan, Sinaloa, two people were killed and their bodies were found wrapped in plastic bags on the highway Culiacan-Eldorado at the height of the Faculty of Agronomy of the Autonomous University of Sinaloa (UAS). 2 fatalities.",2,MX25006,Culiacán,2024-12-16,2025-12-16
MEX94283,2024-10-15,2024,Political violence,Violence against civilians,Attack,484,North America,Mexico,Sinaloa,Culiacan,Costa Rica,24.5895,-107.392,Riodoce,"Around 15 October 2024 (as reported), in Costa Rica, Sinaloa, a man was killed and his body was found with signs of torture and with his hands tied and his face covered in tape in La Bascula. 1 fatality.",1,MX25006,Culiacán,2024-12-16,2025-12-16
MEX94301,2024-10-18,2024,Political violence,Violence against civilians,Attack,484,North America,Mexico,Nuevo León,Guadalupe,Guadalupe,25.6773,-100.2599,El Norte; Milenio,"On 18 October 2024, in Guadalupe, Nuevo Leon, according to witnesses, two armed men on a motorcycle shot and killed a man who was also driving a motorcycle on Laguna Madre and Isla Revillagigedo streets, in Colonia Valle de Guadalupe (drive-by). 1 fatality.",1,MX19026,Guadalupe,2024-12-16,2025-12-16
MEX94639,2024-10-21,2024,Political violence,Battles,Armed clash,484,North America,Mexico,Sinaloa,Culiacan,Costa Rica,24.5895,-107.392,El Sol de Sinaloa; Riodoce,"On 21 October 2024, in Costa Rica, Sinaloa, there was an armed clash between military officers and armed individuals (likely affiliated with the Sinaloa Cartel). This event is related to similar clashes involving factions of the Sinaloa Cartel recorded in other locations of this state (coded separately). There were no casualties.",0,MX25006,Culiacán,2024-12-16,2025-12-16
MEX94645,2024-10-18,2024,Political violence,Violence against civilians,Attack,484,North America,Mexico,Nuevo León,Guadalupe,Guadalupe,25.6773,-100.2599,El Norte,"On 18 October 2024, in Guadalupe, Nuevo Leon, according to witnesses, armed individuals shot and killed a man inside a house on Puebla y Monterrey street, in Colonia Josefa Zozaya. 1 fatality.",1,MX19026,Guadalupe,2024-12-16,2025-12-16
MEX94669,2024-10-21,2024,Political violence,Violence against civilians,Attack,484,North America,Mexico,Sinaloa,Culiacan,Costa Rica,24.5895,-107.392,El Sol de Sinaloa; Riodoce,"Around 21 October 2024 (as reported), in Costa Rica, Sinaloa, a man was killed and his body was found with signs of torture in Colonia La huerta. 1 fatality.",1,MX25006,Culiacán,2024-12-16,2025-12-16
MEX94707,2024-10-25,2024,Political violence,Violence against civilians,Attack,484,North America,Mexico,Zacatecas,Tepetongo,Los Aparicio,22.4715,-103.0054,Pagina 24 Zacatecas,"Around 25 October 2024 (as reported), in Los Aparicio, Zacatecas, a person was killed and the body was found with signs of torture and gunshot wounds. 1 fatality.",1,MX32046,Tepetongo,2024-12-16,2025-12-16
MEX94759,2024-10-21,2024,Political violence,Violence against civilians,Attack,484,North America,Mexico,Nuevo León,Monterrey,Monterrey,25.6647,-100.311,Milenio,"Around 21 October 2024 (as reported), in Monterrey, Nuevo Leon, an unknown number of people were killed and the human remains were found in at least five point in the city including Colonia Industrial. According to local sources, a female torso, a female head, a body without limbs, two arms, a male torso, two upper limbs, a male head and a left leg have been found. The remaining would belong to at least one man and one woman. At least 2 fatalities.",2,MX19039,Monterrey,2024-12-16,2025-12-16
MEX94760,2024-10-21,2024,Political violence,Violence against civilians,Attack,484,North America,Mexico,Nuevo León,Monterrey,Monterrey,25.6647,-100.311,El Norte,"On 21 October 2024, in Monterrey, Nuevo Leon, an armed man shot and killed two young men who were sitting in front of a house known as a drug dealing point in Colonia Hogares Ferrocarrileros. 2 fatalities.",2,MX19039,Monterrey,2024-12-16,2025-12-16
MEX94765,2024-10-22,2024,Political violence,Violence against civilians,Attack,484,North America,Mexico,Sinaloa,Culiacan,Ejido El Quemadito,24.6975,-107.4145,El Sol de Sinaloa; Riodoce,"Around 22 October 2024 (as reported), in Ejido El Quemadito, Sinaloa, a person was killed and the body was found dismembered and signs of torture. 1 fatality.",1,MX25006,Culiacán,2024-12-16,2025-12-16
MEX94770,2024-10-22,2024,Political violence,Violence against civilians,Attack,484,North America,Mexico,Nuevo León,Monterrey,Monterrey,25.6647,-100.311,Milenio,"Around 22 October 2024 (month of), in Monterrey, Nuevo Leon, a man was killed and the body was found in an advanced state of decomposition and burned. 1 fatality.",1,MX19039,Monterrey,2024-12-16,2025-12-16
MEX94789,2024-10-25,2024,Political violence,Violence against civilians,Attack,484,North America,Mexico,Sinaloa,Culiacan,Costa Rica,24.5895,-107.392,El Sol de Sinaloa; Riodoce,"Around 25 October 2024 (as reported), in Costa Rica, Sinaloa, four men were killed and their bodies were found with their hands tied, signs of torture, and gunshot wounds on the Culiacan-Eldorado highway on the road to Campo Victoria. 4 fatalities.",4,MX25006,Culiacán,2024-12-16,2025-12-16
MEX94846,2024-10-26,2024,Political violence,Violence against civilians,Attack,484,North America,Mexico,Sinaloa,Culiacan,Costa Rica,24.5895,-107.392,Riodoce,"Around 26 October 2024 (as reported), in Costa Rica, Sinaloa, two men were killed and their bodies were found with signs of torture and with their hands and feet tied and faces covered with tape at the junction of the Culiacan-Eldorado highway with La 20. 2 fatalities.",2,MX25006,Culiacán,2024-12-16,2025-12-16
MEX94878,2024-10-27,2024,Political violence,Violence against civilians,Attack,484,North America,Mexico,Sinaloa,Culiacan,Costa Rica,24.5895,-107.392,Riodoce,"Around 27 October 2024 (as reported), in Costa Rica, Sinaloa, a person was killed and the body was found wrapped in plastic on the highway 19. 1 fatality.",1,MX25006,Culiacán,2024-12-16,2025-12-16
MEX94989,2024-10-30,2024,Political violence,Battles,Armed clash,484,North America,Mexico,Hidalgo,Tula de Allende,Tula de Allende,20.0552,-99.3432,La Silla Rota; Milenio,"On 30 October 2024, near Tula de Allende, Hidalgo, state and municipal police officers and armed huachicoleros (oil thieves) who drove three vehicles clashed along the Tula-Tlahuelilpan road, when officers tried to stop a tanker that suspectedly carried stolen oil. No officers were injured. It is unknown whether there were casualties among the huachicoleros. A huachicolero was arrested. Casualties unknown.",0,MX13076,Tula de Allende,2024-12-16,2025-12-16
MEX94994,2024-10-30,2024,Political violence,Violence against civilians,Attack,484,North America,Mexico,Nuevo León,Guadalupe,Guadalupe,25.6773,-100.2599,El Norte,"On 30 October 2024, in Guadalupe, Nuevo Leon, two armed men on a motorbike shot and killed a man that was driving a motorbike in the intersection of Del Amanecer and Rio Bravo streets, in Colonia Valle del Sol (drive-by). 1 fatality.",1,MX19026,Guadalupe,2024-12-16,2025-12-16
MEX95073,2024-11-01,2024,Political violence,Violence against civilians,Attack,484,North America,Mexico,Nuevo León,Monterrey,Monterrey,25.6647,-100.311,El Norte,"On 1 November 2024, in Monterrey, Nuevo Leon, two armed men shot and killed a man in Colonia Valle de San Martin. 1 fatality.",1,MX19039,Monterrey,2024-12-16,2025-12-16
MEX95125,2024-11-03,2024,Political violence,Violence against civilians,Attack,484,North America,Mexico,Nuevo León,Monterrey,Monterrey,25.6647,-100.311,Milenio,"On 3 November 2024, in Monterrey, Nuevo Leon, according to witnesses, armed men travelling in two motorcycles shot at a house in colonia Riveras del Rio. A woman was killed, a minor and a man were injured. The house is known as a drug dealing point. 1 fatality, 2 injured.",1,MX19039,Monterrey,2024-12-16,2025-12-16
MEX95126,2024-11-03,2024,Political violence,Violence against civilians,Attack,484,North America,Mexico,Nuevo León,Monterrey,Monterrey,25.6647,-100.311,Milenio,"On 3 November 2024, in Monterrey, Nuevo Leon, according to witnesses, armed men on a motorcycle shot at a man in a vehicle in a drive-by in colonia Fomerrey 112. The victim was killed. 1 fatality.",1,MX19039,Monterrey,2024-12-16,2025-12-16
MEX95130,2024-11-03,2024,Political violence,Battles,Armed clash,484,North America,Mexico,Sinaloa,Culiacan,Costa Rica,24.5895,-107.392,24 Horas (Mexico); El Blog del Narco; El Sol de Sinaloa; Riodoce,"On 3 November 2024, in Costa Rica, Sinaloa, there was an armed clash between the military forces and armed men travelling in three vehicles on the Culiacan-Eldorado highway around the Cuba community. One person was injured and four people were arrested. One of the arrested was the former chief of security of the Sinaloa Cartel and current member of Los Mayitos Gang. 1 injured.",0,MX25006,Culiacán,2024-12-16,2025-12-16
MEX95247,2024-11-06,2024,Political violence,Battles,Armed clash,484,North America,Mexico,Nuevo León,Guadalupe,Guadalupe,25.6773,-100.2599,Milenio,"On 6 November 2024, in Guadalupe, Nuevo Leon, several armed individuals opened fire at municipal police officers which led to a chase and the crashing of a car in Colonia Arboledas del Oriente. There were no injuries and the armed individuals escaped the scene.",0,MX19026,Guadalupe,2024-12-16,2025-12-16
MEX95253,2024-11-06,2024,Political violence,Battles,Armed clash,484,North America,Mexico,Sinaloa,Culiacan,Costa Rica,24.5895,-107.392,AFN - Tijuana; El Sol de Sinaloa,"Around 6 November 2024 (as reported), in Costa Rica, Sinaloa, two men were killed and their bodies were found with signs of torture, the hands tied to their backs, tape on the mouth, and gunshot wounds near an agricultural field known as 'Florencia'. One of the victims was a police officer at the office of the State Attorney General and also a member of the Sinaloa Cartel. He had requested a voluntary leave of absence from the police force to join the fighting between cartel factions in Culiacan. He had previously survived an attack in San Quintin on 9 June 2024 (coded separately). 2 fatalities.",2,MX25006,Culiacán,2024-12-16,2025-12-16
MEX95548,2024-11-13,2024,Political violence,Violence against civilians,Attack,484,North America,Mexico,Nuevo León,Guadalupe,Guadalupe,25.6773,-100.2599,El Norte,"On 13 November 2024, in Guadalupe, Nuevo Leon, two men entered a mechanic's workshop and killed two mechanics in Colonia Rafael Ramirez. 2 fatalities.",2,MX19026,Guadalupe,2024-12-16,2025-12-16
MEX95555,2024-11-11,2024,Political violence,Violence against civilians,Abduction/forced disappearance,484,North America,Mexico,Nuevo León,Monterrey,Monterrey,25.6647,-100.311,Milenio,"On 11 November 2024, in Monterrey, Nuevo Leon, armed men traveling in five vehicles intercepted and kidnapped a man when he was driving in Colonia del Paseo Residencial. The man was found alive days later.",0,MX19039,Monterrey,2024-12-16,2025-12-16
MEX95556,2024-11-15,2024,Political violence,Violence against civilians,Attack,484,North America,Mexico,Nuevo León,Monterrey,Monterrey,25.6647,-100.311,El Norte,"Around 15 November 2024 (as reported), in Monterrey, Nuevo Leon, a man was killed and his body was found wrapped in plastic bags and a blanket inside a barrel in the city center. 1 fatality.",1,MX19039,Monterrey,2024-12-16,2025-12-16
MEX95602,2024-11-09,2024,Political violence,Violence against civilians,Attack,484,North America,Mexico,Sinaloa,Culiacan,Costa Rica,24.5895,-107.392,Noroeste; Riodoce,"Around 9 November 2024 (as reported), in Costa Rica, Sinaloa, a man was killed and his body was found with gunshot wounds, tape on the mouth, and the hands and feet tied, under a bridge in the field on Nuevo Mexico. 1 fatality.",1,MX25006,Culiacán,2024-12-16,2025-12-16
MEX95603,2024-11-09,2024,Political violence,Violence against civilians,Attack,484,North America,Mexico,Sinaloa,Culiacan,Costa Rica,24.5895,-107.392,El Sol de Sinaloa,"Around 9 November 2024 (as reported), in Costa Rica, Sinaloa, a man was killed and his body was found with signs of torture. 1 fatality.",1,MX25006,Culiacán,2024-12-16,2025-12-16
MEX95604,2024-11-10,2024,Political violence,Violence against civilians,Attack,484,North America,Mexico,Sinaloa,Culiacan,Costa Rica,24.5895,-107.392,El Sol de Sinaloa; Riodoce,"Around 10 November 2024 (as reported), in Costa Rica, Sinaloa, two men were killed and their bodies were found with gunshot wounds and signs of torture in a field between a poultry processing plant and the path to El Quemadito, 100 meters from Culiacan-Eldorado road. One of them had the hands tied. 2 fatalities.",2,MX25006,Culiacán,2024-12-16,2025-12-16
MEX95605,2024-11-11,2024,Political violence,Violence against civilians,Attack,484,North America,Mexico,Sinaloa,Culiacan,Costa Rica,24.5895,-107.392,El Sol de Sinaloa; El Universal (Mexico); Riodoce,"Around 11 November 2024 (as reported), in Costa Rica, Sinaloa, two men were killed and their bodies were found with gunshot wounds, signs of torture, and a cardboard with unspecified messages in the junction of Culiacan-Eldorado road and the path to Lazareto. One of the victims had been abducted by armed men hours earlier. 2 fatalities.",2,MX25006,Culiacán,2024-12-16,2025-12-16
MEX95606,2024-11-13,2024,Political violence,Violence against civilians,Attack,484,North America,Mexico,Sinaloa,Culiacan,Costa Rica,24.5895,-107.392,La Jornada; La Silla Rota,"Around 13 November 2024 (as reported), in Costa Rica, Sinaloa, a man was killed and the body was found with a message. 1 fatality.",1,MX25006,Culiacán,2024-12-16,2025-12-16
MEX95670,2024-11-11,2024,Political violence,Violence against civilians,Attack,484,North America,Mexico,Veracruz de Ignacio de la Llave,Coatzacoalcos,Coatzacoalcos,18.1379,-94.453,El Proceso; Imagen del Golfo,"Around 11 November 2024 (as reported), in Coatzacoalcos, Veracruz de Ignacio de la Llave, a woman was killed and her body was found tied to a chair in a building on Benito Juarez avenue, in Colonia Centro. The victim had suspectedly been abducted and was a former Pemex employee. 1 fatality.",1,MX30039,Coatzacoalcos,2024-12-16,2025-12-16
MEX95671,2024-11-14,2024,Political violence,Violence against civilians,Attack,484,North America,Mexico,Veracruz de Ignacio de la Llave,Coatzacoalcos,Coatzacoalcos,18.1379,-94.453,La Silla Rota,"On 14 November 2024, in Coatzacoalcos, Veracruz de Ignacio de la Llave, two armed men got out of a car and entered a home Barrio Alegre and shot and killed one man and one woman. 2 fatalities.",2,MX30039,Coatzacoalcos,2024-12-16,2025-12-16
MEX95897,2024-11-17,2024,Political violence,Violence against civilians,Attack,484,North America,Mexico,Sinaloa,Culiacan,Costa Rica,24.5895,-107.392,El Sol de Sinaloa; Riodoce,"Around 17 November 2024 (month of), in Costa Rica, Sinaloa, a man was killed and the body was found with an advanced state of decomposition and with signs of torture on the road Culiacan-Mazatlan. 1 fatality.",1,MX25006,Culiacán,2024-12-16,2025-12-16
MEX95898,2024-11-19,2024,Political violence,Violence against civilians,Attack,484,North America,Mexico,Sinaloa,Culiacan,Costa Rica,24.5895,-107.392,El Sol de Sinaloa; La Jornada,"Around 19 November 2024 (as reported), in the municipality of Costa Rica, Sinaloa, a man was killed and his body was found wrapped in a sheet near El 30 Ejido. Unknown armed individuals had kidnapped the victim who was a municipal police officer from his home on 18 November in Quila (off-duty). 1 fatality.",1,MX25006,Culiacán,2024-12-16,2025-12-16
MEX95954,2024-11-19,2024,Political violence,Violence against civilians,Attack,484,North America,Mexico,Veracruz de Ignacio de la Llave,Coatzacoalcos,Coatzacoalcos,18.1379,-94.453,Milenio,"On 19 November 2024, in Coatzacoalcos, Veracruz de Ignacio de la Llave, one armed man shot and killed a woman dedicated to cleaning windshields and then fled the scene with a second man who was waiting for him at an intersection where the woman worked. Both men were arrested as a result. 1 fatality.",1,MX30039,Coatzacoalcos,2024-12-16,2025-12-16
MEX95987,2024-11-22,2024,Political violence,Violence against civilians,Attack,484,North America,Mexico,Sinaloa,Culiacan,Costa Rica,24.5895,-107.392,El Universal (Mexico),"Around 22 November 2024 (between 21 - 23 November), in Costa Rica, Sinaloa, a man was killed and his body was found handcuffed and with blows to his body on 23 November. The man was reported missing on 21 November. 1 fatality.",1,MX25006,Culiacán,2024-12-16,2025-12-16
MEX96011,2024-11-23,2024,Political violence,Violence against civilians,Attack,484,North America,Mexico,Nuevo León,Guadalupe,Guadalupe,25.6773,-100.2599,El Norte,"On 23 November 2024, in Guadalupe, Nuevo Leon, two armed men who arrived on a motorcycle opened fire and shot a man outside his home in Colonia Valle Soleado. 1 fatality.",1,MX19026,Guadalupe,2024-12-16,2025-12-16
MEX96176,2024-11-26,2024,Political violence,Violence against civilians,Attack,484,North America,Mexico,Sinaloa,Culiacan,Costa Rica,24.5895,-107.392,El Sol de Sinaloa; Riodoce,"Around 26 November 2024 (as reported), in Costa Rica, Sinaloa, two people were killed and their bodies were found burned near Trebol. 2 fatalities.",2,MX25006,Culiacán,2024-12-16,2025-12-16
MEX96182,2024-11-26,2024,Political violence,Violence against civilians,Attack,484,North America,Mexico,Sinaloa,Culiacan,Ejido Canan,24.6422,-107.4418,24 Horas (Mexico); Borderland Beat; El Norte; El Sol de Sinaloa; Entorno Informativo; La Prensa de Monclova; La Silla Rota; La Verdad; Noroeste; Riodoce; SDP Noticias; Zeta Tijuana,"Around 26 November 2024 (as reported), near Ejido Canan, Sinaloa, six men were killed and their bodies were found with gunshot wounds and signs of torture in front of the Faculty of Agronomy of the Autonomous University of Sinaloa (UAS) on Culiacan-Eldorado road. Three of the bodies were semi-naked, some had the hands tied with ropes, and at least one had the head covered with a plastic bag. All the victims had been abducted in the municipality of Navolato in the previous days. The victims were identified as members of Los Mayitos Gang. The perpetrators were members of Los Chapitos Gang. A video was recorded when the victims were interrogated and at least of them were killed during the recording. The video was shared on social media. 6 fatalities.",6,MX25006,Culiacán,2024-12-16,2025-12-16
MEX96191,2024-11-26,2024,Political violence,Violence against civilians,Attack,484,North America,Mexico,Veracruz de Ignacio de la Llave,Coatzacoalcos,Coatzacoalcos,18.1379,-94.453,La Silla Rota,"On 26 November 2024, in Coatzacoalcos, Veracruz de Ignacio de la Llave, according to witnesses, two individuals shot and killed a man in Fraccionamiento Santa Martha. The perpetrators left a cardboard with a threatening message next to the body, got on a motorcycle, and fled. 1 fatality.",1,MX30039,Coatzacoalcos,2024-12-16,2025-12-16
MEX96273,2024-11-28,2024,Political violence,Battles,Armed clash,484,North America,Mexico,Sinaloa,Culiacan,Costa Rica,24.5895,-107.392,El Sol de Sinaloa; Noroeste; Riodoce,"Around 28 November 2024 (as reported), in Costa Rica, Sinaloa, a man was killed and his body was found wrapped in plastics and tied up. The victim was a municipal police officer who was a bodyguard of the director. The victim had been previously kidnapped in Quila. 1 fatality.",1,MX25006,Culiacán,2024-12-16,2025-12-16
MEX96294,2024-11-29,2024,Political violence,Violence against civilians,Attack,484,North America,Mexico,Michoacán,Zinapecuaro,Jerahuaro,19.8802,-100.6431,La Voz de Michoacan; MiMorelia,"Around 29 November 2024 (as reported), in Jerahuaro, Michoacan de Ocampo, a man was killed and his dismembered body was found on the Maravatio-Morelia. According to the authorities, this and other attack perpetrated the day before in the municipality of Querendaro (coded separately) are linked to the conflict between the Jalisco New Generation Cartel (CJNG) and Grupo X Gang. 1 fatality.",1,MX16110,Zinapécuaro,2024-12-16,2025-12-16
MEX96298,2024-11-29,2024,Political violence,Battles,Armed clash,484,North America,Mexico,Sinaloa,Culiacan,Costa Rica,24.5895,-107.392,El Sol de Sinaloa; Riodoce,"On 29 November 2024, in Costa Rica, Sinaloa, there was an armed clash between armed men around Trebolon the Culiacan-Eldorado highway. Casualties unknown.",0,MX25006,Culiacán,2024-12-16,2025-12-16
MEX96325,2024-11-29,2024,Political violence,Violence against civilians,Attack,484,North America,Mexico,Sinaloa,Culiacan,Costa Rica,24.5895,-107.392,Mural,"On 29 November 2024, in Costa Rica, Sinaloa, according to witnesses, armed men entered a building in the intersection of Ahome and El Rosario streets, where people were having a vigil, and shot and killed a man. 1 fatality.",1,MX25006,Culiacán,2024-12-16,2025-12-16
MEX96488,2024-12-03,2024,Political violence,Violence against civilians,Attack,484,North America,Mexico,Nuevo León,Monterrey,Monterrey,25.6647,-100.311,Quadratin Oaxaca; Riodoce,"On 3 December 2024, around Monterrey, Nuevo Leon, armed individuals shot and killed a journalist on the road between Monterrey and San Pedro Garza Garcia. The victim was editor-in-chief of the Diario Digital Online news portal in the state. The victim was also a consultant and lecturer on topics related to the business world. 1 fatality.",1,MX19039,Monterrey,2024-12-16,2025-12-16
MEX96489,2024-12-03,2024,Political violence,Violence against civilians,Attack,484,North America,Mexico,Nuevo León,Monterrey,Monterrey,25.6647,-100.311,El Norte; Milenio,"On 3 December 2024, in Monterrey, Nuevo Leon, several armed men travelling in two vehicles shot and killed a man in a drive-by in the south part of the city. Also, armed individuals intercepted a man driving a car in Colonia Valle del Mirador and opened fire at him (drive-by) and fled the scene. 2 fatalities.",2,MX19039,Monterrey,2024-12-16,2025-12-16
MEX96501,2024-12-03,2024,Political violence,Violence against civilians,Attack,484,North America,Mexico,Sinaloa,Culiacan,Ejido Canan,24.6422,-107.4418,Noroeste; Riodoce,"Around 3 December 2024 (as reported), in Ejido Canan, Sinaloa, three men were killed and their bodies were found with signs of torture, the 'tiro de gracia' and messages on the Culiacan-Eldorado highway. 3 fatalities.",3,MX25006,Culiacán,2024-12-16,2025-12-16
MEX96595,2024-12-05,2024,Political violence,Violence against civilians,Attack,484,North America,Mexico,Nuevo León,Monterrey,Monterrey,25.6647,-100.311,El Norte,"Around 5 December 2024 (as reported), in Monterrey, Nuevo Leon, a man was killed and his body was found wrapped in a blanket in Colonia La Alianza inside a car. 1 fatality.",1,MX19039,Monterrey,2024-12-16,2025-12-16
MEX96625,2024-12-06,2024,Political violence,Violence against civilians,Attack,484,North America,Mexico,Nuevo León,Monterrey,Monterrey,25.6647,-100.311,El Norte,"Around 6 December 2024 (as reported), in Monterrey, Nuevo Leon, a man was killed and his body was found stabbed in his neck and with his hands and feet taped in Colonia Las Quintas. 1 fatality.",1,MX19039,Monterrey,2024-12-16,2025-12-16
MEX96731,2024-12-12,2024,Political violence,Violence against civilians,Attack,484,North America,Mexico,Sinaloa,Culiacan,Costa Rica,24.5895,-107.392,Noroeste; Riodoce,"Around 12 December 2024 (as reported), in Costa Rica, Sinaloa, a man was killed and his body was found with gunshot wounds, the hands and feet tied, and the head wrapped in plastic on 19 road, in the area known as 'El Trebol', near the bridge connecting Culiaca-Eldorado road. Relatives of the victim were abducted in Culiacan Rosales on 13 December 2024 (coded separately). 1 fatality.",1,MX25006,Culiacán,2024-12-16,2025-12-16
MEX96732,2024-12-10,2024,Political violence,Violence against civilians,Attack,484,North America,Mexico,Sinaloa,Culiacan,Costa Rica,24.5895,-107.392,El Sol de Sinaloa,"Around 10 December 2024 (as reported), in Costa Rica, Sinaloa, two people were killed and their bodies were found with signs of torture. A message was found next to both bodies. 2 fatalities.",2,MX25006,Culiacán,2024-12-16,2025-12-16
MEX96907,2024-12-14,2024,Political violence,Violence against civilians,Attack,484,North America,Mexico,Nuevo León,Monterrey,Monterrey,25.6647,-100.311,Milenio,"On 14 December 2024, in Monterrey, Nuevo Leon, two armed men opened fire and shot a man in the center of the city. 1 fatality.",1,MX19039,Monterrey,2024-12-16,2025-12-16
MEX96946,2024-12-15,2024,Political violence,Violence against civilians,Attack,484,North America,Mexico,Nuevo León,Guadalupe,Guadalupe,25.6773,-100.2599,Milenio,"On 15 December 2024, in Guadalupe, Nuevo Leon, two armed individuals opened fire at a man outside his home in Colonia Miguel de la Madrid and fled the scene. 1 fatality.",1,MX19026,Guadalupe,2024-12-16,2025-12-16
MEX98334,2024-10-08,2024,Political violence,Violence against civilians,Attack,484,North America,Mexico,Nuevo León,Monterrey,Monterrey,25.6647,-100.311,El Norte,"Around 8 October 2024 (as reported), in Monterrey, Nuevo Leon, a man was killed and his dismembered body was found inside three plastic bags on Juventino Rosas street, in Colonia Nuevo Repueblo. 1 fatality.",1,MX19039,Monterrey,2024-12-16,2025-12-16
MEX105458,2024-10-04,2024,Political violence,Violence against civilians,Attack,484,North America,Mexico,Ciudad de Mexico,Milpa Alta,Ciudad de Mexico - Milpa Alta,19.1925,-99.0232,El Norte; La Jornada,"On 4 October 2024, in Ciudad de Mexico - Milpa Alta, members of Los Estupidos Gang killed a man in colonia San Pablo Oztotepec. The perpetrators were arrested around 9 June 2025. 1 fatality.",1,MX09009,Milpa Alta,2024-12-16,2025-12-16
MEX100305,2024-10-20,2024,Political violence,Violence against civilians,Attack,484,North America,Mexico,Sinaloa,Navolato,Navolato,24.7672,-107.6968,Milenio,"Around 20 October 2024 (as reported), in Navolato, Sinaloa, a man was admitted to a hospital with signs of violence and handcuffs on 27 October. The victim reported that he was kidnapped 7 days earlier. 1 injury.",0,MX25018,Navolato,2024-12-16,2025-12-16
MEX100970,2024-10-13,2024,Political violence,Violence against civilians,Sexual violence,484,North America,Mexico,Hidalgo,Pachuca de Soto,Pachuca de Soto,20.1224,-98.737,Milenio,"On 13 October 2024, in Pachuca de Soto, Hidalgo, two men kidnapped a woman and sexually abused her. She was rescued by the police around fraccionamiento Los Cedros. Both men were arrested.",0,MX13048,Pachuca de Soto,2024-12-16,2025-12-16
MEX101127,2024-10-10,2024,Political violence,Battles,Armed clash,484,North America,Mexico,Sinaloa,Culiacan,Culiacan Rosales,24.8088,-107.394,Milenio,"On 10 October 2024, in Culiacan Rosales, Sinaloa, armed individuals in at least one vehicle shot at a house in fraccionamiento Stanza Torralba. According to witnesses, people inside the house fired back, however, this was not confirmed by the authorities. The perpetrators threw tire-puncture devices to avoid being pursued by the authorities. There were no casualties.",0,MX25006,Culiacán,2024-12-16,2025-12-16
MEX92965,2024-09-17,2024,Political violence,Violence against civilians,Attack,484,North America,Mexico,Guanajuato,Leon,Leon de los Aldama,21.122,-101.6832,Zona Franca,"On 17 September 2024, in Leon de los Aldama, Guanajuato, two armed individuals entered a store in the intersection of Brisa de Braga and Brisa de Sintra, in Colonia Brisas del Campestre, and shot and killed a man who was playing with a slot machine. 1 fatality.",1,MX11020,León,2024-12-16,2025-12-16
MEX92966,2024-09-17,2024,Political violence,Violence against civilians,Attack,484,North America,Mexico,Guanajuato,Leon,Leon de los Aldama,21.122,-101.6832,Zona Franca,"Around 17 September 2024 (as reported), near Leon de los Aldama, Guanajuato, a man was killed and his body was found wrapped in a blanket on a path leading to the community of Ojo de Agua. 1 fatality.",1,MX11020,León,2024-12-16,2025-12-16
MEX92967,2024-09-17,2024,Political violence,Violence against civilians,Attack,484,North America,Mexico,Guanajuato,Leon,Leon de los Aldama,21.122,-101.6832,Zona Franca,"On 17 September 2024, in Leon de los Aldama, Guanajuato, armed individuals on a motorbike shot and killed a man on Antonio Martinez Aguayo, in Colonia Sinarquistas, bordering Colonia Canada Real (drive-by). 1 fatality.",1,MX11020,León,2024-12-16,2025-12-16
MEX92968,2024-09-18,2024,Political violence,Violence against civilians,Attack,484,North America,Mexico,Guanajuato,Leon,Leon de los Aldama,21.122,-101.6832,Zona Franca,"On 18 September 2024, in Leon de los Aldama, Guanajuato, two men got out of a car and opened fire at two men and one woman in Colonia Parques de San Juan and then fled the scene with several armed men. Both men died and the woman was injured. 2 fatalities, 1 injury.",2,MX11020,León,2024-12-16,2025-12-16
MEX92969,2024-09-19,2024,Political violence,Violence against civilians,Attack,484,North America,Mexico,Guanajuato,Leon,Leon de los Aldama,21.122,-101.6832,La Silla Rota,"On 19 September 2024, in Leon de los Aldama, Guanajuato, one armed man opened fire at a couple and their daughter who attempted to flee the scene in Colonia Villas de San Juan. The armed man fled the scene on a motorcycle with an accomplice. The 13 year old girl died as a result. 1 fatality.",1,MX11020,León,2024-12-16,2025-12-16
MEX92970,2024-09-19,2024,Political violence,Violence against civilians,Attack,484,North America,Mexico,Guanajuato,Leon,Leon de los Aldama,21.122,-101.6832,La Silla Rota; Milenio,"On 19 September 2024, in Leon de los Aldama, Guanajuato, armed men on a motorcycle shot and killed the local Chief of Mobility Inspection and Vigilance while he was riding in his car between Colonia Los Pinos y Fracciones Hacienda La Pompa. 1 fatality.",1,MX11020,León,2024-12-16,2025-12-16
MEX92971,2024-09-19,2024,Political violence,Violence against civilians,Attack,484,North America,Mexico,Guanajuato,Leon,Leon de los Aldama,21.122,-101.6832,Zona Franca,"On 19 September 2024, in Leon de los Aldama, Guanajuato, armed men in a vehicle and a truck opened fire from the vehicles at a man walking on the street in Colonia Villas de Nuestra Senora de la Luz (drive-by). 1 fatality.",1,MX11020,León,2024-12-16,2025-12-16
MEX92972,2024-09-20,2024,Political violence,Violence against civilians,Attack,484,North America,Mexico,Guanajuato,Leon,Leon de los Aldama,21.122,-101.6832,Zona Franca,"On 20 September 2024, in Leon de los Aldama, Guanajuato, one armed individual opened fire at a man in Colonia La Selva and then fled the scene with an accomplice. The victim died as a result. 1 fatality.",1,MX11020,León,2024-12-16,2025-12-16
MEX92973,2024-09-20,2024,Political violence,Violence against civilians,Abduction/forced disappearance,484,North America,Mexico,Guanajuato,Leon,Leon de los Aldama,21.122,-101.6832,Zona Franca,"On 20 September 2024, in Leon de los Aldama, Guanajuato, three men kidnapped a woman in Colonia Canada del Refugio. Police officers intervened at the exit to Lagos de Moreno and arrested the three men and released the kidnapped woman.",0,MX11020,León,2024-12-16,2025-12-16
MEX93122,2024-09-17,2024,Political violence,Violence against civilians,Attack,484,North America,Mexico,Sinaloa,Culiacan,Culiacan Rosales,24.8088,-107.394,Noroeste,"On 17 September 2024, in Culiacan Rosales, Sinaloa, two armed men entered a clothing store on Constituyente Francisco Mojica Novena street, by De los Constituyentes avenue, in Colonia Industrial El Palmito, and shot and injured woman who owns the store. The perpetrators fled in a vehicle.",0,MX25006,Culiacán,2024-12-16,2025-12-16
MEX93123,2024-09-17,2024,Political violence,Violence against civilians,Attack,484,North America,Mexico,Sinaloa,Culiacan,Culiacan Rosales,24.8088,-107.394,El Sol de Sinaloa; Noroeste,"Around 17 September 2024 (as reported), in Culiacan Rosales, Sinaloa, two men were killed and their bodies were found wrapped in blankets on Chichichanqui street, between Miguel Hidalgo and Tlolotepec streets, in Colonia Ampliacion El Barro, one street away from the road leading to Sanalona. There were toy cars and a plastic yellow tray over their bodies. This event is likely related to the ongoing fight between the Sinaloa Cartel factions of Los Mayitos and Los Chapitos gangs in the municipality of Culiacan that started on 9 September (coded separately). 2 fatalities.",2,MX25006,Culiacán,2024-12-16,2025-12-16
MEX93125,2024-09-18,2024,Political violence,Violence against civilians,Abduction/forced disappearance,484,North America,Mexico,Sinaloa,Culiacan,Culiacan Rosales,24.8088,-107.394,Milenio; Riodoce,"On 18 September 2024, in Culiacan Rosales, Sinaloa, several armed individuals kidnapped a person in Colonia 22 de diciembre. The whereabouts of the kidnapped individual remain unknown.",0,MX25006,Culiacán,2024-12-16,2025-12-16
MEX93126,2024-09-18,2024,Political violence,Violence against civilians,Attack,484,North America,Mexico,Sinaloa,Culiacan,Culiacan Rosales,24.8088,-107.394,El Blog del Narco; La Jornada; Milenio; Riodoce; Tabasco Hoy,"Around 18 September 2024 (as reported), in Culiacan Rosales, Sinaloa, three men were killed and their bodies were found underneath a bridge on La Costerita. Two were decapitated and the men's hands were tied with tape. All three men were reported as missing. The same day, a woman was killed and her body was found in Colonia El Barrio with his hands tied, wrapped in a blanket and with bullet wounds. The bodies bore signs of torture. 4 fatalities.",4,MX25006,Culiacán,2024-12-16,2025-12-16
MEX93127,2024-09-19,2024,Political violence,Battles,Armed clash,484,North America,Mexico,Sinaloa,Culiacan,Culiacan Rosales,24.8088,-107.394,Borderland Beat,"Around 19 September 2024 (as reported), in Culiacan Rosales, Sinaloa, a woman was killed by suspected members of Los Mayitos and her body was found with a frog in her mouth and a walkie talkie next to her. The walkie-talkie is suspected to mean the woman is the eyes and ears for the Los Chapos and the frog is suspected to mean she is a traitor. The event is likely related to the ongoing fight between the Sinaloa Cartel factions of Los Mayitos and Los Chapitos gangs in the municipality of Culiacan that started on 9 September. 1 fatality.",1,MX25006,Culiacán,2024-12-16,2025-12-16
MEX93128,2024-09-19,2024,Political violence,Violence against civilians,Attack,484,North America,Mexico,Sinaloa,Culiacan,Culiacan Rosales,24.8088,-107.394,El Siglo de Durango; Riodoce,"Around 19 September 2024 (between 18 September - 19 September), in Culiacan Rosales, Sinaloa, a man was killed and his body was found with signs of torture and wrapped in a blanket in Colonia La Costera. The man was kidnapped on 18 September. 1 fatality.",1,MX25006,Culiacán,2024-12-16,2025-12-16
MEX93131,2024-09-20,2024,Political violence,Violence against civilians,Attack,484,North America,Mexico,Sinaloa,Culiacan,Culiacan Rosales,24.8088,-107.394,Riodoce,"Around 20 September 2024 (as reported), in Culiacan Rosales, Sinaloa, a man was killed and his body was found wrapped in plastic in Colonia 22 de diciembre.",1,MX25006,Culiacán,2024-12-16,2025-12-16
MEX93132,2024-09-20,2024,Political violence,Violence against civilians,Attack,484,North America,Mexico,Sinaloa,Culiacan,Culiacan Rosales,24.8088,-107.394,El Siglo de Durango; Riodoce,"Around 20 September 2024 (as reported), in Culiacan Rosales, Sinaloa, two men were killed and their bodies were found with gunshot wounds, signs of torture and with their hands tied. One of the victims had a bag over his head on the side of the Mexico 15 international highway. It is suspected that the victims were brothers. 2 fatalities.",2,MX25006,Culiacán,2024-12-16,2025-12-16
MEX93217,2024-09-21,2024,Political violence,Violence against civilians,Attack,484,North America,Mexico,Guanajuato,Apaseo el Alto,Marroquin,20.5131,-100.5599,La Jornada; Milenio; Zona Franca,"Around 21 September 2024 (as reported), in Marroquin, Guanajuato, the former candidate for mayor of Apaseo el Alto from the Green Ecologist Party of Mexico was killed and his body was found on a dirt road that leads to the community of Marroquin. It is suspected that the politician had been kidnapped before. The victim was found with signs of violence and bullet wounds. The victim was a treasurer in two administrations of the Apaseo el Alto government. He also worked as campaign coordinator for a Morena's candidate for mayor, who was killed in the 2018 election. 1 fatality.",1,MX11004,Apaseo el Alto,2024-12-16,2025-12-16
MEX93232,2024-09-21,2024,Political violence,Battles,Armed clash,484,North America,Mexico,Sinaloa,Culiacan,Culiacan Rosales,24.8088,-107.394,El Blog del Narco; El Sol de Sinaloa; La Jornada; Riodoce,"On 21 September 2024, in Culiacan Rosales, Sinaloa, there was an armed clash among municipal police and military officers against armed individuals during a police patrol around Desarrollo Urbano Tres Rios. Three armed men were killed, including a leader of Los Chapitos gang. Two were arrested and two military officers were injured. 3 fatalities.",3,MX25006,Culiacán,2024-12-16,2025-12-16
MEX93233,2024-09-21,2024,Political violence,Violence against civilians,Attack,484,North America,Mexico,Sinaloa,Culiacan,Culiacan Rosales,24.8088,-107.394,Borderland Beat; El Siglo de Durango; El Sol de Sinaloa; La Jornada; Riodoce,"Around 21 September 2024 (as reported), in Culiacan Rosales, Sinaloa, five men were killed and their bodies were found with their hands tied up and with hats on the exit of the highway 15. In another event, a man was killed and the body was found with signs of torture and the hands tied up to the back around La Costerita. 6 fatalities.",6,MX25006,Culiacán,2024-12-16,2025-12-16
MEX93241,2024-09-22,2024,Political violence,Violence against civilians,Attack,484,North America,Mexico,Guanajuato,Leon,Leon de los Aldama,21.122,-101.6832,Milenio; Zona Franca,"On 22 September 2024, in Leon de los Aldama, Guanajuato, armed individuals entered a house and killed two young men in Colonia Nuevo Leon. The perpetrators set fire to the door and window of the house. 2 fatalities.",2,MX11020,León,2024-12-16,2025-12-16
MEX93258,2024-09-22,2024,Political violence,Violence against civilians,Abduction/forced disappearance,484,North America,Mexico,Sinaloa,Culiacan,Culiacan Rosales,24.8088,-107.394,Riodoce,"On 22 September 2024, in Culiacan Rosales, Sinaloa, armed individuals kidnapped a man who was intercepted by them in the south part of the city. The gunmen also placed objects to damage tires on the road. The victim's whereabouts are unknown.",0,MX25006,Culiacán,2024-12-16,2025-12-16
MEX93348,2024-09-24,2024,Political violence,Violence against civilians,Attack,484,North America,Mexico,Guanajuato,Leon,Leon de los Aldama,21.122,-101.6832,La Silla Rota,"On 24 September 2024, in Leon de los Aldama, Guanajuato, armed individuals on a motorcycle chased and shot at a taxi driver traveling in a taxi with his family on the Jose Maria Morelos highway (drive-by). The driver's son died as a result and he and his wife were injured. 1 fatality, 2 injuries.",1,MX11020,León,2024-12-16,2025-12-16
MEX93349,2024-09-24,2024,Political violence,Violence against civilians,Attack,484,North America,Mexico,Guanajuato,Leon,Leon de los Aldama,21.122,-101.6832,Zona Franca,"On 24 September 2024, in Leon de los Aldama, Guanajuato, four men on two motorcycles interrupted a wake for a nine-year-old girl who was killed the week before and opened fire at the attendees, killing one man and injuring five on Villas de San Juan boulevard. 1 fatality, 4 injuries.",1,MX11020,León,2024-12-16,2025-12-16
MEX93376,2024-09-24,2024,Political violence,Violence against civilians,Abduction/forced disappearance,484,North America,Mexico,Sinaloa,Culiacan,Culiacan Rosales,24.8088,-107.394,El Blog del Narco,"On 24 September 2024, in Culiacan Rosales, Sinaloa, armed men intercepted a woman public servant from the Municipal Sewerage and Potable Water Board (JAPAC) and kidnapped her. This attack is likely related to a wave of violence triggered by clashes between factions of the Sinaloa Cartel which started on 9 September (coded separately). The whereabouts remain unknown.",0,MX25006,Culiacán,2024-12-16,2025-12-16
MEX93377,2024-09-24,2024,Political violence,Violence against civilians,Attack,484,North America,Mexico,Sinaloa,Culiacan,Culiacan Rosales,24.8088,-107.394,Riodoce,"On 24 September 2024, in Culiacan Rosales, Sinaloa, unknown armed individuals opened fire at the facade of a home in Colonia Guadalupe Victoria. There was a woman inside the house. This attack is likely related to a wave of violence triggered by clashes between factions of the Sinaloa Cartel which started on 9 September (coded separately). There were no injuries.",0,MX25006,Culiacán,2024-12-16,2025-12-16
MEX93378,2024-09-24,2024,Political violence,Violence against civilians,Attack,484,North America,Mexico,Sinaloa,Culiacan,Culiacan Rosales,24.8088,-107.394,El Sol de Sinaloa,"Around 24 September 2024 (as reported), in Culiacan Rosales, Sinaloa, a man was killed and his body was found with signs of torture on the free highway south of Barrancas. This attack is likely related to a wave of violence triggered by clashes between factions of the Sinaloa Cartel which started on 9 September (coded separately). 1 fatality.",1,MX25006,Culiacán,2024-12-16,2025-12-16
MEX93401,2024-09-25,2024,Political violence,Violence against civilians,Attack,484,North America,Mexico,Guanajuato,Leon,Leon de los Aldama,21.122,-101.6832,Zona Franca,"On 25 September 2024, in Leon de los Aldama, Guanajuato, according to witnesses, armed individuals forcefully entered a home and shot a man several times and injured him in Colonia Santa Clara. The same day in Leon, one armed individual got out of a car and shot at a woman and a man in Colonia San Miguel and then fled the scene with several other individuals. Both were injured as a result. 3 injuries.",0,MX11020,León,2024-12-16,2025-12-16
MEX93402,2024-09-25,2024,Political violence,Violence against civilians,Attack,484,North America,Mexico,Guanajuato,Leon,Leon de los Aldama,21.122,-101.6832,Zona Franca,"On 25 September 2024, in Leon de los Aldama, Guanajuato, two armed men opened fire from a moving motorcycle at two men outside a home in Colonia Observatorio (drive-by). One man died as a result and the other was injured. 1 fatality, 1 injury.",1,MX11020,León,2024-12-16,2025-12-16
MEX93425,2024-09-25,2024,Political violence,Violence against civilians,Attack,484,North America,Mexico,Sinaloa,Culiacan,Culiacan Rosales,24.8088,-107.394,El Sol de Sinaloa; Riodoce,"Around 25 September 2024 (as reported), in Culiacan Rosales, Sinaloa, two people were killed and their bodies were found with signs of torture and with their hands tied on the international highway 15 La Costerita. This attack is likely related to a wave of violence triggered by clashes between factions of the Sinaloa Cartel which started on 9 September (coded separately). 2 fatalities.",2,MX25006,Culiacán,2024-12-16,2025-12-16
MEX93426,2024-09-25,2024,Political violence,Violence against civilians,Attack,484,North America,Mexico,Sinaloa,Culiacan,Culiacan Rosales,24.8088,-107.394,El Sol de Sinaloa; Noroeste; Riodoce,"On 25 September 2024, in Culiacan Rosales, Sinaloa, armed individuals shot and killed three people and injured a man. The injured man sought help from a military convoy and guided the officers to the location of the bodies, which were semi-buried in a path by the bridge that connects Libramiento Benito Juarez La Costerita and Benjamin Hill avenue in sector Barrancos, on the back of a factory of diary products. This attack is likely related to a wave of violence triggered by clashes between factions of the Sinaloa Cartel which started on 9 September (coded separately). 3 fatalities.",3,MX25006,Culiacán,2024-12-16,2025-12-16
MEX93478,2024-09-26,2024,Political violence,Violence against civilians,Attack,484,North America,Mexico,Sinaloa,Culiacan,Culiacan Rosales,24.8088,-107.394,Noroeste,"Around 26 September 2024 (as reported), in Culiacan Rosales, Sinaloa, a man was killed and his half-naked body was found with signs of torture and the hands tied on a side of La Loma-El Conchal road, a few meters from the bridge that crosses Culiacan-Mazatlan road and connects the communities of La Loma and El Melon. 1 fatality.",1,MX25006,Culiacán,2024-12-16,2025-12-16
MEX93479,2024-09-26,2024,Political violence,Violence against civilians,Attack,484,North America,Mexico,Sinaloa,Culiacan,Culiacan Rosales,24.8088,-107.394,Noroeste,"Around 26 September 2024 (as reported), in Culiacan Rosales, Sinaloa, a man was shot and killed when he resisted being abducted by armed men in a car wash on 21 de Marzo avenue, in Colonia Lazaro Cardenas. This attack is likely related to a wave of violence triggered by clashes between factions of the Sinaloa Cartel which started on 9 September (coded separately). 1 fatality.",1,MX25006,Culiacán,2024-12-16,2025-12-16
MEX93505,2024-09-27,2024,Political violence,Violence against civilians,Attack,484,North America,Mexico,Guanajuato,Leon,Leon de los Aldama,21.122,-101.6832,Zona Franca,"On 27 September 2024, in Leon de los Aldama, Guanajuato, two armed men shot and injured a man on Monte Carmelo street, near Juan Jose Torres Landa boulevard, in Colonia Arroyo Hondo. Also in Leon, two armed men on a motorbike carried an unconscious man to Brisa de Orihuela street, between Circuito Brisa de Caceres and Brisa de Espana boulevard, in Colonia Brisas del Campestre, where they got him off and shot and killed him. 1 fatality.",1,MX11020,León,2024-12-16,2025-12-16
MEX93523,2024-09-27,2024,Political violence,Violence against civilians,Attack,484,North America,Mexico,Sinaloa,Culiacan,Culiacan Rosales,24.8088,-107.394,El Sol de Sinaloa; Riodoce,"Around 27 September 2024 (as reported), in Culiacan Rosales, Sinaloa, six men were killed and their bodies were found with signs of torture and gunshot wounds inside a van with the message 'Welcome to Culiacan' written on it on Mexico 15 road, between the pantheon of Jardines de Humaya and a motel in the south exit of the city. The event is likely related to the ongoing fight between the Sinaloa Cartel factions in the municipality of Culiacan that started on 9 September (coded separately). Also in Culiacan, a man was killed and his body was found on 29 September with gunshot wounds, the head covered in tape, and the hands tied in an area between Libramiento Benito Juarez 'La Costera' and Piggy Back, around 500 meters south of the gas station known as 'Las Cuartas'. The victim had been abducted in Agricultores boulevard on 26 September 2024. 7 fatalities.",7,MX25006,Culiacán,2024-12-16,2025-12-16
MEX93550,2024-09-27,2024,Political violence,Battles,Armed clash,484,North America,Mexico,Sinaloa,Culiacan,Culiacan Rosales,24.8088,-107.394,El Sol de Sinaloa; Noroeste; Quadratin Oaxaca; Riodoce,"On 27 September 2024, in Culiacan Rosales, Sinaloa, army officers and armed individuals clashed on Miguel Hidalgo and Popocatepetl streets, in Colonia El Barrio, in Sector Villa Satelite. A man was killed, and at least four were arrested. The clash initiated when a military convoy identified a group of armed individuals in a van who were shooting and trying to abduct a man on Popocatepetl and Volcan Santa Elena streets. The man was injured but his kidnapping was prevented. 1 fatality.",1,MX25006,Culiacán,2024-12-16,2025-12-16
MEX93617,2024-09-29,2024,Political violence,Violence against civilians,Attack,484,North America,Mexico,Sinaloa,Culiacan,Culiacan Rosales,24.8088,-107.394,El Sol de Sinaloa,"On 29 September 2024, in Culiacan Rosales, Sinaloa, armed men in several vans abducted two men. The victims, with signs of having been hit, were released later on the same day and requested assistance from security officers at an interinstitutional base of operations set neat Splash Club.",0,MX25006,Culiacán,2024-12-16,2025-12-16
MEX93690,2024-09-28,2024,Political violence,Violence against civilians,Attack,484,North America,Mexico,Sinaloa,Culiacan,Culiacan Rosales,24.8088,-107.394,El Siglo de Durango; Noroeste; Riodoce,"On 28 September 2024, in Culiacan Rosales, Sinaloa, armed individuals chased, shot and injured a man that was driving a vehicle along Diego Veladez avenue, known as 'Malecon Nuevo', in Desarrollo Urbano de Tres Rios. The victim, a Colombian national, was abducted when the attackers got to stop his car in the junction to Obregon avenue, and was released later that day. The victim is a digital platforms' driver.",0,MX25006,Culiacán,2024-12-16,2025-12-16
MEX93702,2024-09-28,2024,Political violence,Violence against civilians,Attack,484,North America,Mexico,Sinaloa,Culiacan,Culiacan Rosales,24.8088,-107.394,Quadratin Oaxaca; Riodoce,"On 28 September 2024, in Culiacan Rosales, Sinaloa, at least two people shot and killed a 17 years-old boy outside his house in front of a park on Monte Corno street, between Malinche and Apalache streets, in Fraccionamiento Villa Bonita. 1 fatality.",1,MX25006,Culiacán,2024-12-16,2025-12-16
MEX93703,2024-09-28,2024,Political violence,Violence against civilians,Attack,484,North America,Mexico,Guanajuato,Leon,Leon de los Aldama,21.122,-101.6832,Zona Franca,"Around 28 September 2024 (as reported), in Leon de los Aldama, Guanajuato, at least 12 people were killed and their bodies were found wrapped in blankets into a well in Colonia Industrial San Jorge. The bodies were in different states of decomposition. At least 12 fatalities.",12,MX11020,León,2024-12-16,2025-12-16
MEX93704,2024-09-28,2024,Political violence,Violence against civilians,Attack,484,North America,Mexico,Guanajuato,Leon,Leon de los Aldama,21.122,-101.6832,Zona Franca,"On 28 September 2024, in Leon de los Aldama, Guanajuato, according to witnesses, armed individuals shot and killed a man inside a house on Valle Dupart 206 street by Valle de Arizpe, in Colonia Valle de San Jose. 1 fatality.",1,MX11020,León,2024-12-16,2025-12-16
MEX93710,2024-09-29,2024,Political violence,Violence against civilians,Attack,484,North America,Mexico,Guanajuato,Leon,Leon de los Aldama,21.122,-101.6832,Zona Franca,"On 29 September 2024, in Leon de los Aldama, Guanajuato, four armed men shot at people inside a house on San Ricardo Pampuri street, near San Nicolas de Bari avenue and Eje Metropolitano, killing four people (two men, a woman, and a 16 years-old boy). The perpetrators locked six other minors into a room during the attack. The perpetrators were later arrested on Soriana Maravillas, in the intersection of Juan Alonso de Torres boulevard and Libramiento Jose Maria Morelos. 4 fatalities.",4,MX11020,León,2024-12-16,2025-12-16
MEX93719,2024-09-30,2024,Political violence,Violence against civilians,Attack,484,North America,Mexico,Sinaloa,Culiacan,Culiacan Rosales,24.8088,-107.394,El Sol de Sinaloa; La Jornada; La Verdad; Milenio; Riodoce,"On 30 September 2024, in Culiacan Rosales, Sinaloa, unidentified armed individuals shot and killed the leader of the Regional Livestock Union of Sinaloa inside his house in Desarrollo Urbano Tres Rios. Another man was who worked with him was also killed. The victim was a politician and member of the PRI party. He was a former local deputy and a candidate to the presidency in 2021. 2 fatalities.",2,MX25006,Culiacán,2024-12-16,2025-12-16
MEX93720,2024-09-30,2024,Political violence,Violence against civilians,Abduction/forced disappearance,484,North America,Mexico,Sinaloa,Culiacan,Culiacan Rosales,24.8088,-107.394,Riodoce,"On 30 September 2024, in Culiacan Rosales, Sinaloa, according to the authorities, 10 people were kidnapped by unidentified individuals in different parts of the city. The victim's whereabouts are unknown. These kidnappings are likely related to the wave of attacks and abductions triggered by the internal fights between the Sinaloa Cartel.",0,MX25006,Culiacán,2024-12-16,2025-12-16
MEX93722,2024-09-30,2024,Political violence,Violence against civilians,Attack,484,North America,Mexico,Guanajuato,Leon,Leon de los Aldama,21.122,-101.6832,Zona Franca,"On 30 September 2024, in Leon de los Aldama, Guanajuato, at least four armed men entered a house in Colonia La Fragua and shot at people. The perpetrators ran away in two motorcycles. Two men and a woman were killed and another two people were also injured. 3 fatalities.",3,MX11020,León,2024-12-16,2025-12-16
MEX93730,2024-10-01,2024,Political violence,Violence against civilians,Attack,484,North America,Mexico,Guanajuato,Leon,Leon de los Aldama,21.122,-101.6832,Zona Franca,"On 1 October 2024, in Leon de los Aldama, Guanajuato, several armed men arrived to a house in Colonia Soledad de la Joya. At least two of them entered the house and shot at a woman and a man. The perpetrators ran away with a third accomplice. The woman was killed and the man was injured. 1 fatality.",1,MX11020,León,2024-12-16,2025-12-16
MEX93741,2024-10-02,2024,Political violence,Violence against civilians,Attack,484,North America,Mexico,Guanajuato,Leon,Leon de los Aldama,21.122,-101.6832,Zona Franca,"On 2 October 2024, in Leon de los Aldama, Guanajuato, two armed men on a motorcycle attacked a man leaving his home and chased him to a store where they shot him several times injuring one employee in a grocery store and then another employee at a beauty salon. The victim died as a result and the two injured victims received medical treatment. Also in Leon, several armed individuals shot a man several times in Colonia Cerrito de Juarez. The victim later died as a result. In a third attack in Leon, two women walking on the street opened fire at a man outside his home in Colonia Valle de San Pedro de la Joya II. The victim was identified as the father of an active municipal police officer. 2 fatalities, 3 injuries.",2,MX11020,León,2024-12-16,2025-12-16
MEX93749,2024-10-03,2024,Political violence,Violence against civilians,Attack,484,North America,Mexico,Guanajuato,Leon,Leon de los Aldama,21.122,-101.6832,Zona Franca,"On 3 October 2024, in Leon de los Aldama, Guanajuato, according to witnesses, several armed individuals opened fire and shot a man at the entrance to a junk yard in Colonia San Jose de Cementos who died as a result. The armed individuals fled the scene in a vehicle. 1 fatality.",1,MX11020,León,2024-12-16,2025-12-16
MEX93758,2024-10-04,2024,Political violence,Violence against civilians,Abduction/forced disappearance,484,North America,Mexico,Sinaloa,Culiacan,Culiacan Rosales,24.8088,-107.394,Riodoce,"On 4 October 2024, in Culiacan Rosales, Sinaloa, armed individuals kidnapped nine people who were at a rehabilitation center after they threatened employees of the center, located in the south of the city. The whereabouts of the nine inmates remains unknown.",0,MX25006,Culiacán,2024-12-16,2025-12-16
MEX93760,2024-10-04,2024,Political violence,Violence against civilians,Attack,484,North America,Mexico,Sinaloa,Culiacan,Culiacan Rosales,24.8088,-107.394,Riodoce,"On 4 October 2024, in Culiacan Rosales, Sinaloa, several armed men arrived at a shopping mall in fraccionamiento Loma Linda and opened fire. One man was killed and two people were injured. 1 fatality, 2 injuries.",1,MX25006,Culiacán,2024-12-16,2025-12-16
MEX93767,2024-10-02,2024,Political violence,Battles,Armed clash,484,North America,Mexico,Sinaloa,Culiacan,Culiacan Rosales,24.8088,-107.394,El Sol de Sinaloa,"On 2 October 2024, in Culiacan Rosales, Sinaloa, armed individuals opened fire at military officers and the National Guard who repelled the aggression in Maquio Clouthier leading to a chase near an elementary school. There were no casualties.",0,MX25006,Culiacán,2024-12-16,2025-12-16
MEX93771,2024-10-04,2024,Political violence,Battles,Armed clash,484,North America,Mexico,Sinaloa,Navolato,Navolato,24.7672,-107.6968,El Proceso; El Sol de Sinaloa,"On 4 October 2024, in the municipality of Navolato, Sinaloa, armed clashes were reported between the military and armed individuals. The clash was caused by an attack by the Navy at a vehicle in La Palma (coded separately). An unknown number of individuals were arrested. This clash is suspected to be related to the ongoing fight between factions of the Sinaloa Cartel. Casualties unknown.",0,MX25018,Navolato,2024-12-16,2025-12-16
MEX93779,2024-09-28,2024,Political violence,Battles,Armed clash,484,North America,Mexico,Guanajuato,Leon,Leon de los Aldama,21.122,-101.6832,Zona Franca,"On 28 September 2024, in Leon de los Aldama, Guanajuato, an armed individual shot and injured a bodyguard and former police officer inside Merca Piel shopping mall, on Espanita street, in Zona Piel. The perpetrator fled on a motorbike. The victim works for a businessman. It is unknown whether the businessman was present.",0,MX11020,León,2024-12-16,2025-12-16
MEX93781,2024-10-03,2024,Political violence,Battles,Armed clash,484,North America,Mexico,Sinaloa,Escuinapa,Escuinapa de Hidalgo,22.8317,-105.7789,La Verdad,"On 3 October 2024, in Escuinapa de Hidalgo, Sinaloa, armed rival groups engaged in an armed clash close to the police station El Camaron. One person was killed as a result. 1 fatality.",1,MX25009,Escuinapa,2024-12-16,2025-12-16
MEX93785,2024-09-28,2024,Political violence,Violence against civilians,Attack,484,North America,Mexico,Guanajuato,Leon,Leon de los Aldama,21.122,-101.6832,Zona Franca,"On 28 September 2024, in Leon de los Aldama, Guanajuato, according to witnesses, armed individuals on a motorbike shot and injured a man that was walking on Popular street, near La Luz boulevard, in Colonia Eyupol (drive-by).",0,MX11020,León,2024-12-16,2025-12-16
MEX93801,2024-09-30,2024,Political violence,Violence against civilians,Attack,484,North America,Mexico,Sinaloa,Culiacan,Culiacan Rosales,24.8088,-107.394,El Sol de Sinaloa; Riodoce,"Around 30 September 2024 (as reported), in Culiacan Rosales, Sinaloa, a man was killed and the body was found with signs of torture and his hands tied up to his back in Bulevar Pedro Infante. The victim had been reported missing since 13 September. 1 fatality.",1,MX25006,Culiacán,2024-12-16,2025-12-16
MEX93805,2024-09-30,2024,Political violence,Violence against civilians,Attack,484,North America,Mexico,Guanajuato,Leon,Leon de los Aldama,21.122,-101.6832,Zona Franca,"On 30 September 2024, in Leon de los Aldama, Guanajuato, according to witnesses, two armed men on a motorcycle shot at two men in a drive-by shooting in Colonia La Americas. One victim was killed and the other also died later at the hospital. 2 fatalities.",2,MX11020,León,2024-12-16,2025-12-16
MEX93813,2024-10-01,2024,Political violence,Violence against civilians,Attack,484,North America,Mexico,Guanajuato,Leon,Leon de los Aldama,21.122,-101.6832,Zona Franca,"On 1 October 2024, in Leon de los Aldama, Guanajuato, according to witnesses, two armed men on a motorcycle shot and injured a young man in a drive-by shooting in Colonia Flores Magon. Also in Leon, two armed on a motorcycle men shot and killed a young man in a drive-by shooting in Colonia La Selva. 1 fatality.",1,MX11020,León,2024-12-16,2025-12-16
MEX93819,2024-10-02,2024,Political violence,Violence against civilians,Attack,484,North America,Mexico,Sinaloa,Culiacan,Culiacan Rosales,24.8088,-107.394,Noroeste,"On 2 October 2024, in Culiacan Rosales, Sinaloa, two armed individuals on a motorcycle caught up with a man on a motorcycle and opened fire at him (drive-by) on Kumate Boulevard and Las Torres Boulevard. The man was injured as a result. 1 injury.",0,MX25006,Culiacán,2024-12-16,2025-12-16
MEX93824,2024-10-03,2024,Political violence,Violence against civilians,Attack,484,North America,Mexico,Sinaloa,Culiacan,Culiacan Rosales,24.8088,-107.394,El Sol de Sinaloa; Riodoce,"Around 3 October 2024 (as reported), in Culiacan Rosales, Sinaloa, five men were killed and their bodies were found with signs of torture, gunshot wounds, with their hands tied and with hats on them in Colonia Miguel de la Madrid. 5 fatalities.",5,MX25006,Culiacán,2024-12-16,2025-12-16
MEX93825,2024-10-03,2024,Political violence,Violence against civilians,Attack,484,North America,Mexico,Sinaloa,Escuinapa,Escuinapa de Hidalgo,22.8317,-105.7789,La Prensa de Monclova,"On 3 October 2024, in Escuinapa de Hidalgo, Sinaloa, a group of armed individuals intercepted a woman, handcuffed her, beat her, and tortured her for hours. The woman was later released and drove to the toll booth in Acaponeta where she was assisted by police officers. Earlier the same night, the woman was intercepted by armed men near Villa Union where she was interrogated and later released. 1 injury.",0,MX25009,Escuinapa,2024-12-16,2025-12-16
MEX93844,2024-10-02,2024,Political violence,Battles,Armed clash,484,North America,Mexico,Sinaloa,Culiacan,Culiacan Rosales,24.8088,-107.394,El Sol de Sinaloa; Riodoce,"On 2 October 2024, in Culiacan Rosales, Sinaloa, armed rival groups engaged in an armed clash in Colonia Siete Gotas and Colonia Villas del Real. A house that was used as a drug laboratory and a vehicle were damaged. Casualties unknown.",0,MX25006,Culiacán,2024-12-16,2025-12-16
MEX93914,2024-10-05,2024,Political violence,Violence against civilians,Attack,484,North America,Mexico,Guanajuato,Leon,Leon de los Aldama,21.122,-101.6832,Zona Franca,"On 5 October 2024, in Leon de los Aldama, Guanajuato, according to witnesses, two armed individuals shot and killed a woman in Colonia Las Mandarinas and then fled the scene on a motorcycle. 1 fatality.",1,MX11020,León,2024-12-16,2025-12-16
MEX93915,2024-10-06,2024,Political violence,Violence against civilians,Attack,484,North America,Mexico,Guanajuato,Leon,Leon de los Aldama,21.122,-101.6832,Zona Franca,"Around 6 October 2024 (as reported), in Leon de los Aldama, Guanajuato, a person was killed and the body was found with signs of violence and wrapped in plastic bags in Colonia Paraiso Real. 1 fatality.",1,MX11020,León,2024-12-16,2025-12-16
MEX93916,2024-10-07,2024,Political violence,Violence against civilians,Attack,484,North America,Mexico,Guanajuato,Leon,Leon de los Aldama,21.122,-101.6832,Milenio; Zona Franca,"On 7 October 2024, in Leon de los Aldama, Guanajuato, two armed individuals on a motorbike shot and injured a man on Antonio Martinez Aguayo and Rosa Maria Hernandez Vargas streets, a few meters from Torre 7, in Colonia Canada del Real (drive-by). Another three kids were injured by stray bullets. Also, armed men on a motorbike shot and killed a man driving a motorbike near Fray Alonso de la Veracruz and Origenes streets (drive-by) in Plan de Ayala Santa Rosa. The body of the victim was found in a river. 1 fatality, 1 injured.",1,MX11020,León,2024-12-16,2025-12-16
MEX93917,2024-10-07,2024,Political violence,Violence against civilians,Attack,484,North America,Mexico,Guanajuato,Leon,Leon de los Aldama,21.122,-101.6832,Zona Franca,"Around 7 October 2024 (as reported), in Leon de los Aldama, Guanajuato, a person was killed and the body was found with signs of torture wrapped in a plastic bag in Colonia Noria de Septien. 1 fatality.",1,MX11020,León,2024-12-16,2025-12-16
MEX93918,2024-10-08,2024,Political violence,Battles,Armed clash,484,North America,Mexico,Guanajuato,Leon,Leon de los Aldama,21.122,-101.6832,Zona Franca,"On 8 October 2024, in Leon de los Aldama, Guanajuato, Ministerial, National Guard and army officers clashed with at least two armed individuals during an arrest operation in a house on Torre Tarragona street, near Torre Sevilla street, in Colonia Torres Doradas. One of the armed individuals was injured, and two arrested.",0,MX11020,León,2024-12-16,2025-12-16
MEX93919,2024-10-10,2024,Political violence,Violence against civilians,Attack,484,North America,Mexico,Guanajuato,Leon,Leon de los Aldama,21.122,-101.6832,Zona Franca,"On 10 October 2024, in Leon de los Aldama, Guanajuato, a man was shot and killed in Colonia Los Pinos. The perpetrators were two armed men who ran away on a motorcycle. 1 fatality.",1,MX11020,León,2024-12-16,2025-12-16
MEX93920,2024-10-10,2024,Political violence,Battles,Armed clash,484,North America,Mexico,Guanajuato,Leon,Leon de los Aldama,21.122,-101.6832,Zona Franca,"On 10 October 2024, in Leon de los Aldama, Guanajuato, three armed men shot at a man and a woman in colonia Maria Dolores. The victims are suspected to be drug dealers. The victims were injured.",0,MX11020,León,2024-12-16,2025-12-16
MEX93921,2024-10-11,2024,Political violence,Violence against civilians,Attack,484,North America,Mexico,Guanajuato,Leon,Leon de los Aldama,21.122,-101.6832,Zona Franca,"Around 11 October 2024 (as reported), in Leon de los Aldama, Guanajuato, a person was killed and the human remains were found inside a bag with a message signed by a criminal group in Colonia Leon I. 1 fatality.",1,MX11020,León,2024-12-16,2025-12-16
MEX94056,2024-10-05,2024,Political violence,Violence against civilians,Attack,484,North America,Mexico,Sinaloa,Culiacan,Culiacan Rosales,24.8088,-107.394,Riodoce,"Around 5 October 2024 (as reported), in Culiacan Rosales, Sinaloa, a person was killed and the body was found burning in fraccionamiento Santa Fe. 1 fatality.",1,MX25006,Culiacán,2024-12-16,2025-12-16
MEX94058,2024-10-06,2024,Political violence,Battles,Armed clash,484,North America,Mexico,Sinaloa,Culiacan,Culiacan Rosales,24.8088,-107.394,La Jornada,"On 6 October 2024, in Culiacan Rosales, Sinaloa, unknown armed individuals opened fire and shot at elements of the National Guard in Colonia Guadalupe Victoria. There were no injuries.",0,MX25006,Culiacán,2024-12-16,2025-12-16
MEX94059,2024-10-06,2024,Political violence,Violence against civilians,Attack,484,North America,Mexico,Sinaloa,Culiacan,Culiacan Rosales,24.8088,-107.394,La Jornada,"Around 6 October 2024 (as reported), in Culiacan Rosales, Sinaloa, a person was killed and the body was found wrapped in plastic close to Nuevo Bachigualato. 1 fatality.",1,MX25006,Culiacán,2024-12-16,2025-12-16
MEX94060,2024-10-07,2024,Political violence,Violence against civilians,Attack,484,North America,Mexico,Sinaloa,Culiacan,Culiacan Rosales,24.8088,-107.394,Riodoce,"On 7 October 2024, in Culiacan Rosales, Sinaloa, armed individuals on a motorbike shot at a woman that was driving a vehicle in Fraccionamiento Punta Azul (drive-by). The victim was not injured. There were no casualties.",0,MX25006,Culiacán,2024-12-16,2025-12-16
MEX94061,2024-10-07,2024,Political violence,Violence against civilians,Abduction/forced disappearance,484,North America,Mexico,Sinaloa,Culiacan,Culiacan Rosales,24.8088,-107.394,Riodoce,"On 7 October 2024, in Culiacan Rosales, Sinaloa, at least three individuals wearing tactical clothing abducted the worker of the funeral parlor 'Moreh' in front of the establishment on Emiliano Zapata boulevard and Domingo Rubi avenue, between Colonias Guadalupe and Jorge Almada. The victim's whereabouts are unknown.",0,MX25006,Culiacán,2024-12-16,2025-12-16
MEX94063,2024-10-07,2024,Political violence,Violence against civilians,Attack,484,North America,Mexico,Sinaloa,Culiacan,Culiacan Rosales,24.8088,-107.394,El Sol de Sinaloa,"On 7 October 2024, in Culiacan Rosales, Sinaloa, according to witnesses, armed individuals shot and killed a man in Colonia Renato Vega Alvarado and then fled the scene. 1 fatality.",1,MX25006,Culiacán,2024-12-16,2025-12-16
MEX94064,2024-10-06,2024,Political violence,Violence against civilians,Attack,484,North America,Mexico,Sinaloa,Culiacan,Culiacan Rosales,24.8088,-107.394,Noroeste,"Around 6 October 2024 (between 6 - 7 October), in Culiacan Rosales, Sinaloa, a man was killed and his body was found with signs of torture in Colonia Gustavo Diaz Ordaz. The man was kidnapped on 6 October. 1 fatality.",1,MX25006,Culiacán,2024-12-16,2025-12-16
MEX94065,2024-10-08,2024,Political violence,Violence against civilians,Attack,484,North America,Mexico,Sinaloa,Culiacan,Culiacan Rosales,24.8088,-107.394,El Sol de Sinaloa; Riodoce,"On 8 October 2024, in Culiacan Rosales, Sinaloa, according to witnesses, armed individuals in two vans shot at a car in front of a Costco store on Pedro Infante boulevard, near the tunnel that connects it to Rolando Arjona boulevard, killing two men (drive-by). 2 fatalities.",2,MX25006,Culiacán,2024-12-16,2025-12-16
MEX94066,2024-10-08,2024,Political violence,Violence against civilians,Abduction/forced disappearance,484,North America,Mexico,Sinaloa,Culiacan,Culiacan Rosales,24.8088,-107.394,Noroeste,"On 8 October 2024, in Culiacan Rosales, Sinaloa, armed individuals in two vehicles abducted a man that was with his girlfriend in Colonia 21 de Marzo. The woman was not injured. The victim's whereabouts are unknown.",0,MX25006,Culiacán,2024-12-16,2025-12-16
MEX94067,2024-10-09,2024,Political violence,Violence against civilians,Attack,484,North America,Mexico,Sinaloa,Culiacan,Culiacan Rosales,24.8088,-107.394,Riodoce,"On 9 October 2024, in Culiacan Rosales, Sinaloa, armed individuals abducted the employee of a telephone and internet company that was working in a house in the intersection of Rio Batacudea and Rio Grijalba streets, in Colonia Industrial Bravo. The victim was shot and went to a hospital two hours after the abduction, where he died. 1 fatality.",1,MX25006,Culiacán,2024-12-16,2025-12-16
MEX94068,2024-10-09,2024,Political violence,Violence against civilians,Attack,484,North America,Mexico,Sinaloa,Culiacan,Culiacan Rosales,24.8088,-107.394,La Silla Rota,"Around 9 October 2024 (as reported), in Culiacan Rosales, Sinaloa, a man was killed and his body was found with signs of torture in front of the pantheon in Colonia 21 de Marzo. 1 fatality.",1,MX25006,Culiacán,2024-12-16,2025-12-16
MEX94069,2024-10-10,2024,Political violence,Violence against civilians,Attack,484,North America,Mexico,Sinaloa,Culiacan,Culiacan Rosales,24.8088,-107.394,El Sol de Sinaloa; La Silla Rota; Riodoce,"On 10 October 2024, in Culiacan Rosales, Sinaloa, according to witnesses, two armed men entered the facilities of a hospital and killed a patient. The victim had been previously injured after he had been kidnapped on 23 September and rescued by the police on the same day. 1 fatality.",1,MX25006,Culiacán,2024-12-16,2025-12-16
MEX94072,2024-10-11,2024,Political violence,Violence against civilians,Attack,484,North America,Mexico,Sinaloa,Culiacan,Culiacan Rosales,24.8088,-107.394,Noroeste,"Around 11 October 2024 (as reported), in Culiacan Rosales, Sinaloa, a man was killed and the body was found wrapped in a blanket in fraccionamiento Hacienda del Valle. 1 fatality.",1,MX25006,Culiacán,2024-12-16,2025-12-16
MEX94138,2024-10-11,2024,Political violence,Violence against civilians,Abduction/forced disappearance,484,North America,Mexico,Sinaloa,Culiacan,Culiacan Rosales,24.8088,-107.394,El Sol de Sinaloa,"On 11 October 2024, in Culiacan Rosales, Sinaloa, armed men travelling in two vehicles kidnapped two men in Colonia Industrial El Palmito. The victim's whereabouts are unknown.",0,MX25006,Culiacán,2024-12-16,2025-12-16
MEX94140,2024-10-14,2024,Political violence,Violence against civilians,Abduction/forced disappearance,484,North America,Mexico,Sinaloa,Culiacan,Culiacan Rosales,24.8088,-107.394,El Sol de Sinaloa,"On 14 October 2024, in Culiacan Rosales, Sinaloa, at least four men kidnapped a man while he was in the car with his mother in Colonia Villa Andalucia. The whereabouts of the man remain unknown.",0,MX25006,Culiacán,2024-12-16,2025-12-16
MEX94141,2024-10-17,2024,Political violence,Violence against civilians,Abduction/forced disappearance,484,North America,Mexico,Sinaloa,Culiacan,Culiacan Rosales,24.8088,-107.394,El Norte,"On 17 October 2024, in Culiacan Rosales, Sinaloal according to witnesses, armed individuals abducted a man from his house in Fraccionamiento Valle del Sol. The victim's whereabouts are unknown.",0,MX25006,Culiacán,2024-12-16,2025-12-16
MEX94161,2024-10-14,2024,Political violence,Battles,Armed clash,484,North America,Mexico,Sinaloa,Culiacan,Culiacan Rosales,24.8088,-107.394,Riodoce,"On 14 October 2024, in Culiacan Rosales, Sinaloa, unknown armed individuals opened fire at elements of the National Guard in Colonia Juntas de Hamaya. Two armed individuals were killed as a result. 2 fatalities.",2,MX25006,Culiacán,2024-12-16,2025-12-16
MEX94162,2024-10-12,2024,Political violence,Battles,Armed clash,484,North America,Mexico,Sinaloa,Culiacan,Culiacan Rosales,24.8088,-107.394,Riodoce,"On 12 October 2024, in Culiacan Rosales, Sinaloa, there was an armed clash between armed men and the state police after the armed men tried to steal a police patrol in Santa Fe in sector Humaya. Three armed men were killed and one police officer was injured. 3 fatalities.",3,MX25006,Culiacán,2024-12-16,2025-12-16
MEX94164,2024-10-11,2024,Political violence,Battles,Armed clash,484,North America,Mexico,Sinaloa,Culiacan,Culiacan Rosales,24.8088,-107.394,El Sol de Sinaloa,"On 11 October 2024, in Culiacan Rosales, Sinaloa, according to witnesses, there was an armed clash between armed men that led to a car chase from Las Quintas to Colonia Aurora. There were no casualties.",0,MX25006,Culiacán,2024-12-16,2025-12-16
MEX94178,2024-10-17,2024,Political violence,Battles,Armed clash,484,North America,Mexico,Sinaloa,Culiacan,Culiacan Rosales,24.8088,-107.394,El Sol de Sinaloa; Riodoce,"On 17 October 2024, in Culiacan Rosales, Sinaloa, armed groups clashed across several areas of the city, including El Barrio, Ayune, Emiliano Zapata, El Diez, Portezuelos, Las Quintas, Campo 10, Agua Blanca, La Pitayita, 'the sector of the landfill', El Carrizalejo, Camino Real, Bachigualato, and around the airport and the south entries to the city. These events are likely part of the war between 'Los Chapitos' and 'Los Mayitos' factions of the Sinaloa Cartel. Casualties unknown.",0,MX25006,Culiacán,2024-12-16,2025-12-16
MEX94201,2024-10-14,2024,Political violence,Violence against civilians,Attack,484,North America,Mexico,Guanajuato,Leon,Leon de los Aldama,21.122,-101.6832,Zona Franca,"Around 14 October 2024 (as reported), in Leon de los Aldama, Guanajuato, a woman was killed by unknown assailants and her body was found wrapped in plastic bags in Colonia Brisas del Campestre. 1 fatality.",1,MX11020,León,2024-12-16,2025-12-16
MEX94203,2024-10-17,2024,Political violence,Violence against civilians,Attack,484,North America,Mexico,Guanajuato,Leon,Leon de los Aldama,21.122,-101.6832,Zona Franca,"On 17 October 2024, in Leon de los Aldama, Guanajuato, according to witnesses, two armed men entered a house on Costa del Mar Rojo street, in Colonia Santa Maria de Cementos, and shot at two women (mother and daughter). One of the women died and the other was injured. 1 fatality.",1,MX11020,León,2024-12-16,2025-12-16
MEX94206,2024-10-11,2024,Political violence,Violence against civilians,Attack,484,North America,Mexico,Sinaloa,Culiacan,Culiacan Rosales,24.8088,-107.394,El Sol de Sinaloa,"On 11 October 2024, in Culiacan Rosales, Sinaloa, a group of armed men entered a house and kidnapped a man in fraccionamiento Jardin del Parque. The perpetrators shot and injured him during the kidnapping. The victim's whereabouts are unknown.",0,MX25006,Culiacán,2024-12-16,2025-12-16
MEX94207,2024-10-14,2024,Political violence,Violence against civilians,Attack,484,North America,Mexico,Sinaloa,Culiacan,Culiacan Rosales,24.8088,-107.394,La Silla Rota,"On 14 October 2024, in Culiacan Rosales, Sinaloa, according to witnesses, armed individuals in a van attacked two young men on a motorcycle on the Culiacan-Eldorado highway. Both were injured.",0,MX25006,Culiacán,2024-12-16,2025-12-16
MEX94212,2024-10-16,2024,Political violence,Violence against civilians,Attack,484,North America,Mexico,Guanajuato,Leon,Leon de los Aldama,21.122,-101.6832,Zona Franca,"On 16 October 2024, in Leon de los Aldama, Guanajuato, two men on motorcycles shot a teenager and a man who were inside a mechanic's shop in Colonia La Ermita i. Both were injured as a result. The same day, several men shot at a couple outside a home in Colonia Haciendas de Ibarrilla I. One woman and one man were injured as a result. 4 injuries.",0,MX11020,León,2024-12-16,2025-12-16
MEX94214,2024-10-16,2024,Political violence,Violence against civilians,Attack,484,North America,Mexico,Sinaloa,Culiacan,Culiacan Rosales,24.8088,-107.394,El Sol de Sinaloa; Riodoce,"On 16 October 2024, in Culiacan Rosales, Sinaloa, according to witnesses, a group of armed individuals entered Moreh's funeral parlor on Emiliano Zapata boulevard, in Colonia Jorge Almada, and attempted to abduct a man that was attending a funeral. The victim resisted, and the perpetrators hit his head with their weapons and shot into the air. The victim was injured and the perpetrators fled without him. Armed individuals had abducted an employee of the same funeral parlor on 7 October 2024 (coded separately).",0,MX25006,Culiacán,2024-12-16,2025-12-16
MEX94217,2024-10-13,2024,Political violence,Violence against civilians,Attack,484,North America,Mexico,Sinaloa,Culiacan,Culiacan Rosales,24.8088,-107.394,El Sol de Sinaloa,"Around 13 October 2024 (as reported), in Culiacan Rosales, Sinaloa, a person was killed and the body was found wrapped in a blanket around colonia Ampliacion El Barrio. 1 fatality.",1,MX25006,Culiacán,2024-12-16,2025-12-16
MEX94218,2024-10-12,2024,Political violence,Violence against civilians,Attack,484,North America,Mexico,Sinaloa,Culiacan,Culiacan Rosales,24.8088,-107.394,El Sol de Sinaloa; Riodoce,"On 12 October 2024, in Culiacan Rosales, Sinaloa, several armed men shot and killed a man on a motorcycle in front of a taco restaurant in colonia Infonavit Barrancos. 1 fatality.",1,MX25006,Culiacán,2024-12-16,2025-12-16
MEX94231,2024-10-15,2024,Political violence,Violence against civilians,Attack,484,North America,Mexico,Sinaloa,Culiacan,Culiacan Rosales,24.8088,-107.394,El Sol de Sinaloa,"Around 15 October 2024 (as reported), in Culiacan Rosales, Sinaloa, one man was killed and his body was found with signs of torture in fracconamiento Portalegre. Another man with signs of torture was found at the site, but he was still alive. 1 fatality, 1 injury.",1,MX25006,Culiacán,2024-12-16,2025-12-16
MEX94232,2024-10-15,2024,Political violence,Violence against civilians,Attack,484,North America,Mexico,Guanajuato,Leon,Leon de los Aldama,21.122,-101.6832,Zona Franca,"On 15 October 2024, in Leon de los Aldama, Guanajuato, one armed individual shot a man at least ten times as he left his home in Colonia in fraccionamiento Torres de San Nicolas and fled the scene with a second individual. The man was injured as a result. The same day, two armed men on a motorcycle opened fire at two men in Colonia Valle de San Jose. One man died as a result and the other was injured. 1 fatality, 2 injuries.",1,MX11020,León,2024-12-16,2025-12-16
MEX94233,2024-10-14,2024,Political violence,Violence against civilians,Attack,484,North America,Mexico,Guanajuato,Leon,Leon de los Aldama,21.122,-101.6832,Zona Franca,"On 14 October 2024, in Leon de los Aldama, Guanajuato, two men shot and killed a man outside his home in Colonia Valle de Jerez. 1 fatality.",1,MX11020,León,2024-12-16,2025-12-16
MEX94239,2024-10-18,2024,Political violence,Violence against civilians,Attack,484,North America,Mexico,Sinaloa,Culiacan,Culiacan Rosales,24.8088,-107.394,El Sol de Sinaloa; Riodoce,"On 18 October 2024, in Culiacan Rosales, Sinaloa, according to witnesses, an armed group entered a store where a man was playing with slot machines on Mina de Tayoltita street, between Miguel de la Madrid Hurtado and Luis Echevarria avenues, in Colonia Huizaches (another version indicates that this is located in Colonia Miguel de la Madrid), took him out of the establishment, and shot and killed him. 1 fatality.",1,MX25006,Culiacán,2024-12-16,2025-12-16
MEX94250,2024-10-17,2024,Political violence,Violence against civilians,Attack,484,North America,Mexico,Sinaloa,Culiacan,Culiacan Rosales,24.8088,-107.394,El Siglo de Durango; El Sol de Sinaloa; Riodoce,"Around 17 October 2024 (as reported), in Culiacan Rosales, Sinaloa, two individuals shot and killed a man on Antonio Castro street, near a fire station and Number 22 secondary school, in Colonia Ignacio Allende. Also in Culiacan Rosales, a man was killed and his body was found with gunshot wounds, signs of torture and wrapped in canvas on a side of the road to Sanalona, in Colonia El Barrio. 2 fatalities.",2,MX25006,Culiacán,2024-12-16,2025-12-16
MEX94256,2024-10-18,2024,Political violence,Violence against civilians,Attack,484,North America,Mexico,Guanajuato,Leon,Leon de los Aldama,21.122,-101.6832,La Silla Rota,"Around 18 October 2024 (month of), in Leon de los Aldama, Guanajuato, four people were killed and their bodies were found buried inside plastic bags and in an advanced state of decomposition in the area around Colonia Los Castillos and the community of Los Ramirez. 4 fatalities.",4,MX11020,León,2024-12-16,2025-12-16
MEX94267,2024-10-11,2024,Political violence,Violence against civilians,Attack,484,North America,Mexico,Guanajuato,Leon,Leon de los Aldama,21.122,-101.6832,Zona Franca,"On 11 October 2024, in Leon de los Aldama, Guanajuato, armed men in a vehicle shot and injured a man in a drive-by in Colonia La Florida.",0,MX11020,León,2024-12-16,2025-12-16
MEX94270,2024-10-13,2024,Political violence,Violence against civilians,Attack,484,North America,Mexico,Sinaloa,Culiacan,Culiacan Rosales,24.8088,-107.394,El Sol de Sinaloa,"On 13 October 2024, in Culiacan Rosales, Sinaloa, armed men on a motorcycle shot and killed a man (drive-by) in fraccionamiento Lomas de San Isidro. 1 fatality.",1,MX25006,Culiacán,2024-12-16,2025-12-16
MEX94271,2024-10-12,2024,Political violence,Violence against civilians,Attack,484,North America,Mexico,Sinaloa,Culiacan,Culiacan Rosales,24.8088,-107.394,El Sol de Sinaloa; Riodoce,"Around 12 October 2024 (as reported), in Culiacan Rosales, Sinaloa, a man was killed and the body was found burned in fraccionamiento Lomas de San Isidro. 1 fatality.",1,MX25006,Culiacán,2024-12-16,2025-12-16
MEX94282,2024-10-15,2024,Political violence,Violence against civilians,Attack,484,North America,Mexico,Sinaloa,Culiacan,Culiacan Rosales,24.8088,-107.394,Riodoce,"Around 15 October 2024 (as reported), in Culiacan Rosales, Sinaloa, a man was killed and his body was found with his hands tied to his back and more than 100 gunshot wounds to his body close to the fairgrounds. 1 fatality.",1,MX25006,Culiacán,2024-12-16,2025-12-16
MEX94294,2024-10-17,2024,Political violence,Violence against civilians,Attack,484,North America,Mexico,Guanajuato,Leon,Leon de los Aldama,21.122,-101.6832,Zona Franca,"On 17 October 2024, in Leon de los Aldama, Guanajuato, armed men on a motorbike shot and killed a man in the intersection of Doctor Barajas and Faisan streets, in Colonia San Sebastian (drive-by). 1 fatality.",1,MX11020,León,2024-12-16,2025-12-16
MEX94303,2024-10-14,2024,Political violence,Violence against civilians,Attack,484,North America,Mexico,Sinaloa,Culiacan,Culiacan Rosales,24.8088,-107.394,El Sol de Sinaloa,"On 14 October 2024, in Culiacan Rosales, Sinaloa, armed individuals intercepted two men on a motorcycle and opened fire at them in Villas del Real (drive-by). Both died as a result. 2 fatalities.",2,MX25006,Culiacán,2024-12-16,2025-12-16
MEX94643,2024-10-18,2024,Political violence,Violence against civilians,Abduction/forced disappearance,484,North America,Mexico,Sinaloa,Culiacan,Culiacan Rosales,24.8088,-107.394,La Prensa de Monclova,"On 18 October 2024, in Culiacan Rosales, Sinaloa, unidentified individuals abducted three people in Colonia Amistad. Two of the victims were later released. The third victim's whereabouts are unknown.",0,MX25006,Culiacán,2024-12-16,2025-12-16
MEX94651,2024-10-19,2024,Political violence,Violence against civilians,Attack,484,North America,Mexico,Sinaloa,Culiacan,Culiacan Rosales,24.8088,-107.394,El Sol de Sinaloa; La Prensa de Monclova,"On 19 October 2024, in Culiacan Rosales, Sinaloa, armed individuals abducted an employee of El Debate newspaper, whose offices were shot and damaged on 17 October 2024 (coded separately). Unidentified individuals initially chased the victim and threw him off his motorcycle on Venustiano Carranza and Hidalgo streets. Injured, the victim hid in a store and then, together with a co-worker, sought medical assistance at the IMSS 1 Hospital. The perpetrators located him at the hospital, where he was abducted. The victim's co-worker was left at the hospital. The victim's whereabouts are unknown.",0,MX25006,Culiacán,2024-12-16,2025-12-16
MEX94652,2024-10-19,2024,Political violence,Violence against civilians,Attack,484,North America,Mexico,Guanajuato,Leon,Leon de los Aldama,21.122,-101.6832,Zona Franca,"Around 19 October 2024 (as reported), in Leon de los Aldama, Guanajuato, a person was killed and the body was found inside plastic bags in the intersection of Hierro and Malaga streets, in Colonia Piletas IV. 1 fatality.",1,MX11020,León,2024-12-16,2025-12-16
MEX94660,2024-10-20,2024,Political violence,Violence against civilians,Abduction/forced disappearance,484,North America,Mexico,Sinaloa,Culiacan,Culiacan Rosales,24.8088,-107.394,El Sol de Acapulco; Noroeste,"On 20 October 2024, in Culiacan Rosales, Sinaloa, according to a witness, armed individuals abducted a man in the baseball fields of La Liga Recursos and fled in a van on Rolando Arjona boulevard. The victim's whereabouts are unknown.",0,MX25006,Culiacán,2024-12-16,2025-12-16
MEX94674,2024-10-22,2024,Political violence,Violence against civilians,Attack,484,North America,Mexico,Sinaloa,Culiacan,Culiacan Rosales,24.8088,-107.394,El Sol de Sinaloa; Riodoce,"Around 22 October 2024 (as reported), in Culiacan Rosales, Sinaloa, a man was killed and the body was found with signs of torture in fraccionamiento Colinas del Bosque. 1 fatality.",1,MX25006,Culiacán,2024-12-16,2025-12-16
MEX94675,2024-10-22,2024,Political violence,Violence against civilians,Abduction/forced disappearance,484,North America,Mexico,Sinaloa,Culiacan,Culiacan Rosales,24.8088,-107.394,Noroeste,"On 22 October 2024, in Culiacan Rosales, Sinaloa, two young men were kidnapped by individuals travelling in two vehicles in colonia Laureles Pinos. The victims' whereabouts are unknown.",0,MX25006,Culiacán,2024-12-16,2025-12-16
MEX94682,2024-10-23,2024,Political violence,Violence against civilians,Attack,484,North America,Mexico,Sinaloa,Culiacan,Culiacan Rosales,24.8088,-107.394,Milenio,"On 23 October 2024, in Culiacan Rosales, Sinaloa, armed individuals opened fire at the facade of a home in Colonia El Barrio. The house and a vehicle outside were damaged. Also in Culiacan, two unknown armed individuals opened fire and shot a man repeatedly in Colonia Francisco I. Madero in Los Huizaches sector. The man injured as a result.",0,MX25006,Culiacán,2024-12-16,2025-12-16
MEX94683,2024-10-23,2024,Political violence,Violence against civilians,Abduction/forced disappearance,484,North America,Mexico,Sinaloa,Culiacan,Culiacan Rosales,24.8088,-107.394,El Sol de Sinaloa; Milenio,"On 23 October 2024, in Culiacan Rosales, Sinaloa, armed individuals traveling in two vehicles kidnapped two men in Colonia Nuevo Culiacan. The men were later released.",0,MX25006,Culiacán,2024-12-16,2025-12-16
MEX94685,2024-10-23,2024,Political violence,Violence against civilians,Attack,484,North America,Mexico,Guanajuato,Leon,Leon de los Aldama,21.122,-101.6832,Zona Franca,"On 23 October 2024, in Leon de los Aldama, Guanajuato, two men on a motorcycle approached a woman and the co-pilot shot her when she attempted to escape in Colonia San Miguel. The woman was injured as a result. 1 injury.",0,MX11020,León,2024-12-16,2025-12-16
MEX94695,2024-10-24,2024,Political violence,Violence against civilians,Attack,484,North America,Mexico,Sinaloa,Culiacan,Culiacan Rosales,24.8088,-107.394,El Sol de Sinaloa; Riodoce,"On 24 October 2024, in Culiacan Rosales, Sinaloa, two armed individuals shot and injured a man playing soccer in fraccionamiento Valle Alto. 1 injury.",0,MX25006,Culiacán,2024-12-16,2025-12-16
MEX94696,2024-10-24,2024,Political violence,Violence against civilians,Attack,484,North America,Mexico,Guanajuato,Leon,Leon de los Aldama,21.122,-101.6832,Milenio,"On 24 October 2024, in Leon de los Aldama, Guanajuato, two men who arrived on a motorcycle shot at a girl and a woman walking on the street in Colonia Balcones de la Joya and then fled the scene. Both were injured as a result. 2 injuries.",0,MX11020,León,2024-12-16,2025-12-16
MEX94706,2024-10-25,2024,Political violence,Violence against civilians,Attack,484,North America,Mexico,Guanajuato,Leon,Leon de los Aldama,21.122,-101.6832,Zona Franca,"On 25 October 2024, in Leon de los Aldama, Guanajuato, two armed individuals got out of a car and opened fire several times at two men in a parking lot between Colonia Santo Domingo and Cementos. The armed men fled the scene with several other individuals in a car. 2 fatalities.",2,MX11020,León,2024-12-16,2025-12-16
MEX94722,2024-10-19,2024,Political violence,Battles,Armed clash,484,North America,Mexico,Sinaloa,Culiacan,Culiacan Rosales,24.8088,-107.394,La Silla Rota; Noroeste; Riodoce,"On 19 October 2024, in Culiacan Rosales, Sinaloa, armed individuals clashed on Presidente Mariano Paredes street, between Adolfo Ruiz Cortines and Miguel Aleman streets, in Colonia Lazaro Cardenas. A person was injured and at least one (an American citizen) died. It is unclear if the victims were involved in the clash. Following the clash, an armed group entered the Red Cross medical facilities on Leyva Solano boulevard where the injured victims had been taken, and threatened medical personnel to locate a man whom they intended to kill. The armed group fled in several vans. At least 1 fatality.",1,MX25006,Culiacán,2024-12-16,2025-12-16
MEX94736,2024-10-19,2024,Political violence,Violence against civilians,Attack,484,North America,Mexico,Sinaloa,Culiacan,Culiacan Rosales,24.8088,-107.394,24 Horas (Mexico),"On 19 October 2024, in Culiacan Rosales, Sinaloa, armed individuals on a motorbike shot and killed a man on Tachichilte street, in Fraccionamiento Isla Musala (drive-by). The victim sold candy and USB flash drives with preloaded music, and made videos on TikTok alluding to 'El Chapo'. The victim had also appeared in videos with a youtuber who is suspectedly linked to Los Chapitos Gang. 1 fatality.",1,MX25006,Culiacán,2024-12-16,2025-12-16
MEX94743,2024-10-20,2024,Political violence,Violence against civilians,Attack,484,North America,Mexico,Sinaloa,Culiacan,Culiacan Rosales,24.8088,-107.394,Milenio; Riodoce,"Around 20 October 2024 (as reported), in Culiacan Rosales, Sinaloa, a person was killed and the burnt body was found on km. 140 of Maxipista Culiacan-Mazatlan, between Estacion Obispo and El Coronel, in Emiliano Zapata. 1 fatality.",1,MX25006,Culiacán,2024-12-16,2025-12-16
MEX94755,2024-10-21,2024,Political violence,Violence against civilians,Attack,484,North America,Mexico,Sinaloa,Culiacan,Culiacan Rosales,24.8088,-107.394,El Sol de Sinaloa; Riodoce,"Around 21 October 2024 (as reported), in Culiacan Rosales, Sinaloa, two people were killed and their bodies were found with their hands tied up and wrapped in bags and inside the trunk of a car near Laguna Colorada. 2 fatalities.",2,MX25006,Culiacán,2024-12-16,2025-12-16
MEX94768,2024-10-22,2024,Political violence,Violence against civilians,Attack,484,North America,Mexico,Guanajuato,Leon,Leon de los Aldama,21.122,-101.6832,Zona Franca,"On 22 October 2024, in Leon de los Aldama, Guanajuato, two armed men on a motorcycle shot and killed two street vendors in Colonia Industrial in a drive-by shooting. One of the victims had drug dealing records. 2 fatalities.",2,MX11020,León,2024-12-16,2025-12-16
MEX94769,2024-10-22,2024,Political violence,Violence against civilians,Attack,484,North America,Mexico,Guanajuato,Leon,Leon de los Aldama,21.122,-101.6832,Zona Franca,"On 22 October 2024, in Leon de los Aldama, Guanajuato, at least two armed individuals traveling in a vehicle with several armed men opened fire and shot a man in Colonia Santa Anita A.C (drive-by). The man died as a result. 1 fatality.",1,MX11020,León,2024-12-16,2025-12-16
MEX94776,2024-10-23,2024,Political violence,Violence against civilians,Attack,484,North America,Mexico,Sinaloa,Culiacan,Culiacan Rosales,24.8088,-107.394,El Sol de Sinaloa; Riodoce,"Around 23 October 2024 (as reported), in Culiacan Rosales, Sinaloa, a man was killed and his body was found at the southern exit of the city on the Culiacan-Eldorado highway. A message was found next to the body. The same day, in Culiacan, another man was killed and his body was found with signs of torture and with his hands tied in Libramiento Benito Juarez. 2 fatalities.",2,MX25006,Culiacán,2024-12-16,2025-12-16
MEX94777,2024-10-23,2024,Political violence,Violence against civilians,Attack,484,North America,Mexico,Guanajuato,Leon,Leon de los Aldama,21.122,-101.6832,Zona Franca,"On 23 October 2024, in Leon de los Aldama, Guanajuato, two men on a motorcycle overtook a food delivery man on his motorcycle and opened fire at him near Colonia San Nicolas (drive-by). The man was killed as a result. 1 fatality.",1,MX11020,León,2024-12-16,2025-12-16
MEX94781,2024-10-24,2024,Political violence,Violence against civilians,Attack,484,North America,Mexico,Sinaloa,Culiacan,Culiacan Rosales,24.8088,-107.394,Riodoce,"On 24 October 2024, in Culiacan Rosales, Sinaloa, armed individuals on motorcycles chased a car and shot repeatedly causing the car to crash in Colonia Emiliano Zapata (drive-by). The car caught fire and both passenger and driver died. Two people were hit by a stray bullet, one of whom died. 3 fatalities, 1 injury.",3,MX25006,Culiacán,2024-12-16,2025-12-16
MEX94790,2024-10-25,2024,Political violence,Violence against civilians,Attack,484,North America,Mexico,Guanajuato,Leon,Leon de los Aldama,21.122,-101.6832,Zona Franca,"On 25 October 2024, in Leon de los Aldama, Guanajuato, two armed individuals on a motorcycle overtook two men traveling in a vehicle and shot them in Colonia Colinas del Carmen (drive-by). One man died as a result and the other was injured. Both perpetrators were later arrested. 1 fatality, 1 injury.",1,MX11020,León,2024-12-16,2025-12-16
MEX94806,2024-10-25,2024,Political violence,Violence against civilians,Attack,484,North America,Mexico,Guanajuato,Leon,Leon de los Aldama,21.122,-101.6832,Zona Franca,"On 25 October 2024, in Leon de los Aldama, Guanajuato, two armed who were traveling on a motorcycle opened fire at shot two men inside a vehicle in Colonia Colinas del Carmen II. Both died as a result and the two men were arrested. 2 fatalities.",2,MX11020,León,2024-12-16,2025-12-16
MEX94811,2024-10-25,2024,Political violence,Violence against civilians,Attack,484,North America,Mexico,Sinaloa,Culiacan,Culiacan Rosales,24.8088,-107.394,El Sol de Sinaloa,"Around 25 October 2024 (as reported), in Culiacan Rosales, Sinaloa, a person was killed and the body was found burned inside a home in Colonia Guadalupe Victoria after armed individuals shot at the home and set it on fire. 1 fatality.",1,MX25006,Culiacán,2024-12-16,2025-12-16
MEX94825,2024-10-26,2024,Political violence,Violence against civilians,Attack,484,North America,Mexico,Guanajuato,Leon,Leon de los Aldama,21.122,-101.6832,Zona Franca,"On 26 October 2024, in Leon de los Aldama, Guanajuato, an armed individual shot and killed a man walking on the street in Los Olivos and then fled the scene with an accomplice. The same day, two armed individuals approached a man and shot him while he attempted to flee the scene in Colonia Valle de Jerez III. The perpetrators fled the scene. 2 fatalities.",2,MX11020,León,2024-12-16,2025-12-16
MEX94847,2024-10-26,2024,Political violence,Battles,Armed clash,484,North America,Mexico,Sinaloa,Culiacan,Culiacan Rosales,24.8088,-107.394,El Siglo de Durango,"On 26 October 2024, in Culiacan Rosales, Sinaloa, armed rival groups engaged in an armed clashes which led to the looting of businesses. An unknown number of people were killed during the clash. Unspecified number of fatalities coded as 3.",3,MX25006,Culiacán,2024-12-16,2025-12-16
MEX94848,2024-10-26,2024,Political violence,Violence against civilians,Attack,484,North America,Mexico,Sinaloa,Culiacan,Culiacan Rosales,24.8088,-107.394,Milenio; Riodoce,"Around 26 October 2024 (as reported), in Culiacan Rosales, Sinaloa, a person was killed and the decapitated head was found inside a cooler at the entrance to Parque Culiacan 7. A messages was found addressed to Los Chapos and with a hat drawn on it (perpetrators coded as likely member of Los Mayitos Gang since the hat is symbol used by them). The victim is suspected to be a relative of a gang member of Los Chapos, although this was not officially confirmed. 1 fatality.",1,MX25006,Culiacán,2024-12-16,2025-12-16
MEX94879,2024-10-27,2024,Political violence,Violence against civilians,Abduction/forced disappearance,484,North America,Mexico,Sinaloa,Culiacan,Culiacan Rosales,24.8088,-107.394,Noroeste; Riodoce,"On 27 October 2024, in Culiacan Rosales, Sinaloa, an armed group kidnapped two men at the municipal landfill, both of whom was identified as security guards. The whereabouts of the men remain unknown.",0,MX25006,Culiacán,2024-12-16,2025-12-16
MEX94880,2024-10-27,2024,Political violence,Violence against civilians,Attack,484,North America,Mexico,Sinaloa,Culiacan,Culiacan Rosales,24.8088,-107.394,Milenio; Riodoce,"Around 27 October 2024 (as reported), in Culiacan Rosales, Sinaloa, a man was killed and his body was found in Colonia Las Costera with his hands tied and bullet wounds. Also in Culiacan, a man was killed and his body was found with his hands and feet tied in the sector Barrancas in fraccionamiento Punta Azul. 2 fatalities.",2,MX25006,Culiacán,2024-12-16,2025-12-16
MEX94881,2024-10-27,2024,Political violence,Violence against civilians,Attack,484,North America,Mexico,Sinaloa,Culiacan,Culiacan Rosales,24.8088,-107.394,El Sol de Sinaloa; Riodoce,"On 27 October 2024, in Culiacan Rosales, Sinaloa, unknown armed individuals in a vehicle opened fire at a driver close to Infonavit Canadas (drive-by) and injured him. The victim fled the scene and received support from elements of the National Guard. 1 injury.",0,MX25006,Culiacán,2024-12-16,2025-12-16
MEX94882,2024-10-27,2024,Political violence,Violence against civilians,Attack,484,North America,Mexico,Sinaloa,Culiacan,Culiacan Rosales,24.8088,-107.394,El Sol de Sinaloa; Riodoce,"On 27 October 2024, in Culiacan Rosales, Sinaloa, several armed individuals shot and killed a pizza deliverer in fraccionamiento Prados del Sur. 1 fatality.",1,MX25006,Culiacán,2024-12-16,2025-12-16
MEX94904,2024-10-28,2024,Political violence,Battles,Armed clash,484,North America,Mexico,Guanajuato,Leon,Leon de los Aldama,21.122,-101.6832,Zona Franca,"On 28 October 2024, in Leon de los Aldama, Guanajuato, armed groups clashed in the intersection of Iztaccihuatl street and Juan Alonso de Torres boulevard, in Colonia Piletas. Municipal police and National Guard officers arrived at the scene and arrested a person. A National Guard officer was injured by a stray bullet. 1 injured.",0,MX11020,León,2024-12-16,2025-12-16
MEX94905,2024-10-28,2024,Political violence,Violence against civilians,Attack,484,North America,Mexico,Guanajuato,Leon,Leon de los Aldama,21.122,-101.6832,Zona Franca,"On 28 October 2024, in Leon de los Aldama, Guanajuato, one armed man entered a home and shot a man several times in front of his family in Colonia Villanueva. The armed man then fled the scene with an accomplice. 1 fatality.",1,MX11020,León,2024-12-16,2025-12-16
MEX94929,2024-10-28,2024,Political violence,Battles,Armed clash,484,North America,Mexico,Sinaloa,Culiacan,Culiacan Rosales,24.8088,-107.394,El Sol de Sinaloa,"On 28 October 2024, in Culiacan Rosales, Sinaloa, armed individuals opened fire and attacked elements of the military and the National Guard in the Barrio de San Juan. There were no casualties.",0,MX25006,Culiacán,2024-12-16,2025-12-16
MEX94946,2024-10-29,2024,Political violence,Violence against civilians,Attack,484,North America,Mexico,Guanajuato,Leon,Leon de los Aldama,21.122,-101.6832,Zona Franca,"On 29 October 2024, in Leon de los Aldama, Guanajuato, two armed men who arrived on a motorbike shot and killed a man that was buying street food on Honda de San Miguel street, in the neighborhood of San Miguel. The woman vendor that was attending him resulted injured. 1 fatality.",1,MX11020,León,2024-12-16,2025-12-16
MEX94947,2024-10-29,2024,Political violence,Violence against civilians,Attack,484,North America,Mexico,Guanajuato,Leon,Leon de los Aldama,21.122,-101.6832,Zona Franca,"On 29 October 2024, in Leon de los Aldama, Guanajuato, two armed men on a motorbike shot and killed a man on Miguel de Cervantes Saavedra boulevard, in Colonia La Piscina (drive-by). According to witnesses, the perpetrators were chasing the victim since Juan Jose Torres Landa boulevard. Also in Leon de los Aldama, two armed men on a motorbike shot and injured a man on Jose Maria Robles Hurtado, in Colonia Cristo Rey (drive-by). 1 fatality, 1 injured.",1,MX11020,León,2024-12-16,2025-12-16
MEX94948,2024-10-29,2024,Political violence,Violence against civilians,Attack,484,North America,Mexico,Guanajuato,Leon,Leon de los Aldama,21.122,-101.6832,La Silla Rota; Zona Franca,"On 29 October 2024, in Leon de los Aldama, Guanajuato, two armed men on a motorbike shot and killed a woman on Malecon del Rio bridge, near Francisco Marquez street, between Colonias Heroes de Chapultepec and Penitas (drive-by). 1 fatality.",1,MX11020,León,2024-12-16,2025-12-16
MEX94949,2024-10-29,2024,Political violence,Violence against civilians,Attack,484,North America,Mexico,Guanajuato,Leon,Leon de los Aldama,21.122,-101.6832,Zona Franca,"On 29 October 2024, in Leon de los Aldama, Guanajuato, according to witnesses, at least four armed men who arrived on two motorbikes shot at a group of young people in the intersection of Marcel and Darwin streets, in Colonia Soledad de la Joya, injuring two men and a woman. 3 injured.",0,MX11020,León,2024-12-16,2025-12-16
MEX94969,2024-10-29,2024,Political violence,Violence against civilians,Abduction/forced disappearance,484,North America,Mexico,Sinaloa,Culiacan,Culiacan Rosales,24.8088,-107.394,El Sol de Acapulco; Noroeste,"On 29 October 2024, in Culiacan Rosales, Sinaloa, according to the victim's relatives, an armed group abducted a 16-years old boy from his house on Ecuador avenue, in Fraccionamiento Santa Fe. The victim suffers from dengue fever and had just returned home from a doctor's visit. The victim's whereabouts are unknown.",0,MX25006,Culiacán,2024-12-16,2025-12-16
MEX94970,2024-10-29,2024,Political violence,Violence against civilians,Attack,484,North America,Mexico,Sinaloa,Culiacan,Culiacan Rosales,24.8088,-107.394,Noroeste,"Around 29 October 2024 (as reported), near Culiacan Rosales, Sinaloa, a man was killed and his body was found with the hands tied and blindfolded on km. 162 of Culiacan-Eldorado road. 1 fatality.",1,MX25006,Culiacán,2024-12-16,2025-12-16
MEX94987,2024-10-30,2024,Political violence,Violence against civilians,Attack,484,North America,Mexico,Guanajuato,Leon,Leon de los Aldama,21.122,-101.6832,Zona Franca,"On 30 October 2024, in Leon de los Aldama, Guanajuato, two armed individuals on a motorbike chased a man along Yaquis Oriente and Arroyo de Alfaro streets, near the bridge that separates Colonias Rinconada and Bugambilias and Fraccionamiento Porton de Bugambilias, got off the vehicle, and hit, shot, and killed him. The perpetrators fled and left the motorbike on Yaquis street. 1 fatality.",1,MX11020,León,2024-12-16,2025-12-16
MEX94999,2024-10-30,2024,Political violence,Violence against civilians,Attack,484,North America,Mexico,Sinaloa,Culiacan,Culiacan Rosales,24.8088,-107.394,El Sol de Sinaloa; Noroeste; Riodoce,"Around 30 October 2024 (as reported), in Culiacan Rosales, Sinaloa, a man was killed and his body was found semi-naked, with gunshot wounds, the hands tied, and a plastic bag around the head in the middle of the lanes of Libramiento Benito Juarez La Costerita. 1 fatality.",1,MX25006,Culiacán,2024-12-16,2025-12-16
MEX95023,2024-10-31,2024,Political violence,Violence against civilians,Attack,484,North America,Mexico,Guanajuato,Leon,Leon de los Aldama,21.122,-101.6832,Zona Franca,"On 31 October 2024, in Leon de los Aldama, Guanajuato, armed men on a motorcycle shot and killed (drive-by) a man in Alfaro. 1 fatality.",1,MX11020,León,2024-12-16,2025-12-16
MEX95055,2024-11-01,2024,Political violence,Violence against civilians,Attack,484,North America,Mexico,Guanajuato,Leon,Leon de los Aldama,21.122,-101.6832,Zona Franca,"On 1 November 2024, in Leon de los Aldama, Guanajuato, several armed men who arrived on a motorcycle and a vehicle entered a place in Colonia Flores Magon and shot against a group of people who were participating in a ritual to the cult of 'La Santa Muerte'. Three people were killed and six people were injured. Among the killed victims, there was a woman dedicated to make the rituals. 3 fatalities, 6 injured.",3,MX11020,León,2024-12-16,2025-12-16
MEX95056,2024-11-01,2024,Political violence,Violence against civilians,Attack,484,North America,Mexico,Guanajuato,Leon,Leon de los Aldama,21.122,-101.6832,Zona Franca,"Around 1 November 2024 (as reported), in Leon de los Aldama, Guanajuato, a woman was killed and the body was found with signs of violence and covered with a tarp around the San Sebastian pantheon. 1 fatality.",1,MX11020,León,2024-12-16,2025-12-16
MEX95115,2024-11-03,2024,Political violence,Battles,Armed clash,484,North America,Mexico,Guanajuato,Leon,Leon de los Aldama,21.122,-101.6832,Zona Franca,"On 3 November 2024, in Leon de los Aldama, Guanajuato, according to witnesses, armed men on a motorcycle shot at a vehicle in colonia San Juan Bosco. Four people were injured, including two minors. According to local sources, it is suspected that the victims tried to repel the attack as percussion casings were found inside the attacked vehicle, however, this was not confirmed. 4 injured.",0,MX11020,León,2024-12-16,2025-12-16
MEX95116,2024-11-03,2024,Political violence,Violence against civilians,Attack,484,North America,Mexico,Guanajuato,Leon,Leon de los Aldama,21.122,-101.6832,Zona Franca,"Around 3 November 2024 (month of), in Leon de los Aldama, Guanajuato, two men were killed and their bodies were found in an advanced state of decomposition inside bags in colonia Balcones de la Joya. 2 fatalities.",2,MX11020,León,2024-12-16,2025-12-16
MEX95118,2024-11-03,2024,Political violence,Violence against civilians,Attack,484,North America,Mexico,Hidalgo,Pachuca de Soto,Pachuca de Soto,20.1224,-98.737,El Sol de Hidalgo; La Silla Rota; Milenio; News Hidalgo,"On 3 November 2024, near Pachuca de Soto, Hidalgo, armed men in a vehicle shot and injured a man and two women in a drive-by around Pachuca on the way to Emiliano Zapata. 3 injured.",0,MX13048,Pachuca de Soto,2024-12-16,2025-12-16
MEX95188,2024-11-05,2024,Political violence,Violence against civilians,Attack,484,North America,Mexico,Guanajuato,Leon,Leon de los Aldama,21.122,-101.6832,Zona Franca,"Around 5 November 2024 (as reported), in Leon de los Aldama, Guanajuato, two people were killed and their bodies were found tied and with signs of violence in Colonia Balcones de la Joya. A message was found next to both bodies. 2 fatalities",2,MX11020,León,2024-12-16,2025-12-16
MEX95235,2024-11-06,2024,Political violence,Violence against civilians,Attack,484,North America,Mexico,Guanajuato,Leon,Leon de los Aldama,21.122,-101.6832,Zona Franca,"On 6 November 2024, in Leon de los Aldama, Guanajuato, two armed men on a motorbike stopped on Eros street, in Colonia La Ermita, one of them got off the vehicle, entered a house, and shot at four men, killing one and injuring the other three. 1 fatality, 3 injured.",1,MX11020,León,2024-12-16,2025-12-16
MEX95236,2024-11-06,2024,Political violence,Violence against civilians,Attack,484,North America,Mexico,Guanajuato,Leon,Leon de los Aldama,21.122,-101.6832,La Jornada,"Around 6 November 2024 (as reported), in Leon de los Aldama, Guanajuato, four people (two men and two women) were killed and their bodies were found in decomposition, with gunshot wounds, and the hands and feet tied, in a house on Cultura Maya street, in Colonia Valle de los Castillos. 4 fatalities.",4,MX11020,León,2024-12-16,2025-12-16
MEX95279,2024-11-07,2024,Political violence,Violence against civilians,Attack,484,North America,Mexico,Guanajuato,Leon,Leon de los Aldama,21.122,-101.6832,Zona Franca,"On 7 November 2024, in Leon de los Aldama, Guanajuato, two armed men on a motorbike approached a man on 2 de Junio street, in Colonia San Martin de Porres, one of them got off the vehicle, and shot and killed the man. Also in Leon de los Aldama, two armed men on a motorbike stopped on De la Resurreccion street, in Colonia Lomas de Guadalupe, one of them got off the vehicle, entered a house, and shot and injured a man. Also, armed men on a motorbike chased and shot a man that was driving a van on Carlos Valenzuela street and Enrique Aranda Guedea avenue, in Colonia Leon I. The man was injured and crashed into other vehicles, after which one of the perpetrators got off the motorbike, approached him, and shot and injured him again. 1 fatality, 2 injured.",1,MX11020,León,2024-12-16,2025-12-16
MEX95280,2024-11-07,2024,Political violence,Violence against civilians,Attack,484,North America,Mexico,Guanajuato,Leon,Leon de los Aldama,21.122,-101.6832,Zona Franca,"On 7 November 2024, in Leon de los Aldama, Guanajuato, two armed men on a motorbike shot and killed a man that was cleaning a van on Obrero Mundial street, in Colonia La Piscina CTM (drive-by). 1 fatality.",1,MX11020,León,2024-12-16,2025-12-16
MEX95309,2024-11-07,2024,Political violence,Violence against civilians,Attack,484,North America,Mexico,Sinaloa,Culiacan,Culiacan Rosales,24.8088,-107.394,Noroeste,"Around 7 November 2024 (as reported), in Culiacan Rosales, Sinaloa, a man was killed and his body was found wearing tactical clothing, with gunshot wounds, and with a hood covering his head, on a path in Sector Tres Rios. 1 fatality.",1,MX25006,Culiacán,2024-12-16,2025-12-16
MEX95341,2024-11-08,2024,Political violence,Violence against civilians,Attack,484,North America,Mexico,Guanajuato,Leon,Leon de los Aldama,21.122,-101.6832,Zona Franca,"Around 8 November 2024 (as reported), in Leon de los Aldama, Guanajuato, a person was killed and the body was found inside plastic bags on the path heading to Mesa de Ibarrilla, a few meters from the old path to San Felipe. 1 fatality.",1,MX11020,León,2024-12-16,2025-12-16
MEX95367,2024-11-08,2024,Political violence,Violence against civilians,Attack,484,North America,Mexico,Sinaloa,Culiacan,Culiacan Rosales,24.8088,-107.394,Noroeste,"Around 8 November 2024 (as reported), in Culiacan Rosales, Sinaloa, unidentified individual(s) attacked a man, and he was found injured and with the hands and feet tied on Culiacan-Eldorado road, near Puente 12. 1 injured.",0,MX25006,Culiacán,2024-12-16,2025-12-16
MEX95441,2024-11-09,2024,Political violence,Violence against civilians,Attack,484,North America,Mexico,Guanajuato,Leon,Leon de los Aldama,21.122,-101.6832,Zona Franca,"On 9 November 2024, in Leon de los Aldama, Guanajuato, two armed men shot and killed a vendor of churros in the intersection of Mariano Escobedo boulevard and Jose Prado street, in Colonia Leon II. 1 fatality.",1,MX11020,León,2024-12-16,2025-12-16
MEX95442,2024-11-09,2024,Political violence,Violence against civilians,Attack,484,North America,Mexico,Guanajuato,Leon,Leon de los Aldama,21.122,-101.6832,Zona Franca,"On 9 November 2024, in Leon de los Aldama, Guanajuato, two armed men shot and killed a man that had just left his house on Doctor Salomon Torres Nery street, between Eucalipto and Pirul Chino, in Colonia Los Pinos. 1 fatality.",1,MX11020,León,2024-12-16,2025-12-16
MEX95443,2024-11-11,2024,Political violence,Violence against civilians,Attack,484,North America,Mexico,Guanajuato,Leon,Leon de los Aldama,21.122,-101.6832,Zona Franca,"On 11 November 2024, in Leon de los Aldama, Guanajuato, according to witnesses, two men on a motorbike arrived to the intersection of Sierra del Fraile and Caferino Ortiz streets, in Colonia Las Hilamas, and one of them got off the vehicle and shot and killed a man. 1 fatality.",1,MX11020,León,2024-12-16,2025-12-16
MEX95444,2024-11-12,2024,Political violence,Battles,Armed clash,484,North America,Mexico,Guanajuato,Leon,Leon de los Aldama,21.122,-101.6832,Milenio; Zona Franca,"On 12 November 2024, in Leon de los Aldama, Guanajuato, there was an armed clash between armed men in colonia San Juan Bosco. One man was killed. A merchant and a little girl were also injured. The killed victim was also a merchant. 1 fatality.",1,MX11020,León,2024-12-16,2025-12-16
MEX95445,2024-11-12,2024,Political violence,Battles,Armed clash,484,North America,Mexico,Guanajuato,Leon,Leon de los Aldama,21.122,-101.6832,Zona Franca,"On 12 November 2024, in Leon de los Aldama, Guanajuato, an armed man on a motorcycle shot and injured in a drive-by shooting a member of Los Pinguinos Gang in Barrio de San Miguel.",0,MX11020,León,2024-12-16,2025-12-16
MEX95446,2024-11-13,2024,Political violence,Violence against civilians,Attack,484,North America,Mexico,Guanajuato,Leon,Leon de los Aldama,21.122,-101.6832,Zona Franca,"Around 13 November 2024 (as reported), in Leon de los Aldama, Guanajuato, a person was killed and the body was found with signs of torture and inside plastic bags in Brisas del Campestre. 1 fatality.",1,MX11020,León,2024-12-16,2025-12-16
MEX95447,2024-11-15,2024,Political violence,Violence against civilians,Attack,484,North America,Mexico,Guanajuato,Leon,Leon de los Aldama,21.122,-101.6832,Zona Franca,"Around 15 November 2024 (as reported), in Leon de los Aldama, Guanajuato, a man was killed and his body was found wrapped in plastic bags in Colonia Piletas I and II. 1 fatality.",1,MX11020,León,2024-12-16,2025-12-16
MEX95608,2024-11-09,2024,Political violence,Explosions/Remote violence,Grenade,484,North America,Mexico,Sinaloa,Culiacan,Culiacan Rosales,24.8088,-107.394,Borderland Beat; El Sol de Sinaloa; Noroeste,"Property destruction: On 9 November 2024, in Culiacan Rosales, Sinaloa, unidentified individual(s) threw two explosive devices at a house on Gardenia street, in Colonia Lazaro Cardenas. Only one of the devices exploded, causing damages to the building. There were no casualties.",0,MX25006,Culiacán,2024-12-16,2025-12-16
MEX95609,2024-11-09,2024,Political violence,Violence against civilians,Attack,484,North America,Mexico,Sinaloa,Culiacan,Culiacan Rosales,24.8088,-107.394,Quadratin Oaxaca,"Around 9 November 2024 (as reported), in Culiacan Rosales, Sinaloa, a person was killed and the body was found covered wrapped in a blanket on Cruz Galvez street, in Colonia Felipe Angeles. 1 fatality.",1,MX25006,Culiacán,2024-12-16,2025-12-16
MEX95610,2024-11-09,2024,Political violence,Violence against civilians,Attack,484,North America,Mexico,Sinaloa,Culiacan,Culiacan Rosales,24.8088,-107.394,El Sol de Sinaloa,"On 9 November 2024, in Culiacan Rosales, Sinaloa, two armed individuals on a motorbike shot and injured a woman on Agricultores boulevard, in Colonia Renato Vega Amador (drive-by). 1 injured.",0,MX25006,Culiacán,2024-12-16,2025-12-16
MEX95612,2024-11-10,2024,Political violence,Violence against civilians,Attack,484,North America,Mexico,Sinaloa,Culiacan,Culiacan Rosales,24.8088,-107.394,El Sol de Sinaloa; Riodoce,"Around 10 November 2024 (as reported), in Culiacan Rosales, Sinaloa, a person was killed and the body was found wrapped in a blanket and on a mattress, on Constituyente Rafael Martinez Escobar street, between Cruz Galvez and Rosendo Rodriguez. 1 fatality.",1,MX25006,Culiacán,2024-12-16,2025-12-16
MEX95613,2024-11-11,2024,Political violence,Violence against civilians,Attack,484,North America,Mexico,Sinaloa,Culiacan,Culiacan Rosales,24.8088,-107.394,El Universal (Mexico),"Around 11 November 2024 (as reported), in Culiacan Rosales, Sinaloa, two people were beaten and were found with the hands tied near a kindergarten on San Ricardo avenue, in Colonia Providencia. One of them died. 1 fatality.",1,MX25006,Culiacán,2024-12-16,2025-12-16
MEX95614,2024-11-12,2024,Political violence,Violence against civilians,Attack,484,North America,Mexico,Sinaloa,Culiacan,Culiacan Rosales,24.8088,-107.394,El Sol de Sinaloa; Riodoce,"On 12 November 2024, in Culiacan Rosales, Sinaloa, according to witnesses, armed men in a vehicle chased and shot a man (drive-by) near the Culiacan-Mazatlan highway. The victim was killed. 1 fatality.",1,MX25006,Culiacán,2024-12-16,2025-12-16
MEX95615,2024-11-12,2024,Political violence,Violence against civilians,Attack,484,North America,Mexico,Sinaloa,Culiacan,Culiacan Rosales,24.8088,-107.394,El Sol de Sinaloa; Noroeste; Riodoce,"Around 12 November 2024 (as reported), in Culiacan Rosales, Sinaloa, a man was killed and his body was found with signs of torture and wrapped in plastics with tape around colonia El Barrio on the road to Sanalona. 1 fatality.",1,MX25006,Culiacán,2024-12-16,2025-12-16
MEX95617,2024-11-13,2024,Political violence,Violence against civilians,Attack,484,North America,Mexico,Sinaloa,Culiacan,Culiacan Rosales,24.8088,-107.394,La Silla Rota; Quadratin Oaxaca,"On 13 November 2024, in Culiacan Rosales, Sinaloa, two men were shot and killed by armed men in Colonia Emiliano Zapata. The bodies were left with their hands tied up. 2 fatalities.",2,MX25006,Culiacán,2024-12-16,2025-12-16
MEX95618,2024-11-13,2024,Political violence,Battles,Armed clash,484,North America,Mexico,Sinaloa,Culiacan,Culiacan Rosales,24.8088,-107.394,Milenio; Noroeste,"On 13 November 2024, in Culiacan Rosales, Sinaloa, there was an armed clash between armed men and the military forces in sector Villa del Real and Colonia El Barrio. Two men were injured.",0,MX25006,Culiacán,2024-12-16,2025-12-16
MEX95619,2024-11-13,2024,Political violence,Battles,Armed clash,484,North America,Mexico,Sinaloa,Culiacan,Culiacan Rosales,24.8088,-107.394,El Sol de Sinaloa,"On 13 November 2024, in Culiacan Rosales, Sinaloa, armed individuals opened fire at officers of the National Guard in the eastern sector of the city and a clash ensued close to Colonia Ampliacion El Barrio. Two minors involved in the clash were injured. 2 injuries.",0,MX25006,Culiacán,2024-12-16,2025-12-16
MEX95620,2024-11-14,2024,Political violence,Violence against civilians,Attack,484,North America,Mexico,Sinaloa,Culiacan,Culiacan Rosales,24.8088,-107.394,El Sol de Sinaloa,"On 14 November 2024, in Culiacan Rosales, Sinaloa, armed civilians arrived at a home and opened fire at it in Colonia Villa La Esperanza. The same day, armed individuals opened fire at a home in Colonia Las Coloradas. There were no injuries.",0,MX25006,Culiacán,2024-12-16,2025-12-16
MEX95621,2024-11-15,2024,Political violence,Violence against civilians,Attack,484,North America,Mexico,Sinaloa,Culiacan,Culiacan Rosales,24.8088,-107.394,Diario de Morelos,"Around 15 November 2024 (as reported), in Culiacan Rosales, Sinaloa, a man was killed and his body was found with a message next to it in Colonia Huizaches. 1 fatality.",1,MX25006,Culiacán,2024-12-16,2025-12-16
MEX95761,2024-11-18,2024,Political violence,Violence against civilians,Attack,484,North America,Mexico,Guanajuato,Leon,Leon de los Aldama,21.122,-101.6832,Zona Franca,"On 18 November 2024, in Leon de los Aldama, Guanajuato, two men on a bicycle approached a man and shot him close to Colonia Plaza de Toros I. The man was injured as a result. Also in Leon, two men arrived at the front door of a home and shot a man in Colonia Joyas de Castilla and killed a man in front of his family. 1 fatality and 1 injury.",1,MX11020,León,2024-12-16,2025-12-16
MEX95762,2024-11-19,2024,Political violence,Violence against civilians,Attack,484,North America,Mexico,Guanajuato,Leon,Leon de los Aldama,21.122,-101.6832,Zona Franca,"Around 19 November 2024 (as reported), in Leon de los Aldama, Guanajuato, a person was killed and the body was found wrapped in a blanket in Colonia Piletas IV. 1 fatality.",1,MX11020,León,2024-12-16,2025-12-16
MEX95763,2024-11-20,2024,Political violence,Violence against civilians,Attack,484,North America,Mexico,Guanajuato,Leon,Leon de los Aldama,21.122,-101.6832,Zona Franca,"On 20 November 2024, in Leon de los Aldama, Guanajuato, two armed men opened fire and shot two men outside a house in Colonia Paseo de las Torres. Both men were injured as a result and the two perpetrators were arrested. 2 injuries.",0,MX11020,León,2024-12-16,2025-12-16
MEX95764,2024-11-21,2024,Political violence,Violence against civilians,Attack,484,North America,Mexico,Guanajuato,Leon,Leon de los Aldama,21.122,-101.6832,Zona Franca,"On 21 November 2024, in Leon de los Aldama, Guanajuato, two armed individuals who arrived on a motorbike shot and injured an off-duty private security guard who was leaving his workplace at Mayorca Residencial. The perpetrators fled towards Colonia Heroes de Leon. 1 injured.",0,MX11020,León,2024-12-16,2025-12-16
MEX95765,2024-11-21,2024,Political violence,Violence against civilians,Attack,484,North America,Mexico,Guanajuato,Leon,Leon de los Aldama,21.122,-101.6832,Zona Franca,"Around 21 November 2024 (as reported), in Leon de los Aldama, Guanajuato, two men were killed and their bodies were found wrapped in blankets on Malecon del Rio de los Gomez by Costa Azul street, in Colonia La Escondida. 2 fatalities.",2,MX11020,León,2024-12-16,2025-12-16
MEX95766,2024-11-21,2024,Political violence,Violence against civilians,Attack,484,North America,Mexico,Guanajuato,Leon,Leon de los Aldama,21.122,-101.6832,Zona Franca,"On 21 November 2024, in Leon de los Aldama, Guanajuato, two men on a motorcycle shot and killed a man on Wolframita street, in Colonia Rizos del Saucillo (drive-by). The perpetrators fled towards Canada del Real. 1 fatality.",1,MX11020,León,2024-12-16,2025-12-16
MEX95767,2024-11-22,2024,Political violence,Violence against civilians,Attack,484,North America,Mexico,Guanajuato,Leon,Leon de los Aldama,21.122,-101.6832,Zona Franca,"On 22 November 2024, in Leon de los Aldama, Guanajuato, according to witnesses, two men on a motorcycle arrived at a food stand on Jaracarandas street, in Colonia Maravillas, one of them got off the vehicle, and shot and killed the woman vendor. 1 fatality.",1,MX11020,León,2024-12-16,2025-12-16
MEX95900,2024-11-17,2024,Political violence,Violence against civilians,Attack,484,North America,Mexico,Sinaloa,Culiacan,Culiacan Rosales,24.8088,-107.394,Noroeste,"On 17 November 2024, in Culiacan Rosales, Sinaloa, several armed individuals shot and injured a woman and then set fire to a home in Colonia Ampliacion Bicentenario. 1 injury.",0,MX25006,Culiacán,2024-12-16,2025-12-16
MEX95901,2024-11-18,2024,Political violence,Violence against civilians,Attack,484,North America,Mexico,Sinaloa,Culiacan,Culiacan Rosales,24.8088,-107.394,El Sol de Sinaloa,"Around 18 November 2024 (between 17 - 19 November), in Culiacan Rosales, Sinaloa, a man was killed and his body was found with signs of torture and his hands tied in Colonia Los Huizaches on 19 November. The man was kidnapped on 17 November. 1 fatality.",1,MX25006,Culiacán,2024-12-16,2025-12-16
MEX95902,2024-11-18,2024,Political violence,Battles,Armed clash,484,North America,Mexico,Sinaloa,Culiacan,Culiacan Rosales,24.8088,-107.394,Riodoce,"On 18 November 2024, in Culiacan Rosales, Sinaloa, an armed clash was reported between armed groups at the exit to Culiancito. There were no injuries.",0,MX25006,Culiacán,2024-12-16,2025-12-16
MEX95903,2024-11-18,2024,Political violence,Violence against civilians,Attack,484,North America,Mexico,Sinaloa,Culiacan,Culiacan Rosales,24.8088,-107.394,Riodoce,"On 18 November 2024, in Culiacan Rosales, Sinaloa, armed individuals opened fire at the facade of a home in Colonia Guadalupe Victoria. One man was injured and two cars were damaged. 1 injury.",0,MX25006,Culiacán,2024-12-16,2025-12-16
MEX95904,2024-11-18,2024,Political violence,Violence against civilians,Attack,484,North America,Mexico,Sinaloa,Culiacan,Culiacan Rosales,24.8088,-107.394,El Sol de Sinaloa,"On 18 November 2024, in Culiacan Rosales, Sinaloa, armed individuals on a motorcycle chased and shot at a man on his motorcycle which led to a chase in fraccionamiento Villa Satelite (drive-by). The victim lost control, crashed and dies as a result. 1 fatality.",1,MX25006,Culiacán,2024-12-16,2025-12-16
MEX95906,2024-11-19,2024,Political violence,Violence against civilians,Attack,484,North America,Mexico,Sinaloa,Culiacan,Culiacan Rosales,24.8088,-107.394,El Sol de Sinaloa; Riodoce,"Around 19 November 2024 (as reported), in Culiacan Rosales, Sinaloa, a man was killed and his body was found with gunshots and his hands tied near the residential complex La Primavera. The same day in Culiacan, two men were killed and their bodies were found with signs of torture and with their hands tied in Colonia Las Costera. 3 fatalities.",3,MX25006,Culiacán,2024-12-16,2025-12-16
MEX95907,2024-11-19,2024,Political violence,Battles,Armed clash,484,North America,Mexico,Sinaloa,Culiacan,Culiacan Rosales,24.8088,-107.394,El Sol de Sinaloa,"On 19 November 2024, in Culiacan Rosales, Sinaloa, armed individuals opened fire at state police officers in Colonia Aguaruto which led to a chase. The armed individuals threw tire punctures onto the highway to avoid officers from catching them. There were no injuries.",0,MX25006,Culiacán,2024-12-16,2025-12-16
MEX95909,2024-11-20,2024,Political violence,Violence against civilians,Attack,484,North America,Mexico,Sinaloa,Culiacan,Culiacan Rosales,24.8088,-107.394,El Sol de Sinaloa,"Around 20 November 2024 (as reported), in Culiacan Rosales, Sinaloa, a person was killed and the body was found wrapped in a blanket in Colonia Las Quintas. 1 fatality.",1,MX25006,Culiacán,2024-12-16,2025-12-16
MEX95910,2024-11-20,2024,Political violence,Violence against civilians,Attack,484,North America,Mexico,Sinaloa,Culiacan,Culiacan Rosales,24.8088,-107.394,El Sol de Sinaloa,"Around 20 November 2024 (as reported), in Culiacan Rosales, Sinaloa, a person was killed and the body was found burned in fraccionamiento Hacienda del Valle. 1 fatality.",1,MX25006,Culiacán,2024-12-16,2025-12-16
MEX95911,2024-11-20,2024,Political violence,Violence against civilians,Attack,484,North America,Mexico,Sinaloa,Culiacan,Culiacan Rosales,24.8088,-107.394,Noroeste,"On 20 November 2024, in Culiacan Rosales, Sinaloa, two men on a motorcycle opened fire at a man in Colonia Lomas del Sol. The man was injured as a result. 1 injury.",0,MX25006,Culiacán,2024-12-16,2025-12-16
MEX95912,2024-11-20,2024,Political violence,Violence against civilians,Attack,484,North America,Mexico,Sinaloa,Culiacan,Culiacan Rosales,24.8088,-107.394,Borderland Beat; El Sol de Sinaloa; Riodoce,"On 20 November 2024, in Culiacan Rosales, Sinaloa, according to witnesses, several armed men got off vehicles, entered a house on Mina del Penon Blanco street, in Colonia Renato Vega Alvarado, and shot and killed a woman. The perpetrators later used gasoline to set the house on fire. 1 fatality.",1,MX25006,Culiacán,2024-12-16,2025-12-16
MEX95913,2024-11-20,2024,Political violence,Violence against civilians,Abduction/forced disappearance,484,North America,Mexico,Sinaloa,Culiacan,Culiacan Rosales,24.8088,-107.394,Borderland Beat,"On 20 November 2024, in Culiacan Rosales, Sinaloa, at least two armed men abducted a woman that was working as a cashier at La Herradura avocado store in De Abastos market. The victim's whereabouts are unknown.",0,MX25006,Culiacán,2024-12-16,2025-12-16
MEX95915,2024-11-21,2024,Political violence,Violence against civilians,Attack,484,North America,Mexico,Sinaloa,Culiacan,Culiacan Rosales,24.8088,-107.394,El Universal (Mexico); Riodoce,"On 21 November 2024, in Culiacan Rosales, Sinaloa, according to the victim, a man on a vehicle shot at a man who was driving a van on Diego Valadez boulevard, known as Malecon Nuevo, in Colonia Chapultepec (drive-by). The victim was not injured. Also in Culiacan Rosales, according to the victim's wife, individuals on a motorcycle shot and injured a man in Colonia Lomas del Sol (drive-by). 1 injured.",0,MX25006,Culiacán,2024-12-16,2025-12-16
MEX95916,2024-11-21,2024,Political violence,Violence against civilians,Attack,484,North America,Mexico,Sinaloa,Culiacan,Culiacan Rosales,24.8088,-107.394,El Sol de Sinaloa,"On 21 November 2024, in Culiacan Rosales, Sinaloa, armed individuals who arrived in several vehicle shot at people in the garage of a house on Santa Catarina street, in Fraccionamiento Providencia, killing two and injuring another. 2 fatalities, 1 injured.",2,MX25006,Culiacán,2024-12-16,2025-12-16
MEX95917,2024-11-21,2024,Political violence,Violence against civilians,Attack,484,North America,Mexico,Sinaloa,Culiacan,Culiacan Rosales,24.8088,-107.394,El Sol de Sinaloa; Riodoce,"On 21 November 2024, in Culiacan Rosales, Sinaloa, according to witnesses, two individuals shot and killed a woman who was ordering at a tacos stand between Mexico avenue and Heroico Colegio Militar street, bordering Colonias Sinaloa and Margarita. 1 fatality.",1,MX25006,Culiacán,2024-12-16,2025-12-16
MEX95918,2024-11-22,2024,Political violence,Violence against civilians,Attack,484,North America,Mexico,Sinaloa,Culiacan,Culiacan Rosales,24.8088,-107.394,24 Horas (Mexico); El Norte; El Proceso; El Sol de Sinaloa; La Prensa de Monclova; La Silla Rota; Milenio; Noroeste; Riodoce; Tabasco Hoy; Zeta Tijuana; Zona Franca,"On 22 November 2024, in Culiacan Rosales, Sinaloa, at least two individuals shot at people inside Finca La Esperanza restaurant, on Montebello and Cerro de Los Pilares streets, in Colonia Montebello, killing three people (two men and a woman). One of the men was the off-duty Deputy Director of the Municipal Police of Culiacan. 3 fatalities.",3,MX25006,Culiacán,2024-12-16,2025-12-16
MEX95919,2024-11-22,2024,Political violence,Violence against civilians,Attack,484,North America,Mexico,Sinaloa,Culiacan,Culiacan Rosales,24.8088,-107.394,El Sol de Sinaloa; Riodoce,"On 22 November 2024, in Culiacan Rosales, Sinaloa, men on a motorcycle shot and killed a man on Cofre del Perote street, in Fraccionamiento Villa Bonita (drive-by). The victim was with other people, who remained uninjured. 1 fatality.",1,MX25006,Culiacán,2024-12-16,2025-12-16
MEX96003,2024-11-23,2024,Political violence,Violence against civilians,Attack,484,North America,Mexico,Guanajuato,Leon,Leon de los Aldama,21.122,-101.6832,Zona Franca,"Around 23 November 2024 (as reported), in Leon de los Aldama, Guanajuato, a man was killed and the body was found wrapped in plastic bags in Colonia San Miguel. 1 fatality.",1,MX11020,León,2024-12-16,2025-12-16
MEX96004,2024-11-23,2024,Political violence,Violence against civilians,Attack,484,North America,Mexico,Guanajuato,Leon,Leon de los Aldama,21.122,-101.6832,Zona Franca,"On 23 November 2024, in Leon de los Aldama, Guanajuato, two armed men arrived on a motorcycle, opened fire at a man and then fled the scene in Colonia San Nicolas. 1 fatality.",1,MX11020,León,2024-12-16,2025-12-16
MEX96013,2024-11-23,2024,Political violence,Violence against civilians,Attack,484,North America,Mexico,Sinaloa,Culiacan,Culiacan Rosales,24.8088,-107.394,El Norte; Riodoce,"Around 23 November 2024 (as reported), in Culiacan Rosales, Sinaloa, a man was killed and his body was found with signs of torture, blindfolded and with his hands tied on the Culiacan-El Dorado highway. The victim was kidnapped in Quila and was identified as an influencer with links to Los Chapitos gang. The same day, a man was killed and his body was found floating in a river with gunshot wounds and his feet tied. 2 fatalities.",2,MX25006,Culiacán,2024-12-16,2025-12-16
MEX96014,2024-11-23,2024,Political violence,Violence against civilians,Attack,484,North America,Mexico,Sinaloa,Culiacan,Culiacan Rosales,24.8088,-107.394,Riodoce,"On 23 November 2024, in Culiacan Rosales, Sinaloa, armed individuals opened fire from a moving car (drive-by) at two people driving a car in Colonia Buenos Aires. Both people were injured as a result. 2 injuries.",0,MX25006,Culiacán,2024-12-16,2025-12-16
MEX96032,2024-11-24,2024,Political violence,Violence against civilians,Attack,484,North America,Mexico,Guanajuato,Leon,Leon de los Aldama,21.122,-101.6832,La Silla Rota,"On 24 November 2024, in Leon de los Aldama, Guanajuato, two armed men broke into a celebration and shot a group of people in Colonia Las Joyas. At least four people were injured, including one 13 year old girl. 4 injuries.",0,MX11020,León,2024-12-16,2025-12-16
MEX96033,2024-11-24,2024,Political violence,Violence against civilians,Attack,484,North America,Mexico,Guanajuato,Leon,Leon de los Aldama,21.122,-101.6832,Zona Franca,"On 24 November 2024, in Leon de los Aldama, Guanajuato, at least two armed individuals opened fire from their motorcycle (drive-by) and shot two men in Colonia Pedregal del Sol. One man was killed and the other was injured. 1 fatality, 1 injury.",1,MX11020,León,2024-12-16,2025-12-16
MEX96045,2024-11-24,2024,Political violence,Battles,Armed clash,484,North America,Mexico,Sinaloa,Culiacan,Culiacan Rosales,24.8088,-107.394,Riodoce,"On 24 November 2024, in Culiacan Rosales, Sinaloa, there was an armed clash between armed groups in Colonia La Amistad and three men were killed and found aboard a pick up truck. 3 fatalities.",3,MX25006,Culiacán,2024-12-16,2025-12-16
MEX96046,2024-11-24,2024,Political violence,Violence against civilians,Attack,484,North America,Mexico,Sinaloa,Culiacan,Culiacan Rosales,24.8088,-107.394,El Sol de Sinaloa,"Around 24 November 2024 (as reported), in Culiacan Rosales, Sinaloa, a man was killed and his body was found with his hands tied and shot to death in Colonia Los Huizaches. 1 fatality.",1,MX25006,Culiacán,2024-12-16,2025-12-16
MEX96050,2024-11-24,2024,Political violence,Violence against civilians,Attack,484,North America,Mexico,Sinaloa,Navolato,Navolato,24.7672,-107.6968,El Sol de Sinaloa,"On 24 November 2024, in Navolato, Sinaloa, several armed men aboard a vehicle opened fire and shot a man in El Progreso (drive-by). The man died as a result. 1 fatality.",1,MX25018,Navolato,2024-12-16,2025-12-16
MEX96072,2024-11-25,2024,Political violence,Violence against civilians,Attack,484,North America,Mexico,Guanajuato,Leon,Leon de los Aldama,21.122,-101.6832,Zona Franca,"Around 25 November 2024 (as reported), in Leon de los Aldama, Guanajuato, a person was killed and the body was found decapitated and wrapped in plastic bags in Colonia San Miguel. 1 fatality.",1,MX11020,León,2024-12-16,2025-12-16
MEX96109,2024-11-25,2024,Political violence,Violence against civilians,Abduction/forced disappearance,484,North America,Mexico,Sinaloa,Culiacan,Culiacan Rosales,24.8088,-107.394,El Sol de Sinaloa; La Verdad; Milenio; Noroeste; SDP Noticias,"On 25 November 2024, in Culiacan Rosales, Sinaloa, according to witnesses, hooded armed individuals intercepted and abducted two off-duty state police officers on Aeropuerto road, near Colonia Bachigualatochi. The victims' whereabouts are unknown.",0,MX25006,Culiacán,2024-12-16,2025-12-16
MEX96112,2024-11-25,2024,Political violence,Violence against civilians,Attack,484,North America,Mexico,Sinaloa,Culiacan,Culiacan Rosales,24.8088,-107.394,La Silla Rota,"Around 25 November 2024 (as reported), in Culiacan Rosales, Sinaloa a person was killed and the human remains were found inside a cooler next to Tomateros de Culiacan stadium. The same day, another person was killed and the human remains were found inside a cooler in fraccionamiento Altezza. The same day, five people were killed and their bodies were found wrapped in plastic near La Primavera. 7 fatalities.",7,MX25006,Culiacán,2024-12-16,2025-12-16
MEX96113,2024-11-25,2024,Political violence,Violence against civilians,Attack,484,North America,Mexico,Sinaloa,Culiacan,Culiacan Rosales,24.8088,-107.394,Riodoce,"On 25 November 2024, in Culiacan Rosales, Sinaloa, unknown armed individuals opened fire at six houses and set them on fire in Colonia Miguel Hidalgo, Stanza Torrabla, Villa Satelite, fraccionamiento San Benito and Colonia La Estancia 2. There were no injuries.",0,MX25006,Culiacán,2024-12-16,2025-12-16
MEX96114,2024-11-25,2024,Political violence,Violence against civilians,Attack,484,North America,Mexico,Sinaloa,Culiacan,Culiacan Rosales,24.8088,-107.394,Riodoce,"Around 25 November 2024 (as reported), in Culiacan Rosales, Sinaloa a man was attacked and his body was found handcuffed and with blows to his body in Colonia Jesus Valdez. 1 injury.",0,MX25006,Culiacán,2024-12-16,2025-12-16
MEX96115,2024-11-25,2024,Political violence,Battles,Armed clash,484,North America,Mexico,Sinaloa,Culiacan,Culiacan Rosales,24.8088,-107.394,El Sol de Sinaloa,"On 25 November 2024, in Culiacan Rosales, Sinaloa, armed rival groups engaged in an armed clash in Alturas del Sur. There were no injuries.",0,MX25006,Culiacán,2024-12-16,2025-12-16
MEX96116,2024-11-25,2024,Political violence,Violence against civilians,Attack,484,North America,Mexico,Sinaloa,Culiacan,Culiacan Rosales,24.8088,-107.394,El Sol de Sinaloa,"On 25 November 2024, in Culiacan Rosales, Sinaloa, armed men opened fire from a moving vehicle and shot a fast food delivery man while he was working in Colonia Satelite (drive-by). The man died as a result. 1 fatality.",1,MX25006,Culiacán,2024-12-16,2025-12-16
MEX96150,2024-11-26,2024,Political violence,Violence against civilians,Attack,484,North America,Mexico,Guanajuato,Leon,Leon de los Aldama,21.122,-101.6832,Zona Franca,"On 26 November 2024, in Leon de los Aldama, Guanajuato, several armed men arrived at San Alfonso ranch in Colonia Benito Juarez, Santa Ana del Conde, and at least two of them shot at people inside, killing two (the business' owner and an employee), and injuring another employee. This attack is suspectedly linked to a land dispute. 2 fatalities, 1 injured.",2,MX11020,León,2024-12-16,2025-12-16
MEX96177,2024-11-26,2024,Political violence,Violence against civilians,Abduction/forced disappearance,484,North America,Mexico,Sinaloa,Culiacan,Culiacan Rosales,24.8088,-107.394,El Norte; Riodoce,"On 26 November 2024, in Culiacan Rosales, Sinaloa, individuals aboard three vehicles abducted a man in his house in Fraccionamiento Portalegre VIII. The victim was later released uninjured.",0,MX25006,Culiacán,2024-12-16,2025-12-16
MEX96179,2024-11-26,2024,Political violence,Violence against civilians,Attack,484,North America,Mexico,Sinaloa,Culiacan,Culiacan Rosales,24.8088,-107.394,24 Horas (Mexico); El Sol de Sinaloa; Noroeste; Riodoce,"Around 26 November 2024 (as reported), in Culiacan Rosales, Sinaloa, a person was killed and the body was found with gunshot wounds, signs of torture, and a cardboard with a threatening message stabbed in the back with a knife on the path that connects La Explanada square and Culiacan-Eldorado road. 1 fatality.",1,MX25006,Culiacán,2024-12-16,2025-12-16
MEX96180,2024-11-26,2024,Political violence,Violence against civilians,Attack,484,North America,Mexico,Sinaloa,Culiacan,Culiacan Rosales,24.8088,-107.394,El Sol de Sinaloa; Noroeste,"On 26 November 2024, in Culiacan Rosales, Sinaloa, two individuals on a motorcycle shot and killed a man in front of a clandestine casino on Jazmin street in Colonia 10 de Mayo (drive-by). 1 fatality.",1,MX25006,Culiacán,2024-12-16,2025-12-16
MEX96186,2024-11-26,2024,Political violence,Violence against civilians,Abduction/forced disappearance,484,North America,Mexico,Sinaloa,Navolato,Cofradia de la Loma,24.78,-107.6935,El Norte; Milenio; Noroeste; Riodoce,"On 26 November 2024, in Cofradia de la Loma, Sinaloa, five hooded individuals abducted a man in Colonia Chulavista. The victim's whereabouts are unknown.",0,MX25018,Navolato,2024-12-16,2025-12-16
MEX96211,2024-11-27,2024,Political violence,Violence against civilians,Attack,484,North America,Mexico,Guanajuato,Leon,Leon de los Aldama,21.122,-101.6832,Zona Franca,"On 27 November 2024, in Leon de los Aldama, Guanajuato, according to witnesses, armed individuals on a vehicle approached a man on Brisa de Braga street, in Colonia Brisas del Campestre, and the copilot shot and killed a man (drive-by). 1 fatality.",1,MX11020,León,2024-12-16,2025-12-16
MEX96229,2024-11-27,2024,Political violence,Violence against civilians,Attack,484,North America,Mexico,Sinaloa,Culiacan,Culiacan Rosales,24.8088,-107.394,Riodoce,"On 27 November 2024, in Culiacan Rosales, Sinaloa, according to the victim, armed individuals shot and injured a man who was driving a wrecker on Jesus Kumate boulevard, around Colonia Hacienda Molino. This attack is suspectedly linked to the burning of a wrecker and the van that it transported in the intersection of Mexico 15 road and Jardin de las Orquideas boulevard (uncoded). 1 injured.",0,MX25006,Culiacán,2024-12-16,2025-12-16
MEX96230,2024-11-27,2024,Political violence,Violence against civilians,Abduction/forced disappearance,484,North America,Mexico,Sinaloa,Culiacan,Culiacan Rosales,24.8088,-107.394,Riodoce,"Around 27 November 2024 (as reported), in Culiacan Rosales, Sinaloa, according to videos posted on social media, armed men aboard two cars abducted a man on Agricultores boulevard. The victim was released minutes later.",0,MX25006,Culiacán,2024-12-16,2025-12-16
MEX96232,2024-11-27,2024,Political violence,Violence against civilians,Attack,484,North America,Mexico,Sinaloa,Culiacan,Culiacan Rosales,24.8088,-107.394,El Sol de Sinaloa; Riodoce,"On 27 November 2024, in Culiacan Rosales, Sinaloa, several armed individuals aboard motorcycles and other vehicles shot at a house on Valle del Roble and Valle Escondido streets, in Colonia Valle Alto Verde, killing a man who was inside (drive-by). 1 fatality.",1,MX25006,Culiacán,2024-12-16,2025-12-16
MEX96276,2024-11-28,2024,Political violence,Violence against civilians,Attack,484,North America,Mexico,Sinaloa,Culiacan,Culiacan Rosales,24.8088,-107.394,El Sol de Sinaloa; La Jornada; Riodoce,"On 28 November 2024, in Culiacan Rosales, Sinaloa, according to witnesses, armed men in two vehicles shot at a group of people who were drinking and playing games in Colonia Ferrocarrilera. Four people were killed and another four were injured. In another event, armed men also shot at a house in Colonia Villa Bonita were also people who were playing with game machines were attacked. Three people were killed and another one was injured. 5 injuries, 7 fatalities.",7,MX25006,Culiacán,2024-12-16,2025-12-16
MEX96277,2024-11-28,2024,Political violence,Violence against civilians,Attack,484,North America,Mexico,Sinaloa,Culiacan,Culiacan Rosales,24.8088,-107.394,El Sol de Sinaloa; La Jornada; Noroeste; Riodoce,"Around 28 November 2024 (as reported), in Culiacan Rosales, Sinaloa, a man was killed and the body was found with the feet tied up with tape, blindfolded and with a message under a bridge in Libramiento Benito Juarez, La Costerita on Alvaro Obregon. The victim was a commander of the state police who had been kidnapped on 26 November after he finished his work. 1 fatality.",1,MX25006,Culiacán,2024-12-16,2025-12-16
MEX96278,2024-11-28,2024,Political violence,Violence against civilians,Attack,484,North America,Mexico,Sinaloa,Culiacan,Culiacan Rosales,24.8088,-107.394,Riodoce,"Around 28 November 2024 (as reported), in Culiacan Rosales, Sinaloa, a man was killed and his body was found burned by the Tamazula river, around Isla Musala. 1 fatality.",1,MX25006,Culiacán,2024-12-16,2025-12-16
MEX96280,2024-11-28,2024,Political violence,Violence against civilians,Attack,484,North America,Mexico,Sinaloa,Culiacan,Culiacan Rosales,24.8088,-107.394,Borderland Beat; El Norte; El Sol de Sinaloa; La Jornada; Noroeste; Riodoce,"On 28 November 2024, in Culiacan Rosales, Sinaloa, a private speciality clinic located on Enrique Sanchez Alonso Boulevard in Colonia Progreso was shot at by unidentified armed individuals. One man was injured. The place is known to be a place for 'punteros' locally known as individuals employed by criminal groups to monitor specific areas and report suspicious activity.",0,MX25006,Culiacán,2024-12-16,2025-12-16
MEX96299,2024-11-29,2024,Political violence,Battles,Armed clash,484,North America,Mexico,Sinaloa,Culiacan,Culiacan Rosales,24.8088,-107.394,Borderland Beat,"Around 29 November 2024 (as reported), in Culiacan Rosales, Sinaloa, members of Los Chapitos Gang raided and killed a member of the MF Group of Los Mayitos Gang. The victim was accused to be the perpetrators of an attack against a local video game business. The event was recorded in video and shared on social media. 1 fatality.",1,MX25006,Culiacán,2024-12-16,2025-12-16
MEX96300,2024-11-29,2024,Political violence,Battles,Armed clash,484,North America,Mexico,Sinaloa,Culiacan,Culiacan Rosales,24.8088,-107.394,El Sol de Sinaloa; La Jornada; Milenio; Mural; Noroeste; Riodoce,"On 29 November 2024, in Culiacan Rosales, Sinaloa, there was an armed clash between the military and armed individuals in the south part of the city. One of the clashes happened on Heroico Colegio Militar road, in front of Fraccionamiento Alturas del Sur, which left a person dead and two people injured. 1 fatality, 2 injured.",1,MX25006,Culiacán,2024-12-16,2025-12-16
MEX96301,2024-11-29,2024,Political violence,Violence against civilians,Attack,484,North America,Mexico,Sinaloa,Culiacan,Culiacan Rosales,24.8088,-107.394,El Siglo de Durango; El Sol de Sinaloa; Riodoce,"On 29 November 2024, in Culiacan Rosales, Sinaloa, armed individuals shot at the facilities of the motel Emperador and set fire to the reception. The motel is located around panteon Jardines de Humaya. One version is that there were no casualties, only material damage. Another version indicates, that there were an important unknown number of victims.",0,MX25006,Culiacán,2024-12-16,2025-12-16
MEX96302,2024-11-29,2024,Political violence,Violence against civilians,Attack,484,North America,Mexico,Sinaloa,Culiacan,Culiacan Rosales,24.8088,-107.394,Noroeste,"Around 29 November 2024 (as reported), in Culiacan Rosales, Sinaloa, a man was killed and his body was found with signs of violence and his head covered with plastic in Colonia Tierra Blanca. 1 fatality.",1,MX25006,Culiacán,2024-12-16,2025-12-16
MEX96305,2024-11-29,2024,Political violence,Battles,Armed clash,484,North America,Mexico,Sinaloa,Navolato,Navolato,24.7672,-107.6968,Noroeste,"On 29 November 2024, in Navolato, Sinaloa, there was an armed clash between military officers and armed individuals on the road between El Vergel and Las Aguamitas. Casualties unknown.",0,MX25018,Navolato,2024-12-16,2025-12-16
MEX96308,2024-10-28,2024,Political violence,Violence against civilians,Attack,484,North America,Mexico,Sinaloa,Culiacan,Culiacan Rosales,24.8088,-107.394,Borderland Beat,"Around 28 October 2024 (as reported), in Culiacan Rosales, Sinaloa, a man was killed and his body was found dismembered inside a cooler. The victim was a cousin of the leader of Los Chapitos gang and a managers of La numerada Gang in Guamuchil. A video made by Los Mayitos gang who captured him, interrogated him and killed was published and shared on social media on 2 December 2024. 1 fatality.",1,MX25006,Culiacán,2024-12-16,2025-12-16
MEX96312,2024-11-26,2024,Political violence,Violence against civilians,Attack,484,North America,Mexico,Sinaloa,Culiacan,Culiacan Rosales,24.8088,-107.394,Reforma,"On 26 November 2024, in Culiacan Rosales, Sinaloa, unidentified individuals abducted a man in Colonia Alturas del Sur and hit and injured him. The victim was released around 30 November 2024 in Colonia Infonavit Barrancos. 1 injured.",0,MX25006,Culiacán,2024-12-16,2025-12-16
MEX96337,2024-11-30,2024,Political violence,Violence against civilians,Attack,484,North America,Mexico,Guanajuato,Leon,Leon de los Aldama,21.122,-101.6832,Zona Franca,"Around 30 November 2024 (month of), in Leon de los Aldama, Guanajuato, a man was killed and his body was found with the hands tied and in state of decomposition on Brisa de Gandra street, in Colonia Brisas del Campestre. 1 fatality.",1,MX11020,León,2024-12-16,2025-12-16
MEX96350,2024-11-30,2024,Political violence,Violence against civilians,Abduction/forced disappearance,484,North America,Mexico,Sinaloa,Culiacan,Culiacan Rosales,24.8088,-107.394,El Siglo de Durango; Riodoce,"On 30 November 2024, in Culiacan Rosales, Sinaloa, two armed men wearing tactical equipment got on a public bus and forced the driver to drive them out of the area. The perpetrators stopped and abandoned the vehicle in Colonia Alturas Sur, where they looted another vehicle, taking the bus driver with them. The perpetrators released the victim on Costerita y Obregon road.",0,MX25006,Culiacán,2024-12-16,2025-12-16
MEX96351,2024-11-30,2024,Political violence,Violence against civilians,Attack,484,North America,Mexico,Sinaloa,Culiacan,Culiacan Rosales,24.8088,-107.394,24 Horas (Mexico); Reforma,"Around 30 November 2024 (as reported), in Culiacan Rosales, Sinaloa, three men were killed and their bodies were found next to a cardboard with a threatening message on the road that connects La Costerita and Maxipista roads. 3 fatalities.",3,MX25006,Culiacán,2024-12-16,2025-12-16
MEX96353,2024-11-30,2024,Political violence,Violence against civilians,Attack,484,North America,Mexico,Sinaloa,Culiacan,Culiacan Rosales,24.8088,-107.394,24 Horas (Mexico); Reforma,"Around 30 November 2024 (as reported), in Culiacan Rosales, Sinaloa, a person was killed and the body was found wrapped in a blanket that was tied with ropes on Libramiento Benito Juarez La Costerita road. 1 fatality.",1,MX25006,Culiacán,2024-12-16,2025-12-16
MEX96356,2024-11-30,2024,Political violence,Violence against civilians,Sexual violence,484,North America,Mexico,Sinaloa,Culiacan,Culiacan Rosales,24.8088,-107.394,24 Horas (Mexico); El Norte; El Sol de Sinaloa; Reforma; Riodoce,"Around 30 November 2024 (as reported), on Culiacan-Eldorado road (coded to Culiacan Rosales), Sinaloa, six men were killed and their bodies were found naked, with gunshot wounds, signs of torture, the hands tied, and wrapped in blankets inside a van near the bridge that leads to La 12 road and Campo Victoria. 6 fatalities.",6,MX25006,Culiacán,2024-12-16,2025-12-16
MEX96375,2024-12-01,2024,Political violence,Violence against civilians,Attack,484,North America,Mexico,Guanajuato,Apaseo el Grande,Caleras de Amexhe,20.5612,-100.5565,Zona Franca,"Around 1 December 2024 (as reported), in Caleras de Amexhe, Guanajuato, according to witnesses, individuals in a van shot at people who were attending a baseball match, killing a man and injuring five people (drive-by). 1 fatality, 5 injured.",1,MX11005,Apaseo el Grande,2024-12-16,2025-12-16
MEX96376,2024-12-01,2024,Political violence,Violence against civilians,Attack,484,North America,Mexico,Guanajuato,Leon,Leon de los Aldama,21.122,-101.6832,Zona Franca,"On 1 December 2024, in Leon de los Aldama, Guanajuato, according to witnesses, at least two armed shot and injured a man and his son in Colonia Leon II. Also, according to witnesses, armed individuals shot and killed a man in the intersection of Zinc and Arroyo Mariachi streets, in Colonia San Jose Obrero. 1 fatality, 2 injured.",1,MX11020,León,2024-12-16,2025-12-16
MEX96385,2024-12-01,2024,Political violence,Violence against civilians,Abduction/forced disappearance,484,North America,Mexico,Sinaloa,Culiacan,Culiacan Rosales,24.8088,-107.394,Riodoce,"On 1 December 2024, in Culiacan Rosales, Sinaloa, according to a witness, two armed individuals on a motorcycle abducted a man who was walking with a relative in Colonia Villa del Prado. The victim's relative was left uninjured. The victim's whereabouts are unknown.",0,MX25006,Culiacán,2024-12-16,2025-12-16
MEX96407,2024-12-02,2024,Political violence,Violence against civilians,Attack,484,North America,Mexico,Guanajuato,Leon,Leon de los Aldama,21.122,-101.6832,Zona Franca,"On 2 December 2024, in Leon de los Aldama, Guanajuato, four armed men shot and injured a man in Colonia Canada del Real. The victim died later at the hospital. 1 fatality.",1,MX11020,León,2024-12-16,2025-12-16
MEX96408,2024-12-02,2024,Political violence,Violence against civilians,Attack,484,North America,Mexico,Guanajuato,Leon,Leon de los Aldama,21.122,-101.6832,Zona Franca,"On 2 December 2024, in Leon de los Aldama, Guanajuato, armed men on a motorcycle shot in a drive-by at two men driving a motorcycle in colonia Paseos de las Torres. The victims were left injured. There were no casualties.",0,MX11020,León,2024-12-16,2025-12-16
MEX96428,2024-12-02,2024,Political violence,Violence against civilians,Attack,484,North America,Mexico,Sinaloa,Culiacan,Culiacan Rosales,24.8088,-107.394,Riodoce,"On 2 December 2024, in Culiacan Rosales, Sinaloa, armed individuals shot and killed three people and injured one person in Colonia Esperanza. 3 fatalities, 1 injured.",3,MX25006,Culiacán,2024-12-16,2025-12-16
MEX96429,2024-12-02,2024,Political violence,Violence against civilians,Attack,484,North America,Mexico,Sinaloa,Culiacan,Culiacan Rosales,24.8088,-107.394,Milenio; Riodoce,"Around 2 December 2024 (as reported), in Culiacan Rosales, Sinaloa, an unknown number of people were killed and the human remains were found inside boxes in front of the Unidad de Servicios Estatales (USE). It is suspected that the victims were dismembered, however, this was not confirmed. Also possible pictures of the victims might have been found. Unspecified number of fatalities coded as 3.",3,MX25006,Culiacán,2024-12-16,2025-12-16
MEX96498,2024-12-03,2024,Political violence,Battles,Armed clash,484,North America,Mexico,Sinaloa,Culiacan,Culiacan Rosales,24.8088,-107.394,Borderland Beat; Noroeste; Riodoce,"On 3 December 2024, in Culiacan Rosales, Sinaloa, armed members of Los Mayitos gang shot at a drug dealing place in colonia Lazaro Cardenas. The armed individuals set fire to the place using explosives. A young girl was left injured with burns. One man was killed. This event is related to the fight between Los Chapitos and Los Mayitos Gang. 1 fatality.",1,MX25006,Culiacán,2024-12-16,2025-12-16
MEX96499,2024-12-03,2024,Political violence,Battles,Armed clash,484,North America,Mexico,Sinaloa,Culiacan,Culiacan Rosales,24.8088,-107.394,Riodoce,"On 3 December 2024, in Culiacan Rosales, Sinaloa, armed individuals in a vehicle threw tire-piercing bombs at the state police and National Guard. This damaged an official vehicle.",0,MX25006,Culiacán,2024-12-16,2025-12-16
MEX96502,2024-12-03,2024,Political violence,Violence against civilians,Attack,484,North America,Mexico,Sinaloa,Culiacan,Culiacan Rosales,24.8088,-107.394,Riodoce,"On 3 December 2024, in Culiacan Rosales, Sinaloa, unidentified armed individuals set fire to a truck in colonia Ignacio Allende. A minor was found with burned injuries. 1 inured.",0,MX25006,Culiacán,2024-12-16,2025-12-16
MEX96503,2024-12-03,2024,Political violence,Violence against civilians,Attack,484,North America,Mexico,Sinaloa,Culiacan,Culiacan Rosales,24.8088,-107.394,Noroeste; Riodoce,"Around 3 December 2024 (as reported), in Culiacan Rosales, Sinaloa, a person was killed and the body was found with a message on the Benito Juarez La Costerita Bypass around Piggy Back area. 1 fatality.",1,MX25006,Culiacán,2024-12-16,2025-12-16
MEX96504,2024-12-03,2024,Political violence,Violence against civilians,Attack,484,North America,Mexico,Sinaloa,Culiacan,Culiacan Rosales,24.8088,-107.394,Noroeste,"On 3 December 2024, in Culiacan Rosales, Sinaloa, according to witnesses, armed individuals shot and killed a man in colonia CNOP. In another event, according to witnesses, armed men shot and killed a man in Colonia Bachigualato. 2 fatalities.",2,MX25006,Culiacán,2024-12-16,2025-12-16
MEX96551,2024-12-04,2024,Political violence,Violence against civilians,Attack,484,North America,Mexico,Sinaloa,Culiacan,Culiacan Rosales,24.8088,-107.394,Riodoce,"Around 4 December 2024 (as reported), in Culiacan Rosales, Sinaloa, one man was killed and his body was found wrapped in a blanket in Colonia Prados del Sur. The victim was wearing camouflage pants and tactical boots. The same day, two people were killed and their bodies were found inside plastic boxes in Tres Rios. 3 fatalities.",3,MX25006,Culiacán,2024-12-16,2025-12-16
MEX96552,2024-12-04,2024,Political violence,Violence against civilians,Attack,484,North America,Mexico,Sinaloa,Culiacan,Culiacan Rosales,24.8088,-107.394,Riodoce,"Around 4 December 2024 (as reported), in Culiacan Rosales, Sinaloa, a man was killed and his body was found tied and with gunshot wounds inside a trunk in Colonia Nueva Galicia. 1 fatality.",1,MX25006,Culiacán,2024-12-16,2025-12-16
MEX96553,2024-12-04,2024,Political violence,Violence against civilians,Attack,484,North America,Mexico,Sinaloa,Culiacan,Culiacan Rosales,24.8088,-107.394,El Sol de Sinaloa; Riodoce,"On 4 December 2024, in Culiacan Rosales, Sinaloa, armed individuals opened fire from a vehicle (drive-by) and shot an online application driver in Colonia Bachigualato. 1 fatality.",1,MX25006,Culiacán,2024-12-16,2025-12-16
MEX96580,2024-12-05,2024,Political violence,Battles,Armed clash,484,North America,Mexico,Guanajuato,Leon,Leon de los Aldama,21.122,-101.6832,Zona Franca,"On 5 December 2024, in Leon de los Aldama, Guanajuato, armed individuals opened fire at ministerial federal police officers and who repelled the aggression after killing a man in Colonia Villas Mariana. One armed individual was injured. 1 injury.",0,MX11020,León,2024-12-16,2025-12-16
MEX96581,2024-12-05,2024,Political violence,Violence against civilians,Attack,484,North America,Mexico,Guanajuato,Leon,Leon de los Aldama,21.122,-101.6832,Zona Franca,"On 5 December 2024, in Leon de los Aldama, Guanajuato, armed individuals on a motorcycle and in a truck opened fire and shot a man in a parking lot at Plaza Galerias Las Torres. 1 fatality.",1,MX11020,León,2024-12-16,2025-12-16
MEX96616,2024-12-06,2024,Political violence,Violence against civilians,Attack,484,North America,Mexico,Guanajuato,Leon,Leon de los Aldama,21.122,-101.6832,La Silla Rota,"On 6 December 2024, in Leon de los Aldama, Guanajuato, several armed individuals entered a restaurant and opened fire at two men in Colonia Villas Mariana de Leon. One man died and the other was injured. 1 fatality, 1 injury.",1,MX11020,León,2024-12-16,2025-12-16
MEX96628,2024-12-06,2024,Political violence,Battles,Armed clash,484,North America,Mexico,Sinaloa,Culiacan,Culiacan Rosales,24.8088,-107.394,La Verdad; Milenio; Noroeste,"On 6 December 2024, in Culiacan Rosales, Sinaloa, unidentified armed men opened fire at three state police patrol cars in Colonia Bachigualato which led to the cars crashing. One officer died and four officers were injured as a result. One of the injured officers was identified as a member of Los Chapitos and the attack is considered a direct attack against the officer. 1 fatality, 4 injuries.",1,MX25006,Culiacán,2024-12-16,2025-12-16
MEX96637,2024-12-08,2024,Political violence,Violence against civilians,Abduction/forced disappearance,484,North America,Mexico,Sinaloa,Culiacan,Culiacan Rosales,24.8088,-107.394,Noroeste; Riodoce,"On 8 December 2024, in Culiacan Rosales, Sinaloa, according to relatives, armed individuals kidnapped two men in colonia Toledo Corro. The victims were released after two hours. Another version, is that there were three men including two brothers and an uncle and the victim's whereabouts are unknown.",0,MX25006,Culiacán,2024-12-16,2025-12-16
MEX96638,2024-12-10,2024,Political violence,Violence against civilians,Abduction/forced disappearance,484,North America,Mexico,Sinaloa,Culiacan,Culiacan Rosales,24.8088,-107.394,El Sol de Sinaloa,"On 10 December 2024, in Culiacan Rosales, Sinaloa, four armed men intercepted two men in Desarrollo Urbano Tres Rios and kidnapped them. The whereabouts of both men remain unknown.",0,MX25006,Culiacán,2024-12-16,2025-12-16
MEX96639,2024-12-13,2024,Political violence,Violence against civilians,Abduction/forced disappearance,484,North America,Mexico,Sinaloa,Culiacan,Culiacan Rosales,24.8088,-107.394,La Verdad; Riodoce,"On 13 December 2024, in Culiacan Rosales, Sinaloa, according to witnesses, armed individuals abducted two men in front of the offices of the Deputy State Attorney General. One or two women (the exact number varies among reports) who were with the victims remained uninjured. A relative of the victims had been killed and his body was found the previous day in Costa Rica, Sinaloa (coded separately). The victims' whereabouts are unknown.",0,MX25006,Culiacán,2024-12-16,2025-12-16
MEX96647,2024-12-12,2024,Political violence,Battles,Armed clash,484,North America,Mexico,Sinaloa,Culiacan,Culiacan Rosales,24.8088,-107.394,El Proceso,"On 12 December 2024, in Culiacan Rosales, Sinaloa, military officers and armed individuals clashed in Colonia Libertad. An armed individuals was injured and arrested. 1 injured.",0,MX25006,Culiacán,2024-12-16,2025-12-16
MEX96667,2024-12-12,2024,Political violence,Battles,Armed clash,484,North America,Mexico,Sinaloa,Culiacan,Culiacan Rosales,24.8088,-107.394,El Proceso; El Sol de Sinaloa; La Verdad; Noroeste; Riodoce,"On 12 December 2024, in Culiacan Rosales, Sinaloa, armed individuals clashed on Agricultores boulevard, in Colonia Laureles Pinos. During this action, military, National Guard, and municipal police officers arrived at the scene and engaged in the clash. Three people died: an armed man and two women. One of the women was the owner of a tacos restaurant. Five civilians were injured, including an underage boy. An unspecified number of individuals was arrested. 3 fatalities, 5 injured.",3,MX25006,Culiacán,2024-12-16,2025-12-16
MEX96680,2024-12-11,2024,Political violence,Violence against civilians,Attack,484,North America,Mexico,Sinaloa,Culiacan,Culiacan Rosales,24.8088,-107.394,El Universal (Mexico),"On 11 December 2024, in Culiacan Rosales, Sinaloa, unknown armed individuals shot and killed man in fraccionamiento Montebello in the south of the capital. The victim was identified as a former military officer and private security guard. 1 fatality.",1,MX25006,Culiacán,2024-12-16,2025-12-16
MEX96682,2024-12-07,2024,Political violence,Violence against civilians,Attack,484,North America,Mexico,Sinaloa,Culiacan,Culiacan Rosales,24.8088,-107.394,El Universal (Mexico),"On 7 December 2024, in Culiacan Rosales, Sinaloa, armed individuals kidnapped a merchant. Took him to his house and killed him. This event is likely related to the increase in violent events that has been recorded since September amid the ongoing war between the factions of the Sinaloa Cartel. 1 fatality.",1,MX25006,Culiacán,2024-12-16,2025-12-16
MEX96683,2024-12-12,2024,Political violence,Violence against civilians,Attack,484,North America,Mexico,Sinaloa,Culiacan,Culiacan Rosales,24.8088,-107.394,El Sol de Sinaloa,"On 12 December 2024, in Culiacan Rosales, Sinaloa, according to witnesses, armed individuals shot and killed a man who was driving a motorcycle on Mision San Miguel Arcangel street, in Fraccionamiento Nueva Galicia. The victim was a deliveryman, although it is unknown whether he was working at the moment of the attack. 1 fatality.",1,MX25006,Culiacán,2024-12-16,2025-12-16
MEX96692,2024-12-06,2024,Political violence,Violence against civilians,Attack,484,North America,Mexico,Guanajuato,Leon,Leon de los Aldama,21.122,-101.6832,Zona Franca,"On 6 December 2024, in Leon de los Aldama, Guanajuato, according to witnesses, armed individuals shot and killed a woman in colonia Joyas de la Loma. 1 fatality.",1,MX11020,León,2024-12-16,2025-12-16
MEX96698,2024-12-12,2024,Political violence,Violence against civilians,Attack,484,North America,Mexico,Sinaloa,Culiacan,Culiacan Rosales,24.8088,-107.394,Noroeste,"Around 12 December 2024 (as reported), in Culiacan Rosales, Sinaloa, a man was killed and his body was found covered by a blanket on Maquio Clouthier avenue, in Sector Renato Vega Amador. 1 fatality.",1,MX25006,Culiacán,2024-12-16,2025-12-16
MEX96704,2024-12-09,2024,Political violence,Violence against civilians,Attack,484,North America,Mexico,Guanajuato,Leon,Leon de los Aldama,21.122,-101.6832,Zona Franca,"On 9 December 2024, in Leon de los Aldama, Guanajuato, three men broke into a home in Colonia Balcones de las Joyas and shot a man to death. 1 fatality.",1,MX11020,León,2024-12-16,2025-12-16
MEX96705,2024-12-12,2024,Political violence,Violence against civilians,Attack,484,North America,Mexico,Guanajuato,Leon,Leon de los Aldama,21.122,-101.6832,Zona Franca,"On 12 December 2024, in Leon de los Aldama, Guanajuato, according to witnesses, an armed man shot and killed a man on Vasco de Quiroga boulevard, in Colonia Benito Juarez. The perpetrator fled on a motorcycle driven by a second individual. 1 fatality.",1,MX11020,León,2024-12-16,2025-12-16
MEX96706,2024-12-10,2024,Political violence,Violence against civilians,Attack,484,North America,Mexico,Guanajuato,Leon,Leon de los Aldama,21.122,-101.6832,Zona Franca,"On 10 December 2024, in Leon de los Aldama, Guanajuato, seven armed men in two vehicles arrived at a home on Litio street, in Colonia Piletas IV, and opened fire at it. Two men died as a result. Seven men were arrested upon the arrival of police. 2 fatalities.",2,MX11020,León,2024-12-16,2025-12-16
MEX96734,2024-12-11,2024,Political violence,Violence against civilians,Attack,484,North America,Mexico,Sinaloa,Culiacan,Culiacan Rosales,24.8088,-107.394,Riodoce,"On 11 December 2024, in Culiacan Rosales, Sinaloa, armed individuals opened fire from two vehicles at two men riding motorcycles in Colonia Amistad (drive-by). Both men died and a civilian was injured. 2 fatalities. 1 injury.",2,MX25006,Culiacán,2024-12-16,2025-12-16
MEX96735,2024-12-13,2024,Political violence,Violence against civilians,Attack,484,North America,Mexico,Sinaloa,Culiacan,Culiacan Rosales,24.8088,-107.394,El Sol de Sinaloa; Noroeste; Riodoce,"On 13 December 2024, in Culiacan Rosales, Sinaloa, armed individuals aboard at least two vehicles shot and killed a man in the intersection of Revolucion and Plan de Ayala avenues, in Colonia Emiliano Zapata (drive-by). An employee of a bar was also killed after being hit by stray bullets. 2 fatalities.",2,MX25006,Culiacán,2024-12-16,2025-12-16
MEX96740,2024-12-09,2024,Political violence,Violence against civilians,Attack,484,North America,Mexico,Guanajuato,Leon,Leon de los Aldama,21.122,-101.6832,Zona Franca,"On 9 December 2024, in Leon de los Aldama, Guanajuato, men opened fire from a motorcycle (drive-by) and shot a man repeatedly, injured him, and fled the scene in Colonia San Martin de Porres.",0,MX11020,León,2024-12-16,2025-12-16
MEX96741,2024-12-07,2024,Political violence,Violence against civilians,Attack,484,North America,Mexico,Guanajuato,Leon,Leon de los Aldama,21.122,-101.6832,La Jornada; Zona Franca,"On 7 December 2024, in Leon de los Aldama, Guanajuato, an armed man entered a house and shot and killed two boys and injured two women in Colonia Lomas del Mirador. The killing is linked to the sell and consumption of drugs, Later in Colonia Pedralta, authorities arrested six people, including three men and three women, some of them involved in the killing of the boys. Drugs and weapons were seized. 2 fatalities.",2,MX11020,León,2024-12-16,2025-12-16
MEX96900,2024-12-14,2024,Political violence,Violence against civilians,Attack,484,North America,Mexico,Guanajuato,Leon,Leon de los Aldama,21.122,-101.6832,Zona Franca,"Around 14 December 2024 (month of), in Leon de los Aldama, Guanajuato, a person was killed and the body was found burned in Colonia Industrial. The body was in a state of decomposition. 1 fatality.",1,MX11020,León,2024-12-16,2025-12-16
MEX96912,2024-12-14,2024,Political violence,Violence against civilians,Attack,484,North America,Mexico,Sinaloa,Culiacan,Culiacan Rosales,24.8088,-107.394,El Siglo de Durango; Noroeste,"On 14 December 2024, in Culiacan Rosales, Sinaloa, at least two armed individuals shot and killed a man close to a baseball field in Colonia Country del Rio. The man died as a result and the two perpetrators were arrested. 1 fatality.",1,MX25006,Culiacán,2024-12-16,2025-12-16
MEX96913,2024-12-14,2024,Political violence,Violence against civilians,Attack,484,North America,Mexico,Sinaloa,Culiacan,Culiacan Rosales,24.8088,-107.394,Riodoce,"On 14 December 2024, in Culiacan Rosales, Sinaloa, according to witnesses, unknown armed individuals in a vehicle opened fire at a car wash in Colonia Las Coloradas (drive-by). One minor was injured by a stray bullet and was transported by his family to the hospital.",0,MX25006,Culiacán,2024-12-16,2025-12-16
MEX96914,2024-12-14,2024,Political violence,Violence against civilians,Attack,484,North America,Mexico,Sinaloa,Culiacan,Culiacan Rosales,24.8088,-107.394,La Verdad; Noroeste,"On 14 December 2024, in Culiacan Rosales, Sinaloa, armed individuals chased two men on a motorcycle and shot them several times until both men crashed and died in Colonia Miguel Hidalgo (drive-by). The same day, unknown armed individuals in a vehicle chased a man driving another vehicle and shot him more than 300 times in Colonia Conquista (drive-by). The attack is being considered linked to the settling of scores and disputes between criminal groups, although authorities have not confirmed this. 3 fatalities.",3,MX25006,Culiacán,2024-12-16,2025-12-16
MEX96917,2024-12-14,2024,Political violence,Violence against civilians,Attack,484,North America,Mexico,Sinaloa,Navolato,Navolato,24.7672,-107.6968,El Sol de Acapulco,"Around 14 December 2024 (as reported), in Navolato, Sinaloa, a man was killed and his body was found with signs of torture and multiple blows to his body inside a garbage dump. 1 fatality.",1,MX25018,Navolato,2024-12-16,2025-12-16
MEX96965,2024-12-16,2024,Political violence,Battles,Armed clash,484,North America,Mexico,Guanajuato,Leon,Leon de los Aldama,21.122,-101.6832,Zona Franca,"On 16 December 2024, in Leon de los Aldama, Guanajuato, armed individuals on a motorcycle shot and killed a man who was driving a car in the intersection of Calzada Tepeyac and Romal avenue, in Colonia Andrade (drive-by). The victim was a member of Las Leches Gang. 1 fatality.",1,MX11020,León,2024-12-16,2025-12-16
MEX96993,2024-12-16,2024,Political violence,Violence against civilians,Attack,484,North America,Mexico,Sinaloa,Culiacan,Culiacan Rosales,24.8088,-107.394,El Sol de Sinaloa; Riodoce,"Around 16 December 2024 (as reported), in Culiacan Rosales, Sinaloa, a person was killed and the body was found burnt inside a building between Juan M. Zambada avenue and Canedo canal, in Colonia Bachigualato. A burnt vehicle was located a few meters from the body. 1 fatality.",1,MX25006,Culiacán,2024-12-16,2025-12-16
MEX96994,2024-12-16,2024,Political violence,Violence against civilians,Attack,484,North America,Mexico,Sinaloa,Culiacan,Culiacan Rosales,24.8088,-107.394,Riodoce,"On 16 December 2024, in Culiacan Rosales, Sinaloa, several unknown armed individuals opened fire at homes and then set them on fire in Colonia Lazaro Cardenas, Prados del Sur, Villa Bonita and one convenience store. There were no injuries.",0,MX25006,Culiacán,2024-12-16,2025-12-16
MEX99159,2024-10-08,2024,Political violence,Violence against civilians,Attack,484,North America,Mexico,Sinaloa,Culiacan,Culiacan Rosales,24.8088,-107.394,Noroeste; Riodoce,"On 8 October 2024, in Culiacan Rosales, Sinaloa, according to witnesses, a group of armed men shot and killed a man who was driving a motorcycle in the intersection of Patria avenue and Mision de San Juan Bautista street, in Fraccionamiento Nueva Galicia, Sector Miguel de la Madrid. 1 fatality.",1,MX25006,Culiacán,2024-12-16,2025-12-16
MEX99999,2024-10-16,2024,Political violence,Violence against civilians,Attack,484,North America,Mexico,Guanajuato,Apaseo el Alto,Marroquin,20.5131,-100.5599,Milenio,"On 16 October 2024, near Marroquin, Guanajuato, armed individuals aboard three vehicles arrived at a junkyard on the Queretaro-Celaya highway and opened fire at a group of people, killing four people. 4 fatalities.",4,MX11004,Apaseo el Alto,2024-12-16,2025-12-16
MEX108094,2024-11-03,2024,Political violence,Violence against civilians,Attack,484,North America,Mexico,Jalisco,San Pedro Tlaquepaque,Tlaquepaque,20.6386,-103.3072,Milenio,"On 3 November 2024, in Tlaquepaque, Jalisco, armed men shot and killed an environmental activists in Colonia El Alamo. 1 fatality.",1,MX14098,San Pedro Tlaquepaque,2024-12-16,2025-12-16
MEX108928,2024-10-27,2024,Political violence,Violence against civilians,Attack,484,North America,Mexico,Sonora,Cajeme,Ciudad Obregon,27.4965,-109.9327,Entorno Informativo,"On 27 October 2024, in Ciudad Obregon, Sonora, two men shot and killed a man in his house in the intersection of Tepeyac and Aquiles Serdan streets, in colonia Villa de las Flores. One of the perpetrators was arrested. 1 fatality.",1,MX26018,Cajeme,2024-12-16,2025-12-16
MEX109341,2024-10-20,2024,Political violence,Violence against civilians,Attack,484,North America,Mexico,Sonora,Cajeme,Ciudad Obregon,27.4965,-109.9327,Entorno Informativo,"On 20 October 2024, in Ciudad Obregon, Sonora, two men shot at a man and two children in colonia Campanario. The victims remained uninjured and escaped the scene. One of the perpetrators was arrested. There were no casualties.",0,MX26018,Cajeme,2024-12-16,2025-12-16
MEX114150,2024-11-09,2024,Political violence,Violence against civilians,Attack,484,North America,Mexico,Chiapas,Palenque,Palenque,17.5091,-91.9809,Quadratin Oaxaca,"On 9 November 2024, between Palenque and Nututun, Chiapas, a group of individuals abducted a businessman, his son and one of his employees on Palenque-Nututun federal road and took them to the businessman's block factory, where they stabbed and shot them. It is unknown whether the victims died. At least 3 injured.",0,MX07065,Palenque,2024-12-16,2025-12-16
MEX114151,2024-12-06,2024,Political violence,Violence against civilians,Attack,484,North America,Mexico,Michoacán,Morelia,Morelia,19.7034,-101.192,La Voz de Michoacan,"On 6 December 2024, in Morelia, Michoacan de Ocampo, a group of individuals abducted a man from a house in fraccionamiento Villa Magna and took him to colonia Margarita Maza de Juarez, where they shot and killed him. A woman who participated in the attack was arrested. 1 fatality.",1,MX16053,Morelia,2024-12-16,2025-12-16
