run_date,adm1_name,adm2_name,adm2_code,pop_total,pop_wra,w_exposure,facilities,fac_per_100k,A_distance,A_density,A_blend,v30,v3m,dlt_v30_raw,events30,events_90v,events_prevv,spillover,cast_state,cast_raw,access_A,mvi,MVI_raw,DCR100,PRS100,priority100,data_as_of
2025-12-17,Aguascalientes,Aguascalientes,MX01001,995228,248807,2.0,179.0,71.94331349198374,0.5313385028675234,0.5884551389026527,0.29422756945132633,0.0,0.8038359049383659,0.0,0,2.0,0.0,0.4906001020448212,0.0,0.0,0.29422756945132633,0.0,23.6822578574,11.337489737385873,4.358978408695291,7.150382940171523,2024-12-17
2025-12-17,Aguascalientes,Asientos,MX01002,54708,13677,1.9537636236141405,15.0,109.67317394165387,3.9859444906920967,0.34363086423642847,0.281008776503858,0.0,0.0,0.0,0,0.0,0.0,2.38914373088685,0.0,0.0,0.281008776503858,0.22682656749357774,40.1318811907,19.016943719110916,9.22015057407733,13.138867832090767,2024-12-17
2025-12-17,Aguascalientes,Calvillo,MX01003,60922,15230,2.0,20.0,131.31976362442546,1.8257548627299716,0.26667900690002844,0.17292627252779716,0.0,0.0,0.0,0,0.0,0.0,0.0,0.0,0.0,0.17292627252779716,0.306589370509723,45.7559438264,11.319575586028376,4.52783023441135,7.244528375058161,2024-12-17
2025-12-17,Aguascalientes,Cosío,MX01004,18113,4528,1.124164340607898,4.0,88.33922261484099,0.05516994327831801,0.4563707111125116,0.2281853555562558,0.0,0.0,0.0,0,0.0,0.0,19.118631106012806,0.0,0.0,0.2281853555562558,0.18296461828732638,37.0391820837,25.504853032434205,14.20194121297368,18.72310594075789,2024-12-17
2025-12-17,Aguascalientes,Jesús María,MX01005,138498,34624,2.0,16.0,46.21072088724584,5.266456501048023,0.9847427455181325,0.6428259353857888,0.0,0.0,0.0,0,0.0,0.0,0.0,0.0,0.0,0.6428259353857888,0.031250387457656396,26.3418356434,19.90978581072679,7.963914324290716,12.742262918865146,2024-12-17
2025-12-17,Aguascalientes,Pabellón de Arteaga,MX01006,50930,12732,1.8850588405308377,9.0,70.6880301602262,0.23074665993515184,0.6010927670479013,0.30054638352395063,0.0,0.0,0.0,0,0.0,0.0,0.0,0.0,0.0,0.30054638352395063,0.06778691094923098,28.9180201409,10.37212972470314,4.148851889881255,6.6381630238100096,2024-12-17
2025-12-17,Aguascalientes,Rincón de Romos,MX01007,60713,15178,2.0,16.0,105.41573329819475,3.455449954133064,0.36248483726645464,0.2733419359624751,0.0,6.588483331137172,0.0,0,1.0,0.0,8.19369904543406,0.0,0.0,0.2733419359624751,0.23220932817066212,40.5114187954,38.23974544679663,15.137777856914997,24.37856489286765,2024-12-17
2025-12-17,Aguascalientes,San José de Gracia,MX01008,10106,2527,0.8398064713336566,7.0,277.0083102493075,4.422168209610876,0.06162765052459121,0.15406336117342134,0.0,0.0,0.0,0,0.0,0.0,0.0,0.0,0.0,0.15406336117342134,0.3068018041910595,45.7709224917,10.75793691902383,4.303174767609533,6.885079628175253,2024-12-17
2025-12-17,Aguascalientes,Tepezalá,MX01009,23953,5988,1.2927587672315268,7.0,116.9004676018704,3.2046811969474533,0.31476934641022997,0.24140380992520036,0.0,0.0,0.0,0,0.0,0.0,11.471178663607686,0.0,0.0,0.24140380992520036,0.19159164590518019,37.6474724377,26.073947215859615,14.429578886343847,19.087326218150157,2024-12-17
2025-12-17,Aguascalientes,El Llano,MX01010,22066,5516,1.2407626871290496,5.0,90.64539521392314,2.3899646621864647,0.44162544503607565,0.2785797066042367,0.0,0.0,0.0,0,0.0,0.0,1.1038502296008477,0.0,0.0,0.2785797066042367,0.23363730692494422,40.6121053517,15.825472903193875,7.075611979028987,10.575556348694942,2024-12-17
2025-12-17,Aguascalientes,San Francisco de los Romo,MX01011,66686,16671,2.0,6.0,35.99064243296743,5.0196608052199085,1.0,0.642502203738896,0.0,0.0,0.0,0,0.0,0.0,0.0,0.0,0.0,0.642502203738896,0.19361927995323505,37.790440594,23.147451711231582,9.258980684492633,14.814369095188212,2024-12-17
2025-12-17,Baja California,Ensenada,MX02001,587107,146777,2.0,152.0,103.55845943165482,84.58092438861291,0.3711953768483404,0.6855976884241702,0.6813056541556238,2.0439169624668714,0.6813056541556238,1,3.0,0.0,3.3274778115912955,0.8427543679342242,41.0,0.6855976884241702,0.0,22.2984391711,32.2191600491065,34.19433717419532,33.40426632415979,2024-12-17
2025-12-17,Baja California,Mexicali,MX02002,1087622,271906,2.0,219.0,80.54254043676859,60.640526296950505,0.5124743538227966,0.7562371769113982,1.8388707862275933,4.413289886946224,0.0,5,12.0,5.0,3.2806002455533196,0.8427543679342242,41.0,0.7562371769113982,0.0,20.2190064344,37.95802793378219,43.76393965616891,41.44157496721422,2024-12-17
2025-12-17,Baja California,Tecate,MX02003,110500,27625,2.0,22.0,79.63800904977376,9.524203802063894,0.5196943679843269,0.5474967429811215,7.239819004524887,18.099547511312217,3.6199095022624435,2,5.0,1.0,3.3596252358624046,0.8427543679342242,41.0,0.5474967429811215,0.0,21.1066942695,53.49009413691748,57.41137173726322,55.84286069712492,2024-12-17
2025-12-17,Baja California,Tijuana,MX02004,2010930,502732,2.0,369.0,73.39894814732303,6.8637859420795095,0.574341719739703,0.4890952706013031,7.558699267203997,17.30544305912494,2.983697079159473,38,87.0,23.0,2.640374886226837,0.8427543679342242,41.0,0.4890952706013031,0.0,23.7023626651,48.663719040584354,55.49629146333383,52.76326249423404,2024-12-17
2025-12-17,Baja California,Playas de Rosarito,MX02005,132452,33113,2.0,33.0,99.65874429982182,4.776629886107394,0.39054141401411335,0.32994186214060284,0.0,6.039923896958898,0.0,0,2.0,0.0,4.12000246067981,0.8427543679342242,41.0,0.32994186214060284,0.10061290625221922,31.2325758822,31.873588265613645,26.587472076257722,28.701918552000095,2024-12-17
2025-12-17,Baja California Sur,Comondú,MX03001,76043,19011,2.0,37.0,194.6241649571301,13.412574436490415,0.1398650138843592,0.4828748457346475,5.260112566408921,15.780337699226763,5.260112566408921,1,3.0,0.0,1.7560264633188023,0.061664953751284696,3.0,0.4828748457346475,0.15333051299024483,34.9496860023,46.897927135243464,40.63570275501593,43.140592507106945,2024-12-17
2025-12-17,Baja California Sur,Mulegé,MX03002,66886,16721,2.0,34.0,203.33712098558698,36.7543965451056,0.12859272225856855,0.5642963611292843,0.0,5.980503558399617,-5.980503558399617,0,1.0,1.0,1.9804727401881816,0.061664953751284696,3.0,0.5642963611292843,0.0,24.1103271926,31.38017283802731,11.22502612027722,19.28708480737726,2024-12-17
2025-12-17,Baja California Sur,La Paz,MX03003,303717,75929,2.0,92.0,121.16582596899735,27.635033665729573,0.29935165829448623,0.6496758291472431,5.268079389956407,6.585099237445508,5.268079389956407,4,5.0,0.0,2.6300562832044605,0.061664953751284696,3.0,0.6496758291472431,0.0,20.607253513,36.540460331607726,43.34622849828908,40.62392123161654,2024-12-17
2025-12-17,Baja California Sur,Los Cabos,MX03008,366828,91707,2.0,89.0,97.04820787944213,11.488753330790017,0.4043607428708382,0.5531325048591503,0.0,0.0,0.0,0,0.0,0.0,5.268079389956407,0.061664953751284696,3.0,0.5531325048591503,0.10724179119856816,31.6999775122,32.07943390151203,17.177516803003208,23.13828364240674,2024-12-17
2025-12-17,Baja California Sur,Loreto,MX03009,18818,4704,1.1458037847491205,6.0,127.55102040816327,11.414922721008525,0.27819874602224404,0.4876725042244645,0.0,0.0,0.0,0,0.0,0.0,2.6300562832044605,0.061664953751284696,3.0,0.4876725042244645,0.14099575926780453,34.0799644666,24.110314383588584,12.107167395554761,16.90842619076829,2024-12-17
2025-12-17,Campeche,Calkiní,MX04001,61919,15480,2.0,14.0,90.43927648578811,3.182605142403295,0.44291273016973276,0.30476415751682184,0.0,6.459948320413437,0.0,0,1.0,0.0,0.0,0.10277492291880783,5.0,0.30476415751682184,0.5489130012523595,62.8421447355,30.313683175024696,8.251683509002202,17.0764833754112,2024-12-17
2025-12-17,Campeche,Campeche,MX04002,306306,76576,2.0,74.0,96.63602173004597,18.24036518955276,0.4066109731143287,0.7033054865571644,0.0,6.529460927705808,-1.3058921855411618,0,5.0,1.0,12.473935974487919,0.10277492291880783,5.0,0.7033054865571644,0.11900547245969868,32.5294328189,48.781449375701506,20.884641813523007,32.0433648383944,2024-12-17
2025-12-17,Campeche,Carmen,MX04003,256911,64228,2.0,63.0,98.088061281684,31.921834328999477,0.3987679521013906,0.6993839760506952,1.5569533536775237,6.227813414710095,-1.5569533536775237,1,4.0,2.0,0.5840677985900603,0.10277492291880783,5.0,0.6993839760506952,0.15921659419264586,35.3647126577,35.47115174570064,23.86233464543229,28.50586148553963,2024-12-17
2025-12-17,Campeche,Champotón,MX04004,97838,24459,2.0,28.0,114.47728852365182,16.516107852261463,0.32403999360858443,0.6620199968042922,4.0884745901304225,12.265423770391267,-4.0884745901304225,1,3.0,2.0,0.31139067073550475,0.10277492291880783,5.0,0.6620199968042922,0.4685155057727215,57.1733300345,49.37183067614151,42.66246629538207,45.34621204768584,2024-12-17
2025-12-17,Campeche,Hecelchakán,MX04005,33446,8361,1.5275861341191939,5.0,59.801459155603396,4.61796754779578,0.7329468477267718,0.4960320917146802,0.0,0.0,0.0,0,0.0,0.0,11.11111111111111,0.10277492291880783,5.0,0.4960320917146802,0.6033590485767787,66.6811269282,41.94814372297598,20.819128955998597,29.27073486278955,2024-12-17
2025-12-17,Campeche,Hopelchén,MX04006,44233,11058,1.7567699281690583,10.0,90.43226623259179,12.542799059536916,0.44295661489019833,0.6063943635014766,0.0,0.0,0.0,0,0.0,0.0,3.1184839936219797,0.10277492291880783,5.0,0.6063943635014766,0.7192474368808276,74.8523988736,40.47387382027979,17.98764761070636,26.982138094535735,2024-12-17
2025-12-17,Campeche,Palizada,MX04007,9177,2294,0.8001534879273196,7.0,305.1438535309503,10.519128097610524,0.044585750743789745,0.3420013203063979,0.0,0.0,0.0,0,0.0,0.0,0.5189844512258412,0.10277492291880783,5.0,0.3420013203063979,0.5066854795952453,59.8646888567,21.707999681917865,9.363558841405558,14.301335177610483,2024-12-17
2025-12-17,Campeche,Tenabo,MX04008,12002,3000,0.9150339827055608,3.0,100.0,0.9981224447680742,0.38878824159551356,0.20731255600225912,33.333333333333336,33.333333333333336,33.333333333333336,1,1.0,0.0,0.0,0.10277492291880783,5.0,0.20731255600225912,0.4215687354092398,53.8631206752,49.650751388252566,36.44554296161186,41.727626332268144,2024-12-17
2025-12-17,Campeche,Escárcega,MX04009,63058,15764,2.0,16.0,101.49708195889369,22.05622927133604,0.3812364126153944,0.6906182063076972,0.0,19.030702867292565,-19.030702867292565,0,3.0,3.0,1.4113569859519866,0.10277492291880783,5.0,0.6906182063076972,0.6228515224940743,68.0555381837,66.77624637392454,15.634324982654224,36.091093539162344,2024-12-17
2025-12-17,Campeche,Calakmul,MX04010,33497,8374,1.5287732472937519,7.0,83.59207069500836,32.07379065651182,0.48928425146169896,0.7446421257308495,0.0,0.0,0.0,0,0.0,0.0,0.6814124316884037,0.10277492291880783,5.0,0.7446421257308495,0.8343807049645937,82.9704274116,40.75245291275979,16.107941007159994,25.965745769399916,2024-12-17
2025-12-17,Campeche,Candelaria,MX04011,49215,12304,1.853103844875927,20.0,162.5487646293888,0.9863562961652553,0.19177510318535562,0.10842685280903197,0.0,0.0,0.0,0,0.0,0.0,0.38923833841938094,0.10277492291880783,5.0,0.10842685280903197,0.7986236325505567,80.4492018864,20.210966095897863,7.801314249410221,12.76517498800528,2024-12-17
2025-12-17,Coahuila de Zaragoza,Abasolo,MX05001,1079,270,0.5,2.0,740.7407407407408,14.294140096840955,0.0,0.4413485331986054,0.0,0.0,0.0,0,0.0,0.0,0.9119095385737735,0.020554984583761565,1.0,0.4413485331986054,0.0,10.9748237664,15.549730477505838,7.205688441922757,10.543305256155989,2024-12-17
2025-12-17,Coahuila de Zaragoza,Acuña,MX05002,171211,42803,2.0,28.0,65.41597551573489,78.32004645046207,0.6594655403671915,0.8297327701835957,0.0,0.0,0.0,0,0.0,0.0,0.0,0.020554984583761565,1.0,0.8297327701835957,0.0,23.4458965591,24.89198310550787,10.326782964710855,16.152863021029663,2024-12-17
2025-12-17,Coahuila de Zaragoza,Allende,MX05003,24129,6032,1.2974996887732697,6.0,99.46949602122015,9.183987035371983,0.3915188464244832,0.47244636869486695,0.0,0.0,0.0,0,0.0,0.0,0.0,0.020554984583761565,1.0,0.47244636869486695,0.009320237655698569,24.7955442465,14.35979581395998,6.0859473351246045,9.395486726658756,2024-12-17
2025-12-17,Coahuila de Zaragoza,Arteaga,MX05004,31413,7853,1.480452216857023,9.0,114.60588310199924,8.812334160302731,0.3235381637032604,0.4264804657900148,0.0,0.0,0.0,0,0.0,0.0,1.4008088582194693,0.020554984583761565,1.0,0.4264804657900148,0.06915563954660842,29.014528978,17.724865632116625,8.198426088043602,12.009001905672811,2024-12-17
2025-12-17,Coahuila de Zaragoza,Candela,MX05005,1712,428,0.5,1.0,233.6448598130841,15.265696957763337,0.09593087368852203,0.5206199002863424,0.0,0.0,0.0,0,0.0,0.0,0.0,0.020554984583761565,1.0,0.5206199002863424,0.1312180010181152,33.3905362776,18.242957028952574,7.273518531034393,11.661293930201666,2024-12-17
2025-12-17,Coahuila de Zaragoza,Castaños,MX05006,30577,7644,1.460618964296058,4.0,52.32862375719519,23.398614623544198,0.8552096789438862,0.9276048394719432,0.0,0.0,0.0,0,0.0,0.0,0.6513639561241239,0.020554984583761565,1.0,0.9276048394719432,0.13629980929752974,33.7488537763,32.20362314264295,13.282401357681378,20.850890071666008,2024-12-17
2025-12-17,Coahuila de Zaragoza,Cuatro Ciénegas,MX05007,13264,3316,0.9620194593322767,7.0,211.09770808202654,43.49797198595562,0.11933605793683305,0.5596680289684165,0.0,0.0,0.0,0,0.0,0.0,0.0,0.020554984583761565,1.0,0.5596680289684165,0.12572492467611435,33.0032203328,19.304539362574783,7.714630693509278,12.350594161135481,2024-12-17
2025-12-17,Coahuila de Zaragoza,Escobedo,MX05008,3203,801,0.5,2.0,249.68789013732834,10.704047434435841,0.08185119253914744,0.3665925929802714,0.0,0.0,0.0,0,0.0,0.0,0.0,0.020554984583761565,1.0,0.3665925929802714,0.06989728931548378,29.066822586,12.395723575717819,5.118587284848384,8.029441801196157,2024-12-17
2025-12-17,Coahuila de Zaragoza,Francisco I. Madero,MX05009,62213,15553,2.0,12.0,77.15553269465698,16.1220848058022,0.5403794753037799,0.77018973765189,0.0,0.0,0.0,0,0.0,0.0,0.0,0.020554984583761565,1.0,0.77018973765189,0.1082713006779904,31.7725680629,25.271118143116507,10.153623077720338,16.200621103878806,2024-12-17
2025-12-17,Coahuila de Zaragoza,Frontera,MX05010,87728,21932,2.0,9.0,41.03592923581981,6.8217396653429825,1.0,0.7005695772065645,4.559547692868867,4.559547692868867,4.559547692868867,1,1.0,0.0,0.0,0.020554984583761565,1.0,0.7005695772065645,0.0,22.2502270681,28.211135994422342,38.77682464898648,34.550549187160826,2024-12-17
2025-12-17,Coahuila de Zaragoza,General Cepeda,MX05011,12406,3101,0.9303095496765413,5.0,161.23831022250886,18.16255124987423,0.19433504521251463,0.5971675226062573,0.0,0.0,0.0,0,0.0,0.0,0.2898122306557581,0.020554984583761565,1.0,0.5971675226062573,0.1833270074331014,37.0647340851,22.315471944051314,8.941905775749348,14.291332243070135,2024-12-17
2025-12-17,Coahuila de Zaragoza,Guerrero,MX05012,1717,429,0.5,1.0,233.1002331002331,26.761112272217986,0.09644286209395381,0.5482214310469768,0.0,233.1002331002331,0.0,0,1.0,0.0,0.0,0.020554984583761565,1.0,0.5482214310469768,0.0,23.8311111111,51.4466429314093,6.9486468950714295,24.747845309606582,2024-12-17
2025-12-17,Coahuila de Zaragoza,Hidalgo,MX05013,1824,456,0.5,1.0,219.2982456140351,20.22345472976241,0.11026654904061252,0.5551332745203063,0.0,0.0,0.0,0,0.0,0.0,0.0,0.020554984583761565,1.0,0.5551332745203063,9.944912971224691e-05,24.1453879047,16.655987218203432,7.032086262399945,10.881646644721341,2024-12-17
2025-12-17,Coahuila de Zaragoza,Jiménez,MX05014,10040,2510,0.8369768705804761,3.0,119.5219123505976,6.500211610628577,0.305163468708319,0.34279089390832496,0.0,0.0,0.0,0,0.0,0.0,0.0,0.020554984583761565,1.0,0.34279089390832496,0.0,24.0701209364,10.283726817249748,4.483480449407608,6.803578996544464,2024-12-17
2025-12-17,Coahuila de Zaragoza,Juárez,MX05015,1662,415,0.5,1.0,240.96385542168676,7.475115750255182,0.08927502441790859,0.2662604594854883,0.0,0.0,0.0,0,0.0,0.0,0.0,0.020554984583761565,1.0,0.2662604594854883,0.07431989376318056,29.3786597267,9.47421165982826,3.936714705149471,6.151713487020987,2024-12-17
2025-12-17,Coahuila de Zaragoza,Lamadrid,MX05016,1833,458,0.5,1.0,218.34061135371178,18.302322652864945,0.11129052585147613,0.555645262925738,0.0,0.0,0.0,0,0.0,0.0,0.0,0.020554984583761565,1.0,0.555645262925738,0.0,16.4573459716,16.66935788777214,7.0377328776165635,10.890382881678793,2024-12-17
2025-12-17,Coahuila de Zaragoza,Matamoros,MX05017,125345,31336,2.0,14.0,44.677048761807505,3.9269697492939595,1.0,0.6072930344659708,0.0,0.0,0.0,0,0.0,0.0,0.08852252367092284,0.020554984583761565,1.0,0.6072930344659708,0.053455840239422965,27.9075386099,19.51207788668174,8.074232035905911,12.649370376216245,2024-12-17
2025-12-17,Coahuila de Zaragoza,Monclova,MX05018,250011,62503,2.0,51.0,81.59608338799738,21.889762767363862,0.5042667244912397,0.7521333622456199,0.0,0.0,0.0,0,0.0,0.0,1.1398869232172169,0.020554984583761565,1.0,0.7521333622456199,0.0,22.8084836993,25.450593969303192,11.319985470744877,16.972228870168205,2024-12-17
2025-12-17,Coahuila de Zaragoza,Morelos,MX05019,8300,2075,0.7610017341690603,2.0,96.3855421686747,24.204363059257716,0.4079878067992061,0.703993903399603,0.0,0.0,0.0,0,0.0,0.0,0.0,0.020554984583761565,1.0,0.703993903399603,0.0,22.943359375,21.11981710198809,8.817916563302944,13.738676778777004,2024-12-17
2025-12-17,Coahuila de Zaragoza,Múzquiz,MX05020,74229,18557,2.0,14.0,75.44322897019993,53.6475570815521,0.5554404675635655,0.7777202337817828,0.0,0.0,0.0,0,0.0,0.0,0.0,0.020554984583761565,1.0,0.7777202337817828,0.06851349827192384,28.9692516982,24.701876978891956,10.04520001924872,15.907870803106015,2024-12-17
2025-12-17,Coahuila de Zaragoza,Nadadores,MX05021,6953,1738,0.6964685049977563,2.0,115.07479861910241,8.953838232911636,0.3217177604839473,0.43012987031813643,0.0,0.0,0.0,0,0.0,0.0,0.9119095385737735,0.020554984583761565,1.0,0.43012987031813643,0.0,16.7889139542,15.213170591091767,7.071064487357129,10.327906928850986,2024-12-17
2025-12-17,Coahuila de Zaragoza,Nava,MX05022,35360,8840,1.5707343033576202,2.0,22.624434389140273,18.99133723362257,1.0,1.0,0.0,0.0,0.0,0,0.0,0.0,0.0,0.020554984583761565,1.0,1.0,0.0038221467513313324,24.4078747257,30.076442935026627,12.389100456264364,19.464037447769268,2024-12-17
2025-12-17,Coahuila de Zaragoza,Ocampo,MX05023,10117,2529,0.8401387389911017,9.0,355.87188612099646,33.385471961298784,0.020668578090046946,0.5103342890450234,0.0,0.0,0.0,0,0.0,0.0,0.0,0.020554984583761565,1.0,0.5103342890450234,0.14202234475825945,34.1523488473,18.15047556651589,7.204112914839286,11.582657975509928,2024-12-17
2025-12-17,Coahuila de Zaragoza,Parras,MX05024,46380,11595,1.7989205061482545,11.0,94.8684777921518,9.583726736521426,0.4164821598893247,0.4978086129698959,0.0,0.0,0.0,0,0.0,0.0,0.12420524170961061,0.020554984583761565,1.0,0.4978086129698959,0.08318239567279657,30.0035533358,16.912437495639196,6.969292518568032,10.946550509396497,2024-12-17
2025-12-17,Coahuila de Zaragoza,Piedras Negras,MX05025,185146,46287,2.0,39.0,84.2569187892929,8.722136978821815,0.4844513059642712,0.5040306638762098,0.0,0.0,0.0,0,0.0,0.0,0.0,0.020554984583761565,1.0,0.5040306638762098,0.0,22.5540890111,15.120919916286294,6.4183576890222245,9.89938257992785,2024-12-17
2025-12-17,Coahuila de Zaragoza,Progreso,MX05026,3347,837,0.5,3.0,358.42293906810033,3.865988746367685,0.019644601279183358,0.11515037854916013,0.0,119.47431302270012,0.0,0,1.0,0.0,0.0,0.020554984583761565,1.0,0.11515037854916013,0.05097614052351621,27.7326953748,39.474034166945124,2.0066749677152105,16.993618647407178,2024-12-17
2025-12-17,Coahuila de Zaragoza,Ramos Arizpe,MX05027,129525,32381,2.0,19.0,58.67638429943485,15.480405811707493,0.7493628128104062,0.8542543124774471,0.0,0.0,0.0,0,0.0,0.0,1.2493588469159291,0.020554984583761565,1.0,0.8542543124774471,0.0,16.8056776759,28.79144374563825,12.730251053113632,19.154728130123477,2024-12-17
2025-12-17,Coahuila de Zaragoza,Sabinas,MX05028,68154,17038,2.0,12.0,70.43080173729311,3.2815080147990168,0.6037380404759657,0.38836370429577716,0.0,0.0,0.0,0,0.0,0.0,0.0,0.020554984583761565,1.0,0.38836370429577716,0.0,20.6400181138,11.650911128873314,5.0303541740570346,7.678576955983546,2024-12-17
2025-12-17,Coahuila de Zaragoza,Sacramento,MX05029,2590,648,0.5,1.0,154.320987654321,8.911509264329098,0.20856832288351876,0.37219120897269103,0.0,0.0,0.0,0,0.0,0.0,0.9119095385737735,0.020554984583761565,1.0,0.37219120897269103,0.0,16.6313043478,13.475010750728405,6.3758005512117855,9.215484631018434,2024-12-17
2025-12-17,Coahuila de Zaragoza,Saltillo,MX05030,920134,230034,2.0,139.0,60.42585009172557,12.652559286494132,0.724100130085289,0.7505028631537982,0.8694366919672744,0.8694366919672744,0.8694366919672744,2,2.0,0.0,0.0,0.020554984583761565,1.0,0.7505028631537982,0.0,17.634660065,23.886882025714907,15.986427261996127,19.146609167483643,2024-12-17
2025-12-17,Coahuila de Zaragoza,San Buenaventura,MX05031,25895,6474,1.3441970670083867,5.0,77.23200494284832,34.45447410986059,0.5397224235168091,0.7698612117584045,0.0,0.0,0.0,0,0.0,0.0,0.6513639561241239,0.020554984583761565,1.0,0.7698612117584045,0.0,23.1084816119,24.745318125286186,10.707978778631265,16.32291451729323,2024-12-17
2025-12-17,Coahuila de Zaragoza,San Juan de Sabinas,MX05032,43996,10999,1.7520770338255203,13.0,118.19256296026911,11.05058400757745,0.3099814108825105,0.49182395522671885,0.0,9.091735612328394,-9.091735612328394,0,1.0,1.0,0.0,0.020554984583761565,1.0,0.49182395522671885,0.0,22.4135789834,29.099647796799722,6.271877185228333,15.402985429856889,2024-12-17
2025-12-17,Coahuila de Zaragoza,San Pedro,MX05033,105691,26423,2.0,21.0,79.47621390455285,44.48065550468474,0.521003152198212,0.7605015760991061,0.0,0.0,0.0,0,0.0,0.0,0.0,0.020554984583761565,1.0,0.7605015760991061,0.24456185820013987,41.3823937357,27.706284446975975,10.71881792669768,17.513804534809,2024-12-17
2025-12-17,Coahuila de Zaragoza,Sierra Mojada,MX05034,7118,1779,0.7046355819691895,4.0,224.84541877459247,25.30727864583298,0.10450667947950473,0.5522533397397523,0.0,0.0,0.0,0,0.0,0.0,0.0,0.020554984583761565,1.0,0.5522533397397523,0.019370731986804113,25.5042030135,16.955014831928654,7.093883459318756,11.038336008362714,2024-12-17
2025-12-17,Coahuila de Zaragoza,Torreón,MX05035,753104,188276,2.0,126.0,66.92302789521766,10.882561143246498,0.6418405426802039,0.6523394148785467,0.531135142025537,0.531135142025537,0.531135142025537,1,1.0,0.0,0.0,0.020554984583761565,1.0,0.6523394148785467,0.026384851373358026,25.998767463,20.93590384023691,12.368253878517747,15.795313863205413,2024-12-17
2025-12-17,Coahuila de Zaragoza,Viesca,MX05036,21481,5370,1.2242320324251204,4.0,74.487895716946,20.06728350925744,0.5641442704559061,0.782072135227953,0.0,0.0,0.0,0,0.0,0.0,0.05901501578061522,0.020554984583761565,1.0,0.782072135227953,0.2710936626582106,43.2531470752,29.03348400861224,11.20995479094049,18.339366478009193,2024-12-17
2025-12-17,Coahuila de Zaragoza,Villa Unión,MX05037,6486,1621,0.6726174083853879,3.0,185.0709438618137,16.760032262456516,0.15344423789869457,0.5767221189493473,0.0,0.0,0.0,0,0.0,0.0,0.0,0.020554984583761565,1.0,0.5767221189493473,0.03476303340583051,26.5895117541,17.996924236597028,7.464470316929028,11.677451884796227,2024-12-17
2025-12-17,Coahuila de Zaragoza,Zaragoza,MX05038,13770,3442,0.9801262684436215,4.0,116.21150493898897,52.40677859868323,0.317365859037777,0.6586829295188885,0.0,0.0,0.0,0,0.0,0.0,0.0,0.020554984583761565,1.0,0.6586829295188885,0.12262733556515067,32.7848098141,22.21303459686967,8.887321554560124,14.217606771483943,2024-12-17
2025-12-17,Colima,Armería,MX06001,28828,7207,1.4182534769649777,12.0,166.50478701262662,1.5026462756234573,0.1842915393259607,0.12132119248211881,0.0,0.0,0.0,0,0.0,0.0,12.303280234709026,0.45220966084275444,22.0,0.12132119248211881,0.2026431553503274,38.4267126222,22.692498881470115,20.60884398170664,21.44230594161203,2024-12-17
2025-12-17,Colima,Colima,MX06002,165623,41406,2.0,50.0,120.75544607061778,2.775869316811846,0.30078767446989524,0.22059560994161412,7.245326764237067,60.37772303530889,-26.56619813553591,3,25.0,14.0,5.274143454807015,0.45220966084275444,22.0,0.22059560994161412,0.011672846664127934,24.9614263359,55.20730450032577,49.749271626986115,51.93248477632197,2024-12-17
2025-12-17,Colima,Comala,MX06003,23097,5774,1.2694482045633906,9.0,155.87114651887774,2.2632482291713814,0.20526884204851378,0.15631829276548595,0.0,34.638032559750606,-17.319016279875303,0,2.0,1.0,2.4748923039408717,0.45220966084275444,22.0,0.15631829276548595,0.3155118555873887,46.3850668392,52.26708040180564,15.77134902435455,30.369641575334988,2024-12-17
2025-12-17,Colima,Coquimatlán,MX06004,21873,5468,1.235352358940397,9.0,164.5940014630578,2.6662709131524003,0.18786123626383247,0.1606008631249073,18.2882223847842,36.5764447695684,0.0,1,2.0,1.0,5.1532911436943625,0.45220966084275444,22.0,0.1606008631249073,0.2822634447624233,44.0407266462,58.51323365983062,50.17826072370387,53.51224989815457,2024-12-17
2025-12-17,Colima,Cuauhtémoc,MX06005,32598,8149,1.5080951901084139,13.0,159.5287765369984,0.8441598682994241,0.1977377989224614,0.10682628516580216,12.271444348999877,24.542888697999754,0.0,1,2.0,1.0,2.0496880904705486,0.45220966084275444,22.0,0.10682628516580216,0.0700576238430369,29.0781277482,44.796469480367854,43.232329735396426,43.857985633385,2024-12-17
2025-12-17,Colima,Ixtlahuacán,MX06006,5855,1464,0.6392152598921026,6.0,409.8360655737705,2.1472691689622674,0.0017250070890702195,0.05080924726511146,0.0,0.0,0.0,0,0.0,0.0,4.608668630107626,0.45220966084275444,22.0,0.05080924726511146,0.2502566202841991,41.7839305103,18.200173656267022,17.78127718552504,17.948835773821834,2024-12-17
2025-12-17,Colima,Manzanillo,MX06007,199319,49830,2.0,61.0,122.41621513144692,3.619512562719641,0.2950356106336571,0.244903819799828,12.040939193257074,26.08870158539033,6.020469596628537,6,13.0,3.0,3.6576444769568397,0.45220966084275444,22.0,0.244903819799828,0.008570595525980234,24.7426870984,51.78096394586478,47.296431004630975,49.0902441811245,2024-12-17
2025-12-17,Colima,Minatitlán,MX06008,10609,2652,0.8603266097961312,8.0,301.65912518853696,2.23025574369187,0.046523992564353,0.07588276972157289,0.0,75.41478129713424,-75.41478129713424,0,2.0,2.0,5.896993892771249,0.45220966084275444,22.0,0.07588276972157289,0.05472249245002976,27.9968500571,53.30418776295982,19.27948280895329,32.8893647905559,2024-12-17
2025-12-17,Colima,Tecomán,MX06009,121567,30392,2.0,39.0,128.32324295867335,46.8315547676842,0.27578321098123243,0.6378916054906162,6.580679126085812,6.580679126085812,6.580679126085812,2,2.0,0.0,5.106709829804253,0.45220966084275444,22.0,0.6378916054906162,0.1950179390743671,37.8890598276,46.35207294782996,55.39088196452043,51.77535835784424,2024-12-17
2025-12-17,Colima,Villa de Álvarez,MX06010,158329,39582,2.0,20.0,50.52801778586226,1.470057880067122,0.890076089353792,0.4731633899565018,5.052801778586226,32.84321156081047,-12.632004446465565,2,13.0,7.0,7.560998699604228,0.45220966084275444,22.0,0.4731633899565018,0.0,19.421960878,64.19490169869505,53.8177345746476,57.96860142426659,2024-12-17
2025-12-17,Chiapas,Acacoyagua,MX07001,19312,4828,1.1608075566798273,4.0,82.8500414250207,6.511647198060082,0.49476984151989684,0.43796256281557444,0.0,0.0,0.0,0,0.0,0.0,2.061005770816158,0.10277492291880783,5.0,0.43796256281557444,0.7496936945895526,76.9991596932,33.35193955710161,14.333427026502083,21.940832038741892,2024-12-17
2025-12-17,Chiapas,Acala,MX07002,33408,8352,1.5267637458312617,9.0,107.75862068965517,3.587281511492313,0.3519250764044237,0.27230998965099146,11.973180076628353,11.973180076628353,11.973180076628353,1,1.0,0.0,0.0,0.10277492291880783,5.0,0.27230998965099146,0.7571003982923789,77.5214052008,42.20257628694337,38.90317047981233,40.222932802664744,2024-12-17
2025-12-17,Chiapas,Acapetahua,MX07003,28570,7142,1.4118433703792896,12.0,168.02016241949033,4.192238709289125,0.18151826879653848,0.2065997813523902,0.0,0.0,0.0,0,0.0,0.0,1.6488046166529267,0.10277492291880783,5.0,0.2065997813523902,0.4794326625794937,57.9430970357,19.96199771683624,9.509876651447799,13.690725077603178,2024-12-17
2025-12-17,Chiapas,Altamirano,MX07004,37468,9367,1.616876526320909,9.0,96.08198996476993,9.99334543343905,0.4096659910170104,0.5075994414001996,0.0,0.0,0.0,0,0.0,0.0,0.0,0.10277492291880783,5.0,0.5075994414001996,0.9998291543437974,94.6361714314,35.224566328881934,12.940287681059923,21.85399914018873,2024-12-17
2025-12-17,Chiapas,Amatán,MX07005,26165,6541,1.351134770795614,11.0,168.17000458645467,0.875623992766788,0.181246759793658,0.09959461638601864,0.0,0.0,0.0,0,0.0,0.0,0.0,0.10277492291880783,5.0,0.09959461638601864,0.9403737185945171,90.4439780525,21.7953128634709,7.746952602143351,13.36629670667437,2024-12-17
2025-12-17,Chiapas,Amatenango de la Frontera,MX07006,33388,8347,1.5263066719815939,11.0,131.7838744459087,2.188399137310574,0.26530594708546135,0.18392502509840997,0.0,0.0,0.0,0,0.0,0.0,0.0,0.10277492291880783,5.0,0.18392502509840997,0.7966229697939823,80.3081354716,21.450210148831946,8.040163762689373,13.404182317146402,2024-12-17
2025-12-17,Chiapas,Amatenango del Valle,MX07007,12117,3029,0.9194460101991988,1.0,33.01419610432486,5.537688704377675,1.0,0.6591943253506058,0.0,0.0,0.0,0,0.0,0.0,0.2919264812349658,0.10277492291880783,5.0,0.6591943253506058,0.9946885692811105,94.273709591,40.40886128663443,15.226563456814063,25.29948258874221,2024-12-17
2025-12-17,Chiapas,Angel Albino Corzo,MX07008,34023,8506,1.5407752198096083,8.0,94.05125793557488,3.4013111125140782,0.4211715082390752,0.30094078600757557,0.0,0.0,0.0,0,0.0,0.0,3.166485600110204,0.10277492291880783,5.0,0.30094078600757557,0.8626221227522819,84.9617253168,34.29931710011327,15.120116034951101,22.791796461015966,2024-12-17
2025-12-17,Chiapas,Arriaga,MX07009,42849,10712,1.72906722194254,17.0,158.7005227781927,3.1002980884086133,0.19941276551579706,0.1803620412854552,0.0,0.0,0.0,0,0.0,0.0,0.6956521739130435,0.10277492291880783,5.0,0.1803620412854552,0.5383832209966778,62.0996915937,17.940160716907773,7.8806325852211,11.90444383789577,2024-12-17
2025-12-17,Chiapas,Bejucal de Ocampo,MX07010,8054,2013,0.7495463322293868,2.0,99.35419771485346,1.4067804333477272,0.39211616623082024,0.22214447482198268,0.0,0.0,0.0,0,0.0,0.0,0.0,0.10277492291880783,5.0,0.22214447482198268,0.9890433294368192,93.8756646217,26.445200833395866,9.46089895758643,16.254619707910205,2024-12-17
2025-12-17,Chiapas,Bella Vista,MX07011,21371,5343,1.2211504757851044,6.0,112.29646266142616,4.241093027383188,0.33272551120073107,0.2837776077666172,0.0,0.0,0.0,0,0.0,0.0,0.0,0.10277492291880783,5.0,0.2837776077666172,0.8293843932957463,82.6181382654,25.10101609891344,9.40220187221668,15.681727562895384,2024-12-17
2025-12-17,Chiapas,Berriozábal,MX07012,68963,17241,2.0,13.0,75.4016588364944,3.0293067532691715,0.5558146129367656,0.35627545113529246,0.0,5.800127602807262,0.0,0,1.0,0.0,1.2848250018055432,0.10277492291880783,5.0,0.35627545113529246,0.5318869100717551,61.641637737,33.7310629551838,10.953773311661257,20.064689169070274,2024-12-17
2025-12-17,Chiapas,Bochil,MX07013,37021,9255,1.6071810662230972,7.0,75.634792004322,1.387424342298678,0.5537216493453301,0.3023235159448723,0.0,0.0,0.0,0,0.0,0.0,0.0,0.10277492291880783,5.0,0.3023235159448723,0.7677892594591323,78.2750751125,24.425490667528816,9.31677710117267,15.360262527715129,2024-12-17
2025-12-17,Chiapas,El Bosque,MX07014,25960,6490,1.3458570825430591,5.0,77.04160246533128,2.279622915018684,0.5413607864141909,0.3248918972398693,0.0,0.0,0.0,0,0.0,0.0,0.0,0.10277492291880783,5.0,0.3248918972398693,1.0,96.2651400772,29.74675691719608,10.748651379416971,18.347893594528617,2024-12-17
2025-12-17,Chiapas,Cacahoatán,MX07015,53051,13263,1.9239663886892693,7.0,52.77840609213602,6.243018473851707,0.8468715820554255,0.6053575608027629,0.0,0.0,0.0,0,0.0,0.0,0.7227365697476926,0.10277492291880783,5.0,0.6053575608027629,0.7445158642143441,76.6340716917,34.88126634731022,14.056966822537053,22.386686632446324,2024-12-17
2025-12-17,Chiapas,Catazajá,MX07016,18744,4686,1.1436094569425233,5.0,106.70081092616304,6.620244704799015,0.3566353697343963,0.3723946032980193,0.0,0.0,0.0,0,0.0,0.0,1.3148481870014508,0.10277492291880783,5.0,0.3723946032980193,0.6136409189178758,67.4060999811,26.774312804942745,11.606659331800586,17.67372072105745,2024-12-17
2025-12-17,Chiapas,Cintalapa,MX07017,92418,23105,2.0,23.0,99.5455529106254,8.665285488264718,0.391125579968137,0.4555359072760241,0.0,0.0,0.0,0,0.0,0.0,0.4305464064444186,0.10277492291880783,5.0,0.4555359072760241,0.6781055558869459,71.9514913464,28.31848269907582,11.433770187989682,18.187655192424135,2024-12-17
2025-12-17,Chiapas,Coapilla,MX07018,10543,2636,0.8577274298085256,5.0,189.6813353566009,2.0739862236190802,0.14672012350735694,0.12094545034700863,0.0,0.0,0.0,0,0.0,0.0,0.0,0.10277492291880783,5.0,0.12094545034700863,0.8334133840559799,82.9022217672,20.29663119152986,7.468360936982544,12.59966903880147,2024-12-17
2025-12-17,Chiapas,Comitán de Domínguez,MX07019,174671,43668,2.0,44.0,100.76028212878997,3.97909420467869,0.38492505635452806,0.30143513964988,0.0,0.0,0.0,0,0.0,0.0,0.0,0.10277492291880783,5.0,0.30143513964988,0.6330077527422061,68.7716523735,21.70320924434052,8.63220905204813,13.860609128965088,2024-12-17
2025-12-17,Chiapas,La Concordia,MX07020,52713,13178,1.9177913149688695,18.0,136.59128851115494,7.432799101511991,0.2516322365403938,0.34607551997675334,7.588404917286386,15.176809834572772,7.588404917286386,1,2.0,0.0,1.177717583323519,0.10277492291880783,5.0,0.34607551997675334,0.738869375873424,76.2359386911,52.08799838450702,41.68546412432892,45.846477828400154,2024-12-17
2025-12-17,Chiapas,Copainalá,MX07021,23373,5843,1.2770107084233295,9.0,154.030463802841,1.2886486098458916,0.20919408649015764,0.12687693965031407,0.0,0.0,0.0,0,0.0,0.0,0.0,0.10277492291880783,5.0,0.12687693965031407,0.7182285280094782,74.7805557701,18.17087874969899,6.9636145283897015,11.446520216913417,2024-12-17
2025-12-17,Chiapas,Chalchihuitán,MX07022,23704,5926,1.2860487140867511,5.0,84.37394532568342,1.2231682320773904,0.48360849428148356,0.26197420616486383,0.0,0.0,0.0,0,0.0,0.0,16.69449081803005,0.10277492291880783,5.0,0.26197420616486383,1.0,98.8691679358,42.85922618494592,19.993639086516907,29.13987392588851,2024-12-17
2025-12-17,Chiapas,Chamula,MX07023,109967,27492,2.0,21.0,76.38585770405936,1.6256257704276496,0.5470658000747167,0.30667102194346824,0.0,3.6374217954313983,0.0,0,1.0,0.0,0.21894486092622434,0.10277492291880783,5.0,0.30667102194346824,1.0,96.3173261087,35.49369534794782,10.899630946107186,20.73725670684344,2024-12-17
2025-12-17,Chiapas,Chanal,MX07024,14650,3662,1.0109641747643638,3.0,81.9224467504096,7.361820874723388,0.5017670163941316,0.4688558184259911,0.0,0.0,0.0,0,0.0,0.0,0.25022269820139925,0.10277492291880783,5.0,0.4688558184259911,1.0,99.110794175,34.69932610177464,12.898652799647037,21.61892212049808,2024-12-17
2025-12-17,Chiapas,Chapultenango,MX07025,8062,2016,0.7501046535971047,3.0,148.8095238095238,1.8059274943867265,0.22085604461388206,0.14937590524719413,0.0,0.0,0.0,0,0.0,0.0,0.0,0.10277492291880783,5.0,0.14937590524719413,0.8790026612904652,86.1167145005,22.06133038322513,8.037472781957197,13.64701582246437,2024-12-17
2025-12-17,Chiapas,Chenalhó,MX07026,51359,12840,1.893037023168243,16.0,124.61059190031153,1.1661297959038575,0.28767053152273236,0.1621673073399253,0.0,0.0,0.0,0,0.0,0.0,10.434056761268781,0.10277492291880783,5.0,0.1621673073399253,1.0,98.625953209,39.86501922019776,18.795956300617643,27.22358146844969,2024-12-17
2025-12-17,Chiapas,Chiapa de Corzo,MX07027,119085,29771,2.0,18.0,60.461522958583856,3.083072221686331,0.7236002149476111,0.44190070658725933,0.0,0.0,0.0,0,0.0,0.0,1.6715823295415977,0.10277492291880783,5.0,0.44190070658725933,0.5153172467571213,60.4733133952,27.796398307699064,12.551364775330498,18.649378188277925,2024-12-17
2025-12-17,Chiapas,Chiapilla,MX07028,6484,1621,0.6726174083853879,2.0,123.38062924120914,1.9836768081246776,0.2917664387661868,0.19055861847862646,0.0,0.0,0.0,0,0.0,0.0,3.991060025542784,0.10277492291880783,5.0,0.19055861847862646,0.829233054227299,82.6074673716,32.40818207690438,15.020658930751626,21.975668189212726,2024-12-17
2025-12-17,Chiapas,Chicoasén,MX07029,5715,1429,0.631528145005978,2.0,139.95801259622112,3.1847698961066078,0.2426155518447337,0.20468532199526296,0.0,0.0,0.0,0,0.0,0.0,0.0,0.10277492291880783,5.0,0.20468532199526296,0.7590629736086046,77.6597860762,21.321819132029983,8.101487344524719,13.389620059526825,2024-12-17
2025-12-17,Chiapas,Chicomuselo,MX07030,38860,9715,1.646637487533387,8.0,82.34688625836336,7.24662846768318,0.4985457560099564,0.463533408095832,0.0,0.0,0.0,0,0.0,0.0,1.2647341528810643,0.10277492291880783,5.0,0.463533408095832,0.8144404265363514,81.5644415308,33.397560807073404,13.619718331351226,21.5308553216401,2024-12-17
2025-12-17,Chiapas,Chilón,MX07031,147031,36758,2.0,59.0,160.5092768921051,2.7426163837487048,0.1957772905173073,0.16701892740749802,0.0,0.0,0.0,0,0.0,0.0,10.79152644783936,0.10277492291880783,5.0,0.16701892740749802,1.0,96.8862871763,40.01056782222494,18.85417574142852,27.31673257374709,2024-12-17
2025-12-17,Chiapas,Escuintla,MX07032,32883,8221,1.5147428808138617,10.0,121.6397031991242,1.853552632985676,0.2977055042691957,0.18933523312750541,0.0,0.0,0.0,0,0.0,0.0,0.0,0.10277492291880783,5.0,0.18933523312750541,0.6571189720871489,70.4717306392,18.82243643556814,7.407566270504351,11.973514336529867,2024-12-17
2025-12-17,Chiapas,Francisco León,MX07033,7706,1926,0.7331700864484668,5.0,259.60539979231567,1.0406359220782275,0.07401776993604087,0.05129720803870046,0.0,0.0,0.0,0,0.0,0.0,0.0,0.10277492291880783,5.0,0.05129720803870046,0.884650552519227,86.5149464185,19.231927291545556,6.888767871599081,11.826031639577671,2024-12-17
2025-12-17,Chiapas,Frontera Comalapa,MX07034,84953,21238,2.0,20.0,94.17082587814295,4.873358029901168,0.42048032389174217,0.3480281336487675,0.0,0.0,0.0,0,0.0,0.0,0.0,0.10277492291880783,5.0,0.3480281336487675,0.7575510290073622,77.5531791013,25.591864589610267,9.814041361360562,16.125170652660444,2024-12-17
2025-12-17,Chiapas,Frontera Hidalgo,MX07035,15486,3871,1.0394130892924989,3.0,77.49935417204857,2.2890146765830233,0.5374355419725471,0.32323190046921135,0.0,0.0,0.0,0,0.0,0.0,0.5420524273107695,0.10277492291880783,5.0,0.32323190046921135,0.638096675191586,69.1304714912,23.831557197113405,9.834325913597237,15.433218427003704,2024-12-17
2025-12-17,Chiapas,La Grandeza,MX07036,8237,2059,0.758062073798018,1.0,48.56726566294318,4.5681307151772526,0.9309839629477932,0.593444785100188,0.0,0.0,0.0,0,0.0,0.0,0.0,0.10277492291880783,5.0,0.593444785100188,0.9118095247678485,88.4299212598,36.03953404836261,13.53033365758004,22.53401381389307,2024-12-17
2025-12-17,Chiapas,Huehuetán,MX07037,38468,9617,1.6383112139719982,6.0,62.38951856088177,1.6374573900879836,0.6974319186699858,0.3822353248663108,0.0,10.398253093480296,-10.398253093480296,0,1.0,1.0,0.5420524273107695,0.10277492291880783,5.0,0.3822353248663108,0.4543871895125154,56.1771446877,38.33382101203847,9.623819577967076,21.107820151595636,2024-12-17
2025-12-17,Chiapas,Huixtán,MX07038,24843,6211,1.3166106402453448,9.0,144.90420222186444,0.7404128838776987,0.23012872351225805,0.11967876673778734,0.0,0.0,0.0,0,0.0,0.0,0.35031177748195896,0.10277492291880783,5.0,0.11967876673778734,1.0,96.6475494385,24.477475170726482,8.87750192578723,15.11749122376293,2024-12-17
2025-12-17,Chiapas,Huitiupán,MX07039,29743,7436,1.440609540109859,9.0,121.03281334050565,2.377169289133338,0.29981603425158676,0.207262703103305,0.0,13.448090371167295,0.0,0,1.0,0.0,0.0,0.10277492291880783,5.0,0.207262703103305,0.9927543073186557,94.1373250857,47.29134749913333,9.30087258637148,24.49706255147622,2024-12-17
2025-12-17,Chiapas,Huixtla,MX07040,56785,14196,1.9904881262500398,19.0,133.84051845590307,0.947121425945545,0.2593360152958092,0.14094306571018955,0.0,0.0,0.0,0,0.0,0.0,0.0,0.10277492291880783,5.0,0.14094306571018955,0.4658021816217018,56.9820139774,13.544335603739722,5.870276309169324,8.939900026997483,2024-12-17
2025-12-17,Chiapas,La Independencia,MX07041,49653,12413,1.8612939838848657,7.0,56.392491742527994,6.963912951097882,0.7847015613958495,0.5975015277210485,0.0,0.0,0.0,0,0.0,0.0,0.0,0.10277492291880783,5.0,0.5975015277210485,0.9567190690946806,91.5964861332,37.05942721352506,13.803562290664525,23.105908259808743,2024-12-17
2025-12-17,Chiapas,Ixhuatán,MX07042,12223,3056,0.9235348127584467,4.0,130.89005235602093,0.23245164796597018,0.267958977913608,0.133979488956804,0.0,0.0,0.0,0,0.0,0.0,0.0,0.10277492291880783,5.0,0.133979488956804,0.860229762185464,84.7930403513,21.2239799124134,7.758851290947509,13.144902739533865,2024-12-17
2025-12-17,Chiapas,Ixtacomitán,MX07043,11641,2910,0.9012039579478225,7.0,240.54982817869416,1.0423833968748784,0.08964073042178847,0.059164996179018624,0.0,0.0,0.0,0,0.0,0.0,0.0,0.10277492291880783,5.0,0.059164996179018624,0.5890407761824229,65.6715478044,13.555765409019017,5.5051324475988785,8.725385632166935,2024-12-17
2025-12-17,Chiapas,Ixtapa,MX07044,30890,7723,1.4681472410893537,5.0,64.74168069403082,1.9840303057772155,0.6676171271936736,0.3784953532483905,0.0,0.0,0.0,0,0.0,0.0,0.0,0.10277492291880783,5.0,0.3784953532483905,0.891609380357947,87.0056122697,29.187048204610655,10.849939753308963,18.18478313382964,2024-12-17
2025-12-17,Chiapas,Ixtapangajoya,MX07045,6867,1717,0.6922480538992274,3.0,174.72335468841,2.5651677813737312,0.16982786687251233,0.14832638908292417,0.0,0.0,0.0,0,0.0,0.0,0.0,0.10277492291880783,5.0,0.14832638908292417,0.6774691520254889,71.9066186107,17.9991747129975,7.017211041661076,11.409996510195645,2024-12-17
2025-12-17,Chiapas,Jiquipilas,MX07046,42956,10739,1.7312449401230452,14.0,130.3659558618121,5.370120294603253,0.2695315137302913,0.2885606196022839,0.0,0.0,0.0,0,0.0,0.0,1.8382946318912463,0.10277492291880783,5.0,0.2885606196022839,0.5741106742973873,64.6188286799,24.794238213905874,11.286700179179293,16.689715393069925,2024-12-17
2025-12-17,Chiapas,Jitotol,MX07047,25545,6386,1.3350300860761302,3.0,46.97776385844034,1.8377795059209645,0.9666524885262087,0.5233004766547509,0.0,0.0,0.0,0,0.0,0.0,0.0,0.10277492291880783,5.0,0.5233004766547509,0.9988681662447252,94.5684123124,35.676377624537025,13.123895163619176,22.144888147986315,2024-12-17
2025-12-17,Chiapas,Juárez,MX07048,23280,5820,1.274494859794123,7.0,120.27491408934708,4.70671133700288,0.3024816246798667,0.28365902139381016,0.0,0.0,0.0,0,0.0,0.0,0.22226050041951673,0.10277492291880783,5.0,0.28365902139381016,0.43253173532825995,54.636120067,17.723246814735415,7.791743190142839,11.76434463997987,2024-12-17
2025-12-17,Chiapas,Larráinzar,MX07049,33832,8458,1.5364217139012488,9.0,106.40813431071176,1.551877875598427,0.3579551620683983,0.20973936600730136,0.0,0.0,0.0,0,0.0,0.0,0.0,0.10277492291880783,5.0,0.20973936600730136,1.0,95.7310026942,26.292180980219044,9.366821004626157,16.136964994863312,2024-12-17
2025-12-17,Chiapas,La Libertad,MX07050,5583,1396,0.6241935908435183,3.0,214.8997134670487,5.944330340404674,0.11504510749130935,0.22981986380419434,0.0,0.0,0.0,0,0.0,0.0,1.4298787462823153,0.10277492291880783,5.0,0.22981986380419434,0.26424678285085096,42.770374662,15.80048558118801,8.342990232473234,11.325988371959145,2024-12-17
2025-12-17,Chiapas,Mapastepec,MX07051,48519,12130,1.839954130651793,13.0,107.17230008244023,1.2361547584782715,0.35452440215507747,0.19785061763715187,8.244023083264633,8.244023083264633,8.244023083264633,1,1.0,0.0,1.0840578453266265,0.10277492291880783,5.0,0.19785061763715187,0.6624095322186295,70.844767198,34.93633285399507,39.36634656154689,37.59434107852616,2024-12-17
2025-12-17,Chiapas,Las Margaritas,MX07052,146831,36708,2.0,40.0,108.96807235480004,12.926448843216255,0.3466515958284761,0.5706039851529194,0.0,0.0,0.0,0,0.0,0.0,0.0,0.10277492291880783,5.0,0.5706039851529194,0.9919399606402874,94.0799056301,36.95691876739333,13.656896237575012,22.976905249502337,2024-12-17
2025-12-17,Chiapas,Mazapa de Madero,MX07053,8405,2101,0.7657546136877242,3.0,142.78914802475012,1.8619233776150268,0.23536238276778315,0.1584333981725736,0.0,0.0,0.0,0,0.0,0.0,0.0,0.10277492291880783,5.0,0.1584333981725736,0.8287329182786846,82.5722028649,21.327660310750897,7.894813982002846,13.267952513502069,2024-12-17
2025-12-17,Chiapas,Mazatán,MX07054,29672,7418,1.4388648734049017,9.0,121.32650310056619,2.4385255183975163,0.29879205744072324,0.20872776196150275,0.0,0.0,0.0,0,0.0,0.0,0.7227365697476926,0.10277492291880783,5.0,0.20872776196150275,0.45603640722102423,56.2934307677,17.21278324220602,7.8550119514753325,11.59812046776761,2024-12-17
2025-12-17,Chiapas,Metapa,MX07055,6258,1565,0.6608969792579604,1.0,63.89776357827476,1.8129578402852842,0.6780616906644824,0.3782052631539204,0.0,0.0,0.0,0,0.0,0.0,0.0,0.10277492291880783,5.0,0.3782052631539204,0.5085069947612537,59.9931236032,21.516297789842685,8.930946744191854,13.965087162452186,2024-12-17
2025-12-17,Chiapas,Mitontic,MX07056,15539,3885,1.0412909825837688,2.0,51.48005148005148,2.081874859518483,0.8713373137149881,0.48350823652817243,0.0,0.0,0.0,0,0.0,0.0,0.0,0.10277492291880783,5.0,0.48350823652817243,1.0,98.3911206641,34.50524709584517,12.65204745087661,21.393327308864034,2024-12-17
2025-12-17,Chiapas,Motozintla,MX07057,80807,20202,2.0,20.0,99.000099000099,2.356561590649494,0.3939593244903748,0.2536703179459725,0.0,0.0,0.0,0,0.0,0.0,0.30974424417758256,0.10277492291880783,5.0,0.2536703179459725,0.6669943210760569,71.1680399358,21.734376919446223,8.751884672967769,13.94488157155915,2024-12-17
2025-12-17,Chiapas,Nicolás Ruíz,MX07058,5067,1267,0.5946547651380316,1.0,78.92659826361484,2.8678536241533994,0.5254891458458051,0.3359103042252556,0.0,0.0,0.0,0,0.0,0.0,0.0,0.10277492291880783,5.0,0.3359103042252556,1.0,96.6488272921,30.07730912675767,10.880872263241608,18.559447008648032,2024-12-17
2025-12-17,Chiapas,Ocosingo,MX07059,247536,61884,2.0,67.0,108.26708034386917,12.751224937261433,0.3496937239509001,0.5664789078533436,0.0,0.0,0.0,0,0.0,0.0,0.31775083250718117,0.10277492291880783,5.0,0.5664789078533436,0.9695318361973617,92.4999123168,37.18966040622425,14.031792318883273,23.294939553819663,2024-12-17
2025-12-17,Chiapas,Ocotepec,MX07060,14956,3739,1.0215375342366584,4.0,106.98047606311849,2.1950594591516404,0.35538099814108837,0.22917716243057795,0.0,0.0,0.0,0,0.0,0.0,0.0,0.10277492291880783,5.0,0.22917716243057795,0.962225812454974,91.9847657373,26.11983112201682,9.411203623980347,16.094654623194938,2024-12-17
2025-12-17,Chiapas,Ocozocoautla de Espinosa,MX07061,103229,25807,2.0,21.0,81.37327081799512,7.314980517335147,0.5059848256388791,0.46945541255923556,3.8749176579997675,3.8749176579997675,3.8749176579997675,1,1.0,0.0,0.6775204598268031,0.10277492291880783,5.0,0.46945541255923556,0.6865741740560185,72.5486122752,35.64470532376761,41.52143496476503,39.17074310836606,2024-12-17
2025-12-17,Chiapas,Ostuacán,MX07062,19564,4891,1.168356629897146,12.0,245.34859946841138,2.795784223292846,0.0854777770776227,0.11358236807518171,0.0,0.0,0.0,0,0.0,0.0,0.0,0.10277492291880783,5.0,0.11358236807518171,0.4844037234897196,58.2936057549,13.095545512049844,5.63495564688932,8.619191592953529,2024-12-17
2025-12-17,Chiapas,Osumacinta,MX07063,4351,1088,0.5510500467841762,2.0,183.8235294117647,4.805559489021351,0.15532152871861124,0.21326410181508454,0.0,0.0,0.0,0,0.0,0.0,0.252876469844481,0.10277492291880783,5.0,0.21326410181508454,0.6397007340582783,69.2435734284,19.832309564285488,8.034536057055872,12.753645459947718,2024-12-17
2025-12-17,Chiapas,Oxchuc,MX07064,59125,14781,2.0,15.0,101.48163182463973,2.772895909229625,0.38131321087620923,0.260762567704746,0.0,6.765442121642649,0.0,0,1.0,0.0,0.0,0.10277492291880783,5.0,0.260762567704746,1.0,98.0780507644,38.49738319519351,9.979099424995493,21.3864129330747,2024-12-17
2025-12-17,Chiapas,Palenque,MX07065,139874,34968,2.0,44.0,125.82932967284374,5.48634144066348,0.2836909852805125,0.299385283994258,2.8597574925646305,5.719514985129261,0.0,1,2.0,1.0,0.29995440693014663,0.10277492291880783,5.0,0.299385283994258,0.648657001436875,69.8750784259,31.73853183895656,30.935236372412017,31.256554559029837,2024-12-17
2025-12-17,Chiapas,Pantelhó,MX07066,28752,7188,1.4163827540803995,3.0,41.736227045075125,5.289451850528257,1.0,0.6511955288384883,83.47245409015025,83.47245409015025,83.47245409015025,6,6.0,0.0,0.0,0.10277492291880783,5.0,0.6511955288384883,1.0,97.7813656371,74.53586586515463,44.6642949586004,56.6129233212221,2024-12-17
2025-12-17,Chiapas,Pantepec,MX07067,13075,3269,0.9551774394486635,5.0,152.95197308045275,1.2732904107796612,0.21153785563502317,0.12755394561299016,0.0,0.0,0.0,0,0.0,0.0,0.0,0.10277492291880783,5.0,0.12755394561299016,0.9165530647568538,88.7643875148,22.157679663526782,7.963361283678691,13.641088635617926,2024-12-17
2025-12-17,Chiapas,Pichucalco,MX07068,33811,8453,1.5359675140764124,12.0,141.96143381048148,5.207823941811555,0.23745300208996303,0.2672917796953544,0.0,0.0,0.0,0,0.0,0.0,0.0,0.10277492291880783,5.0,0.2672917796953544,0.5221268705272153,60.9534588911,18.46129080140494,7.66808432151887,11.985366913473298,2024-12-17
2025-12-17,Chiapas,Pijijiapan,MX07069,53506,13377,1.93221726987605,36.0,269.11863646557526,2.2241504902141758,0.06704619448207778,0.08594714453173619,0.0,0.0,0.0,0,0.0,0.0,3.9581070001377547,0.10277492291880783,5.0,0.08594714453173619,0.6257739037836197,68.2615948266,25.11720624267494,12.692393086537779,17.662318348992642,2024-12-17
2025-12-17,Chiapas,El Porvenir,MX07070,13127,3282,0.9570748065431274,2.0,60.93845216331505,2.467173414336544,0.7169728094772995,0.4187412430166264,0.0,0.0,0.0,0,0.0,0.0,0.0,0.10277492291880783,5.0,0.4187412430166264,0.9997781554917284,94.6325755104,32.557800400333356,11.873734306196699,20.147360743851365,2024-12-17
2025-12-17,Chiapas,Villa Comaltitlán,MX07071,32010,8002,1.4944310054807948,8.0,99.9750062484379,3.2667055619167957,0.3889162386968715,0.2804758322931619,0.0,12.496875781054737,0.0,0,1.0,0.0,0.0,0.10277492291880783,5.0,0.2804758322931619,0.4440174102366245,55.4459731897,37.01217823611666,7.435745651239607,19.266318685190427,2024-12-17
2025-12-17,Chiapas,Pueblo Nuevo Solistahuacán,MX07072,40954,10238,1.6903792716589212,9.0,87.90779449111155,2.2528650335096327,0.45921509114268827,0.28295684543915506,0.0,0.0,0.0,0,0.0,0.0,0.0,0.10277492291880783,5.0,0.28295684543915506,0.9637885521197135,92.0949542641,27.76447640556892,10.064373518406969,17.14441467327175,2024-12-17
2025-12-17,Chiapas,Rayón,MX07073,11778,2945,0.9066073705662541,4.0,135.8234295415959,1.181631364083762,0.25375129966287546,0.14570718972206048,0.0,0.0,0.0,0,0.0,0.0,0.0,0.10277492291880783,5.0,0.14570718972206048,0.8677059908051399,85.3201880498,21.725335507764612,7.936964843228966,13.452313109043224,2024-12-17
2025-12-17,Chiapas,Reforma,MX07074,48004,12001,1.8301442166544792,11.0,91.6590284142988,4.570817220652584,0.4353791864898077,0.3457289626260082,0.0,0.0,0.0,0,0.0,0.0,0.2778256255243959,0.10277492291880783,5.0,0.3457289626260082,0.4629917221146989,56.7838489217,20.335255154019116,8.782689329920728,13.403715659560083,2024-12-17
2025-12-17,Chiapas,Las Rosas,MX07075,30606,7651,1.4612875928338462,6.0,78.42112142203634,0.6329276522152983,0.5296703844901647,0.2659861610656987,0.0,0.0,0.0,0,0.0,0.0,0.0,0.10277492291880783,5.0,0.2659861610656987,0.928682858934692,89.6196573854,26.553242010664803,9.685196840000385,16.432414908266153,2024-12-17
2025-12-17,Chiapas,Sabanilla,MX07076,31848,7962,1.4906911822872388,7.0,87.91760864104496,0.6794151952846049,0.4591500767419985,0.2322239491433987,0.0,0.0,0.0,0,0.0,0.0,0.0,0.10277492291880783,5.0,0.2322239491433987,0.9822799734657852,93.398781461,26.61231794361767,9.548035869588253,16.373748699200018,2024-12-17
2025-12-17,Chiapas,Salto de Agua,MX07077,68003,17001,2.0,23.0,135.28615963766836,1.8974526529732274,0.2552483092396271,0.16952120126368336,0.0,0.0,0.0,0,0.0,0.0,1.051878549601161,0.10277492291880783,5.0,0.16952120126368336,0.8826398182807124,86.3731698651,25.402157465640467,10.07321882718345,16.204794282566258,2024-12-17
2025-12-17,Chiapas,San Cristóbal de las Casas,MX07078,228368,57092,2.0,56.0,98.0872976949485,1.0156391760515058,0.39877201550143365,0.21286887473446903,1.7515588874097947,7.006235549639179,-1.7515588874097947,1,4.0,2.0,0.0,0.10277492291880783,5.0,0.21286887473446903,0.5953324140163708,66.1151701938,29.347144257584613,20.698292534702972,24.15783322385563,2024-12-17
2025-12-17,Chiapas,San Fernando,MX07079,44014,11004,1.7524752241067518,9.0,81.78844056706652,2.2698298077841694,0.5027909932049951,0.30529144284932813,0.0,0.0,0.0,0,0.0,0.0,0.252876469844481,0.10277492291880783,5.0,0.30529144284932813,0.5398362553779568,62.2021448183,20.595840221706364,8.639541756065187,13.422061142321656,2024-12-17
2025-12-17,Chiapas,Siltepec,MX07080,44376,11094,1.7596272408647209,21.0,189.29150892374255,3.76467548200261,0.1472759966332543,0.17570151589573724,0.0,0.0,0.0,0,0.0,0.0,0.9160025648071813,0.10277492291880783,5.0,0.17570151589573724,0.9609186182402986,91.8925956798,26.80905729983068,10.309386199923939,16.909254639886637,2024-12-17
2025-12-17,Chiapas,Simojovel,MX07081,56817,14204,1.991048906124879,16.0,112.64432554210082,5.852066608737916,0.33131754308579364,0.3349831192728908,0.0,0.0,0.0,0,0.0,0.0,8.347245409015025,0.10277492291880783,5.0,0.3349831192728908,1.0,95.3579868564,45.04949357818672,20.86974604381323,30.541645057562626,2024-12-17
2025-12-17,Chiapas,Sitalá,MX07082,16646,4161,1.0776443438559973,11.0,264.35952895938476,0.9867151491065339,0.07047108661841327,0.04778640764203827,0.0,0.0,0.0,0,0.0,0.0,27.824151363383415,0.10277492291880783,5.0,0.04778640764203827,1.0,97.1730001962,36.433592229261144,17.423385504243,25.027468194250257,2024-12-17
2025-12-17,Chiapas,Socoltenango,MX07083,20264,5066,1.1890748367305566,6.0,118.43663639952625,2.2686389645331597,0.30908871314996283,0.20840193094956605,0.0,0.0,0.0,0,0.0,0.0,0.9485506146607983,0.10277492291880783,5.0,0.20840193094956605,0.7052742152583991,73.8671492252,22.759604758758528,9.478517876961039,14.790952629680035,2024-12-17
2025-12-17,Chiapas,Solosuchiapa,MX07084,9162,2290,0.799455578079804,4.0,174.67248908296943,1.7162114953148604,0.1699131982734176,0.12101361390276041,0.0,0.0,0.0,0,0.0,0.0,0.0,0.10277492291880783,5.0,0.12101361390276041,0.7289444006862112,75.5361302591,18.209296430807036,6.946833982802722,11.451818962004449,2024-12-17
2025-12-17,Chiapas,Soyaló,MX07085,11482,2871,0.8951445918717503,1.0,34.83106931382793,3.9281407046165597,1.0,0.6073307655006863,0.0,0.0,0.0,0,0.0,0.0,0.0,0.10277492291880783,5.0,0.6073307655006863,0.9401950975290285,90.4313835094,37.02382491560115,13.838893286191917,23.11286593795561,2024-12-17
2025-12-17,Chiapas,Suchiapa,MX07086,27090,6772,1.3747859042210457,5.0,73.83343177790904,5.46130720278094,0.5702369324805445,0.4418515934283648,0.0,0.0,0.0,0,0.0,0.0,2.1543902191968476,0.10277492291880783,5.0,0.4418515934283648,0.6636904177145759,70.9350822319,31.985027082866313,14.107733772734363,21.258651096787144,2024-12-17
2025-12-17,Chiapas,Suchiate,MX07087,44056,11014,1.7532713333669616,9.0,81.71418195024515,3.4317877986166896,0.5033598692110304,0.3430169996071631,0.0,0.0,0.0,0,0.0,0.0,1.084104854621539,0.10277492291880783,5.0,0.3430169996071631,0.5475499240093018,62.7460343745,23.986841826811613,10.534124466811463,15.915211410811523,2024-12-17
2025-12-17,Chiapas,Sunuapa,MX07088,2484,621,0.5,1.0,161.0305958132045,2.8206623207380033,0.1947446359368601,0.16901743044522252,0.0,0.0,0.0,0,0.0,0.0,0.0,0.10277492291880783,5.0,0.16901743044522252,0.5980704853863783,66.3082311734,17.03193262108424,6.868510204813102,10.933879171321559,2024-12-17
2025-12-17,Chiapas,Tapachula,MX07089,368969,92242,2.0,107.0,115.99921944450467,3.984357995466042,0.3181721211528728,0.2682282842187906,2.168209709243078,5.420524273107695,1.084104854621539,2,5.0,1.0,0.0,0.10277492291880783,5.0,0.2682282842187906,0.4872487085258118,58.4942052002,26.344319152644648,23.99001954617112,24.931739388760533,2024-12-17
2025-12-17,Chiapas,Tapalapa,MX07090,4824,1206,0.5801632961342972,1.0,82.91873963515755,3.558610397636817,0.494257853114465,0.342552524831314,0.0,0.0,0.0,0,0.0,0.0,0.0,0.10277492291880783,5.0,0.342552524831314,0.7752198226070092,78.7990029458,25.780972197079606,9.836678023549354,16.214395692961453,2024-12-17
2025-12-17,Chiapas,Tapilula,MX07091,14474,3619,1.00501116723849,5.0,138.15971262779775,1.9358635342321961,0.24737704401524946,0.16682326087276306,0.0,0.0,0.0,0,0.0,0.0,0.0,0.10277492291880783,5.0,0.16682326087276306,0.6946218886041058,73.1160553562,18.89713559826501,7.324937186032226,11.953816550925339,2024-12-17
2025-12-17,Chiapas,Tecpatán,MX07092,47484,11871,1.8202047711384683,13.0,109.51057198214136,6.4242831223031,0.34432401776993615,0.35992456746844687,0.0,0.0,0.0,0,0.0,0.0,0.4305464064444186,0.10277492291880783,5.0,0.35992456746844687,0.8381316692089187,83.2349073077,28.65066477128796,11.086564676908619,18.112204714660358,2024-12-17
2025-12-17,Chiapas,Tenejapa,MX07093,51485,12871,1.8953208537634407,4.0,31.077616346826197,2.05486926387876,1.0,0.5469693935526183,0.0,0.0,0.0,0,0.0,0.0,0.25022269820139925,0.10277492291880783,5.0,0.5469693935526183,1.0,97.0797998697,37.04273335557345,13.83601570116656,23.118702762929317,2024-12-17
2025-12-17,Chiapas,Teopisca,MX07094,52761,13190,1.9186642949010255,10.0,75.8150113722517,2.3931477882390624,0.5521125429282588,0.3339258236306609,0.0,0.0,0.0,0,0.0,0.0,0.35031177748195896,0.10277492291880783,5.0,0.3339258236306609,0.9564601205523204,91.5782277124,30.034089288559095,11.230767211263315,18.752096042181627,2024-12-17
2025-12-17,Chiapas,Tila,MX07096,76294,19074,2.0,14.0,73.39834329453707,4.007110214921781,0.5743474679641543,0.3970490895941746,0.0,0.0,0.0,0,0.0,0.0,0.34280503649159616,0.10277492291880783,5.0,0.3970490895941746,1.0,98.0705840801,32.77957515789499,12.19327266771514,20.42779366378708,2024-12-17
2025-12-17,Chiapas,Tonalá,MX07097,95968,23992,2.0,39.0,162.55418472824275,4.295146105876603,0.19176460085909033,0.21503887454005177,0.0,4.168056018672891,0.0,0,1.0,0.0,0.8695652173913043,0.10277492291880783,5.0,0.21503887454005177,0.5219277367962661,60.9394180032,25.668118396792284,8.508083006342627,15.372097162522492,2024-12-17
2025-12-17,Chiapas,Totolapa,MX07098,7747,1937,0.7352607895781204,2.0,103.25245224574084,3.6832646190268323,0.3726606068244117,0.2857705645460254,0.0,0.0,0.0,0,0.0,0.0,1.9606769948625924,0.10277492291880783,5.0,0.2857705645460254,0.9927715490350748,94.1385407964,33.393669082362706,13.553133909119852,21.489347978416994,2024-12-17
2025-12-17,Chiapas,La Trinitaria,MX07099,87535,21884,2.0,21.0,95.96051910071284,10.137737442331915,0.4103405154241666,0.5125893660880134,0.0,0.0,0.0,0,0.0,0.0,0.0,0.10277492291880783,5.0,0.5125893660880134,0.9022711423971654,87.7573714262,33.42310383058371,12.512376717580532,20.876667562781805,2024-12-17
2025-12-17,Chiapas,Tumbalá,MX07100,40305,10076,1.676952168018164,7.0,69.47201270345376,4.84454988300305,0.6137705751824031,0.4437449905807464,0.0,0.0,0.0,0,0.0,0.0,0.0,0.10277492291880783,5.0,0.4437449905807464,1.0,95.8327540107,33.31234971742239,12.174888499507498,20.62987298667346,2024-12-17
2025-12-17,Chiapas,Tuxtla Gutiérrez,MX07101,632720,158180,2.0,178.0,112.53002908079404,0.8579377425221815,0.3317791955524891,0.17429094017205024,1.2643823492224049,4.425338222278417,0.0,2,7.0,2.0,0.6458196096666279,0.10277492291880783,5.0,0.17429094017205024,0.31248285762717676,46.1714926717,20.096120044759147,16.207358088632677,17.762862871083264,2024-12-17
2025-12-17,Chiapas,Tuxtla Chico,MX07102,43935,10984,1.7508819196368737,11.0,100.1456664238893,1.249782231958899,0.38804353118761276,0.21504929256613822,0.0,0.0,0.0,0,0.0,0.0,0.5420524273107695,0.10277492291880783,5.0,0.21504929256613822,0.5735842762887781,64.5817124395,19.29583098196505,8.213572624246316,12.646475967333808,2024-12-17
2025-12-17,Chiapas,Tuzantán,MX07103,33286,8322,1.5240192464958064,4.0,48.06536890170632,3.1107296719993727,0.9419917136645769,0.5519876464102823,0.0,12.01634222542658,-12.01634222542658,0,1.0,1.0,0.5420524273107695,0.10277492291880783,5.0,0.5519876464102823,0.6330047722632527,68.7714422204,49.55176133302973,12.553935350248418,27.353065743360943,2024-12-17
2025-12-17,Chiapas,Tzimol,MX07104,17508,4377,1.1052610594286107,6.0,137.08019191226867,6.394511296681751,0.2502953779262107,0.3119509267557886,0.0,0.0,0.0,0,0.0,0.0,0.0,0.10277492291880783,5.0,0.3119509267557886,0.8060643575791014,80.9738462323,25.479814954255687,9.623681521503512,15.966134894604384,2024-12-17
2025-12-17,Chiapas,Unión Juárez,MX07105,16529,4132,1.0738824682802108,4.0,96.8054211035818,2.461120894839637,0.405683858974763,0.2629017408340599,0.0,0.0,0.0,0,0.0,0.0,0.0,0.10277492291880783,5.0,0.2629017408340599,0.6502187295534673,69.9851956286,20.89142681609114,8.255863150314596,13.310088616625215,2024-12-17
2025-12-17,Chiapas,Venustiano Carranza,MX07106,71185,17796,2.0,15.0,84.28860418071477,3.3965607082730602,0.48422288036800165,0.33231340246821095,0.0,0.0,0.0,0,0.0,0.0,1.956158499391474,0.10277492291880783,5.0,0.33231340246821095,0.8676589558224003,85.3168716206,32.276259941977074,13.478456722257562,20.997578010145368,2024-12-17
2025-12-17,Chiapas,Villa Corzo,MX07107,85433,21358,2.0,25.0,117.05215844180167,4.240912174049908,0.31420177069220845,0.2745099099771248,0.0,4.682086337672066,0.0,0,1.0,0.0,1.8444442978086004,0.10277492291880783,5.0,0.2745099099771248,0.8168127134274883,81.7317111046,36.62972081624817,12.341983931943851,22.057078685665577,2024-12-17
2025-12-17,Chiapas,Villaflores,MX07108,115000,28750,2.0,32.0,111.30434782608695,3.907708631541199,0.3367894191688461,0.27506710388713385,3.4782608695652173,6.956521739130435,3.4782608695652173,1,2.0,0.0,0.5535596654285382,0.10277492291880783,5.0,0.27506710388713385,0.6436245366420412,69.5202401285,33.50230223451095,35.74893605458465,34.85028252655516,2024-12-17
2025-12-17,Chiapas,Yajalón,MX07109,43114,10778,1.7343857057082848,15.0,139.1723881981815,1.5412223655555441,0.2446805717466419,0.15275872433987445,0.0,9.2781592132121,-9.2781592132121,0,1.0,1.0,16.69449081803005,0.10277492291880783,5.0,0.15275872433987445,0.9397743420093537,90.4017161042,53.01731663596502,18.381925014663803,32.236081663184294,2024-12-17
2025-12-17,Chiapas,San Lucas,MX07110,8000,2000,0.7471221183117704,1.0,50.0,0.9795371136085699,0.9007766470273167,0.4627078940461754,0.0,0.0,0.0,0,0.0,0.0,2.7449477928076296,0.10277492291880783,5.0,0.4627078940461754,0.9025145597261599,87.7745347436,38.88269764730109,16.54912922731853,25.482556595311557,2024-12-17
2025-12-17,Chiapas,Zinacantán,MX07111,48509,12127,1.8397265872169946,7.0,57.72243753607653,1.56453941456313,0.7637831779739214,0.41306135960819856,0.0,0.0,0.0,0,0.0,0.0,2.2874564940063578,0.10277492291880783,5.0,0.41306135960819856,1.0,96.8485407619,38.184482147739814,15.668445834166162,24.67486035959562,2024-12-17
2025-12-17,Chiapas,San Juan Cancuc,MX07112,40628,10157,1.683679104799214,10.0,98.45426799251747,1.7693846372516122,0.39682645956079293,0.23618361278998867,0.0,0.0,0.0,0,0.0,0.0,11.924636298592892,0.10277492291880783,5.0,0.23618361278998867,1.0,99.2568472144,42.08550838369966,19.684151966018405,28.64469453309091,2024-12-17
2025-12-17,Chiapas,Aldama,MX07113,9245,2311,0.8031128386780128,4.0,173.08524448290783,0.46024155230180963,0.1726011374019346,0.0863005687009673,0.0,0.0,0.0,0,0.0,0.0,0.0,0.10277492291880783,5.0,0.0863005687009673,1.0,98.9482448784,22.589017061029022,7.885555436950148,13.766940086581696,2024-12-17
2025-12-17,Chiapas,Benemérito de las Américas,MX07114,24972,6243,1.3199979702113134,4.0,64.07176037161621,6.749408771608304,0.6758857399413972,0.5361817694734834,0.0,0.0,0.0,0,0.0,0.0,0.0,0.10277492291880783,5.0,0.5361817694734834,0.7333501606811786,75.8467797001,30.752456297828072,11.950880649626233,19.471510908906968,2024-12-17
2025-12-17,Chiapas,Maravilla Tenejapa,MX07115,15575,3894,1.0424964134129138,8.0,205.4442732408834,3.326385587589418,0.12601019250764048,0.1509458450966844,0.0,0.0,0.0,0,0.0,0.0,0.0,0.10277492291880783,5.0,0.1509458450966844,1.0,95.3634774094,24.528375352900532,8.661298753698754,15.008129393379466,2024-12-17
2025-12-17,Chiapas,Marqués de Comillas,MX07116,13730,3433,0.9788440327880127,6.0,174.7742499271774,3.141369745148844,0.169742535471607,0.16685035515631547,0.0,29.129041654529566,-29.129041654529566,0,1.0,1.0,0.0,0.10277492291880783,5.0,0.16685035515631547,0.752021896664823,77.1633208536,55.045948587985926,7.612262357738442,26.58573684983744,2024-12-17
2025-12-17,Chiapas,Montecristo de Guerrero,MX07117,8951,2238,0.7903266687715127,4.0,178.73100983020555,5.0166436947015525,0.16325734900280411,0.22403365958514404,0.0,0.0,0.0,0,0.0,0.0,4.122011541632316,0.10277492291880783,5.0,0.22403365958514404,0.9699797233506718,92.5314927692,36.55898181625441,16.3471695187714,24.4318944377646,2024-12-17
2025-12-17,Chiapas,San Andrés Duraznal,MX07118,6558,1639,0.6763415566118288,1.0,61.01281269066504,2.2978675385518192,0.7159488326664359,0.41277380660777546,0.0,0.0,0.0,0,0.0,0.0,0.0,0.10277492291880783,5.0,0.41277380660777546,1.0,98.5197598799,32.38321419823327,11.803234291831846,20.035226254392416,2024-12-17
2025-12-17,Chiapas,Santiago el Pinar,MX07119,5390,1348,0.6133686035476787,1.0,74.1839762611276,0.8002549234023479,0.5669602066857811,0.2900227647039103,0.0,0.0,0.0,0,0.0,0.0,0.0,0.10277492291880783,5.0,0.2900227647039103,1.0,97.2926978932,28.70068294111731,10.330221788985465,17.678406249838204,2024-12-17
2025-12-17,Chihuahua,Ahumada,MX08001,15412,3853,1.0369936581558925,4.0,103.81520892810796,24.996615225841115,0.36997266769589476,0.6849863338479474,0.0,0.0,0.0,0,0.0,0.0,46.058438494588074,0.47276464542651603,23.0,0.6849863338479474,0.19495164708633467,37.88438559,39.448622957165114,27.70435785928433,32.40206389843664,2024-12-17
2025-12-17,Chihuahua,Aldama,MX08002,27270,6818,1.3794472393017807,5.0,73.33528894103843,46.52949466772547,0.5749472258105173,0.7874736129052586,0.0,29.33411557641537,-14.667057788207686,0,2.0,1.0,48.266695733137446,0.47276464542651603,23.0,0.7874736129052586,0.017642033958335926,25.3823127887,73.97704906632447,28.04765714233207,46.41941391192903,2024-12-17
2025-12-17,Chihuahua,Allende,MX08003,8790,2198,0.7832320308682882,1.0,45.49590536851683,22.821923432311813,1.0,1.0,0.0,0.0,0.0,0,0.0,0.0,0.0,0.47276464542651603,23.0,1.0,0.0,21.2699952107,30.0,20.509763617677287,24.30585817060637,2024-12-17
2025-12-17,Chihuahua,Aquiles Serdán,MX08004,25857,6464,1.343158515461074,2.0,30.940594059405942,6.4032437633787795,1.0,0.6870846191551813,0.0,15.470297029702971,-15.470297029702971,0,1.0,1.0,1.2282044878591987,0.47276464542651603,23.0,0.6870846191551813,0.08416186904659924,30.0726158486,49.81503548745076,19.24908447395283,31.475464879352,2024-12-17
2025-12-17,Chihuahua,Ascensión,MX08005,27291,6823,1.3799529574106795,9.0,131.9067858713176,35.746107586541,0.2649439350816207,0.6324719675408104,0.0,0.0,0.0,0,0.0,0.0,0.05062368378422161,0.47276464542651603,23.0,0.6324719675408104,0.2747277495266995,43.509385966,24.596910922459802,17.558530579601513,20.37388271674483,2024-12-17
2025-12-17,Chihuahua,Bachíniva,MX08006,6012,1503,0.6476734377311658,2.0,133.06719893546241,7.487258432404314,0.26155912284571037,0.35279377551620583,0.0,0.0,0.0,0,0.0,0.0,2.117881271575915,0.47276464542651603,23.0,0.35279377551620583,0.0,12.1928219564,15.947030743227627,16.318767242366057,16.170072642710686,2024-12-17
2025-12-17,Chihuahua,Balleza,MX08007,17316,4329,1.0991839766195461,2.0,46.2000462000462,32.335903597470754,0.9849987397208483,0.9924993698604241,23.1000231000231,23.1000231000231,23.1000231000231,1,1.0,0.0,0.0,0.47276464542651603,23.0,0.9924993698604241,0.5701468878373136,64.339342723,76.177918852559,53.27049049518894,62.433461838136964,2024-12-17
2025-12-17,Chihuahua,Batopilas,MX08008,12003,3001,0.9151864756626574,4.0,133.2889036987671,11.338211841241959,0.2609191373389206,0.4765608883527933,0.0,0.0,0.0,0,0.0,0.0,0.0,0.47276464542651603,23.0,0.4765608883527933,0.9654388756596614,92.2113183161,33.60560416377702,19.055688656209117,24.875654859236278,2024-12-17
2025-12-17,Chihuahua,Bocoyna,MX08009,24467,6117,1.3066095742044503,7.0,114.4351806441066,8.525233302094433,0.3242045613103304,0.41756257512939016,0.0,0.0,0.0,0,0.0,0.0,7.762769756249029,0.47276464542651603,23.0,0.41756257512939016,0.4590391433240504,56.5051532158,36.70766012036271,25.81571023585022,30.17249018965522,2024-12-17
2025-12-17,Chihuahua,Buenaventura,MX08010,26316,6579,1.3550538021003666,7.0,106.39914880680955,23.118415580573235,0.35799579606882936,0.6789978980344147,0.0,0.0,0.0,0,0.0,0.0,0.5263733519396565,0.47276464542651603,23.0,0.6789978980344147,0.32143291523721096,46.8025598194,28.131557012249754,19.15354414792505,22.74474929365493,2024-12-17
2025-12-17,Chihuahua,Camargo,MX08011,51625,12906,1.8978960691394073,20.0,154.9666821633349,69.9238687579328,0.20718595418885283,0.6035929770944264,0.0,0.0,0.0,0,0.0,0.0,1.7456576765296323,0.47276464542651603,23.0,0.6035929770944264,0.04321057475557576,27.1851465597,23.39261771719661,18.91601015608982,20.706653180532538,2024-12-17
2025-12-17,Chihuahua,Carichí,MX08012,8520,2130,0.7710213385823121,4.0,187.79342723004694,13.381254589737269,0.14943366205614547,0.48664996801555366,0.0,0.0,0.0,0,0.0,0.0,0.0,0.47276464542651603,23.0,0.48664996801555366,0.4422177843297167,55.3190818514,23.443854727060945,16.560652155512518,19.313933184131887,2024-12-17
2025-12-17,Chihuahua,Casas Grandes,MX08013,12358,3089,0.9285077864301113,1.0,32.372936225315634,35.75734458190221,1.0,1.0,0.0,0.0,0.0,0,0.0,0.0,3.847929813760197,0.47276464542651603,23.0,1.0,0.12144642169164901,32.7015437635,42.17323502327881,27.613200119099417,33.43721408077117,2024-12-17
2025-12-17,Chihuahua,Coronado,MX08014,2103,526,0.5,1.0,190.11406844106463,16.317997768221655,0.14610573742083874,0.5730528687104194,0.0,0.0,0.0,0,0.0,0.0,0.0,0.47276464542651603,23.0,0.5730528687104194,0.0,23.4722222222,17.19158606131258,15.38639804220232,16.108473249846426,2024-12-17
2025-12-17,Chihuahua,Coyame del Sotol,MX08015,1254,314,0.5,2.0,636.9426751592357,40.762540121254105,0.0,0.5,318.47133757961785,318.47133757961785,318.47133757961785,1,1.0,0.0,3.927729772191673,0.47276464542651603,23.0,0.5,0.0,24.0612870276,59.94638804581768,51.14068898155575,54.662968607260524,2024-12-17
2025-12-17,Chihuahua,La Cruz,MX08016,3884,971,0.5205784798376791,1.0,102.98661174047373,17.281104746396174,0.37394057783799123,0.6869702889189956,0.0,0.0,0.0,0,0.0,0.0,0.0,0.47276464542651603,23.0,0.6869702889189956,0.0,15.2115917915,20.609108667569867,16.753407084705234,18.295687717851088,2024-12-17
2025-12-17,Chihuahua,Cuauhtémoc,MX08017,188868,47217,2.0,38.0,80.4794883198848,5.4281177456022895,0.5129723766709063,0.41214987031344524,6.3536438147277465,14.825168901031407,4.23576254315183,3,7.0,1.0,0.0,0.47276464542651603,23.0,0.41214987031344524,0.008247918734137537,24.7199352088,35.920587535230354,43.496801655109316,40.46631600715773,2024-12-17
2025-12-17,Chihuahua,Cusihuiriachi,MX08018,5314,1329,0.609030561590433,1.0,75.24454477050413,4.0580122119439315,0.5572324269825769,0.390131755521828,0.0,0.0,0.0,0,0.0,0.0,1.0589406357879576,0.47276464542651603,23.0,0.390131755521828,0.06093922281925399,28.435190733,15.604345860910646,15.283779957282645,15.412006318733845,2024-12-17
2025-12-17,Chihuahua,Chihuahua,MX08019,977034,244259,2.0,200.0,81.88029919061324,6.164602487411104,0.5020887157755445,0.4304393734395521,3.684613463577596,12.691446374545052,-0.4094014959530665,9,31.0,10.0,0.0,0.47276464542651603,23.0,0.4304393734395521,0.0,15.6764975048,32.93772950616016,41.6894743988186,38.18877644175522,2024-12-17
2025-12-17,Chihuahua,Chínipas,MX08020,6508,1627,0.673861077999084,3.0,184.38844499078058,7.956793414021827,0.15446821470955818,0.31437788305447195,0.0,0.0,0.0,0,0.0,0.0,0.0,0.47276464542651603,23.0,0.31437788305447195,0.39973622363635297,52.3237137203,17.426060964361216,14.280979332512716,15.539011985252117,2024-12-17
2025-12-17,Chihuahua,Delicias,MX08021,157373,39343,2.0,25.0,63.54370536054699,5.6752385266386405,0.6825262295598478,0.5048896306835521,0.0,0.0,0.0,0,0.0,0.0,0.0,0.47276464542651603,23.0,0.5048896306835521,0.0,21.8147077258,15.146688920506563,14.56843918587991,14.799739079730573,2024-12-17
2025-12-17,Chihuahua,Dr. Belisario Domínguez,MX08022,2497,624,0.5,2.0,320.5128205128205,5.993668180458735,0.03654021865843285,0.19215720485602994,0.0,0.0,0.0,0,0.0,0.0,0.0,0.47276464542651603,23.0,0.19215720485602994,0.1986542359478091,38.1454545455,9.73780086463708,11.808921255688693,10.980473099268048,2024-12-17
2025-12-17,Chihuahua,Galeana,MX08023,7008,1752,0.699267987735392,2.0,114.15525114155251,6.7855777467037965,0.32530167932196996,0.3620551917037708,0.0,0.0,0.0,0,0.0,0.0,0.0,0.47276464542651603,23.0,0.3620551917037708,0.11577313816374173,32.3015214385,13.177118514387958,13.433291608941245,13.330822371119929,2024-12-17
2025-12-17,Chihuahua,Santa Isabel,MX08024,3931,983,0.5237853591196807,1.0,101.7293997965412,3.596348837270895,0.3800844387031729,0.28668184213869585,0.0,0.0,0.0,0,0.0,0.0,1.673042879717557,0.47276464542651603,23.0,0.28668184213869585,0.0,20.9447483589,12.83718606391688,14.774432923178974,13.999534179474136,2024-12-17
2025-12-17,Chihuahua,Gómez Farías,MX08025,7262,1816,0.7119254493140175,6.0,330.3964757709251,3.0868727077695874,0.03176166020773602,0.09610389014266668,0.0,0.0,0.0,0,0.0,0.0,7.695859627520394,0.47276464542651603,23.0,0.09610389014266668,0.10840947826466317,31.7823109427,20.051306269573264,20.205057690712604,20.143557122256865,2024-12-17
2025-12-17,Chihuahua,Gran Morelos,MX08026,2505,626,0.5,2.0,319.4888178913738,9.566813520501121,0.03705220706386465,0.30754865151077165,0.0,0.0,0.0,0,0.0,0.0,1.2707287629455495,0.47276464542651603,23.0,0.30754865151077165,0.0,23.1931239389,12.444390031968023,14.345634426903128,13.585136668929085,2024-12-17
2025-12-17,Chihuahua,Guachochi,MX08027,52886,13221,1.9209176567861894,7.0,52.94607064518569,25.00369729388871,0.8437996516228345,0.9218998258114173,0.0,0.0,0.0,0,0.0,0.0,2.8875028875028876,0.47276464542651603,23.0,0.9218998258114173,0.5616179794934048,63.7379707435,46.20152344617291,27.255430812856186,34.83386786618288,2024-12-17
2025-12-17,Chihuahua,Guadalupe,MX08028,4427,1107,0.5558407801949351,2.0,180.6684733514002,59.47501261693286,0.16018541857021334,0.5800927092851067,0.0,0.0,0.0,0,0.0,0.0,66.88707501746113,0.47276464542651603,23.0,0.5800927092851067,0.0,19.7141421753,32.4027812785532,25.470876129098567,28.24363818888042,2024-12-17
2025-12-17,Chihuahua,Guadalupe y Calvo,MX08029,53431,13358,1.9308445714609928,5.0,37.430753106752505,12.955169402263023,1.0,0.8982036336579657,0.0,14.972301242701002,0.0,0,2.0,0.0,6.463017761644764,0.47276464542651603,23.0,0.8982036336579657,0.7332284390780621,75.8381971291,80.23395606811405,32.95434941696318,51.866192077423534,2024-12-17
2025-12-17,Chihuahua,Guazapares,MX08030,8671,2168,0.7778685893407723,4.0,184.50184501845018,14.363719868413218,0.15429755190774763,0.520739338994284,0.0,0.0,0.0,0,0.0,0.0,0.0,0.47276464542651603,23.0,0.520739338994284,0.602689407512762,66.6339106426,27.67596832008376,17.772082723172506,21.73363696193701,2024-12-17
2025-12-17,Chihuahua,Guerrero,MX08031,36929,9232,1.6051827864264552,12.0,129.98266897746967,21.763442366601808,0.2706895827425776,0.6353447913712889,0.0,10.831889081455806,-10.831889081455806,0,1.0,1.0,5.881140261357991,0.47276464542651603,23.0,0.6353447913712889,0.259561839464598,42.4400400442,56.235229521972975,27.36044889313391,38.91036114466954,2024-12-17
2025-12-17,Chihuahua,Hidalgo del Parral,MX08032,121709,30427,2.0,34.0,111.74285995990404,22.503604094737334,0.33498428357763604,0.667492141788818,0.0,3.2865547047030597,-3.2865547047030597,0,1.0,1.0,0.0,0.47276464542651603,23.0,0.667492141788818,0.09974898652415509,31.1716610387,27.20526590911033,17.01841425176388,21.09315491470246,2024-12-17
2025-12-17,Chihuahua,Huejotitán,MX08033,866,216,0.5,1.0,462.962962962963,12.526739426408664,0.0,0.3843985755313862,0.0,0.0,0.0,0,0.0,0.0,0.0,0.47276464542651603,23.0,0.3843985755313862,0.1856313934643543,37.22721598,15.244585135228672,14.050703491375693,14.528256148916885,2024-12-17
2025-12-17,Chihuahua,Ignacio Zaragoza,MX08034,5354,1338,0.6110892623174426,3.0,224.2152466367713,9.395895884304444,0.1051466649862945,0.3360884976194039,0.0,0.0,0.0,0,0.0,0.0,5.130573085013596,0.47276464542651603,23.0,0.3360884976194039,0.04833050925574064,27.5461523322,24.041673899624705,21.44608399267402,22.484319955454293,2024-12-17
2025-12-17,Chihuahua,Janos,MX08035,11536,2884,0.8971689277082114,2.0,69.34812760055479,28.28148688076063,0.6150871167963705,0.8075435583981853,0.0,0.0,0.0,0,0.0,0.0,0.0,0.47276464542651603,23.0,0.8075435583981853,0.1557020096172365,35.1168998547,27.340346944290282,18.97879636654169,22.32341659764113,2024-12-17
2025-12-17,Chihuahua,Jiménez,MX08036,42709,10677,1.7262401650557944,10.0,93.65926758452748,57.18811043731252,0.42344985664324664,0.7117249283216234,0.0,0.0,0.0,0,0.0,0.0,0.0,0.47276464542651603,23.0,0.7117249283216234,0.19695427408784458,38.0255905034,25.290833331405594,18.03523412797599,20.937473809347832,2024-12-17
2025-12-17,Chihuahua,Juárez,MX08037,1580290,395072,2.0,281.0,71.12627571683136,16.845614440803402,0.5966300258816939,0.798315012940847,0.25311841892110803,0.7593552567633242,-0.25311841892110803,1,3.0,2.0,0.0,0.47276464542651603,23.0,0.798315012940847,0.0,23.7043654665,25.14756016779095,20.014025241517526,22.067439212026898,2024-12-17
2025-12-17,Chihuahua,Julimes,MX08038,5221,1305,0.603506360724649,1.0,76.62835249042146,43.720930340027344,0.5449447052522135,0.7724723526261068,0.0,0.0,0.0,0,0.0,0.0,2.6184865147944487,0.47276464542651603,23.0,0.7724723526261068,0.0,21.6396210873,29.80509594266166,22.200048758442872,25.24206763213039,2024-12-17
2025-12-17,Chihuahua,López,MX08039,4276,1069,0.546217296681432,1.0,93.54536950420955,10.23502129462405,0.42411544157030795,0.5226115520127994,0.0,0.0,0.0,0,0.0,0.0,0.0,0.47276464542651603,23.0,0.5226115520127994,0.0,21.039225675,15.678346560383982,14.78110224183088,15.139999969252122,2024-12-17
2025-12-17,Chihuahua,Madera,MX08040,25988,6497,1.3465826958416487,7.0,107.74203478528551,26.451325387659256,0.3519982176051997,0.6759991088025998,30.783438510081577,30.783438510081577,30.783438510081577,2,2.0,0.0,0.0,0.47276464542651603,23.0,0.6759991088025998,0.2630340039293326,42.6848618119,60.54065334266464,47.93692294295514,52.97841510283894,2024-12-17
2025-12-17,Chihuahua,Maguarichi,MX08041,1401,350,0.5,1.0,285.7142857142857,3.529910066718352,0.05599577806484138,0.12249669268681812,0.0,0.0,0.0,0,0.0,0.0,9.315323707498836,0.47276464542651603,23.0,0.12249669268681812,0.7335215065041525,75.858861267,33.34533091068759,23.64733146243987,27.52653124173896,2024-12-17
2025-12-17,Chihuahua,Manuel Benavides,MX08042,1211,303,0.5,1.0,330.03300330033005,24.730394494955856,0.031932323009546605,0.5159661615047733,0.0,0.0,0.0,0,0.0,0.0,3.927729772191673,0.47276464542651603,23.0,0.5159661615047733,0.0,22.5090909091,25.42537289096088,21.332282919613025,22.969518908152164,2024-12-17
2025-12-17,Chihuahua,Matachí,MX08043,2835,709,0.5,3.0,423.1311706629055,4.171213402022068,0.0,0.11516316030447163,0.0,0.0,0.0,0,0.0,0.0,0.0,0.47276464542651603,23.0,0.11516316030447163,0.07023260249786589,29.0904654655,4.859546859091466,10.242884553820277,8.089549475928754,2024-12-17
2025-12-17,Chihuahua,Matamoros,MX08044,4483,1121,0.5593445388536558,2.0,178.4121320249777,8.383692327512128,0.16376933740823596,0.33278416796903276,0.0,0.0,0.0,0,0.0,0.0,0.0,0.47276464542651603,23.0,0.33278416796903276,0.06928587117588923,29.0237115896,11.369242462588767,12.849602989185128,12.257458778546583,2024-12-17
2025-12-17,Chihuahua,Meoqui,MX08045,47130,11783,1.813445611163934,11.0,93.35483323432064,4.951564072108413,0.42523250718215916,0.3529242146023053,0.0,0.0,0.0,0,0.0,0.0,0.0,0.47276464542651603,23.0,0.3529242146023053,0.09491933080817606,30.8311227774,12.486113054232678,13.21945084694583,12.926115729860568,2024-12-17
2025-12-17,Chihuahua,Morelos,MX08046,7806,1951,0.737913117452682,3.0,153.76729882111738,6.446992505479459,0.20976296249619297,0.2933757915119829,0.0,0.0,0.0,0,0.0,0.0,0.0,0.47276464542651603,23.0,0.2933757915119829,0.753428623785884,77.2625089606,23.869846221077168,15.797416234750502,19.02638822928117,2024-12-17
2025-12-17,Chihuahua,Moris,MX08047,4633,1158,0.5685005322330985,1.0,86.35578583765113,24.496567018855316,0.4696824096537385,0.7348412048268692,0.0,0.0,0.0,0,0.0,0.0,9.315323707498836,0.47276464542651603,23.0,0.7348412048268692,0.5298634697460478,61.4989652794,47.64250553972703,29.97717542432996,37.04330747048879,2024-12-17
2025-12-17,Chihuahua,Namiquipa,MX08048,23565,5891,1.2822452746880957,10.0,169.75046681378373,10.541054380695135,0.17841220580358555,0.40962106612292887,0.0,0.0,0.0,0,0.0,0.0,1.0038257278305345,0.47276464542651603,23.0,0.40962106612292887,0.0,17.563510319,14.83067046354147,15.119908731054837,15.004213424049489,2024-12-17
2025-12-17,Chihuahua,Nonoava,MX08049,2872,718,0.5,1.0,139.27576601671308,8.414055657669037,0.24440751126374505,0.37408163540551986,0.0,0.0,0.0,0,0.0,0.0,3.85000385000385,0.47276464542651603,23.0,0.37408163540551986,0.266256964607628,42.91211226,26.297147130267884,20.829733916214817,23.016699201836044,2024-12-17
2025-12-17,Chihuahua,Nuevo Casas Grandes,MX08050,68761,17190,2.0,28.0,162.88539848749272,22.91690183505654,0.19112414649844947,0.5955620732492247,0.0,0.0,0.0,0,0.0,0.0,0.0,0.47276464542651603,23.0,0.5955620732492247,0.07110071995906538,29.1516762905,19.288876596658046,16.01201209646331,17.322757896541205,2024-12-17
2025-12-17,Chihuahua,Ocampo,MX08051,8586,2147,0.7740920694313184,3.0,139.72985561248254,6.497149877250781,0.24321287165107072,0.3117169388672467,46.57661853749418,46.57661853749418,46.57661853749418,1,1.0,0.0,0.0,0.47276464542651603,23.0,0.3117169388672467,0.22855894312070107,40.2540307224,48.92268702843142,43.39316159968775,45.60497177118522,2024-12-17
2025-12-17,Chihuahua,Ojinaga,MX08052,25460,6365,1.3328331930147514,5.0,78.55459544383346,25.928112585197628,0.5285610762783959,0.7642805381391979,15.710919088766692,31.421838177533385,15.710919088766692,1,2.0,0.0,53.07855626326964,0.47276464542651603,23.0,0.7642805381391979,0.06950184412909227,29.0389398084,74.31845302675778,58.02863929599312,64.54456478829898,2024-12-17
2025-12-17,Chihuahua,Praxedis G. Guerrero,MX08053,5308,1327,0.6085721267783201,3.0,226.07385079125848,5.645613599040593,0.10326937416637785,0.21430661560839853,0.0,0.0,0.0,0,0.0,0.0,0.0,0.47276464542651603,23.0,0.21430661560839853,0.0,13.7669586474,6.429198468251955,11.08144300497807,9.220545190287623,2024-12-17
2025-12-17,Chihuahua,Riva Palacio,MX08054,8121,2030,0.7527046775234807,4.0,197.04433497536945,15.784211386667284,0.1366339519203504,0.557679238188312,0.0,0.0,0.0,0,0.0,0.0,2.007651455661069,0.47276464542651603,23.0,0.557679238188312,0.0,9.8739395546,21.814454105356564,18.591299115741837,19.88056111158773,2024-12-17
2025-12-17,Chihuahua,Rosales,MX08055,17714,4428,1.1116815603898702,5.0,112.91779584462512,21.169865398577425,0.3302167680141152,0.6651083840070576,0.0,0.0,0.0,0,0.0,0.0,0.4605766829471995,0.47276464542651603,23.0,0.6651083840070576,0.03844078195493039,26.8488292231,21.888408704974296,17.46082916597927,19.23186098157728,2024-12-17
2025-12-17,Chihuahua,Rosario,MX08056,2153,538,0.5,0.0,0.0,27.428458125166905,0.0,0.5,0.0,0.0,0.0,0,0.0,0.0,3.85000385000385,0.47276464542651603,23.0,0.5,0.12687786429035075,33.0845139228,27.287116061756738,21.64385878976219,23.90116169856001,2024-12-17
2025-12-17,Chihuahua,San Francisco de Borja,MX08057,2246,562,0.5,1.0,177.93594306049823,6.00147890734933,0.16453732001638366,0.2564074361941854,0.0,0.0,0.0,0,0.0,0.0,0.0,0.47276464542651603,23.0,0.2564074361941854,0.06800587382829563,28.9334591789,9.052340562391475,11.92668222114899,10.776945557645984,2024-12-17
2025-12-17,Chihuahua,San Francisco de Conchos,MX08058,2811,703,0.5,2.0,284.4950213371266,3.4369637344595576,0.05676376067298907,0.11988572660742162,0.0,0.0,0.0,0,0.0,0.0,0.0,0.47276464542651603,23.0,0.11988572660742162,0.0,13.3251815055,3.596571798222649,9.948392336966347,7.407664121468868,2024-12-17
2025-12-17,Chihuahua,San Francisco del Oro,MX08059,5217,1304,0.6032750879203242,3.0,230.06134969325154,10.689048663978028,0.09934412972473403,0.37485576462918396,0.0,0.0,0.0,0,0.0,0.0,3.85000385000385,0.47276464542651603,23.0,0.37485576462918396,0.005272466371171988,24.5101365329,21.100681042248688,19.534100975716502,20.160733002329376,2024-12-17
2025-12-17,Chihuahua,Santa Bárbara,MX08060,12064,3016,0.917470828519014,4.0,132.6259946949602,3.818020233731732,0.26283909385928994,0.23520196243810726,0.0,0.0,0.0,0,0.0,0.0,0.0,0.47276464542651603,23.0,0.23520196243810726,0.0384049877447959,26.846305379,7.824158628039135,11.524212105658554,10.044190714610787,2024-12-17
2025-12-17,Chihuahua,Satevó,MX08061,3521,880,0.5,2.0,227.27272727272728,24.202547009395648,0.10207473455370368,0.5510373672768518,0.0,0.0,0.0,0,0.0,0.0,0.4094014959530662,0.47276464542651603,23.0,0.5510373672768518,0.12178429101789656,32.7253668763,20.00355487925367,16.42229884048245,17.85480125599094,2024-12-17
2025-12-17,Chihuahua,Saucillo,MX08062,31235,7809,1.4762989379810985,8.0,102.44589576130106,6.166265423590633,0.3765645184158293,0.367730858616831,0.0,0.0,0.0,0,0.0,0.0,0.0,0.47276464542651603,23.0,0.367730858616831,0.0,20.6410295571,11.031925758504931,12.92253392107926,12.166290656049528,2024-12-17
2025-12-17,Chihuahua,Temósachic,MX08063,5519,1380,0.6206062416482453,1.0,72.46376811594203,40.03438117040634,0.5833438356595988,0.7916719178297994,0.0,0.0,0.0,0,0.0,0.0,8.595561894175084,0.47276464542651603,23.0,0.7916719178297994,0.10975799487800833,31.877394636,40.94531743245415,28.558616606024923,33.51329693659662,2024-12-17
2025-12-17,Chihuahua,El Tule,MX08064,1557,389,0.5,1.0,257.0694087403599,3.633291521469626,0.0759633258766817,0.13581166905868536,0.0,0.0,0.0,0,0.0,0.0,5.775005775005775,0.47276464542651603,23.0,0.13581166905868536,0.19926120654233415,38.1882519462,22.683912366531832,20.88536845504291,21.604786019638478,2024-12-17
2025-12-17,Chihuahua,Urique,MX08065,17983,4496,1.120184985321469,7.0,155.69395017793593,7.108340878944589,0.20564267485247992,0.31262590432984527,0.0,0.0,0.0,0,0.0,0.0,0.0,0.47276464542651603,23.0,0.31262590432984527,0.4999439616479112,59.3893454916,19.377656362853582,14.760994277874987,16.607659111866425,2024-12-17
2025-12-17,Chihuahua,Uruachi,MX08066,6852,1713,0.6914412377114387,1.0,58.37711617046118,32.44918541573137,0.7538359746683893,0.8769179873341946,0.0,0.0,0.0,0,0.0,0.0,5.822077317186772,0.47276464542651603,23.0,0.8769179873341946,0.7820312219646879,79.2792736381,56.691703861748465,32.77196211046364,42.339858810977574,2024-12-17
2025-12-17,Chihuahua,Valle de Zaragoza,MX08067,4948,1237,0.5875724787686261,2.0,161.68148746968473,4.446723179781617,0.19346466492328054,0.2207730893647788,0.0,80.84074373484236,-80.84074373484236,0,1.0,1.0,0.0,0.47276464542651603,23.0,0.2207730893647788,0.1004610573499815,31.2218690401,43.63241382794299,11.66134597680454,24.44977311725992,2024-12-17
2025-12-17,Distrito Federal,Azcapotzalco,MX09002,459824,114956,2.0,129.0,112.21684818539268,0.08616684522529516,0.33304897674369766,0.16652448837184883,2.6096941438463412,3.479592191795122,2.6096941438463412,3,4.0,0.0,0.9844389042646583,0.39054470709146977,19.0,0.16652448837184883,0.0006765143657638706,24.1860766833,12.992305419959932,30.535176727460573,23.518028204460315,2024-12-17
2025-12-17,Distrito Federal,Coyoacán,MX09003,649615,162404,2.0,188.0,115.76069554937071,0.08886257683316828,0.3190815648644899,0.15954078243224495,1.2314967611635181,1.8472451417452773,1.2314967611635181,2,3.0,0.0,0.6700022552662703,0.39054470709146977,19.0,0.15954078243224495,0.04167821103893341,27.0770998362,10.2310492573751,19.646983031588768,15.880609521903299,2024-12-17
2025-12-17,Distrito Federal,Cuajimalpa de Morelos,MX09004,237292,59323,2.0,56.0,94.3984626536082,1.8714048923101816,0.41916926786783293,0.250642358237412,0.0,0.0,0.0,0,0.0,0.0,1.7618481499967262,0.39054470709146977,19.0,0.250642358237412,0.11829107309085732,32.4790606323,14.346709070095166,13.603379632720126,13.90071140767014,2024-12-17
2025-12-17,Distrito Federal,Gustavo A. Madero,MX09005,1243044,310761,2.0,352.0,113.27032671409862,0.42361126217750866,0.3288055999716438,0.1644027999858219,0.9653721026769768,2.8961163080309307,0.0,3,9.0,3.0,1.0793576627134747,0.39054470709146977,19.0,0.1644027999858219,0.13667724195879666,33.7754664936,14.968429352207234,18.84804090399223,17.29619628327823,2024-12-17
2025-12-17,Distrito Federal,Iztacalco,MX09006,440738,110184,2.0,116.0,105.27844333115516,0.08222769185252021,0.363118202233519,0.1815591011167595,0.0,1.8151455746750889,-1.8151455746750889,0,2.0,2.0,1.0032863910456244,0.39054470709146977,19.0,0.1815591011167595,0.015085051858186043,25.2020203849,11.15308119067703,10.977720993760173,11.047865072526916,2024-12-17
2025-12-17,Distrito Federal,Iztapalapa,MX09007,1948591,487148,2.0,494.0,101.40655406570488,0.2202133176634577,0.38168673440114365,0.19084336720057182,0.4105528504684408,1.026382126171102,0.2052764252342204,2,5.0,1.0,0.7381913866419609,0.39054470709146977,19.0,0.19084336720057182,0.28008757964182485,43.8873067404,14.81583630144826,15.088071748374624,14.97917756960408,2024-12-17
2025-12-17,Distrito Federal,La Magdalena Contreras,MX09008,268965,67241,2.0,74.0,110.0519028568879,2.2821023697240688,0.3420243276453303,0.22530356192975484,0.0,1.4871878764444313,0.0,0,1.0,0.0,2.409048601479279,0.39054470709146977,19.0,0.22530356192975484,0.2604430064373876,42.5021709882,20.415005349253853,15.10269929036375,17.227621713919792,2024-12-17
2025-12-17,Distrito Federal,Milpa Alta,MX09009,162419,40605,2.0,40.0,98.51003570988794,4.576177335257779,0.39653206622766957,0.326478118452879,2.4627508927471986,4.925501785494397,2.4627508927471986,1,2.0,0.0,2.893148015454813,0.39054470709146977,19.0,0.326478118452879,0.43326133261656996,54.6875638565,33.55748532024997,36.72266884434876,35.456595434709236,2024-12-17
2025-12-17,Distrito Federal,Álvaro Obregón,MX09010,807751,201938,2.0,189.0,93.59308302548307,0.7384378753467371,0.42383642143401445,0.21646897610968477,0.9904029949786568,1.4856044924679852,0.4952014974893284,2,3.0,1.0,1.3196488281508598,0.39054470709146977,19.0,0.21646897610968477,0.19221350919511723,37.69131992,16.024137620640563,20.346496034924748,18.617552669211072,2024-12-17
2025-12-17,Distrito Federal,Tláhuac,MX09011,423452,105863,2.0,106.0,100.12941254262584,0.10336873531954693,0.38812652073188947,0.19406326036594473,0.0,1.8892341989174688,-0.9446170994587344,0,2.0,1.0,1.3359709635229362,0.39054470709146977,19.0,0.19406326036594473,0.2591288507732706,42.40951008,17.368452794636458,12.909639171999665,14.693164621054382,2024-12-17
2025-12-17,Distrito Federal,Tlalpan,MX09012,739663,184916,2.0,222.0,120.05451123753488,2.4142948519489384,0.3032631153476172,0.21018251977936026,1.081572173311125,1.6223582599666875,0.5407860866555625,2,3.0,1.0,2.823746603527061,0.39054470709146977,19.0,0.21018251977936026,0.2206571376147084,39.6968756649,20.429089021171563,23.645712333138412,22.359063008351676,2024-12-17
2025-12-17,Distrito Federal,Xochimilco,MX09013,471705,117926,2.0,102.0,86.49492054339161,0.2456765717715817,0.46872870576126746,0.23436435288063373,0.0,0.0,0.0,0,0.0,0.0,1.0372745355380566,0.39054470709146977,19.0,0.23436435288063373,0.34112984890788783,48.1913874998,16.480270145889804,13.298987927628856,14.571500814933232,2024-12-17
2025-12-17,Distrito Federal,Benito Juárez,MX09014,461103,115276,2.0,269.0,233.35299628717166,0.08547337652529519,0.09620494926615095,0.04810247463307547,0.8674832575731288,1.7349665151462577,0.0,1,2.0,1.0,0.9312344521375913,0.39054470709146977,19.0,0.04810247463307547,0.0,7.8838259079,6.5387141825524155,15.774726761785548,12.080321730092294,2024-12-17
2025-12-17,Distrito Federal,Cuauhtémoc,MX09015,584470,146118,2.0,360.0,246.37621648256888,0.24963312110661057,0.08460739678838866,0.04230369839419433,2.0531351373547406,7.528162170300716,0.6843783791182467,3,11.0,2.0,1.1716048637980747,0.39054470709146977,19.0,0.04230369839419433,0.0,20.8925468273,16.11394990124818,25.125557752240084,21.520914611843324,2024-12-17
2025-12-17,Distrito Federal,Miguel Hidalgo,MX09016,443546,110887,2.0,194.0,174.95287995887705,0.4846493010502827,0.1694434357158565,0.08472171785792824,0.901818968860191,0.901818968860191,0.901818968860191,1,1.0,0.0,0.996167936987092,0.39054470709146977,19.0,0.08472171785792824,0.0,13.4686475807,6.487186653215579,16.584837986017313,12.545777452896619,2024-12-17
2025-12-17,Distrito Federal,Venustiano Carranza,MX09017,474705,118676,2.0,158.0,133.13559607671306,0.3155787900511184,0.26136145643601844,0.13068072821800922,1.685260709831811,5.898412484411338,-0.8426303549159053,2,7.0,3.0,0.7546268100079294,0.39054470709146977,19.0,0.13068072821800922,0.08298594763783963,29.9897018159,16.79762818172235,23.10007405365391,20.579095704881283,2024-12-17
2025-12-17,Durango,Canatlán,MX10001,32838,8209,1.5136369598481179,11.0,133.99926909489585,17.0413420751036,0.25888281981731687,0.6294414099086585,0.0,0.0,0.0,0,0.0,0.0,1.3433064793842975,0.061664953751284696,3.0,0.6294414099086585,0.27063588350003254,43.2208691391,27.69768266290348,12.284260634355903,18.449629445774935,2024-12-17
2025-12-17,Durango,Canelas,MX10002,4634,1158,0.5685005322330985,5.0,431.77892918825563,11.986322282328079,0.0,0.3669850178741397,0.0,0.0,0.0,0,0.0,0.0,1.9339367215904695,0.061664953751284696,3.0,0.3669850178741397,0.6137752995310691,67.4155751369,28.18246195050377,11.847602828773612,18.381546477465676,2024-12-17
2025-12-17,Durango,Coneto de Comonfort,MX10003,4271,1068,0.5459617564116888,2.0,187.26591760299627,6.70681032161323,0.15020164466429314,0.27196709594172325,0.0,0.0,0.0,0,0.0,0.0,1.2892911477269795,0.061664953751284696,3.0,0.27196709594172325,0.5778998452093881,64.8860025221,22.981946731544927,9.43969817760772,14.856597599182603,2024-12-17
2025-12-17,Durango,Cuencamé,MX10004,36590,9148,1.5978634912074408,9.0,98.38216003498033,20.064178107879005,0.39720760648483644,0.6986038032424182,0.0,0.0,0.0,0,0.0,0.0,2.0011606731904505,0.061664953751284696,3.0,0.6986038032424182,0.16296485779838368,35.6290021322,29.285051277384582,13.686465778186975,19.925899977866017,2024-12-17
2025-12-17,Durango,Durango,MX10005,719684,179921,2.0,183.0,101.71130662902051,3.1868023353037453,0.3801739667303522,0.2735300195831053,1.6673984693282051,3.3347969386564102,0.5557994897760683,3,6.0,2.0,0.0,0.061664953751284696,3.0,0.2735300195831053,0.11298152771047214,32.1046854266,15.727169603388777,17.634613379738305,16.871635869198492,2024-12-17
2025-12-17,Durango,General Simón Bolívar,MX10006,10587,2647,0.8595152103797394,4.0,151.1144692104269,8.896831915178112,0.21560816345820608,0.37523818929412917,0.0,0.0,0.0,0,0.0,0.0,0.075876448860791,0.061664953751284696,3.0,0.37523818929412917,0.22711911343218538,40.1525085586,15.991673702822576,6.876520176450264,10.522581586999188,2024-12-17
2025-12-17,Durango,Gómez Palacio,MX10007,393752,98438,2.0,68.0,69.07901420183262,6.030932836912463,0.6179632869562964,0.4840694970690651,0.0,0.0,0.0,0,0.0,0.0,0.08852252367092284,0.061664953751284696,3.0,0.4840694970690651,0.06712423146938873,28.8712947155,16.088739589373887,7.403870988308289,10.877818428734528,2024-12-17
2025-12-17,Durango,Guadalupe Victoria,MX10008,38279,9570,1.6343029506563775,8.0,83.59456635318705,5.640258395507106,0.4892659661615049,0.40713235389472346,0.0,0.0,0.0,0,0.0,0.0,0.333479693865641,0.061664953751284696,3.0,0.40713235389472346,0.3081654714567132,45.8670744551,19.221767480949712,8.0993763948592,12.548332829295406,2024-12-17
2025-12-17,Durango,Guanaceví,MX10009,10321,2580,0.8485676066025385,3.0,116.27906976744185,14.3338613208331,0.3171098648350611,0.6011833802742477,0.0,0.0,0.0,0,0.0,0.0,3.85000385000385,0.061664953751284696,3.0,0.6011833802742477,0.41237775459011106,53.2150660701,36.03261527597938,16.885764354397804,24.544504723030435,2024-12-17
2025-12-17,Durango,Hidalgo,MX10010,3985,996,0.5272374672915348,3.0,301.2048192771084,28.044651484218253,0.04677998676706892,0.5233899933835344,0.0,0.0,0.0,0,0.0,0.0,0.0,0.061664953751284696,3.0,0.5233899933835344,0.2245200267843996,39.9692473698,20.192100337194024,8.513249222047534,13.18478966810613,2024-12-17
2025-12-17,Durango,Indé,MX10011,4914,1229,0.5856694050124395,3.0,244.10089503661513,6.201839585436092,0.08654441958893898,0.22386709541060462,0.0,0.0,0.0,0,0.0,0.0,0.0,0.061664953751284696,3.0,0.22386709541060462,0.29528783511631645,44.9590743518,12.621769564644467,5.272813488031962,8.212395918676965,2024-12-17
2025-12-17,Durango,Lerdo,MX10012,174092,43523,2.0,35.0,80.41725064908209,1.8974707773694592,0.5134647324382353,0.2986299968752125,0.0,0.0,0.0,0,0.0,0.0,0.06639189275319213,0.061664953751284696,3.0,0.2986299968752125,0.07617024212811847,29.5091274975,10.650432284754363,5.186465364623347,7.372052132675753,2024-12-17
2025-12-17,Durango,Mapimí,MX10013,28362,7091,1.406793453305193,13.0,183.33098293611621,4.172743148910424,0.15606981946501153,0.19324736221050143,0.0,0.0,0.0,0,0.0,0.0,0.0,0.061664953751284696,3.0,0.19324736221050143,0.17440938536449122,36.4359539623,9.285608573604867,4.300984440871598,6.294834093964906,2024-12-17
2025-12-17,Durango,Mezquital,MX10014,51705,12926,1.8993660531481342,25.0,193.4086337614111,10.106991512569376,0.14151832130816983,0.3771875602293968,0.0,0.0,0.0,0,0.0,0.0,0.1852664965920228,0.061664953751284696,3.0,0.3771875602293968,0.9496505328892426,91.0980847624,30.77779715076328,10.697245678786448,18.729466267577184,2024-12-17
2025-12-17,Durango,Nazas,MX10015,13422,3355,0.9676601539784223,8.0,238.45007451564828,3.102569858752843,0.09151497369167275,0.12648634735135872,0.0,0.0,0.0,0,0.0,0.0,0.0,0.061664953751284696,3.0,0.12648634735135872,0.3358441598325661,47.8186943984,10.511473617192085,4.3070261349022605,6.78880512781819,2024-12-17
2025-12-17,Durango,Nombre de Dios,MX10016,20066,5017,1.1833103044357673,10.0,199.32230416583616,4.8565855258747535,0.13366441916884592,0.20407973032435583,0.0,0.0,0.0,0,0.0,0.0,0.333479693865641,0.061664953751284696,3.0,0.20407973032435583,0.2587756594186392,42.3846066134,12.142392533077203,5.41579585182442,8.106434524325534,2024-12-17
2025-12-17,Durango,Ocampo,MX10017,8308,2077,0.7613683936623504,7.0,337.0245546461242,4.761769583598293,0.02871411017540385,0.14854937505219254,0.0,0.0,0.0,0,0.0,0.0,2.3100023100023104,0.061664953751284696,3.0,0.14854937505219254,0.3144090764458072,46.3073100562,16.594398046051754,8.364430560758363,11.65641755487572,2024-12-17
2025-12-17,Durango,El Oro,MX10018,10778,2695,0.8672733086554802,2.0,74.21150278293135,9.228269135948178,0.5667042124830652,0.5614659289430135,0.0,0.0,0.0,0,0.0,0.0,0.9669683607952347,0.061664953751284696,3.0,0.5614659289430135,0.18350998574704527,37.0776358571,22.96288029506041,10.397578718127246,15.42369934890051,2024-12-17
2025-12-17,Durango,Otáez,MX10019,5244,1311,0.6048921406450263,3.0,228.83295194508008,6.7486788776961895,0.10053876933740825,0.24848476521051305,0.0,0.0,0.0,0,0.0,0.0,2.578582295453959,0.061664953751284696,3.0,0.24848476521051305,0.7920178443628235,79.9834288052,29.824773741782796,12.405124837337352,19.37298439911553,2024-12-17
2025-12-17,Durango,Pánuco de Coronado,MX10020,13139,3285,0.9575121265598001,4.0,121.76560121765601,5.9821123497033515,0.29727031412457866,0.322149895554652,0.0,0.0,0.0,0,0.0,0.0,0.333479693865641,0.061664953751284696,3.0,0.322149895554652,0.3751519422171186,50.5902799225,18.012023145955677,7.414519248580372,11.653520807530493,2024-12-17
2025-12-17,Durango,Peñón Blanco,MX10021,11603,2901,0.8998092643734574,1.0,34.47087211306446,6.652270318552371,1.0,0.6951088617688727,0.0,0.0,0.0,0,0.0,0.0,0.0,0.061664953751284696,3.0,0.6951088617688727,0.4092196163702462,52.9923862433,29.037658180471105,11.497373590600827,18.513487426548934,2024-12-17
2025-12-17,Durango,Poanas,MX10022,26767,6692,1.3666413662911172,6.0,89.65929468021518,3.5590056804764125,0.4478375710219815,0.3193551207616719,0.0,0.0,0.0,0,0.0,0.0,3.27964075467371,0.061664953751284696,3.0,0.3193551207616719,0.36796202917036347,50.0833202898,25.245093771618766,12.318840472755896,17.489341792301044,2024-12-17
2025-12-17,Durango,Pueblo Nuevo,MX10023,53987,13497,1.9408645150003379,13.0,96.31770022968067,31.314460504920547,0.40836195217240634,0.7041809760862032,0.0,0.0,0.0,0,0.0,0.0,7.713392142332357,0.061664953751284696,3.0,0.7041809760862032,0.4370386652280346,54.953902982,44.86620258714679,21.745334206697738,30.993681558877356,2024-12-17
2025-12-17,Durango,Rodeo,MX10024,13358,3339,0.9653500100586204,4.0,119.79634621144055,2.152772311415525,0.30418215759790806,0.2022151471833674,0.0,29.949086552860138,-29.949086552860138,0,1.0,1.0,0.0,0.061664953751284696,3.0,0.2022151471833674,0.3189234069861934,46.6256147892,47.44492255522489,5.1311679686545,22.05666980328266,2024-12-17
2025-12-17,Durango,San Bernardo,MX10025,2914,729,0.5,4.0,548.6968449931413,8.020081935652929,0.0,0.23918308613337655,0.0,0.0,0.0,0,0.0,0.0,0.0,0.061664953751284696,3.0,0.23918308613337655,0.2828260077010447,44.0803928701,12.832012738022192,5.394296239628867,8.369382838986198,2024-12-17
2025-12-17,Durango,San Dimas,MX10026,18556,4639,1.137859873053845,18.0,388.01465833153696,9.463338789350642,0.008750625763606629,0.2900636528017505,0.0,0.0,0.0,0,0.0,0.0,6.034753433715897,0.061664953751284696,3.0,0.2900636528017505,0.5257744771480306,61.2106510575,34.217399127013124,17.219605386884282,24.018722882935815,2024-12-17
2025-12-17,Durango,San Juan de Guadalupe,MX10027,5457,1364,0.6169980352443555,6.0,439.88269794721407,7.04554312539874,0.0,0.2077810702138831,0.0,0.0,0.0,0,0.0,0.0,0.0,0.061664953751284696,3.0,0.2077810702138831,0.500586703564986,59.4346651226,16.245166177716214,6.106275527914653,10.161831787835277,2024-12-17
2025-12-17,Durango,San Juan del Río,MX10028,12531,3133,0.9350972792036666,5.0,159.59144589849984,2.9189545957576515,0.19761177100727817,0.17361821467047306,0.0,0.0,0.0,0,0.0,0.0,0.0,0.061664953751284696,3.0,0.17361821467047306,0.4228599150340585,53.9541615465,13.665744740795363,5.307687318739094,8.6509102875616,2024-12-17
2025-12-17,Durango,San Luis del Cordero,MX10029,2181,545,0.5,1.0,183.4862385321101,5.920118722601627,0.155833517124043,0.24943391127876202,0.0,0.0,0.0,0,0.0,0.0,0.0,0.061664953751284696,3.0,0.24943391127876202,0.4171077462747474,53.5485770363,15.825172263857809,6.188714834242005,10.043297806088328,2024-12-17
2025-12-17,Durango,San Pedro del Gallo,MX10030,1696,424,0.5,1.0,235.8490566037736,25.13024260456195,0.09388292006679481,0.5469414600333974,0.0,0.0,0.0,0,0.0,0.0,0.0,0.061664953751284696,3.0,0.5469414600333974,0.3692472434279617,50.173940544,23.793188669561154,9.519502905063701,15.228977210862682,2024-12-17
2025-12-17,Durango,Santa Clara,MX10031,7005,1751,0.6990683964689499,2.0,114.22044545973729,6.7643163121031655,0.3250456851192541,0.36124209935451185,0.0,0.0,0.0,0,0.0,0.0,0.0,0.061664953751284696,3.0,0.36124209935451185,0.5045149137121656,59.7116425993,20.92756125487867,7.9674489283380945,13.151493858954325,2024-12-17
2025-12-17,Durango,Santiago Papasquiaro,MX10032,51709,12927,1.8994395224858718,20.0,154.71493772723755,23.942042759774132,0.20772354201455634,0.6038617710072782,7.735746886361878,15.471493772723756,0.0,1,2.0,1.0,0.0,0.061664953751284696,3.0,0.6038617710072782,0.26575056959378685,42.8764064276,47.841768151836426,39.685063267579395,42.947745221282204,2024-12-17
2025-12-17,Durango,Súchil,MX10033,7306,1827,0.7140783559310241,3.0,164.20361247947454,12.50957873069804,0.1886007750716784,0.47814600362197346,0.0,0.0,0.0,0,0.0,0.0,3.001741009785676,0.061664953751284696,3.0,0.47814600362197346,0.5293703687727808,61.4641968077,32.533247520331365,14.562213078995079,21.750626855529596,2024-12-17
2025-12-17,Durango,Tamazula,MX10034,27849,6962,1.3939384746514432,23.0,330.3648376903189,18.05040244302629,0.0317765004513717,0.5158882502256859,0.0,0.0,0.0,0,0.0,0.0,8.59451671507868,0.061664953751284696,3.0,0.5158882502256859,0.713155424943164,74.4228520746,44.73975600563385,20.866405294947178,30.41574557922185,2024-12-17
2025-12-17,Durango,Tepehuanes,MX10035,11878,2969,0.9102940304545039,9.0,303.1323678006063,35.025366757486246,0.04569912235560176,0.5228495611778009,0.0,0.0,0.0,0,0.0,0.0,1.1051066980516968,0.061664953751284696,3.0,0.5228495611778009,0.4932823427039312,58.9196357926,28.349651074360192,11.716253871808085,18.369612752828928,2024-12-17
2025-12-17,Durango,Tlahualilo,MX10036,22318,5580,1.247939971505505,9.0,161.29032258064515,31.00708625550704,0.1942326475314283,0.5971163237657141,0.0,0.0,0.0,0,0.0,0.0,0.0,0.061664953751284696,3.0,0.5971163237657141,0.11563632907396687,32.2918750512,20.22621629445076,8.853546698081527,13.40261453662922,2024-12-17
2025-12-17,Durango,Topia,MX10037,9868,2467,0.8297765756538128,3.0,121.60518848804216,5.89378091600608,0.2978249682304631,0.3195809685046613,0.0,0.0,0.0,0,0.0,0.0,0.0,0.061664953751284696,3.0,0.3195809685046613,0.7252761070157691,75.2774794521,24.09295119545522,8.571321324657905,14.779973272976832,2024-12-17
2025-12-17,Durango,Vicente Guerrero,MX10038,24680,6170,1.3122578455029361,8.0,129.65964343598054,3.1508746226061106,0.27167089385298854,0.21812080466696204,0.0,0.0,0.0,0,0.0,0.0,4.502611514678514,0.061664953751284696,3.0,0.21812080466696204,0.29215787178728275,44.7383811321,23.788971630079345,12.789668218679633,17.189389583239517,2024-12-17
2025-12-17,Durango,Nuevo Ideal,MX10039,29336,7334,1.4306949649077318,8.0,109.08099263703299,5.255626913149468,0.3461652068433159,0.3231882103290047,0.0,0.0,0.0,0,0.0,0.0,2.578582295453959,0.061664953751284696,3.0,0.3231882103290047,0.2758291991687759,43.5870490062,21.74210419145659,10.720622952789014,15.129215448256044,2024-12-17
2025-12-17,Guanajuato,Abasolo,MX11001,97670,24418,2.0,21.0,86.00212957654189,3.2229872456688073,0.4721204496796042,0.3206692270709604,4.095339503644852,4.095339503644852,4.095339503644852,1,1.0,0.0,0.0,1.0,58.0,0.3206692270709604,0.3352514674419326,47.7769037516,22.786727735659895,53.52428806206119,41.22926393150067,2024-12-17
2025-12-17,Guanajuato,Acámbaro,MX11002,113240,28310,2.0,43.0,151.88979159307664,0.5724895841399582,0.21387871425148589,0.10693935712574294,0.0,7.064641469445426,-7.064641469445426,0,2.0,2.0,11.557588507030488,1.0,58.0,0.10693935712574294,0.39387654065933464,51.9105483996,37.23229404980177,31.25265498880559,33.64451061320406,2024-12-17
2025-12-17,Guanajuato,San Miguel de Allende,MX11003,183470,45868,2.0,47.0,102.4679515130374,0.48041656637091346,0.3764569463838369,0.18822847319191846,0.0,2.1801691811284556,-2.1801691811284556,0,1.0,1.0,1.4974680302452918,1.0,58.0,0.18822847319191846,0.2741179972878745,43.466392432,18.36119612369098,24.157407504799462,21.838922952356064,2024-12-17
2025-12-17,Guanajuato,Apaseo el Alto,MX11004,66961,16740,2.0,20.0,119.47431302270012,2.840923370726874,0.3053341315101296,0.2249650386491148,0.0,11.947431302270012,0.0,0,2.0,0.0,4.644275175722976,1.0,58.0,0.2249650386491148,0.37730586615111406,50.7421527587,44.90664281244336,30.426731182901932,36.2186958347185,2024-12-17
2025-12-17,Guanajuato,Apaseo el Grande,MX11005,119090,29773,2.0,28.0,94.04494004635072,0.2390402965298107,0.4212080788394631,0.21060403941973155,6.7174957175964805,10.07624357639472,3.3587478587982402,2,3.0,1.0,1.4661251777676778,1.0,58.0,0.21060403941973155,0.24135065268221434,41.1559721421,30.756161492504607,54.20916351990622,44.82796270894558,2024-12-17
2025-12-17,Guanajuato,Atarjea,MX11006,5532,1383,0.6212804474327727,6.0,433.83947939262475,4.15100336749656,0.0,0.11451194372979463,0.0,0.0,0.0,0,0.0,0.0,0.0,1.0,58.0,0.11451194372979463,0.6330870497033656,68.7772435897,16.09709930596115,22.539578573274362,19.96258686634908,2024-12-17
2025-12-17,Guanajuato,Celaya,MX11007,545655,136414,2.0,121.0,88.7005732549445,1.0930456390249375,0.4540096406147352,0.2429819122075491,8.796751066606067,24.191065433166685,0.0,12,33.0,12.0,0.9596422453709257,1.0,58.0,0.2429819122075491,0.23200472486143514,40.4969922484,49.35970228398498,53.69590685115095,51.96142502428456,2024-12-17
2025-12-17,Guanajuato,Manuel Doblado,MX11008,43273,10818,1.7376011065139887,19.0,175.6332039193936,3.4410804859886275,0.16830986616167065,0.17579143112067322,0.0,0.0,0.0,0,0.0,0.0,2.637036928784116,1.0,58.0,0.17579143112067322,0.36899015394805795,50.1558132054,19.33144752468114,26.40638228458822,23.576408380625388,2024-12-17
2025-12-17,Guanajuato,Comonfort,MX11009,86578,21644,2.0,19.0,87.78414341156902,1.924441014078555,0.4600354702250761,0.2727844125357603,0.0,0.0,0.0,0,0.0,0.0,3.878561696050637,1.0,58.0,0.2727844125357603,0.3958715308829854,52.051214845,25.92284024244102,29.800688770649714,28.249549359366235,2024-12-17
2025-12-17,Guanajuato,Coroneo,MX11010,11659,2915,0.9019778558645424,3.0,102.91595197255575,3.0887238778364208,0.37428190344161244,0.26742366097141335,0.0,0.0,0.0,0,0.0,0.0,2.569043031470777,1.0,58.0,0.26742366097141335,0.40142660786600176,52.4429024452,22.55695912574357,27.553361730507724,25.554800688602064,2024-12-17
2025-12-17,Guanajuato,Cortazar,MX11011,102961,25740,2.0,30.0,116.55011655011656,2.9300794029447776,0.3160858880241974,0.2332137415833878,0.0,0.0,0.0,0,0.0,0.0,3.506025630625578,1.0,58.0,0.2332137415833878,0.22961847466854485,40.3287381244,20.467267136604306,27.865647536164563,24.90629537634046,2024-12-17
2025-12-17,Guanajuato,Cuerámaro,MX11012,32398,8099,1.503461444778803,11.0,135.81923694283245,0.5608993619513192,0.25376293576299885,0.12688146788149943,0.0,0.0,0.0,0,0.0,0.0,1.023834875911213,1.0,58.0,0.12688146788149943,0.3927380176537816,51.8302713224,14.253913043449257,23.21474013879933,19.6304093006593,2024-12-17
2025-12-17,Guanajuato,Doctor Mora,MX11013,29368,7342,1.4314750603664106,8.0,108.9621356578589,3.05003136625499,0.34667719524874774,0.25237453983824454,0.0,0.0,0.0,0,0.0,0.0,0.7335035061467594,1.0,58.0,0.25237453983824454,0.21596594427826848,39.3661003641,13.748042975312055,23.34664946251651,19.50720686763473,2024-12-17
2025-12-17,Guanajuato,Dolores Hidalgo Cuna de la Independencia Nacional,MX11014,171802,42951,2.0,44.0,102.44231799026798,0.4960865423667155,0.3765819725660144,0.1882909862830072,2.3282344997788176,2.3282344997788176,2.3282344997788176,1,1.0,0.0,1.14322567619456,1.0,58.0,0.1882909862830072,0.41014582253347087,53.0576928935,20.42017953119978,41.94202339768121,33.33328585108863,2024-12-17
2025-12-17,Guanajuato,Guanajuato,MX11015,203803,50951,2.0,52.0,102.05884084708838,1.1994966788193773,0.3784598601090142,0.20863713393288652,3.9253400325803223,3.9253400325803223,3.9253400325803223,2,2.0,0.0,1.5341191935567702,1.0,58.0,0.20863713393288652,0.13182730669658602,33.4334983247,18.973984120654375,53.59743715612949,39.74805594193944,2024-12-17
2025-12-17,Guanajuato,Huanímaro,MX11016,22519,5630,1.2535186312827296,9.0,159.85790408525756,0.17286388155936425,0.19707702756160492,0.09853851378080246,0.0,0.0,0.0,0,0.0,0.0,1.3651131678816173,1.0,58.0,0.09853851378080246,0.3585790944491698,49.4217310454,13.584682174312324,23.279987552218714,19.401865401056156,2024-12-17
2025-12-17,Guanajuato,Irapuato,MX11017,622020,155505,2.0,136.0,87.45699495193081,0.5767081591917037,0.46221716694806736,0.23110858347403368,0.0,4.501462975467027,-3.215330696762162,0,7.0,5.0,1.3367799227041957,1.0,58.0,0.23110858347403368,0.16125427605644127,35.5083892839,20.645940875956377,23.83637116013505,22.560199046463584,2024-12-17
2025-12-17,Guanajuato,Jaral del Progreso,MX11018,40748,10187,1.6861637523777289,14.0,137.430057916953,1.9950375172337425,0.24934454231612307,0.1697137399929891,0.0,0.0,0.0,0,0.0,0.0,3.554197613901878,1.0,58.0,0.1697137399929891,0.43729699218624724,54.972117575,22.837825780194642,28.223365665300452,26.069149711258135,2024-12-17
2025-12-17,Guanajuato,Jerécuaro,MX11019,51899,12975,1.9029627149824697,23.0,177.2639691714836,2.9397881759050004,0.16562807792360795,0.15829767686315252,7.707129094412331,15.414258188824663,0.0,1,2.0,1.0,0.0,1.0,58.0,0.15829767686315252,0.4898173261874251,58.6753180256,38.8658742263043,52.348658753294956,46.95554494249869,2024-12-17
2025-12-17,Guanajuato,León,MX11020,1803246,450812,2.0,312.0,69.20845052926718,1.0210182039470344,0.6165771343352555,0.3219447595416358,6.876480661561804,23.956771337054025,-1.5527536977720198,31,108.0,38.0,3.020370315461051,1.0,58.0,0.3219447595416358,0.30843783645092704,45.8862788678,58.47573548109707,58.504616940640574,58.493064356823176,2024-12-17
2025-12-17,Guanajuato,Moroleón,MX11021,50660,12665,1.880092396230701,25.0,197.39439399921042,4.1967936182250725,0.13617316235546179,0.1840739984004276,0.0,0.0,0.0,0,0.0,0.0,2.901360866759107,1.0,58.0,0.1840739984004276,0.3224920354169508,46.8772382159,19.319323001577832,26.71952305204054,23.759443031855458,2024-12-17
2025-12-17,Guanajuato,Ocampo,MX11022,27788,6947,1.3924360075658995,10.0,143.94702749388225,6.314831759655086,0.232478181417184,0.30047485959819836,0.0,0.0,0.0,0,0.0,0.0,1.9372097362026834,1.0,58.0,0.30047485959819836,0.38516341306266316,51.2961871497,21.62320789270829,26.80197794283108,24.73046992278196,2024-12-17
2025-12-17,Guanajuato,Pénjamo,MX11023,163293,40823,2.0,57.0,139.62717095754843,1.4316405662735239,0.24348233923287707,0.14862861540283065,0.0,2.449599490483306,0.0,0,1.0,0.0,0.7667916403362619,1.0,58.0,0.14862861540283065,0.38211124401095,51.0809791922,17.907843485763962,22.988623014496532,20.956311203003505,2024-12-17
2025-12-17,Guanajuato,Pueblo Nuevo,MX11024,13360,3340,0.9654945559919093,10.0,299.4011976047904,2.103358539766058,0.047803963577932526,0.07243381800401733,0.0,0.0,0.0,0,0.0,0.0,1.023834875911213,1.0,58.0,0.07243381800401733,0.27160123187834256,43.2889357007,10.197747831616013,21.955684411392344,17.252509779481812,2024-12-17
2025-12-17,Guanajuato,Purísima del Rincón,MX11025,89487,22372,2.0,18.0,80.45771500089397,1.246571302312247,0.5131445365148383,0.27749633124984624,4.469873055605221,4.469873055605221,4.469873055605221,1,1.0,0.0,2.6041184540944684,1.0,58.0,0.27749633124984624,0.26551434279147396,42.8597501131,27.282277340089646,57.05388795540113,45.145243709276535,2024-12-17
2025-12-17,Guanajuato,Romita,MX11026,69928,17482,2.0,18.0,102.96304770621211,1.4833692920218993,0.37405435303919826,0.215581447939156,0.0,5.720169317011783,-5.720169317011783,0,1.0,1.0,3.1891669546151613,1.0,58.0,0.215581447939156,0.3654800720093178,49.9083178826,30.878409113385008,27.798436536592035,29.030425567309226,2024-12-17
2025-12-17,Guanajuato,Salamanca,MX11027,286503,71626,2.0,67.0,93.54145142825232,5.216389615098515,0.42413836642428243,0.3609104687347782,0.0,6.9807053304665905,0.0,0,5.0,0.0,0.625357453235914,1.0,58.0,0.3609104687347782,0.18360171056331717,37.0841033594,27.097120655113553,24.30468364072354,25.421658446479544,2024-12-17
2025-12-17,Guanajuato,Salvatierra,MX11028,98044,24511,2.0,35.0,142.79303170005304,1.2369335915914197,0.2353526306076797,0.1382898277647761,12.239402717147403,12.239402717147403,12.239402717147403,3,3.0,0.0,8.861251499086418,1.0,58.0,0.1382898277647761,0.3804697623472934,50.9652385795,46.06940446251405,61.56182674491378,55.3648578319539,2024-12-17
2025-12-17,Guanajuato,San Diego de la Unión,MX11029,43667,10917,1.745533752928409,17.0,155.72043601722086,3.924159769438467,0.20558674334600413,0.20999586173866053,0.0,0.0,0.0,0,0.0,0.0,1.3155621310914638,1.0,58.0,0.20999586173866053,0.2200001437893621,39.6505511341,14.031343012191105,23.84092724930677,19.917093554460504,2024-12-17
2025-12-17,Guanajuato,San Felipe,MX11030,126094,31523,2.0,33.0,104.68546775370365,2.7219259420650066,0.3658728817523992,0.25140002656073035,0.0,0.0,0.0,0,0.0,0.0,1.9494951235915927,1.0,58.0,0.25140002656073035,0.3938405739342765,51.9080123915,20.355617024641546,26.27720635448955,23.90857062255035,2024-12-17
2025-12-17,Guanajuato,San Francisco del Rincón,MX11031,140940,35235,2.0,36.0,102.17113665389527,1.3330483360731393,0.3779084879800877,0.21266480779932587,11.352348517099475,14.190435646374343,11.352348517099475,4,5.0,0.0,2.8365884292917563,1.0,58.0,0.21266480779932587,0.3285375645571999,47.3035075202,42.52358307013499,56.98348940539494,51.199526871290956,2024-12-17
2025-12-17,Guanajuato,San José Iturbide,MX11032,94998,23749,2.0,23.0,96.84618299717883,0.18887366289586494,0.4054612553202275,0.20273062766011374,0.0,0.0,0.0,0,0.0,0.0,0.48900233743117294,1.0,58.0,0.20273062766011374,0.0014780207515613934,24.2425907719,7.349804507900871,21.265707811056657,15.69934648979434,2024-12-17
2025-12-17,Guanajuato,San Luis de la Paz,MX11033,136333,34083,2.0,41.0,120.29457500806853,8.81905751619949,0.30241205134254323,0.4161340525249316,2.9340140245870376,2.9340140245870376,2.9340140245870376,1,1.0,0.0,0.2910293124723522,1.0,58.0,0.4161340525249316,0.38284519460925803,51.1327299329,25.507197341153475,47.70672520880181,38.82691406174247,2024-12-17
2025-12-17,Guanajuato,Santa Catarina,MX11034,6096,1524,0.6521824072060272,4.0,262.4671916010499,1.451141628764639,0.07186741863322728,0.06344952687060453,0.0,0.0,0.0,0,0.0,0.0,0.0,1.0,58.0,0.06344952687060453,0.32679919350180453,47.1809352518,8.439469676154227,20.395390289956275,15.613022044435453,2024-12-17
2025-12-17,Guanajuato,Santa Cruz de Juventino Rosas,MX11035,86795,21699,2.0,18.0,82.9531314807134,3.371254420440267,0.4940018589117491,0.3363874614616524,0.0,4.608507304484077,0.0,0,1.0,0.0,1.7593502133212136,1.0,58.0,0.3363874614616524,0.5113355609064838,60.1925653551,32.04492336473576,27.5635214822223,29.35608223522769,2024-12-17
2025-12-17,Guanajuato,Santiago Maravatío,MX11036,7080,1770,0.7028509385414096,5.0,282.4858757062147,1.4703082268417933,0.058043731686568574,0.05715527790619406,56.49717514124294,56.49717514124294,56.49717514124294,1,1.0,0.0,8.885494034754695,1.0,58.0,0.05715527790619406,0.4227268971483557,53.9447824764,60.16919628015294,60.79949782061611,60.547377204430845,2024-12-17
2025-12-17,Guanajuato,Silao de la Victoria,MX11037,215449,53862,2.0,32.0,59.41108759422227,1.344370794949853,0.7385723203314536,0.39336156119868143,0.0,5.569789461958338,-3.713192974638892,0,3.0,2.0,2.7004551735355316,1.0,58.0,0.39336156119868143,0.2715238882005284,43.2834822102,32.85783021417369,28.63695732827959,30.325306482637227,2024-12-17
2025-12-17,Guanajuato,Tarandacuao,MX11038,11943,2986,0.9128964066575713,10.0,334.8961821835231,0.9802311068361252,0.029679574025646704,0.02718171969875123,0.0,0.0,0.0,0,0.0,0.0,2.569043031470777,1.0,58.0,0.02718171969875123,0.3782279319263894,50.8071674708,14.885727368771462,24.554465055537715,20.686969980831215,2024-12-17
2025-12-17,Guanajuato,Tarimoro,MX11039,37596,9399,1.6196359976001706,16.0,170.2308756250665,0.9547893133688217,0.17756102507955518,0.1003026486254322,0.0,0.0,0.0,0,0.0,0.0,4.790547146360966,1.0,58.0,0.1003026486254322,0.3660414097360029,49.947897717,22.461251618855364,29.12140147576676,26.4573415330022,2024-12-17
2025-12-17,Guanajuato,Tierra Blanca,MX11040,21266,5316,1.218061123180866,9.0,169.3002257336343,2.458362180436165,0.1792143209720954,0.14957807933023812,0.0,0.0,0.0,0,0.0,0.0,0.0,1.0,58.0,0.14957807933023812,0.4241850266878419,54.0475949598,12.971042913663982,21.915862085402065,18.33793441670683,2024-12-17
2025-12-17,Guanajuato,Uriangato,MX11041,65855,16464,2.0,20.0,121.47716229348882,1.7955585490130594,0.2982686915151707,0.18774811600343758,6.073858114674441,6.073858114674441,6.073858114674441,1,1.0,0.0,1.3828963380904968,1.0,58.0,0.18774811600343758,0.4423472041460874,55.3282072222,27.564691431170818,54.79936547279417,43.90549585614483,2024-12-17
2025-12-17,Guanajuato,Valle de Santiago,MX11042,157919,39480,2.0,35.0,88.65248226950355,5.251239948652291,0.4543227574907844,0.3771256269633475,0.0,2.5329280648429586,0.0,0,1.0,0.0,1.203365607000855,1.0,58.0,0.3771256269633475,0.32421864956044777,46.9989815063,24.841935922111826,26.178163019349864,25.643672180454647,2024-12-17
2025-12-17,Guanajuato,Victoria,MX11043,22366,5591,1.2491694142546677,12.0,214.63065641209087,2.342655133283756,0.1153437673944779,0.11391443944449964,0.0,0.0,0.0,0,0.0,0.0,0.3667517530733797,1.0,58.0,0.11391443944449964,0.36153314662802116,49.6300207977,11.576840063195085,21.793801638007217,17.707017008082364,2024-12-17
2025-12-17,Guanajuato,Villagrán,MX11044,70336,17584,2.0,16.0,90.99181073703366,2.784106142809858,0.43947509373326216,0.2902047301843416,0.0,0.0,0.0,0,0.0,0.0,2.1991877666515167,1.0,58.0,0.2902047301843416,0.1818116922853741,36.9578894535,17.911489764019077,26.104257898826532,22.827150644903547,2024-12-17
2025-12-17,Guanajuato,Xichú,MX11045,11702,2925,0.9035236630926444,13.0,444.44444444444446,4.3944062078019,0.0,0.12235497654254082,0.0,0.0,0.0,0,0.0,0.0,0.0,1.0,58.0,0.12235497654254082,0.5281677550733078,61.3794007058,14.23400439774238,22.109098493877028,18.959060855423168,2024-12-17
2025-12-17,Guanajuato,Yuriria,MX11046,72314,18078,2.0,27.0,149.35280451377363,1.562430585960677,0.2196045174006043,0.14090407772366734,5.531585352361987,11.063170704723975,0.0,1,2.0,1.0,7.481043597306479,1.0,58.0,0.14090407772366734,0.4882365864071761,58.5638603135,46.44731103638188,62.13203186471989,55.8581435333847,2024-12-17
2025-12-17,Guerrero,Acapulco de Juárez,MX12001,803277,200819,2.0,292.0,145.40456829284082,3.3512399584853867,0.2289128484596325,0.20319804148585385,5.975530203815376,27.38784676748714,-4.4816476528615325,12,55.0,21.0,0.33633795237454595,0.5344295991778008,26.0,0.20319804148585385,0.39707386538597383,52.1359912608,49.88914409933706,44.61129564132184,46.72243502452793,2024-12-17
2025-12-17,Guerrero,Ahuacuotzingo,MX12002,26621,6655,1.3628580564586117,16.0,240.42073628850488,3.0350732123580224,0.0897550135480009,0.12343146080858425,0.0,0.0,0.0,0,0.0,0.0,0.0,0.5344295991778008,26.0,0.12343146080858425,0.9791735494662074,93.1797479957,23.286414813581676,15.996778062234462,18.912632762773345,2024-12-17
2025-12-17,Guerrero,Ajuchitlán del Progreso,MX12003,39612,9903,1.6624936127875223,16.0,161.56720185802283,20.883172056551786,0.19368865985065695,0.5968443299253284,0.0,0.0,0.0,0,0.0,0.0,0.0,0.5344295991778008,26.0,0.5968443299253284,0.5751782346194304,64.6941021895,29.40889459014846,19.657755917401506,23.55821138650029,2024-12-17
2025-12-17,Guerrero,Alcozauca de Guerrero,MX12004,22516,5629,1.253407301416061,13.0,230.94688221709006,1.026801683034156,0.09849081571568108,0.06308795802535348,0.0,0.0,0.0,0,0.0,0.0,0.0,0.5344295991778008,26.0,0.06308795802535348,1.0,94.7715614363,21.892638740760606,15.376788281504655,17.983128465207038,2024-12-17
2025-12-17,Guerrero,Alpoyeca,MX12005,8260,2065,0.7591657803865791,4.0,193.7046004842615,2.820944314290111,0.14111385046787864,0.14221112423034427,0.0,0.0,0.0,0,0.0,0.0,0.0,0.5344295991778008,26.0,0.14221112423034427,0.6579437806099828,70.5298877578,17.425209339109987,14.61598517901446,15.73967484305267,2024-12-17
2025-12-17,Guerrero,Apaxtla,MX12006,11630,2908,0.9008942126360618,5.0,171.939477303989,7.114396393606689,0.17457229276284703,0.29728583672785036,0.0,0.0,0.0,0,0.0,0.0,1.4144271570014144,0.5344295991778008,26.0,0.29728583672785036,0.7671656703150931,78.2311059405,27.843713679941022,19.410874625379186,22.78401024720392,2024-12-17
2025-12-17,Guerrero,Arcelia,MX12007,35109,8777,1.565127221910322,16.0,182.29463370172041,3.0179248617889636,0.15765747581839382,0.1568301302890815,0.0,0.0,0.0,0,0.0,0.0,0.884016973125884,0.5344295991778008,26.0,0.1568301302890815,0.5643137013981943,63.928045669,18.229818669013614,15.815690010578551,16.781341473952576,2024-12-17
2025-12-17,Guerrero,Atenango del Río,MX12008,9658,2415,0.8209848887478566,7.0,289.8550724637681,6.604364090042915,0.05343583603768236,0.22028312433298192,0.0,0.0,0.0,0,0.0,0.0,0.0,0.5344295991778008,26.0,0.22028312433298192,0.7054187982629168,73.87734375,20.71686969524779,15.79022426851078,17.760882439205584,2024-12-17
2025-12-17,Guerrero,Atlamajalcingo del Monte,MX12009,6507,1627,0.673861077999084,6.0,368.77688998156117,0.7788127859629597,0.015634025436634204,0.013668756145505192,0.0,0.0,0.0,0,0.0,0.0,0.0,0.5344295991778008,26.0,0.013668756145505192,1.0,95.3024986709,20.41006268436516,14.783757858946474,17.03427978911395,2024-12-17
2025-12-17,Guerrero,Atlixtac,MX12010,30368,7592,1.4556423945838661,14.0,184.40463645943098,4.998913819133394,0.1544438343092996,0.21905560243074557,0.0,26.343519494204426,-26.343519494204426,0,2.0,2.0,0.0,0.5344295991778008,26.0,0.21905560243074557,1.0,96.3142236158,61.57166807292236,17.24840001436936,34.977707237790554,2024-12-17
2025-12-17,Guerrero,Atoyac de Álvarez,MX12011,63371,15843,2.0,34.0,214.6058196048728,4.132174807150929,0.11537137461241788,0.17159092892676647,0.0,18.93580761219466,-12.623871741463107,0,3.0,2.0,0.0,0.5344295991778008,26.0,0.17159092892676647,0.4074961409006396,52.8708642603,43.174544382244434,13.716304636824809,25.499600534992663,2024-12-17
2025-12-17,Guerrero,Ayutla de los Libres,MX12012,73140,18285,2.0,22.0,120.31719989062073,3.1211757202129142,0.30233201767827944,0.23249439555297452,10.937927262783703,21.875854525567405,10.937927262783703,2,4.0,0.0,0.0,0.5344295991778008,26.0,0.23249439555297452,0.7335921565958401,75.8638427938,56.162371057754534,46.077626314815305,50.111524211991,2024-12-17
2025-12-17,Guerrero,Azoyú,MX12013,16092,4023,1.0596235752037355,7.0,173.99950285856326,5.656156778459807,0.17104688688544517,0.24853509890797873,0.0,0.0,0.0,0,0.0,0.0,0.0,0.5344295991778008,26.0,0.24853509890797873,0.45943452653753303,56.5330316237,16.64474349799002,14.899326604783825,15.597493362066306,2024-12-17
2025-12-17,Guerrero,Benito Juárez,MX12014,16095,4024,1.0597552627174738,9.0,223.65805168986083,4.928537505246477,0.10571554099232984,0.19242375939549372,0.0,0.0,0.0,0,0.0,0.0,0.0,0.5344295991778008,26.0,0.19242375939549372,0.044036978606052914,27.2434161646,6.65345235398587,12.149002790976603,9.950782616180309,2024-12-17
2025-12-17,Guerrero,Buenavista de Cuéllar,MX12015,13620,3405,0.9748440696282205,6.0,176.21145374449338,0.6606503166435073,0.1673532562462586,0.08572088876603681,0.0,0.0,0.0,0,0.0,0.0,2.2427810485001403,0.5344295991778008,26.0,0.08572088876603681,0.4018587986119866,52.4733761464,16.28831011257476,16.44401576168874,16.381733502043147,2024-12-17
2025-12-17,Guerrero,Coahuayutla de José María Izazaga,MX12016,13017,3254,0.9529834756616588,7.0,215.119852489244,4.000818224482745,0.11480130348872276,0.16707326408769116,0.0,0.0,0.0,0,0.0,0.0,0.0,0.5344295991778008,26.0,0.16707326408769116,0.6001907220657485,66.4577287266,17.016012363945705,14.62556556458145,15.58174428432715,2024-12-17
2025-12-17,Guerrero,Cocula,MX12017,16464,4116,1.0718012987500214,8.0,194.3634596695821,4.895884140043398,0.14021787075837303,0.20862275325860008,0.0,0.0,0.0,0,0.0,0.0,1.4144271570014144,0.5344295991778008,26.0,0.20862275325860008,0.459537163355286,56.5402685295,19.031251036667374,16.808775088949147,17.697765468036437,2024-12-17
2025-12-17,Guerrero,Copala,MX12018,15312,3828,1.0336239421615856,6.0,156.73981191222572,3.2096068970459477,0.20344843882920066,0.18590207419832777,0.0,0.0,0.0,0,0.0,0.0,0.0,0.5344295991778008,26.0,0.18590207419832777,0.6007951852840683,66.5003493326,17.5929659316312,14.85453360200069,15.949906533852893,2024-12-17
2025-12-17,Guerrero,Copalillo,MX12019,16468,4117,1.071931490223171,8.0,194.31624969638085,6.407976090263065,0.14028186930905204,0.2573780409170374,0.0,0.0,0.0,0,0.0,0.0,0.0,0.5344295991778008,26.0,0.2573780409170374,0.9935087760625104,94.1905225576,27.591516748761336,17.675813156517414,21.642094593414985,2024-12-17
2025-12-17,Guerrero,Copanatoyac,MX12020,22939,5735,1.2651537497891858,15.0,261.5518744551003,2.038724876453277,0.07255006984046967,0.08272421695781527,0.0,0.0,0.0,0,0.0,0.0,0.0,0.5344295991778008,26.0,0.08272421695781527,1.0,95.3424476087,22.48172650873446,15.612423388694197,18.360144636710302,2024-12-17
2025-12-17,Guerrero,Coyuca de Benítez,MX12021,76713,19178,2.0,34.0,177.28647408488894,4.752764097995958,0.16559141379227268,0.21669784816351223,0.0,31.285848367921577,-26.071540306601314,0,6.0,5.0,1.4641764026627122,0.5344295991778008,26.0,0.21669784816351223,0.5872046758667208,65.5420846613,56.95283665601766,17.628002138348087,33.35793594541592,2024-12-17
2025-12-17,Guerrero,Coyuca de Catalán,MX12022,39042,9761,1.6505312535431405,21.0,215.14189119967216,18.278463278714195,0.11477692308846414,0.557388461544232,0.0,0.0,0.0,0,0.0,0.0,0.9498299804335024,0.5344295991778008,26.0,0.557388461544232,0.5598192859740638,63.6111451477,30.323341893333534,20.71102563861838,24.55595214050444,2024-12-17
2025-12-17,Guerrero,Cuajinicuilapa,MX12023,27865,6966,1.39433885911314,15.0,215.33161068044788,5.231123524468851,0.1145672516462397,0.20659967381979621,0.0,57.421762848119435,-28.710881424059718,0,4.0,2.0,0.6957973838018369,0.5344295991778008,26.0,0.20659967381979621,0.5455160197699142,62.602624108,53.87031339072219,16.001177490374218,31.14883185051341,2024-12-17
2025-12-17,Guerrero,Cualác,MX12024,8254,2064,0.7589819407470302,8.0,387.5968992248062,1.3902975808951339,0.008892844765115484,0.030001696405905377,0.0,0.0,0.0,0,0.0,0.0,0.0,0.5344295991778008,26.0,0.030001696405905377,0.8235196621482872,82.204616999,17.370444135142908,14.097351452812715,15.406588525744791,2024-12-17
2025-12-17,Guerrero,Cuautepec,MX12025,17978,4495,1.1200604026613137,6.0,133.48164627363738,3.561957079263503,0.2603644832330362,0.22571367813019852,0.0,0.0,0.0,0,0.0,0.0,2.7344818156959256,0.5344295991778008,26.0,0.22571367813019852,0.7385298360201025,76.2119977897,28.466673174412417,20.637390176266248,23.769103375524715,2024-12-17
2025-12-17,Guerrero,Cuetzala del Progreso,MX12026,8594,2148,0.7742723214000978,6.0,279.3296089385475,2.035872937425539,0.06009168530829579,0.07640312826461006,0.0,0.0,0.0,0,0.0,0.0,1.4144271570014144,0.5344295991778008,26.0,0.07640312826461006,0.778835703765995,79.0539581549,21.450633095061853,16.818632291074813,18.67143261266963,2024-12-17
2025-12-17,Guerrero,Cutzamala de Pinzón,MX12027,21560,5390,1.2265096753847675,17.0,315.3988868274583,2.138248917403984,0.039130277650617246,0.06922122805367735,0.0,0.0,0.0,0,0.0,0.0,0.0,0.5344295991778008,26.0,0.06922122805367735,0.45685401323019775,56.3510800382,11.213717106214276,12.73465758799553,12.126281395283028,2024-12-17
2025-12-17,Guerrero,Chilapa de Álvarez,MX12028,130491,32623,2.0,48.0,147.1354565797137,1.501727606911968,0.2247706226304127,0.14153113238919174,0.0,0.0,0.0,0,0.0,0.0,0.0,0.5344295991778008,26.0,0.14153113238919174,0.7247923157655373,75.2433674075,18.741780286986497,14.942067952698402,16.461952886413638,2024-12-17
2025-12-17,Guerrero,Chilpancingo de los Bravo,MX12029,297318,74330,2.0,90.0,121.08166285483654,4.443694452013541,0.2996453714497762,0.2737658496367694,1.3453518094981838,14.798869904480021,-8.072110856989104,1,11.0,7.0,2.539055970817424,0.5344295991778008,26.0,0.2737658496367694,0.44490508316783345,55.5085628678,46.8904950739051,29.644795421178056,36.54307528226888,2024-12-17
2025-12-17,Guerrero,Florencio Villarreal,MX12030,23365,5841,1.276792135771592,6.0,102.7221366204417,2.52749595551044,0.3752205488515708,0.2498088520174923,0.0,0.0,0.0,0,0.0,0.0,2.1875854525567404,0.5344295991778008,26.0,0.2498088520174923,0.42735070677682946,54.2708065626,21.581012584144887,18.447347802016818,19.700813714868048,2024-12-17
2025-12-17,Guerrero,General Canuto A. Neri,MX12031,6657,1664,0.681480223077673,4.0,240.3846153846154,4.150955343842027,0.08978701282334037,0.15940390270225738,0.0,0.0,0.0,0,0.0,0.0,2.3573785950023574,0.5344295991778008,26.0,0.15940390270225738,0.8475565338553176,83.8994530245,27.702956377846828,19.75016803335259,22.931283371150286,2024-12-17
2025-12-17,Guerrero,General Heliodoro Castillo,MX12032,39531,9883,1.6608139865627942,23.0,232.72285743195386,3.4780158680713984,0.09679902794121074,0.1412261600517031,0.0,0.0,0.0,0,0.0,0.0,1.9602836715277747,0.5344295991778008,26.0,0.1412261600517031,0.9988994004843503,94.5706146337,29.178897944015684,19.61836046342766,23.442575455662872,2024-12-17
2025-12-17,Guerrero,Huamuxtitlán,MX12033,18334,4584,1.1310945254774991,12.0,261.78010471204186,1.6793248741546856,0.07237940703865911,0.07105814143990283,0.0,21.81500872600349,-21.81500872600349,0,1.0,1.0,0.0,0.5344295991778008,26.0,0.07105814143990283,0.7059093499892282,73.9119324747,50.66962487536378,14.00197723242539,28.669036289600747,2024-12-17
2025-12-17,Guerrero,Huitzuco de los Figueroa,MX12034,38111,9528,1.6307127625278028,21.0,220.4030226700252,5.002843192742843,0.10909628982819695,0.19650844418579838,0.0,0.0,0.0,0,0.0,0.0,1.2459894713889668,0.5344295991778008,26.0,0.19650844418579838,0.5682921954759711,64.2085686577,20.416379166956666,16.92281638071871,18.320241495213896,2024-12-17
2025-12-17,Guerrero,Iguala de la Independencia,MX12035,161262,40315,2.0,37.0,91.77725412377526,2.9346052283060104,0.43465963521730894,0.2926464483048503,0.0,4.960932655339204,-4.960932655339204,0,2.0,2.0,1.1786892975011787,0.5344295991778008,26.0,0.2926464483048503,0.4301077775455391,54.4652071868,28.193756682624393,17.271931925810566,21.640661828536096,2024-12-17
2025-12-17,Guerrero,Igualapa,MX12036,12605,3151,0.9377796354747399,6.0,190.4157410345922,2.1750214510839956,0.14567908041631225,0.12368053010530237,0.0,0.0,0.0,0,0.0,0.0,1.113275814082939,0.5344295991778008,26.0,0.12368053010530237,0.7363946119067727,76.0614434749,21.257512590462554,16.66534183877659,18.502210139450977,2024-12-17
2025-12-17,Guerrero,Ixcateopan de Cuauhtémoc,MX12037,6455,1614,0.6711635478437639,4.0,247.83147459727385,5.715924012916229,0.08338715775544286,0.2066310803207023,0.0,0.0,0.0,0,0.0,0.0,2.3573785950023574,0.5344295991778008,26.0,0.2066310803207023,0.7015602212373393,73.6052760937,26.19984545404061,19.58691260168404,22.232085742626666,2024-12-17
2025-12-17,Guerrero,Zihuatanejo de Azueta,MX12038,129983,32496,2.0,41.0,126.16937469226981,7.106086139651166,0.28259435379570735,0.3510290906054637,0.0,0.0,0.0,0,0.0,0.0,2.1371174559753805,0.5344295991778008,26.0,0.3510290906054637,0.3080967293199472,45.8622274579,22.104737541494774,18.980519010353657,20.230206422810106,2024-12-17
2025-12-17,Guerrero,Juan R. Escudero,MX12039,27322,6830,1.3806606515633477,10.0,146.41288433382138,6.260600035831623,0.22648791707363186,0.2957322490941825,0.0,0.0,0.0,0,0.0,0.0,1.2201470022189267,0.5344295991778008,26.0,0.2957322490941825,0.7126094796790016,74.3843575603,26.213996811220408,18.791460335935543,21.76047492604949,2024-12-17
2025-12-17,Guerrero,Leonardo Bravo,MX12040,27898,6975,1.39523930406273,8.0,114.69534050179212,4.040873975539748,0.3231897271495637,0.2725581698536679,14.336917562724015,14.336917562724015,14.336917562724015,1,1.0,0.0,0.4484506031660612,0.5344295991778008,26.0,0.2725581698536679,0.9049008909006527,87.9427945776,50.0311676732403,48.17202465309611,48.91568186115378,2024-12-17
2025-12-17,Guerrero,Malinaltepec,MX12041,31697,7924,1.4871296390077036,20.0,252.39777889954567,2.348435716083307,0.0796496423957907,0.09625364141321566,0.0,0.0,0.0,0,0.0,0.0,0.0,0.5344295991778008,26.0,0.09625364141321566,0.9127736338553367,88.4979004392,21.143081919503203,15.338644651435684,17.660419558662692,2024-12-17
2025-12-17,Guerrero,Mártir de Cuilapan,MX12042,19652,4913,1.1709813494163746,12.0,244.24994911459393,3.972107286618227,0.08641642248758104,0.15195568718577984,0.0,0.0,0.0,0,0.0,0.0,0.0,0.5344295991778008,26.0,0.15195568718577984,0.8709653089284161,85.5500020556,21.977976794141718,15.798027576071853,18.2700072632998,2024-12-17
2025-12-17,Guerrero,Metlatónoc,MX12043,21056,5264,1.212089073398979,13.0,246.96048632218844,7.237847266450997,0.08411575664009581,0.2560354567028898,0.0,0.0,0.0,0,0.0,0.0,0.0,0.5344295991778008,26.0,0.2560354567028898,1.0,97.7173591723,27.681063701086693,17.69215826563509,21.68772043981573,2024-12-17
2025-12-17,Guerrero,Mochitlán,MX12044,13161,3290,0.9582405497359456,4.0,121.580547112462,6.901596164981838,0.29791029963136845,0.3520978980920395,0.0,0.0,0.0,0,0.0,0.0,0.2690703618996368,0.5344295991778008,26.0,0.3520978980920395,0.6370520470156779,69.0568149236,23.985358320708315,17.48442142247233,20.084796181766723,2024-12-17
2025-12-17,Guerrero,Olinalá,MX12045,30047,7512,1.4479527349064352,15.0,199.68051118210863,7.137494769422233,0.13320362960395732,0.27734579111982305,0.0,26.624068157614484,0.0,0,2.0,0.0,0.0,0.5344295991778008,26.0,0.27734579111982305,0.9153090693918075,88.6766735982,61.62655512143084,17.524427625597326,35.16527862393073,2024-12-17
2025-12-17,Guerrero,Ometepec,MX12046,71861,17965,2.0,24.0,133.59309768995269,5.360047668054054,0.2600444904796413,0.283492543397364,5.566379070414695,5.566379070414695,5.566379070414695,1,1.0,0.0,0.0,0.5344295991778008,26.0,0.283492543397364,0.6247086820301422,68.1864862091,29.78157591585189,46.14518671611949,39.59974239601245,2024-12-17
2025-12-17,Guerrero,Pedro Ascencio Alquisiras,MX12047,7549,1887,0.725709061676423,5.0,264.9708532061473,4.1463651485048185,0.0700242603736728,0.14937461919498812,0.0,0.0,0.0,0,0.0,0.0,1.1786892975011787,0.5344295991778008,26.0,0.14937461919498812,0.928185847339981,89.5846131764,26.02980983248564,18.043060325464428,21.23776012827291,2024-12-17
2025-12-17,Guerrero,Petatlán,MX12048,46790,11698,1.8068928710949443,20.0,170.96939647803043,15.620968349724471,0.17626185450077198,0.5722331009208514,8.548469823901522,25.645409471704564,8.548469823901522,1,3.0,0.0,0.0,0.5344295991778008,26.0,0.5722331009208514,0.4372728737021817,54.9704169845,60.91245050166918,48.67289436476154,53.568716819524596,2024-12-17
2025-12-17,Guerrero,Pilcaya,MX12049,13535,3384,0.9718332931952726,5.0,147.75413711583926,3.909698171980408,0.2233135889599547,0.21839329662517437,0.0,0.0,0.0,0,0.0,0.0,0.0,0.5344295991778008,26.0,0.21839329662517437,0.5390132419704776,62.144114273,17.332063738164784,14.935518554554895,15.89413662799885,2024-12-17
2025-12-17,Guerrero,Pungarabato,MX12050,40376,10094,1.6784493727717427,14.0,138.69625520110958,3.1226402280455643,0.2459434764800404,0.20434731496598302,0.0,0.0,0.0,0,0.0,0.0,0.0,0.5344295991778008,26.0,0.20434731496598302,0.40462684742969446,52.6685508311,14.22295639757338,14.095034801940681,14.14620344019376,2024-12-17
2025-12-17,Guerrero,Quechultenango,MX12051,38102,9526,1.6305416040111909,16.0,167.96136888515642,2.204664758170149,0.1816249330476701,0.14260863603130697,0.0,0.0,0.0,0,0.0,0.0,1.822987877130617,0.5344295991778008,26.0,0.14260863603130697,0.9932347379756231,94.1712001754,28.759397913854613,19.374839489722838,23.12866285937555,2024-12-17
2025-12-17,Guerrero,San Luis Acatlán,MX12052,48710,12177,1.8435153110850087,14.0,114.97084667816375,1.4324808339168884,0.3221200370882151,0.18797453980213397,0.0,0.0,0.0,0,0.0,0.0,0.9943570238894275,0.5344295991778008,26.0,0.18797453980213397,0.8777127031405159,86.0257597552,25.711550660548667,17.942697714311485,21.05023889280636,2024-12-17
2025-12-17,Guerrero,San Marcos,MX12053,52578,13144,1.9153157110397294,25.0,190.2008520998174,2.23807326538678,0.14598286020353513,0.12586410314550142,0.0,0.0,0.0,0,0.0,0.0,1.493882550953844,0.5344295991778008,26.0,0.12586410314550142,0.515424159748123,60.4808518133,17.867440359507885,16.229245535140635,16.884523464887536,2024-12-17
2025-12-17,Guerrero,San Miguel Totolapan,MX12054,25450,6363,1.3326237762182644,14.0,220.02200220022002,7.612070823417382,0.10949856643246483,0.28078525678011673,0.0,0.0,0.0,0,0.0,0.0,0.0,0.5344295991778008,26.0,0.28078525678011673,0.8530408034593843,84.2861480076,25.48437377259119,17.254359883858736,20.546365439351717,2024-12-17
2025-12-17,Guerrero,Taxco de Alarcón,MX12055,110264,27566,2.0,41.0,148.7339476166292,3.4376203776783987,0.22103086992305382,0.20204043987754283,0.0,3.627657258942175,-3.627657258942175,0,1.0,1.0,0.7857928650007857,0.5344295991778008,26.0,0.20204043987754283,0.7209934933739557,74.975513041,28.19469904777621,16.97578744608354,21.463352086760608,2024-12-17
2025-12-17,Guerrero,Tecoanapa,MX12056,48351,12088,1.8367659573961816,23.0,190.27134348113833,2.937281245176936,0.14588313376630319,0.1483444253657603,0.0,8.272667107875579,-8.272667107875579,0,1.0,1.0,2.1875854525567404,0.5344295991778008,26.0,0.1483444253657603,0.8302003237402511,82.6756693921,39.64667599636629,19.244022767013146,27.405084058754404,2024-12-17
2025-12-17,Guerrero,Técpan de Galeana,MX12057,68127,17032,2.0,29.0,170.26773132926257,7.857643740161854,0.17749592310558862,0.32269689308188776,0.0,35.227806481916396,-35.227806481916396,0,6.0,6.0,1.4247449706502535,0.5344295991778008,26.0,0.32269689308188776,0.1939553503717491,37.8141368661,52.16796729117955,16.867174581567106,30.987491665412087,2024-12-17
2025-12-17,Guerrero,Teloloapan,MX12058,56559,14140,1.986558234704338,27.0,190.94766619519095,4.666465772441168,0.14493006034169909,0.20358642903537505,7.072135785007072,35.36067892503536,7.072135785007072,1,5.0,0.0,0.0,0.5344295991778008,26.0,0.20358642903537505,0.5641484701641623,63.9163952408,52.3905622743445,44.88351228444572,47.88633228040523,2024-12-17
2025-12-17,Guerrero,Tepecoacuilco de Trujano,MX12059,32262,8066,1.5003953335210691,14.0,173.56806347632036,8.984625789716116,0.17177829889320487,0.3561521896481413,0.0,0.0,0.0,0,0.0,0.0,0.0,0.5344295991778008,26.0,0.3561521896481413,0.7223844046164266,75.0735859729,25.132253781772775,17.505481084060243,20.556190163145256,2024-12-17
2025-12-17,Guerrero,Tetipac,MX12060,14330,3583,1.0,6.0,167.4574379012001,2.5133132381644323,0.1825422456074021,0.15301269867193135,0.0,0.0,0.0,0,0.0,0.0,0.0,0.5344295991778008,26.0,0.15301269867193135,0.7818302474694373,79.2651029582,20.226985909546684,15.365036406610777,17.30981620778514,2024-12-17
2025-12-17,Guerrero,Tixtla de Guerrero,MX12061,45274,11318,1.7773028639700958,10.0,88.3548330093656,5.165775696846366,0.4562683134314252,0.3753445384200734,0.0,8.835483300936561,0.0,0,1.0,0.0,0.2242253015830306,0.5344295991778008,26.0,0.3753445384200734,0.4782598660437141,57.8604033373,35.333965066672015,16.893711264034074,24.26981278508925,2024-12-17
2025-12-17,Guerrero,Tlacoachistlahuaca,MX12062,24289,6072,1.3017946349406058,10.0,164.69038208168644,1.1035403074232235,0.1876791959419012,0.11015485366783798,0.0,0.0,0.0,0,0.0,0.0,0.6184865633794105,0.5344295991778008,26.0,0.11015485366783798,0.8363996364970442,83.1127819549,21.598863033958263,16.16773900768785,18.340188618196013,2024-12-17
2025-12-17,Guerrero,Tlacoapa,MX12063,10768,2692,0.8667904618284155,7.0,260.0297176820208,1.5307931775216237,0.07369594865262658,0.06693035893311015,0.0,0.0,0.0,0,0.0,0.0,0.0,0.5344295991778008,26.0,0.06693035893311015,0.9629438654073833,92.0353955375,21.266788076140973,15.237616419434652,17.64928508211718,2024-12-17
2025-12-17,Guerrero,Tlalchapa,MX12064,12212,3053,0.9230813957540652,7.0,229.28267278087128,2.7565611244517534,0.10009992213275244,0.11962957675118938,0.0,0.0,0.0,0,0.0,0.0,0.0,0.5344295991778008,26.0,0.11962957675118938,0.31836454214407484,46.5862093175,9.956178145417176,12.647110416935062,11.570737508327907,2024-12-17
2025-12-17,Guerrero,Tlalixtaquilla de Maldonado,MX12065,7981,1995,0.7461876312439724,8.0,401.0025062656642,1.1304255943998514,0.004476944768266161,0.019420037560701438,0.0,0.0,0.0,0,0.0,0.0,0.0,0.5344295991778008,26.0,0.019420037560701438,0.7619591906074853,77.8639978791,15.821784938970747,13.662569188966255,14.526255488968054,2024-12-17
2025-12-17,Guerrero,Tlapa de Comonfort,MX12066,101827,25457,2.0,25.0,98.20481596417488,3.6449597911808045,0.3981473896468069,0.29727968103542624,0.0,0.0,0.0,0,0.0,0.0,0.0,0.5344295991778008,26.0,0.29727968103542624,0.6755348116498673,71.7702285765,22.429086664060133,16.564763015874863,18.91049247514897,2024-12-17
2025-12-17,Guerrero,Tlapehuala,MX12067,23344,5836,1.2762455403718387,10.0,171.35023989033584,1.0103009814443977,0.17559626957371063,0.10110899212843631,0.0,0.0,0.0,0,0.0,0.0,0.0,0.5344295991778008,26.0,0.10110899212843631,0.629898538190352,68.5524221468,15.631240527660129,13.98253338169341,14.642016240080096,2024-12-17
2025-12-17,Guerrero,La Unión de Isidoro Montes de Oca,MX12068,27517,6879,1.3856043899819528,15.0,218.05494984736154,3.5469897049003665,0.1115977188947352,0.15084801067586617,0.0,0.0,0.0,0,0.0,0.0,0.0,0.5344295991778008,26.0,0.15084801067586617,0.27464342868674374,43.5034405169,10.018308894010861,12.803126056744526,11.68919919165106,2024-12-17
2025-12-17,Guerrero,Xalpatláhuac,MX12069,12984,3246,0.9518112938211505,12.0,369.68576709796673,2.123068063535131,0.01529269983301301,0.05681327502965966,0.0,30.807147258163894,0.0,0,1.0,0.0,0.0,0.5344295991778008,26.0,0.05681327502965966,0.9796273826943959,93.2117477049,56.29694590477771,15.199628999028308,31.638555761328067,2024-12-17
2025-12-17,Guerrero,Xochihuehuetlán,MX12070,8274,2068,0.7597170323873684,4.0,193.42359767891682,2.542126822912108,0.14149784177195254,0.13341894068832572,0.0,0.0,0.0,0,0.0,0.0,0.0,0.5344295991778008,26.0,0.13341894068832572,0.716389142112735,74.6508609612,18.33035106290447,14.802705784023996,16.213763895576186,2024-12-17
2025-12-17,Guerrero,Xochistlahuaca,MX12071,31429,7857,1.4808292100428786,10.0,127.27504136438844,3.1126399936028246,0.27906912631147807,0.22058790795223393,0.0,0.0,0.0,0,0.0,0.0,0.6957973838018369,0.5344295991778008,26.0,0.22058790795223393,0.8983701040156072,87.4823098264,26.34704209960918,17.933306721191936,21.298800872558836,2024-12-17
2025-12-17,Guerrero,Zapotitlán Tablas,MX12072,13557,3389,0.9725509901346794,8.0,236.0578341693715,1.9874851807732223,0.09369092441475792,0.09164357635261411,0.0,0.0,0.0,0,0.0,0.0,0.0,0.5344295991778008,26.0,0.09164357635261411,0.9535046437269631,91.3698375085,21.819400165117685,15.486978920066596,18.019947418087032,2024-12-17
2025-12-17,Guerrero,Zirándaro,MX12073,17773,4443,1.1135628979354453,10.0,225.07314877335133,6.942241167898667,0.10427628469706042,0.25659057169167565,0.0,0.0,0.0,0,0.0,0.0,0.0,0.5344295991778008,26.0,0.25659057169167565,0.6716330294586714,71.4951145308,21.1303777399237,16.056984792793877,18.0863419716458,2024-12-17
2025-12-17,Guerrero,Zitlala,MX12074,23357,5839,1.2765735256962336,8.0,137.00976194553863,1.6638465527078565,0.25048737357824763,0.15961337546403742,0.0,0.0,0.0,0,0.0,0.0,0.0,0.5344295991778008,26.0,0.15961337546403742,0.9233457221607415,89.2433367149,23.255315707135953,16.15182190157257,18.993219423797925,2024-12-17
2025-12-17,Guerrero,Eduardo Neri,MX12075,55899,13975,1.9749336253273895,19.0,135.95706618962433,3.7700181963711237,0.25338078173789186,0.22892606372795665,0.0,0.0,0.0,0,0.0,0.0,1.9602836715277747,0.5344295991778008,26.0,0.22892606372795665,0.5878429743388628,65.5870909857,23.58876653139354,18.615477176815265,20.604792918646574,2024-12-17
2025-12-17,Guerrero,Acatepec,MX12076,43190,10797,1.735913763708352,16.0,148.1893118458831,5.252203854084716,0.22229601200415894,0.26114331360260157,0.0,0.0,0.0,0,0.0,0.0,1.5625610375405288,0.5344295991778008,26.0,0.26114331360260157,1.0,96.0278210266,31.79125147099485,20.391420590376168,24.951352942623643,2024-12-17
2025-12-17,Guerrero,Marquelia,MX12077,15021,3755,1.0237208923977654,5.0,133.15579227696404,5.034324849766901,0.2613031286429946,0.27362627931952793,0.0,0.0,0.0,0,0.0,0.0,0.0,0.5344295991778008,26.0,0.27362627931952793,0.5045292897236796,59.7126562496,18.29937417405943,15.425894585653147,16.57528642101566,2024-12-17
2025-12-17,Guerrero,Cochoapa el Grande,MX12078,21833,5458,1.2342222220658847,4.0,73.28691828508612,11.487566468499502,0.5754080153754058,0.6386178975154388,0.0,0.0,0.0,0,0.0,0.0,0.0,0.5344295991778008,26.0,0.6386178975154388,1.0,99.4415671285,39.15853692546317,22.28314755538568,29.03330330341668,2024-12-17
2025-12-17,Guerrero,José Joaquín de Herrera,MX12079,19516,4879,1.1669224763738988,5.0,102.48001639680263,2.403107324344227,0.3763981221840639,0.2463895337883919,0.0,0.0,0.0,0,0.0,0.0,0.0,0.5344295991778008,26.0,0.2463895337883919,1.0,94.9679543945,27.391686013651757,17.576407190661115,21.50251871985737,2024-12-17
2025-12-17,Guerrero,Juchitán,MX12080,7999,2000,0.7471221183117704,2.0,100.0,4.51672216057865,0.38878824159551356,0.32069041548575106,0.0,50.0,-50.0,0,1.0,1.0,0.0,0.5344295991778008,26.0,0.32069041548575106,0.5898482050336284,65.7284794851,56.4176765652451,16.41725879619757,32.417425903816586,2024-12-17
2025-12-17,Guerrero,Iliatenco,MX12081,12755,3189,0.9434173426670079,6.0,188.14675446848543,0.054085887124292534,0.14892167365071365,0.07446083682535683,0.0,0.0,0.0,0,0.0,0.0,0.0,0.5344295991778008,26.0,0.07446083682535683,0.7956099466725993,80.2367073714,18.146024038212694,14.491312560467692,15.953197151565693,2024-12-17
2025-12-17,Hidalgo,Acatlán,MX13001,23855,5964,1.2901654671932314,7.0,117.37089201877934,2.3244679178655536,0.31301395759160666,0.21216349813067661,0.0,0.0,0.0,0,0.0,0.0,0.0,0.3083247687564235,15.0,0.21216349813067661,0.21482830042799753,39.285885276,10.661470952480249,9.169949317323729,9.766557971386336,2024-12-17
2025-12-17,Hidalgo,Acaxochitlán,MX13002,49200,12300,1.8528026006497837,14.0,113.82113821138212,0.5880424716442517,0.3266182209359374,0.1633091104679687,0.0,0.0,0.0,0,0.0,0.0,0.0,0.3083247687564235,15.0,0.1633091104679687,0.7934743794795048,80.0861288661,20.768760903629158,11.476927060628771,15.193660597828925,2024-12-17
2025-12-17,Hidalgo,Actopan,MX13003,64421,16105,2.0,32.0,198.69605712511643,1.6925442954135015,0.13447400083493496,0.10253140031353926,0.0,0.0,0.0,0,0.0,0.0,0.0,0.3083247687564235,15.0,0.10253140031353926,0.3386624009000529,48.0174081307,9.849190027407237,8.47353464587836,9.023796798489911,2024-12-17
2025-12-17,Hidalgo,Agua Blanca de Iturbide,MX13004,10953,2738,0.8741648061373457,4.0,146.09203798392988,1.069806296680059,0.22725589968177953,0.12885621348447052,0.0,0.0,0.0,0,0.0,0.0,0.0,0.3083247687564235,15.0,0.12885621348447052,0.5086289059577606,60.0017195424,14.038264523689328,9.639264929218072,11.398864767006575,2024-12-17
2025-12-17,Hidalgo,Ajacuba,MX13005,19779,4945,1.1747886550506539,4.0,80.88978766430738,4.734829072153046,0.509745502378777,0.3881969822072088,0.0,0.0,0.0,0,0.0,0.0,0.0,0.3083247687564235,15.0,0.3881969822072088,0.3393444653446295,48.0655003869,18.432798773108853,11.904931950825276,14.516078679738706,2024-12-17
2025-12-17,Hidalgo,Alfajayucan,MX13006,19978,4995,1.1807129924446038,7.0,140.14014014014015,6.324345390106892,0.24214013403968984,0.3056123882722267,0.0,0.0,0.0,0,0.0,0.0,0.0,0.3083247687564235,15.0,0.3056123882722267,0.346368258499851,48.5607469323,16.095736818163818,10.949035789381599,13.007716200894487,2024-12-17
2025-12-17,Hidalgo,Almoloya,MX13007,13473,3368,0.9695330928263374,2.0,59.38242280285036,3.830574665252408,0.738988310910867,0.4736811053491089,0.0,0.0,0.0,0,0.0,0.0,0.0,0.3083247687564235,15.0,0.4736811053491089,0.3701337817133146,50.2364502184,21.613108794739556,13.084688010371504,16.496056324118726,2024-12-17
2025-12-17,Hidalgo,Apan,MX13008,49079,12270,1.8505417058471128,18.0,146.69926650366747,1.6124283475473424,0.22580526586638952,0.14561550170518311,0.0,0.0,0.0,0,0.0,0.0,0.0,0.3083247687564235,15.0,0.14561550170518311,0.2442756150837707,41.3622107788,9.253977352830908,8.518609933496675,8.812756901230367,2024-12-17
2025-12-17,Hidalgo,El Arenal,MX13009,21098,5274,1.2132398275491738,5.0,94.80470231323474,1.588845532724576,0.4168452062131764,0.24037557610151886,0.0,0.0,0.0,0,0.0,0.0,0.0,0.3083247687564235,15.0,0.24037557610151886,0.35097204154394224,48.8853589472,14.230708113924411,10.189212958553561,11.805811020701903,2024-12-17
2025-12-17,Hidalgo,Atitalaquia,MX13010,33581,8395,1.5306889468365625,10.0,119.11852293031566,0.34686571045794706,0.3066141025237091,0.15330705126185454,0.0,0.0,0.0,0,0.0,0.0,0.0,0.3083247687564235,15.0,0.15330705126185454,0.06844810188226799,28.9646406091,5.9681735755009955,7.731770962169218,7.026332007501929,2024-12-17
2025-12-17,Hidalgo,Atlapexco,MX13011,20757,5189,1.2034233428496997,10.0,192.7153594141453,1.8268821658009131,0.14247061974227296,0.11085840340168346,19.27153594141453,19.27153594141453,19.27153594141453,1,1.0,0.0,0.0,0.3083247687564235,15.0,0.11085840340168346,0.5817154289362242,65.1550387277,45.3666661174371,39.788723823116946,42.019900740845,2024-12-17
2025-12-17,Hidalgo,Atotonilco el Grande,MX13012,31623,7906,1.4854396117237978,9.0,113.83759170250443,3.3072690127475393,0.3265532065352476,0.250601369472142,0.0,0.0,0.0,0,0.0,0.0,0.0,0.3083247687564235,15.0,0.250601369472142,0.40115236638906854,52.423565722,15.54108841194563,10.56282410322667,12.554129826714256,2024-12-17
2025-12-17,Hidalgo,Atotonilco de Tula,MX13013,66536,16634,2.0,10.0,60.117830948659375,4.039091116637947,0.7284413497589718,0.47512653309881037,0.0,6.011783094865938,0.0,0,1.0,0.0,0.0,0.3083247687564235,15.0,0.47512653309881037,0.12362802583943432,32.8553683272,26.21174039882596,11.86950436399852,17.606398777929495,2024-12-17
2025-12-17,Hidalgo,Calnali,MX13014,16946,4237,1.0874413121232374,9.0,212.4144441822044,1.548199804266557,0.1178325999208825,0.08955956850987608,0.0,23.601604909133822,0.0,0,1.0,0.0,0.0,0.3083247687564235,15.0,0.08955956850987608,0.595796324873159,66.147880475,49.60271355275946,9.60354228409993,25.603210791563747,2024-12-17
2025-12-17,Hidalgo,Cardonal,MX13015,20516,5129,1.196445568475819,16.0,311.95164749463834,2.987231786065712,0.04092411937994267,0.09747444635521602,0.0,0.0,0.0,0,0.0,0.0,0.0,0.3083247687564235,15.0,0.09747444635521602,0.4589411822762436,56.4982459978,12.103057036181353,9.014245105259434,10.2497698776282,2024-12-17
2025-12-17,Hidalgo,Cuautepec de Hinojosa,MX13016,64083,16021,2.0,14.0,87.38530678484489,3.0159450364984166,0.4626974249796332,0.3092863100729856,0.0,0.0,0.0,0,0.0,0.0,0.0,0.3083247687564235,15.0,0.3092863100729856,0.6124506794994341,67.3221763878,21.52760289217825,12.323534955988622,16.005162130464473,2024-12-17
2025-12-17,Hidalgo,Chapantongo,MX13017,13574,3394,0.9732681578378705,6.0,176.78255745433117,0.15866938250678866,0.16641461083630027,0.08320730541815013,0.0,0.0,0.0,0,0.0,0.0,0.0,0.3083247687564235,15.0,0.08320730541815013,0.3563179333977902,49.262296937,9.622577830500308,8.329923169622376,8.84698503397355,2024-12-17
2025-12-17,Hidalgo,Chapulhuacán,MX13018,24332,6083,1.3029732631901292,9.0,147.95331251027454,1.9563959472457255,0.22284711063500573,0.15521989857800467,0.0,0.0,0.0,0,0.0,0.0,0.0,0.3083247687564235,15.0,0.15521989857800467,0.38614364655304667,51.3653032582,12.379469888401074,9.343202853316912,10.557709667350576,2024-12-17
2025-12-17,Hidalgo,Chilcuautla,MX13019,20040,5010,1.1824845058075901,9.0,179.64071856287424,2.8675959835234304,0.16180671518741407,0.15406078708695956,0.0,0.0,0.0,0,0.0,0.0,0.0,0.3083247687564235,15.0,0.15406078708695956,0.35052089764386324,48.8535488621,11.632241565486051,9.151179770878453,10.143604488721493,2024-12-17
2025-12-17,Hidalgo,Eloxochitlán,MX13020,2717,679,0.5,3.0,441.82621502209133,7.824110935612311,0.0,0.23286842282978845,0.0,0.0,0.0,0,0.0,0.0,0.0,0.3083247687564235,15.0,0.23286842282978845,0.4089941554323688,52.9764890282,15.16593579354103,10.389237688734928,12.29991693065737,2024-12-17
2025-12-17,Hidalgo,Emiliano Zapata,MX13021,15936,3984,1.0544749345830695,4.0,100.40160642570281,3.633345619846626,0.38674028797378635,0.29120189328881024,0.0,0.0,0.0,0,0.0,0.0,0.0,0.3083247687564235,15.0,0.29120189328881024,0.19383939360498234,37.8059607728,12.612844670763954,10.013465525106257,11.053217183369336,2024-12-17
2025-12-17,Hidalgo,Epazoyucan,MX13022,17219,4305,1.096132800777858,3.0,69.68641114982579,1.7685843550526128,0.611503197958348,0.34349619494561445,0.0,23.228803716608596,0.0,0,1.0,0.0,0.0,0.3083247687564235,15.0,0.34349619494561445,0.17984007965489263,36.8188713585,48.90168744146629,10.571000575237461,25.90327532172899,2024-12-17
2025-12-17,Hidalgo,Francisco I. Madero,MX13023,38045,9511,1.629257342000906,8.0,84.11313216275892,1.0468909765848944,0.4854900516714454,0.2572349020093976,0.0,0.0,0.0,0,0.0,0.0,0.0,0.3083247687564235,15.0,0.2572349020093976,0.3413403191299946,48.2062277219,14.543853442881819,10.343366257378367,12.023561131579747,2024-12-17
2025-12-17,Hidalgo,Huasca de Ocampo,MX13024,18661,4665,1.1410440743818053,3.0,64.30868167202573,4.424883379824882,0.6729418066101643,0.4598079286187717,0.0,0.0,0.0,0,0.0,0.0,0.0,0.3083247687564235,15.0,0.4598079286187717,0.3828181690388302,51.1308243642,21.450601239339754,12.981631826235034,16.369219591476924,2024-12-17
2025-12-17,Hidalgo,Huautla,MX13025,21521,5380,1.2253713830974242,8.0,148.6988847583643,1.6343338367271705,0.22111203881659797,0.1439747364366229,0.0,0.0,0.0,0,0.0,0.0,3.2119226569024217,0.3083247687564235,15.0,0.1439747364366229,0.5686194562732657,64.2316437648,23.825344832186353,15.543115698636328,18.856007352056338,2024-12-17
2025-12-17,Hidalgo,Huazalingo,MX13026,13662,3415,0.9762745092378803,4.0,117.13030746705711,2.5813865998032965,0.31390993730111233,0.22089003416064024,0.0,0.0,0.0,0,0.0,0.0,3.854307188282906,0.3083247687564235,15.0,0.22089003416064024,0.8795133674499779,86.1527243111,33.97742471016558,19.105063975691074,25.054008269480875,2024-12-17
2025-12-17,Hidalgo,Huehuetla,MX13027,24152,6038,1.2981448365824761,7.0,115.93242795627691,3.1962351148474157,0.31842640644902853,0.24296018659188345,0.0,0.0,0.0,0,0.0,0.0,0.0,0.3083247687564235,15.0,0.24296018659188345,0.7321700550891653,75.7635706413,21.93220669953981,12.12621835216405,16.048613691114355,2024-12-17
2025-12-17,Hidalgo,Huejutla de Reyes,MX13028,133831,33458,2.0,32.0,95.6422978062048,3.4509084441670073,0.41211571331800007,0.29801103546714214,0.0,0.0,0.0,0,0.0,0.0,2.141281771268281,0.3083247687564235,15.0,0.29801103546714214,0.5845392294375297,65.3541444548,26.053591395179755,15.663658238685574,19.819631501283247,2024-12-17
2025-12-17,Hidalgo,Huichapan,MX13029,49563,12391,1.8596438337460262,15.0,121.05560487450569,1.669849133451345,0.29973639161074184,0.18443130226322116,0.0,0.0,0.0,0,0.0,0.0,0.0,0.3083247687564235,15.0,0.18443130226322116,0.2595882425162571,42.4419017192,10.724703918221778,9.060962677355562,9.726459173702048,2024-12-17
2025-12-17,Hidalgo,Ixmiquilpan,MX13030,103706,25927,2.0,39.0,150.42233964592896,0.9077567654025452,0.2171671025132067,0.11859018400423685,0.0,3.856983067844332,0.0,0,1.0,0.0,0.0,0.3083247687564235,15.0,0.11859018400423685,0.3702525086337868,50.2448216348,17.048298779578776,8.8241905888354,12.11383386513275,2024-12-17
2025-12-17,Hidalgo,Jacala de Ledezma,MX13031,12790,3198,0.9447476615548707,6.0,187.6172607879925,6.8241266192011425,0.14968965625886135,0.2754913188075413,0.0,0.0,0.0,0,0.0,0.0,0.0,0.3083247687564235,15.0,0.2754913188075413,0.2772137172058813,43.6846711542,13.809013908343864,10.241810249335526,11.66869171293886,2024-12-17
2025-12-17,Hidalgo,Jaltocán,MX13032,11235,2809,0.8854263973405423,2.0,71.1997152011392,1.7419594689037596,0.5958875515926779,0.33483045303250036,0.0,0.0,0.0,0,0.0,0.0,0.0,0.3083247687564235,15.0,0.33483045303250036,0.7243161301343936,75.2097916339,24.53123619366288,13.189391924677595,17.726129632271707,2024-12-17
2025-12-17,Hidalgo,Juárez Hidalgo,MX13033,2999,750,0.5,2.0,266.6666666666667,4.4807587376771,0.06879548820063645,0.15953520964103685,0.0,0.0,0.0,0,0.0,0.0,0.0,0.3083247687564235,15.0,0.15953520964103685,0.44671987530927154,55.6365235749,13.720453795416537,9.697867729854423,11.306902156079268,2024-12-17
2025-12-17,Hidalgo,Lolotla,MX13034,10126,2532,0.8406368942314301,4.0,157.9778830963665,2.2431729006347507,0.20088849680204177,0.1534812441228825,0.0,0.0,0.0,0,0.0,0.0,0.0,0.3083247687564235,15.0,0.1534812441228825,0.752120189578357,77.1702514714,19.646841115253615,11.152221714981996,14.550069475090643,2024-12-17
2025-12-17,Hidalgo,Metepec,MX13035,13962,3491,0.9870781087913708,1.0,28.64508736751647,3.5029817186658483,1.0,0.5936311066418897,0.0,0.0,0.0,0,0.0,0.0,0.0,0.3083247687564235,15.0,0.5936311066418897,0.26496690122981537,42.8211500951,23.108271223853,13.998253623467377,17.642260663621627,2024-12-17
2025-12-17,Hidalgo,San Agustín Metzquititlán,MX13036,9931,2483,0.8324630305191535,1.0,40.27386226339106,3.805327264832562,1.0,0.6033734171112272,0.0,0.0,0.0,0,0.0,0.0,0.0,0.3083247687564235,15.0,0.6033734171112272,0.4100028048990762,53.0476087427,26.30125861131834,14.84034086744573,19.424707964994774,2024-12-17
2025-12-17,Hidalgo,Metztitlán,MX13037,21904,5476,1.2362557245886816,14.0,255.6610664718773,4.305166804857247,0.07706044388832126,0.15800968740142907,0.0,0.0,0.0,0,0.0,0.0,0.0,0.3083247687564235,15.0,0.15800968740142907,0.39356612730158635,51.8886612028,12.611613168074602,9.413792722940704,10.692920900994263,2024-12-17
2025-12-17,Hidalgo,Mineral del Chico,MX13038,9448,2362,0.8119261751360513,6.0,254.0220152413209,2.737759953718862,0.07835260510203015,0.10815009868667616,0.0,0.0,0.0,0,0.0,0.0,0.0,0.3083247687564235,15.0,0.10815009868667616,0.26530129051706197,42.8447278309,8.550528770941524,8.174153474441049,8.324703593041239,2024-12-17
2025-12-17,Hidalgo,Mineral del Monte,MX13039,15145,3786,1.0279379519973824,3.0,79.23930269413628,1.8008170586033254,0.522929203818646,0.30024781415187035,0.0,0.0,0.0,0,0.0,0.0,0.0,0.3083247687564235,15.0,0.30024781415187035,0.3614778828550334,49.6261241578,16.23699208165678,10.960209021713235,13.070922245690653,2024-12-17
2025-12-17,Hidalgo,La Misión,MX13040,10249,2562,0.8456023059560117,4.0,156.12802498048399,3.4375844605549153,0.2047284098427802,0.19388805250013885,0.0,0.0,0.0,0,0.0,0.0,0.0,0.3083247687564235,15.0,0.19388805250013885,0.5362566542549001,61.9497477088,16.541774660102167,10.55778573889179,12.951381307375943,2024-12-17
2025-12-17,Hidalgo,Mixquiahuala de Juárez,MX13041,50036,12509,1.868477584695676,21.0,167.87912702853944,2.0642925461472443,0.18177426299925437,0.1381601661763292,0.0,0.0,0.0,0,0.0,0.0,0.0,0.3083247687564235,15.0,0.1381601661763292,0.22140328484083432,39.7494863879,8.572870682106561,8.314784255935745,8.418018826404072,2024-12-17
2025-12-17,Hidalgo,Molango de Escamilla,MX13042,12239,3060,0.9241390227103932,6.0,196.07843137254903,6.77852379028305,0.13791392293392987,0.2681340178397488,0.0,0.0,0.0,0,0.0,0.0,0.0,0.3083247687564235,15.0,0.2681340178397488,0.5045914007336846,59.7170356871,18.135848549866157,11.290411055361032,14.028586053163083,2024-12-17
2025-12-17,Hidalgo,Nicolás Flores,MX13043,6559,1640,0.676547852653415,4.0,243.90243902439025,3.4173606948283193,0.08671508239074958,0.1342297297466775,0.0,0.0,0.0,0,0.0,0.0,0.0,0.3083247687564235,15.0,0.1342297297466775,0.6170088764152597,67.643574132,16.36706942070552,10.245646976652052,12.694215954273439,2024-12-17
2025-12-17,Hidalgo,Nopala de Villagrán,MX13044,17857,4464,1.116191443250184,10.0,224.01433691756273,3.105882242492817,0.10535146034846722,0.13351132375784341,0.0,44.80286738351254,0.0,0,2.0,0.0,0.0,0.3083247687564235,15.0,0.13351132375784341,0.26881522864938306,43.0924950533,44.38164428572296,8.49605786595666,22.85029243386318,2024-12-17
2025-12-17,Hidalgo,Omitlán de Juárez,MX13045,9880,2470,0.8302809480490768,3.0,121.4574898785425,2.535303904253255,0.298336956635895,0.21161864705014116,0.0,0.0,0.0,0,0.0,0.0,0.0,0.3083247687564235,15.0,0.21161864705014116,0.2922978392914546,44.7482502187,12.194516197333327,9.55075879867459,10.608261758138084,2024-12-17
2025-12-17,Hidalgo,San Felipe Orizatlán,MX13046,40719,10180,1.6855843288674985,10.0,98.23182711198429,5.737666637291792,0.398004032893286,0.36464011824498055,0.0,0.0,0.0,0,0.0,0.0,0.0,0.3083247687564235,15.0,0.36464011824498055,0.6351587675816089,68.9233200899,23.642378898981594,13.101321094463433,17.317744216270697,2024-12-17
2025-12-17,Hidalgo,Pacula,MX13047,4927,1232,0.5863837814581256,3.0,243.5064935064935,3.185816803271831,0.08705640799437077,0.12693948397079702,0.0,0.0,0.0,0,0.0,0.0,0.0,0.3083247687564235,15.0,0.12693948397079702,0.421805441629731,53.8798107934,12.24429335171853,9.182146853413842,10.407005452735717,2024-12-17
2025-12-17,Hidalgo,Pachuca de Soto,MX13048,331055,82764,2.0,107.0,129.28326325455512,0.5319602792688756,0.27282047529602577,0.13641023764801288,0.0,2.4165095935430863,-1.2082547967715431,0,2.0,1.0,0.0,0.3083247687564235,15.0,0.13641023764801288,0.05794148215927762,28.2238205128,9.063902603442228,7.476476100188166,8.111446701489792,2024-12-17
2025-12-17,Hidalgo,Pisaflores,MX13049,19742,4935,1.1736001988485563,5.0,101.31712259371834,4.790953338441114,0.3821323923249001,0.32619888784382056,0.0,0.0,0.0,0,0.0,0.0,0.0,0.3083247687564235,15.0,0.32619888784382056,0.5325337998580041,61.6872498336,20.4366426324747,12.12690149103149,15.450797947608773,2024-12-17
2025-12-17,Hidalgo,Progreso de Obregón,MX13050,24916,6229,1.3185170841306124,9.0,144.48547118317546,2.3836676736398683,0.23115270032312163,0.17314042992778345,0.0,0.0,0.0,0,0.0,0.0,0.0,0.3083247687564235,15.0,0.17314042992778345,0.21041781054014294,38.974902331,9.402569108636364,8.679620049449738,8.968799673124389,2024-12-17
2025-12-17,Hidalgo,Mineral de la Reforma,MX13051,215993,53998,2.0,25.0,46.29801103744583,0.4616021317911363,0.9826538328239707,0.49132691641198534,0.0,3.7038408829956664,0.0,0,2.0,0.0,0.0,0.3083247687564235,15.0,0.49132691641198534,0.0,18.7288219888,20.583723030373548,11.445768834559447,15.100950512885086,2024-12-17
2025-12-17,Hidalgo,San Agustín Tlaxiaca,MX13052,41378,10344,1.6991074802426978,10.0,96.67440061871616,2.445296287838858,0.4064006427423676,0.26275022530757797,0.0,19.334880123743233,0.0,0,2.0,0.0,0.0,0.3083247687564235,15.0,0.26275022530757797,0.27331845786720027,43.4100170338,43.855425725318376,10.06944083064256,23.583834788512885,2024-12-17
2025-12-17,Hidalgo,San Bartolo Tutotepec,MX13053,18635,4659,1.1403100478829513,8.0,171.71066752522,5.199911580300336,0.17496908377705667,0.23579486496450872,0.0,0.0,0.0,0,0.0,0.0,0.0,0.3083247687564235,15.0,0.23579486496450872,0.5813985765497202,65.132697516,18.701817479929666,11.28637709993833,14.252553251934863,2024-12-17
2025-12-17,Hidalgo,San Salvador,MX13054,38911,9728,1.6477388324118978,12.0,123.35526315789474,2.25633365712823,0.29185177016709213,0.19938695245917076,0.0,0.0,0.0,0,0.0,0.0,0.0,0.3083247687564235,15.0,0.19938695245917076,0.26582983134567717,42.8819951612,11.298205200688665,9.271638423854057,10.082265134587901,2024-12-17
2025-12-17,Hidalgo,Santiago de Anaya,MX13055,19385,4846,1.1629694350162545,9.0,185.72018159306646,4.1352707504103465,0.1524771486884345,0.19024357480300177,0.0,0.0,0.0,0,0.0,0.0,0.0,0.3083247687564235,15.0,0.19024357480300177,0.35254972099681026,48.9966008761,12.75830166402626,9.595517340235697,10.860631069751921,2024-12-17
2025-12-17,Hidalgo,Santiago Tulantepec de Lugo Guerrero,MX13056,43887,10972,1.7499252406183754,5.0,45.57054320087495,3.7207181327988086,1.0,0.6006471046410594,0.0,0.0,0.0,0,0.0,0.0,0.0,0.3083247687564235,15.0,0.6006471046410594,0.21296146765226617,39.154255192,22.278642492277108,13.822418431569666,17.20490805585264,2024-12-17
2025-12-17,Hidalgo,Singuilucan,MX13057,16163,4041,1.0619914520675686,3.0,74.23904974016332,4.070124666753249,0.5664482182803493,0.39512994398896234,0.0,0.0,0.0,0,0.0,0.0,0.0,0.3083247687564235,15.0,0.39512994398896234,0.35100536536277904,48.8877086044,18.87400562692445,12.046431992297066,14.77746144614802,2024-12-17
2025-12-17,Hidalgo,Tasquillo,MX13058,18239,4560,1.1281296592365262,6.0,131.57894736842104,5.231535450003431,0.2659110242918808,0.28228483338741567,0.0,0.0,0.0,0,0.0,0.0,0.0,0.3083247687564235,15.0,0.28228483338741567,0.38986280764426046,51.627540719,16.26580115450768,10.886577876485914,13.038267187694618,2024-12-17
2025-12-17,Hidalgo,Tecozautla,MX13059,39814,9953,1.6666852729447976,13.0,130.6138852607254,0.5973053093430687,0.26878603610699786,0.13439614815677203,0.0,0.0,0.0,0,0.0,0.0,0.0,0.3083247687564235,15.0,0.13439614815677203,0.2848561320298192,44.2235366157,9.729007085299544,8.586880275645983,9.043730999507407,2024-12-17
2025-12-17,Hidalgo,Tenango de Doria,MX13060,18502,4626,1.1362644261870793,6.0,129.70168612191958,1.7267318086132617,0.27154289675163057,0.17216745327976432,0.0,0.0,0.0,0,0.0,0.0,0.0,0.3083247687564235,15.0,0.17216745327976432,0.5588232490331424,63.5409147404,16.341488579055778,10.409971522138507,12.782578344905415,2024-12-17
2025-12-17,Hidalgo,Tepeapulco,MX13061,58756,14689,2.0,21.0,142.9641228129893,2.8472749484990145,0.2349235355631273,0.18996440399349895,0.0,0.0,0.0,0,0.0,0.0,0.0,0.3083247687564235,15.0,0.18996440399349895,0.10508748471655888,31.5480777026,7.800681814136146,8.354856109120405,8.133186391126701,2024-12-17
2025-12-17,Hidalgo,Tepehuacán de Guerrero,MX13062,33101,8275,1.5197095658011057,17.0,205.4380664652568,3.1997409095024696,0.12601772174889683,0.14686880949103098,0.0,0.0,0.0,0,0.0,0.0,0.0,0.3083247687564235,15.0,0.14686880949103098,0.8147169123070681,81.5839364988,20.700402530872292,11.385856113043335,15.11167468017492,2024-12-17
2025-12-17,Hidalgo,Tepeji del Río de Ocampo,MX13063,95522,23881,2.0,20.0,83.74858674259872,1.9742152460218778,0.48813959166955495,0.28844032033665745,0.0,12.562288011389807,-4.187429337129936,0,3.0,1.0,0.0,0.3083247687564235,15.0,0.28844032033665745,0.11529913854231973,32.2680998001,30.77995477919238,9.58762537436711,18.064557136297218,2024-12-17
2025-12-17,Hidalgo,Tepetitlán,MX13064,11347,2837,0.8898284023017253,6.0,211.49101163200564,1.545183656122964,0.11888502053204789,0.08998859117036545,0.0,0.0,0.0,0,0.0,0.0,0.0,0.3083247687564235,15.0,0.08998859117036545,0.25392163737376183,42.0423502861,7.7780904825862,7.899317118528818,7.850826464151771,2024-12-17
2025-12-17,Hidalgo,Tetepango,MX13065,12391,3098,0.9298594361675657,2.0,64.55777921239509,1.753367662224007,0.6698698761775735,0.37218921512137043,0.0,0.0,0.0,0,0.0,0.0,0.0,0.3083247687564235,15.0,0.37218921512137043,0.4219675386020228,53.8912402253,19.60502722568157,12.125954112082182,15.117583357521939,2024-12-17
2025-12-17,Hidalgo,Villa de Tezontepec,MX13066,13761,3440,0.9798414721951441,5.0,145.34883720930233,2.769885707157391,0.22904785910079087,0.1845328957688563,0.0,0.0,0.0,0,0.0,0.0,0.0,0.3083247687564235,15.0,0.1845328957688563,0.4038153184274755,52.6113300494,13.612293241615198,9.783317178979276,11.314907604033644,2024-12-17
2025-12-17,Hidalgo,Tezontepec de Aldama,MX13067,58303,14576,2.0,26.0,178.3754116355653,1.8869283662201934,0.16382841299347808,0.1234721349683178,0.0,0.0,0.0,0,0.0,0.0,0.0,0.3083247687564235,15.0,0.1234721349683178,0.43920005802857814,55.1063024468,12.488165209621098,9.227511747378328,10.531773132275436,2024-12-17
2025-12-17,Hidalgo,Tianguistengo,MX13068,15015,3754,1.0235845689545353,5.0,133.19126265316996,3.2275909202397504,0.2612007309619081,0.2153577093283146,0.0,0.0,0.0,0,0.0,0.0,0.0,0.3083247687564235,15.0,0.2153577093283146,0.7811911579034786,79.2200408539,22.08455443791901,12.04009413907279,16.05787825861128,2024-12-17
2025-12-17,Hidalgo,Tizayuca,MX13069,177855,44464,2.0,36.0,80.96437567470313,1.8451042405186127,0.5091624044725909,0.2947914554308297,2.24901043540842,6.747031306225261,0.0,1,3.0,1.0,0.0,0.3083247687564235,15.0,0.2947914554308297,0.16670268025038415,35.8925554026,22.8232548703192,27.020279669650467,25.341469749917962,2024-12-17
2025-12-17,Hidalgo,Tlahuelilpan,MX13070,20289,5072,1.1897787784814502,6.0,118.29652996845427,1.412209093651858,0.30960070155539465,0.18106166715171068,0.0,0.0,0.0,0,0.0,0.0,0.0,0.3083247687564235,15.0,0.18106166715171068,0.3689479297547135,50.1528359842,12.81080860964559,9.567325492209719,10.864718739184068,2024-12-17
2025-12-17,Hidalgo,Tlahuiltepa,MX13071,9482,2371,0.8134715578553289,6.0,253.05778152678195,3.1760340376307252,0.07912058771017783,0.12265634927410478,0.0,0.0,0.0,0,0.0,0.0,0.0,0.3083247687564235,15.0,0.12265634927410478,0.6669679857440219,71.1661830357,17.01905019310358,10.35656195762499,13.021557251816427,2024-12-17
2025-12-17,Hidalgo,Tlanalapa,MX13072,11914,2979,0.9118257394806634,2.0,67.1366230278617,2.8396936294855477,0.6394065660543812,0.39196163066093215,0.0,0.0,0.0,0,0.0,0.0,0.0,0.3083247687564235,15.0,0.39196163066093215,0.1583701986011489,35.3050334383,14.926252891850941,11.045236398552552,12.597642995871908,2024-12-17
2025-12-17,Hidalgo,Tlanchinol,MX13073,39844,9961,1.6673549606756677,18.0,180.70474851922498,3.760395515008885,0.1601285309696098,0.1819898720948928,0.0,0.0,0.0,0,0.0,0.0,0.0,0.3083247687564235,15.0,0.1819898720948928,0.8742134869955231,85.7790305778,22.943965902757245,12.104791737731952,16.44046140374207,2024-12-17
2025-12-17,Hidalgo,Tlaxcoapan,MX13074,30403,7601,1.4565049407668929,14.0,184.18629127746348,0.9410978770192301,0.15477296971279145,0.08846744948978312,0.0,0.0,0.0,0,0.0,0.0,0.0,0.3083247687564235,15.0,0.08846744948978312,0.4300985979561098,54.4645599354,11.255995443815689,8.761948221273569,9.759567110290417,2024-12-17
2025-12-17,Hidalgo,Tolcayuca,MX13075,21973,5493,1.238173188203285,5.0,91.02494083378846,0.7449516976699041,0.43927029837108933,0.22439580581101518,0.0,0.0,0.0,0,0.0,0.0,0.37483507256807,0.3083247687564235,15.0,0.22439580581101518,0.24068494152489237,41.1090329536,12.494786749455109,10.078829378056806,11.045212326616127,2024-12-17
2025-12-17,Hidalgo,Tula de Allende,MX13076,120680,30170,2.0,51.0,169.0420947961551,1.2719158922785083,0.1796761144358182,0.11157878467687088,0.0,13.25820351342393,-6.629101756711965,0,4.0,2.0,0.0,0.3083247687564235,15.0,0.11157878467687088,0.051338943032861274,27.7582765224,25.29291941267561,7.1454859689023795,14.404459346411672,2024-12-17
2025-12-17,Hidalgo,Tulancingo de Bravo,MX13077,178790,44698,2.0,45.0,100.67564544274911,1.8701392327207005,0.3853522305190601,0.23369305692598807,0.0,2.237236565394425,-2.237236565394425,0,1.0,1.0,0.0,0.3083247687564235,15.0,0.23369305692598807,0.2890120336744069,44.5165685839,16.320941451267327,9.799222689099516,12.40791019396664,2024-12-17
2025-12-17,Hidalgo,Xochiatipan,MX13078,19152,4788,1.1559889075815464,5.0,104.42773600668338,3.6753273393333874,0.36707993320520504,0.28272446923745986,0.0,0.0,0.0,0,0.0,0.0,2.7530765630592184,0.3083247687564235,15.0,0.28272446923745986,0.9096031636620096,88.2743510869,33.645551876325996,18.138391637416532,24.34125573298032,2024-12-17
2025-12-17,Hidalgo,Xochicoatlán,MX13079,7472,1868,0.7220462750630343,3.0,160.59957173447538,3.4205257898680617,0.1955979499459131,0.18877315060140681,0.0,0.0,0.0,0,0.0,0.0,0.0,0.3083247687564235,15.0,0.18877315060140681,0.446248362407364,55.6032772747,14.588161766189483,10.046365456869326,11.863083980597388,2024-12-17
2025-12-17,Hidalgo,Yahualica,MX13080,25880,6470,1.343781742707724,8.0,123.64760432766616,0.8664078266999992,0.29087045905668113,0.15410949868231397,0.0,0.0,0.0,0,0.0,0.0,3.2119226569024217,0.3083247687564235,15.0,0.15410949868231397,0.7857750208972509,79.5432483092,28.472498992036787,16.750510668704543,21.43930599803744,2024-12-17
2025-12-17,Hidalgo,Zacualtipán de Ángeles,MX13081,40257,10064,1.6759532884489343,7.0,69.55484896661368,3.520564554132671,0.6128928807730913,0.40064410884560403,0.0,0.0,0.0,0,0.0,0.0,0.0,0.3083247687564235,15.0,0.40064410884560403,0.5005143434240821,59.4295630205,22.029610133849765,12.860146860883281,16.527932170069874,2024-12-17
2025-12-17,Hidalgo,Zapotlán de Juárez,MX13082,23650,5912,1.2845286897483028,9.0,152.23274695534505,0.15436284766989108,0.21311933093180152,0.10655966546590076,0.0,16.914749661705006,-16.914749661705006,0,1.0,1.0,0.0,0.3083247687564235,15.0,0.10655966546590076,0.36112963362607214,49.6015691597,37.10745361262154,8.634209991336792,20.023507439850693,2024-12-17
2025-12-17,Hidalgo,Zempoala,MX13083,62113,15528,2.0,6.0,38.639876352395675,0.9085181339916043,1.0,0.5100311658994204,0.0,6.439979392065945,0.0,0,1.0,0.0,0.0,0.3083247687564235,15.0,0.5100311658994204,0.14408811087873005,34.29800569,28.34368866872257,12.390660382802318,18.77187169717042,2024-12-17
2025-12-17,Hidalgo,Zimapán,MX13084,41773,10443,1.7072189978647696,15.0,143.63688595231255,2.1178041196433974,0.23324616402533166,0.16562039002268442,0.0,0.0,0.0,0,0.0,0.0,0.0,0.3083247687564235,15.0,0.16562039002268442,0.2323746357373004,40.5230746058,9.616104415426541,8.699163696574338,9.06593998411522,2024-12-17
2025-12-17,Jalisco,Acatic,MX14001,24470,6118,1.3067163713417578,4.0,65.38084341288003,0.2452413818755462,0.6598861022716533,0.32994305113582667,0.0,0.0,0.0,0,0.0,0.0,1.9525148391127773,0.4110996916752313,20.0,0.32994305113582667,0.09266118538970756,30.6719013008,16.695966968800345,15.118718142020215,15.749617672732269,2024-12-17
2025-12-17,Jalisco,Acatlán de Juárez,MX14002,26097,6524,1.3493778349468009,5.0,76.64009809932557,1.4364389827155055,0.5448423075711272,0.2994632162459291,0.0,0.0,0.0,0,0.0,0.0,0.40192320252407776,0.4110996916752313,20.0,0.2994632162459291,0.059592268355204904,28.3402171866,11.193552235742375,11.96985464105494,11.659333678929915,2024-12-17
2025-12-17,Jalisco,Ahualulco de Mercado,MX14003,24668,6167,1.3119387813059349,8.0,129.72271769093564,4.539059353494544,0.27147889820095156,0.2627555025914661,0.0,0.0,0.0,0,0.0,0.0,0.0,0.4110996916752313,20.0,0.2627555025914661,0.12348191610478942,32.8450661529,10.352303399839771,11.170270061775705,10.843083397001331,2024-12-17
2025-12-17,Jalisco,Amacueca,MX14004,6082,1521,0.651540179175116,2.0,131.49243918474687,2.1266459740818022,0.2661670184945967,0.18236572335947637,0.0,0.0,0.0,0,0.0,0.0,0.0,0.4110996916752313,20.0,0.18236572335947637,0.3105597500578963,46.0358946609,11.682166701942217,11.140981880757362,11.357455809231304,2024-12-17
2025-12-17,Jalisco,Amatitán,MX14005,17318,4329,1.0991839766195461,4.0,92.4000924000924,2.469796298994582,0.4308992879422793,0.27578899798611933,0.0,0.0,0.0,0,0.0,0.0,0.15779092702169628,0.4110996916752313,20.0,0.27578899798611933,0.17741416975320293,36.6478208347,12.22153525124964,11.862721219154945,12.006246831992822,2024-12-17
2025-12-17,Jalisco,Ameca,MX14006,62899,15725,2.0,18.0,114.46740858505565,2.0898040377052056,0.32407859590899396,0.21013437507384342,0.0,0.0,0.0,0,0.0,0.0,0.0,0.4110996916752313,20.0,0.21013437507384342,0.15939189148242536,35.3770728419,9.49186908186381,10.718366408452413,10.22776747781697,2024-12-17
2025-12-17,Jalisco,San Juanito de Escobedo,MX14007,10154,2539,0.841798110031088,4.0,157.54233950374163,1.8897285075525216,0.20178447651154732,0.1425403941064669,0.0,0.0,0.0,0,0.0,0.0,0.0,0.4110996916752313,20.0,0.1425403941064669,0.23537967110799568,40.7349591749,8.98380524535392,10.287177534971745,9.765828619124614,2024-12-17
2025-12-17,Jalisco,Arandas,MX14008,84840,21210,2.0,21.0,99.00990099009901,7.879270774763174,0.3939081256498316,0.43159987012508805,0.0,0.0,0.0,0,0.0,0.0,0.49665256173391337,0.4110996916752313,20.0,0.43159987012508805,0.13927677090370202,33.9587588687,16.991229833439004,14.113842287248612,15.26479730572477,2024-12-17
2025-12-17,Jalisco,El Arenal,MX14009,22643,5661,1.2569649663367006,5.0,88.32361773538244,2.848002580759596,0.456473108793598,0.3007626366937849,0.0,0.0,0.0,0,0.0,0.0,0.19723865877712032,0.4110996916752313,20.0,0.3007626366937849,0.09621879930989022,30.9227480961,11.446732482763853,11.8230250175307,11.67250800362396,2024-12-17
2025-12-17,Jalisco,Atemajac de Brizuela,MX14010,8172,2043,0.7551109693638323,2.0,97.8952520802741,3.4704663282453323,0.3997959923122973,0.29248137766193294,0.0,0.0,0.0,0,0.0,0.0,0.0,0.4110996916752313,20.0,0.29248137766193294,0.6958953059993548,73.2058438155,22.692347449845084,14.389047512094134,17.710367487194514,2024-12-17
2025-12-17,Jalisco,Atengo,MX14011,5826,1457,0.6376852502372005,2.0,137.26835964310226,2.2712108566396543,0.24978338952077894,0.1788321417676713,0.0,0.0,0.0,0,0.0,0.0,0.0,0.4110996916752313,20.0,0.1788321417676713,0.3548680691696949,49.1600672394,12.462325636424037,11.320120497214694,11.77700255289843,2024-12-17
2025-12-17,Jalisco,Atenguillo,MX14012,4336,1084,0.5500361543948739,2.0,184.50184501845018,2.5015911744015966,0.15429755190774763,0.1385126383549577,0.0,0.0,0.0,0,0.0,0.0,0.0,0.4110996916752313,20.0,0.1385126383549577,0.0,17.433915212,4.155379150648731,9.061946110413656,7.099319326507686,2024-12-17
2025-12-17,Jalisco,Atotonilco el Alto,MX14013,67214,16803,2.0,14.0,83.31845503779087,1.5356157650993187,0.49129563448303815,0.2758855973751995,0.0,0.0,0.0,0,0.0,0.0,0.0,0.4110996916752313,20.0,0.2758855973751995,0.14528150005603943,34.3821513723,11.182197922376774,11.436829118936755,11.334976640312764,2024-12-17
2025-12-17,Jalisco,Atoyac,MX14014,9208,2302,0.8015474846077042,3.0,130.32145960034754,5.801241730042108,0.2696656059317139,0.3025194492178608,0.0,0.0,0.0,0,0.0,0.0,0.0,0.4110996916752313,20.0,0.3025194492178608,0.28571960663846285,44.2844200739,14.789975609305081,12.458625873960807,13.391165768098517,2024-12-17
2025-12-17,Jalisco,Autlán de Navarro,MX14015,67890,16973,2.0,21.0,123.72591763388913,4.2303411447157035,0.2906083697539006,0.2623725851757788,0.0,0.0,0.0,0,0.0,0.0,0.0,0.4110996916752313,20.0,0.2623725851757788,0.1037236087467075,31.4519110235,9.945649730207515,11.066883515997047,10.618390001681236,2024-12-17
2025-12-17,Jalisco,Ayotlán,MX14016,43850,10963,1.7492073879859875,9.0,82.0943172489282,0.9174198958272325,0.5004586015802502,0.26054730315406877,0.0,0.0,0.0,0,0.0,0.0,0.0,0.4110996916752313,20.0,0.26054730315406877,0.39812292403557575,52.2099602204,15.778877575333578,12.516976708180866,13.82173705504195,2024-12-17
2025-12-17,Jalisco,Ayutla,MX14017,13468,3367,0.9693891490807848,5.0,148.5001485001485,3.7469081748349478,0.2215728283814866,0.2122774258248311,0.0,0.0,0.0,0,0.0,0.0,0.0,0.4110996916752313,20.0,0.2122774258248311,0.2837617886439192,44.1463746365,12.043558547623318,11.365932503271733,11.636982921012367,2024-12-17
2025-12-17,Jalisco,La Barca,MX14018,71923,17981,2.0,21.0,116.78994494188309,2.4698383537658795,0.3151838132146272,0.21793261572953365,0.0,0.0,0.0,0,0.0,0.0,0.0,0.4110996916752313,20.0,0.21793261572953365,0.24229521633517162,41.222573176,11.383882798589443,11.226461920584425,11.289430271786433,2024-12-17
2025-12-17,Jalisco,Bolaños,MX14019,7510,1878,0.7239763674532176,6.0,319.4888178913738,9.820064982231765,0.03705220706386465,0.3157090309120049,0.0,0.0,0.0,0,0.0,0.0,0.0,0.4110996916752313,20.0,0.3157090309120049,0.4341318767120551,54.7489457831,18.153908461601247,13.358962204658498,15.2769407074356,2024-12-17
2025-12-17,Jalisco,Cabo Corrientes,MX14020,11503,2876,0.8959237238774399,6.0,208.6230876216968,8.908460132861094,0.1222129451673546,0.3289152696664058,0.0,0.0,0.0,0,0.0,0.0,0.4358722894192002,0.4110996916752313,20.0,0.3289152696664058,0.29012708996731684,44.5951910269,16.773781254257408,13.533267379266883,14.829472929263094,2024-12-17
2025-12-17,Jalisco,Casimiro Castillo,MX14021,21450,5362,1.2233197878629523,7.0,130.54830287206266,2.038141690947303,0.2689829547244716,0.18092186774129027,0.0,0.0,0.0,0,0.0,0.0,0.0,0.4110996916752313,20.0,0.18092186774129027,0.22849377473183985,40.2494357096,9.997531526875505,10.713325736708846,10.427008052775511,2024-12-17
2025-12-17,Jalisco,Cihuatlán,MX14022,42124,10531,1.7143970167075937,11.0,104.45351818440794,6.870287921771633,0.3669589177639212,0.3856133792477663,0.0,0.0,0.0,0,0.0,0.0,4.013646397752358,0.4110996916752313,20.0,0.3856133792477663,0.3095078909127255,45.9617282388,27.922518242306733,20.35066715343714,23.37940758898498,2024-12-17
2025-12-17,Jalisco,Zapotlán el Grande,MX14023,120541,30135,2.0,23.0,76.32321221171395,3.8622315251710315,0.5476159491066404,0.3790149856376489,0.0,0.0,0.0,0,0.0,0.0,0.0,0.4110996916752313,20.0,0.3790149856376489,0.03204574608609276,26.3979162546,12.01136449085132,12.108203008236416,12.069467601282376,2024-12-17
2025-12-17,Jalisco,Cocula,MX14024,30755,7689,1.4649119655132452,9.0,117.05033164260632,1.902472565928542,0.31420859720428085,0.1991630990775443,0.0,0.0,0.0,0,0.0,0.0,0.0,0.4110996916752313,20.0,0.1991630990775443,0.20204879726456937,38.3848045275,10.015868917617714,10.799995625407542,10.48634494229161,2024-12-17
2025-12-17,Jalisco,Colotlán,MX14025,20588,5147,1.1985431662908357,10.0,194.28793471925394,2.069378749979377,0.14032026843945936,0.11759705878160186,0.0,0.0,0.0,0,0.0,0.0,0.0,0.4110996916752313,20.0,0.11759705878160186,0.1930330528841405,37.749105816,7.3885728211308646,9.776124419954089,8.821103780424798,2024-12-17
2025-12-17,Jalisco,Concepción de Buenos Aires,MX14026,6732,1683,0.6853598422090883,1.0,59.41770647653001,2.8122762844322473,0.7384763225054353,0.44061305519864824,0.0,0.0,0.0,0,0.0,0.0,0.0,0.4110996916752313,20.0,0.44061305519864824,0.30071923094991554,45.3420412137,19.232776274957757,14.19074726728752,16.207558870355616,2024-12-17
2025-12-17,Jalisco,Cuautitlán de García Barragán,MX14027,19288,4822,1.1600860352861673,8.0,165.9062629614268,5.780786577875059,0.18540084753772965,0.2597279551583032,0.0,0.0,0.0,0,0.0,0.0,1.5051173991571343,0.4110996916752313,20.0,0.2597279551583032,0.4731888685799065,57.5028481075,21.06710066882944,15.423464016608147,17.680918677496667,2024-12-17
2025-12-17,Jalisco,Cuautla,MX14028,2271,568,0.5,2.0,352.11267605633805,11.47037768616328,0.022204543306342337,0.361462297016117,0.0,0.0,0.0,0,0.0,0.0,0.0,0.4110996916752313,20.0,0.361462297016117,0.13947584422606324,33.9727954972,13.633385795004774,12.434721235477884,12.91418705928864,2024-12-17
2025-12-17,Jalisco,Cuquío,MX14029,18667,4667,1.1412886449717712,9.0,192.8433683308335,2.6094038846546095,0.14229426818040203,0.1359849848107504,0.0,0.0,0.0,0,0.0,0.0,0.9762574195563887,0.4110996916752313,20.0,0.1359849848107504,0.2730220433097958,43.3891168902,12.012216273984123,12.044875060075945,12.031811545639219,2024-12-17
2025-12-17,Jalisco,Chapala,MX14030,58677,14669,2.0,17.0,115.89065375962915,3.7380267303489028,0.3185855961213057,0.2604976279047449,0.0,0.0,0.0,0,0.0,0.0,0.0,0.4110996916752313,20.0,0.2604976279047449,0.20398817443775122,38.5215497055,11.89469232589737,11.545706857199859,11.685301044678864,2024-12-17
2025-12-17,Jalisco,Chimaltitán,MX14031,3449,862,0.5,4.0,464.0371229698376,7.76441114049973,0.0,0.2309447499121067,0.0,0.0,0.0,0,0.0,0.0,0.0,0.4110996916752313,20.0,0.2309447499121067,0.5909963518190829,65.8094351335,18.74826953374486,13.126113208194859,15.374975738414859,2024-12-17
2025-12-17,Jalisco,Chiquilistlán,MX14032,6295,1574,0.6627945977154724,2.0,127.06480304955528,1.9593316023036167,0.27973471123853944,0.18375829284144043,0.0,0.0,0.0,0,0.0,0.0,0.0,0.4110996916752313,20.0,0.18375829284144043,0.6279072561866134,68.4120171674,18.07089390897548,12.744430245184516,14.8750157107009,2024-12-17
2025-12-17,Jalisco,Degollado,MX14033,22324,5581,1.2480517890740739,6.0,107.50761512273786,3.126711693098725,0.3530343846161926,0.2580239615623296,0.0,0.0,0.0,0,0.0,0.0,0.7145153799435533,0.4110996916752313,20.0,0.2580239615623296,0.26257930664020895,42.6528011779,14.801708285354593,13.015247392556848,13.729831749675943,2024-12-17
2025-12-17,Jalisco,Ejutla,MX14034,2074,519,0.5,1.0,192.67822736030828,7.3301663137763615,0.14252181858281615,0.28821323240814867,0.0,0.0,0.0,0,0.0,0.0,0.0,0.4110996916752313,20.0,0.28821323240814867,0.001290757820157545,24.2293868922,8.67221212864761,10.864807028152736,9.987769068350685,2024-12-17
2025-12-17,Jalisco,Encarnación de Díaz,MX14035,55736,13934,1.9720344569823158,12.0,86.12028132625234,5.773676423424155,0.47130370627093915,0.40245027801739075,0.0,14.353380221042055,0.0,0,2.0,0.0,1.1038502296008477,0.4110996916752313,20.0,0.40245027801739075,0.18618309519014908,37.2661163815,41.23925126960361,15.023670306692189,25.509902691856762,2024-12-17
2025-12-17,Jalisco,Etzatlán,MX14036,21023,5256,1.2111676828641496,5.0,95.12937595129375,3.7615734592457115,0.4150020479536219,0.3094645868214663,0.0,0.0,0.0,0,0.0,0.0,0.0,0.4110996916752313,20.0,0.3094645868214663,0.19565371398532908,37.9338882161,13.197011884350571,12.091638061938404,12.533787590903273,2024-12-17
2025-12-17,Jalisco,El Grullo,MX14037,27094,6773,1.3748874056353537,9.0,132.88055514543038,1.501854580214498,0.262099555051444,0.16019968998901424,0.0,0.0,0.0,0,0.0,0.0,0.0,0.4110996916752313,20.0,0.16019968998901424,0.21224495768161597,39.1037341872,9.050889853302746,10.383415518430414,9.850405252379346,2024-12-17
2025-12-17,Jalisco,Guachinango,MX14038,4472,1118,0.5585955835449318,3.0,268.33631484794273,13.228145407111073,0.06760084858796228,0.44080001021129545,0.0,0.0,0.0,0,0.0,0.0,0.0,0.4110996916752313,20.0,0.44080001021129545,0.28591735238445476,44.2983630952,18.94234735402796,14.118981334611986,16.048327742378373,2024-12-17
2025-12-17,Jalisco,Guadalajara,MX14039,1462483,365621,2.0,356.0,97.36858659650294,0.15165710455658235,0.40262487206927583,0.20131243603463791,2.461565391484625,4.6496235172487355,1.9145508600435972,9,17.0,2.0,1.913280648877842,0.4110996916752313,20.0,0.20131243603463791,0.009689533081311947,24.8215832086,18.414430954287745,31.809552900926953,26.45150412227127,2024-12-17
2025-12-17,Jalisco,Hostotipaquillo,MX14040,9156,2289,0.7992810053999021,2.0,87.3743993010048,2.918579151624101,0.4627705661804091,0.3061855145319048,0.0,0.0,0.0,0,0.0,0.0,0.0,0.4110996916752313,20.0,0.3061855145319048,0.5607221955654325,63.6748091603,20.400009347265794,13.877631602364183,16.486582700324824,2024-12-17
2025-12-17,Jalisco,Huejúcar,MX14041,6140,1535,0.6545318520112196,4.0,260.58631921824104,3.443370786277672,0.07327538674816472,0.1283479904718749,0.0,0.0,0.0,0,0.0,0.0,14.916467780429594,0.4110996916752313,20.0,0.1283479904718749,0.2643336110273013,42.776496903,24.137111934702276,20.26163839095317,21.811827808452815,2024-12-17
2025-12-17,Jalisco,Huejuquilla el Alto,MX14042,10464,2616,0.8544673365607561,7.0,267.58409785932724,4.5835102754601955,0.0681372173936527,0.16251697924334518,0.0,0.0,0.0,0,0.0,0.0,0.0,0.4110996916752313,20.0,0.16251697924334518,0.38034793872863126,50.9566488154,12.48246815187298,11.251737894717461,11.74402999757967,2024-12-17
2025-12-17,Jalisco,La Huerta,MX14043,24274,6069,1.301473005625026,14.0,230.68050749711648,18.713781422603418,0.09874680991839696,0.5493734049591985,0.0,0.0,0.0,0,0.0,0.0,0.0,0.4110996916752313,20.0,0.5493734049591985,0.12727678352934485,33.1126416553,19.026737819362854,14.62865922731127,16.387890664131906,2024-12-17
2025-12-17,Jalisco,Ixtlahuacán de los Membrillos,MX14044,73085,18271,2.0,12.0,65.67785014503859,1.372547614604467,0.6563448491340834,0.3531557514106925,0.0,5.473154178753216,0.0,0,1.0,0.0,0.5024040031550971,0.4110996916752313,20.0,0.3531557514106925,0.165323088726944,35.7952806223,23.808933148661456,13.312454228434198,17.511045796525103,2024-12-17
2025-12-17,Jalisco,Ixtlahuacán del Río,MX14045,21434,5359,1.2229775207204556,9.0,167.94178018286993,3.953596569307255,0.18166048779804733,0.19898125940909978,0.0,0.0,0.0,0,0.0,0.0,1.3011520777044912,0.4110996916752313,20.0,0.19898125940909978,0.22758035262790138,40.1850304614,13.816017814667486,13.122119979427177,13.3996791135233,2024-12-17
2025-12-17,Jalisco,Jalostotitlán,MX14046,34357,8589,1.548274272716459,9.0,104.78519035976248,3.366524723508719,0.3654074377474612,0.2719378485156661,0.0,0.0,0.0,0,0.0,0.0,0.0,0.4110996916752313,20.0,0.2719378485156661,0.22399989441031282,39.9325729183,12.63813334367624,11.78304810439372,12.125082200106728,2024-12-17
2025-12-17,Jalisco,Jamay,MX14047,26417,6604,1.357625942530763,6.0,90.85402786190188,2.6676404052045326,0.4403284077423151,0.2868785772362259,0.0,0.0,0.0,0,0.0,0.0,0.0,0.4110996916752313,20.0,0.2868785772362259,0.3125432489963965,46.1757508576,14.857222297014708,12.405053621970858,13.385921091988395,2024-12-17
2025-12-17,Jalisco,Jesús María,MX14048,19960,4990,1.1801218970421294,7.0,140.28056112224448,2.745990282597416,0.24177442803581,0.19012621141158434,0.0,0.0,0.0,0,0.0,0.0,0.7449788426008701,0.4110996916752313,20.0,0.19012621141158434,0.21343004506893898,39.1872945116,11.858934711144796,12.006157524050195,11.947268398888037,2024-12-17
2025-12-17,Jalisco,Jilotlán de los Dolores,MX14049,10045,2511,0.8371435824376381,3.0,119.47431302270012,16.69003258668289,0.3053341315101296,0.6526670657550648,0.0,0.0,0.0,0,0.0,0.0,9.7020097020097,0.4110996916752313,20.0,0.6526670657550648,0.41304692979008545,53.2622495077,42.84095056845366,27.297033888165366,33.514600560280684,2024-12-17
2025-12-17,Jalisco,Jocotepec,MX14050,49607,12402,1.860469091766323,13.0,104.82180293501048,3.0285881762975078,0.3652367749456506,0.2609633778381657,0.0,0.0,0.0,0,0.0,0.0,0.28708800180291266,0.4110996916752313,20.0,0.2609633778381657,0.2813873781698069,43.9789553292,14.183656313727111,12.42296348518519,13.127240616601958,2024-12-17
2025-12-17,Jalisco,Juanacatlán,MX14051,33009,8252,1.5175961131345759,3.0,36.354823073194375,4.758925452730383,1.0,0.6341006751353144,0.0,0.0,0.0,0,0.0,0.0,1.8294878127882015,0.4110996916752313,20.0,0.6341006751353144,0.10969888268907718,31.8732266449,25.849902095883397,18.6460997572516,21.527620692704318,2024-12-17
2025-12-17,Jalisco,Juchitlán,MX14052,5771,1443,0.6346141647902183,3.0,207.9002079002079,4.189614023419782,0.12306625917640761,0.17728920276590301,0.0,0.0,0.0,0,0.0,0.0,0.0,0.4110996916752313,20.0,0.17728920276590301,0.29310032070851133,44.8048330566,11.180682497147318,10.992766486887556,11.067932890991461,2024-12-17
2025-12-17,Jalisco,Lagos de Moreno,MX14053,181183,45296,2.0,32.0,70.64641469445425,6.384459262506259,0.6015194240524279,0.4872390487757774,4.415400918403391,11.038502296008478,0.0,2,5.0,2.0,0.7640534068402004,0.4110996916752313,20.0,0.4872390487757774,0.18542402702030028,37.2125946048,37.67703814335354,45.46368380238656,42.349025538773354,2024-12-17
2025-12-17,Jalisco,El Limón,MX14054,5574,1394,0.6237463005024197,3.0,215.20803443328552,1.7174097116621343,0.11470378188768812,0.09344751516127534,0.0,0.0,0.0,0,0.0,0.0,0.0,0.4110996916752313,20.0,0.09344751516127534,0.0,23.5994247363,2.8034254548382602,8.521164632089468,6.234068961188985,2024-12-17
2025-12-17,Jalisco,Magdalena,MX14055,22888,5722,1.2637190218231973,5.0,87.38203425375742,4.734052417838095,0.46271936733986596,0.36465888899261883,0.0,0.0,0.0,0,0.0,0.0,0.0,0.4110996916752313,20.0,0.36465888899261883,0.23027848602157322,40.3752754206,15.545336390210029,12.927093548173458,13.974390684988085,2024-12-17
2025-12-17,Jalisco,Santa María del Oro,MX14056,1895,474,0.5,1.0,210.9704641350211,10.515815826941987,0.11948234033838499,0.37934288566904534,0.0,0.0,0.0,0,0.0,0.0,9.493070058857034,0.4110996916752313,20.0,0.37934288566904534,0.44221578249570237,55.3189407024,35.22460221998541,24.16298799066122,28.587633682390894,2024-12-17
2025-12-17,Jalisco,La Manzanilla de la Paz,MX14057,4324,1081,0.5492745069198056,2.0,185.01387604070305,5.350843806542391,0.1535295692995999,0.2299385119548858,0.0,0.0,0.0,0,0.0,0.0,0.0,0.4110996916752313,20.0,0.2299385119548858,0.16010831804060657,35.4275879653,10.100321719458705,10.959598183815826,10.615887598072977,2024-12-17
2025-12-17,Jalisco,Mascota,MX14058,15082,3770,1.0257635699707839,7.0,185.6763925729443,6.2769819725542675,0.15254216308912427,0.25928723803435105,0.0,0.0,0.0,0,0.0,0.0,0.2179361447096001,0.4110996916752313,20.0,0.25928723803435105,0.20027133426792132,38.2594758925,12.335934508848407,11.880525099545617,12.062688863266732,2024-12-17
2025-12-17,Jalisco,Mazamitla,MX14059,14755,3689,1.0146842599363337,4.0,108.43046896177826,6.302113889057978,0.34898114307319084,0.3583165396355608,0.0,0.0,0.0,0,0.0,0.0,0.0,0.4110996916752313,20.0,0.3583165396355608,0.3037512037813531,45.5558251389,16.824520264693888,13.21834894468766,14.660817472690152,2024-12-17
2025-12-17,Jalisco,Mexticacán,MX14060,5580,1395,0.6239699857527525,2.0,143.36917562724014,2.916495492150784,0.23391174895239306,0.19168896533071494,0.0,0.0,0.0,0,0.0,0.0,0.0,0.4110996916752313,20.0,0.19168896533071494,0.483954583716952,58.2619369805,15.42976063426049,12.119834952707503,13.443805225328697,2024-12-17
2025-12-17,Jalisco,Mezquitic,MX14061,23447,5862,1.2790852857783663,16.0,272.94438758103036,7.393006234501081,0.06437958820378717,0.25116697263764276,0.0,17.059024223814397,0.0,0,1.0,0.0,0.0,0.4110996916752313,20.0,0.25116697263764276,0.7935248514661184,80.0896876379,50.32121340920902,14.381422379136469,28.757338791165488,2024-12-17
2025-12-17,Jalisco,Mixtlán,MX14062,3777,944,0.5132897514704096,2.0,211.864406779661,9.292150780278318,0.11845836352752138,0.33940142675803386,0.0,0.0,0.0,0,0.0,0.0,0.0,0.4110996916752313,20.0,0.33940142675803386,0.005734269405905229,24.5426981919,10.29672819085912,11.501282918280095,11.019461027311706,2024-12-17
2025-12-17,Jalisco,Ocotlán,MX14063,111366,27842,2.0,20.0,71.83391997701314,0.9152364929626238,0.5895388953653237,0.3050170954842302,0.0,0.0,0.0,0,0.0,0.0,0.0,0.4110996916752313,20.0,0.3050170954842302,0.06097992601216782,28.4380607087,10.370111384770263,11.364899226025765,10.966984089523566,2024-12-17
2025-12-17,Jalisco,Ojuelos de Jalisco,MX14064,35646,8912,1.5771179868013971,13.0,145.87073608617595,5.575012796316342,0.2277875799489587,0.27429078854538813,0.0,22.44165170556553,0.0,0,2.0,0.0,4.799866421351369,0.4110996916752313,20.0,0.27429078854538813,0.3332422260177127,47.6352324563,62.04851181180495,20.460790799513422,37.09587920443004,2024-12-17
2025-12-17,Jalisco,Pihuamo,MX14065,11858,2964,0.9095272086265086,7.0,236.16734143049933,11.908210488492232,0.0935903552636909,0.4112632431099141,0.0,0.0,0.0,0,0.0,0.0,3.2527951855394903,0.4110996916752313,20.0,0.4112632431099141,0.2578987420440848,42.3227753079,25.73308931190008,19.1159251961742,21.762790842464554,2024-12-17
2025-12-17,Jalisco,Poncitlán,MX14066,57239,14310,1.9984643839567475,13.0,90.84556254367575,8.63420359932743,0.4403809193736414,0.479162042754642,0.0,0.0,0.0,0,0.0,0.0,0.0,0.4110996916752313,20.0,0.479162042754642,0.2423417453133734,41.2258539269,19.22169618890673,14.361447689776735,16.305547089428735,2024-12-17
2025-12-17,Jalisco,Puerto Vallarta,MX14067,305901,76475,2.0,56.0,73.22654462242564,4.1087217629647,0.5759840023315165,0.40114152853548524,1.3076168682576006,1.3076168682576006,1.3076168682576006,1,1.0,0.0,0.0,0.4110996916752313,20.0,0.40114152853548524,0.16012682704961229,35.4288930326,17.299938665260004,22.956052298773,20.6936068453678,2024-12-17
2025-12-17,Jalisco,Villa Purificación,MX14068,11795,2949,0.9072228542559972,6.0,203.4587995930824,13.068661203716836,0.12844213743344154,0.46608168485551255,0.0,0.0,0.0,0,0.0,0.0,0.0,0.4110996916752313,20.0,0.46608168485551255,0.3043889537059602,45.6007927853,20.07022961978458,14.514719436950116,16.7369235100839,2024-12-17
2025-12-17,Jalisco,Quitupan,MX14069,8058,2014,0.749732485549587,4.0,198.60973187686196,10.566921238409975,0.1345859982986232,0.38854145557687714,0.0,0.0,0.0,0,0.0,0.0,15.188912094171256,0.4110996916752313,20.0,0.38854145557687714,0.4397895626089185,55.1478683216,35.45203491948468,24.261239730121286,28.737557805866643,2024-12-17
2025-12-17,Jalisco,El Salto,MX14070,220781,55195,2.0,17.0,30.799891294501315,1.2554440968486518,1.0,0.5212099660599611,3.6235166228825073,9.058791557206268,3.6235166228825073,2,5.0,0.0,1.2323800261406959,0.4110996916752313,20.0,0.5212099660599611,0.22554358340974823,40.0414181857,37.56093874859226,44.41249100364003,41.67187010162092,2024-12-17
2025-12-17,Jalisco,San Cristóbal de la Barranca,MX14071,3155,789,0.5,1.0,126.74271229404309,8.087037865368945,0.280758688049403,0.3817199134196204,0.0,0.0,0.0,0,0.0,0.0,0.15779092702169628,0.4110996916752313,20.0,0.3817199134196204,0.266377290134718,42.9205963939,17.178725121884973,13.578707806264534,15.018714732512711,2024-12-17
2025-12-17,Jalisco,San Diego de Alejandría,MX14072,8052,2013,0.7495463322293868,1.0,49.67709885742673,4.000100170128421,0.9074324962979301,0.5633657230307302,0.0,0.0,0.0,0,0.0,0.0,1.1174682639013052,0.4110996916752313,20.0,0.5633657230307302,0.26931345282800595,43.1276247614,25.117061948609752,17.393297858081443,20.482803494292767,2024-12-17
2025-12-17,Jalisco,San Juan de los Lagos,MX14073,76021,19005,2.0,16.0,84.18837148118917,3.9293405995075523,0.4849460639906741,0.34984246103417316,0.0,5.261773217574323,0.0,0,1.0,0.0,0.6307715597719129,0.4110996916752313,20.0,0.34984246103417316,0.16907187105175678,36.0596066716,23.77606509914094,13.508153077467936,17.615317886137138,2024-12-17
2025-12-17,Jalisco,San Julián,MX14074,17629,4407,1.1090423262366116,4.0,90.76469253460404,1.3353973738474478,0.4408830618481995,0.24422778645628512,0.0,0.0,0.0,0,0.0,0.0,0.0,0.4110996916752313,20.0,0.24422778645628512,0.14726993396943502,34.5223555333,10.272232273077254,11.06687755747676,10.749019443716957,2024-12-17
2025-12-17,Jalisco,San Marcos,MX14075,4023,1006,0.5298776313587369,1.0,99.40357852882704,5.589070335248447,0.39186017202810436,0.3567800527548174,0.0,0.0,0.0,0,0.0,0.0,0.0,0.4110996916752313,20.0,0.3567800527548174,0.29316665689746535,44.8095104108,16.56673472059383,13.1469883676993,14.514886908857111,2024-12-17
2025-12-17,Jalisco,San Martín de Bolaños,MX14076,3233,808,0.5,3.0,371.28712871287127,4.897066710710945,0.014695380026675923,0.1458996132021938,0.0,0.0,0.0,0,0.0,0.0,0.0,0.4110996916752313,20.0,0.1458996132021938,0.15241252306441086,34.8849586777,7.4252388573540316,9.912652423902543,8.91768699728314,2024-12-17
2025-12-17,Jalisco,San Martín Hidalgo,MX14077,30072,7518,1.4485308753706416,9.0,119.71268954509178,2.454076437109034,0.30448081750107664,0.21207323049816434,0.0,0.0,0.0,0,0.0,0.0,0.0,0.4110996916752313,20.0,0.21207323049816434,0.1974924608464605,38.0635379667,10.31204613187414,10.932135520364438,10.68409976496832,2024-12-17
2025-12-17,Jalisco,San Miguel el Alto,MX14078,33628,8407,1.531782556607056,7.0,83.2639467110741,5.640004118444453,0.4916979110873061,0.40834013293086113,0.0,0.0,0.0,0,0.0,0.0,0.0,0.4110996916752313,20.0,0.40834013293086113,0.19936170869355277,38.195338337,16.23743816179689,13.296684588792262,14.472986017994113,2024-12-17
2025-12-17,Jalisco,Gómez Farías,MX14079,17414,4353,1.1022267062511264,4.0,91.89065012634964,2.204750573881326,0.4339712183748702,0.2687845438862982,0.0,0.0,0.0,0,0.0,0.0,0.0,0.4110996916752313,20.0,0.2687845438862982,0.23948903387647266,41.0247096943,12.8533169941184,11.822654146172106,12.234919285350623,2024-12-17
2025-12-17,Jalisco,San Sebastián del Oeste,MX14080,5340,1335,0.6104038002258589,2.0,149.81273408239701,11.198852888864137,0.21855209678943888,0.45088688294288287,0.0,0.0,0.0,0,0.0,0.0,0.16345210853220007,0.4110996916752313,20.0,0.45088688294288287,0.3098868490362116,45.9884485162,20.138261480855306,14.635816631879543,16.83679457146985,2024-12-17
2025-12-17,Jalisco,Santa María de los Ángeles,MX14081,3643,911,0.5042382471411593,3.0,329.3084522502744,5.389895665519785,0.032273648613167824,0.17056889769741884,0.0,0.0,0.0,0,0.0,0.0,14.916467780429594,0.4110996916752313,20.0,0.17056889769741884,0.4322411829510626,54.6156332648,28.761890589943818,21.607827137278505,24.46945251834463,2024-12-17
2025-12-17,Jalisco,Sayula,MX14082,39054,9763,1.6507003393657982,7.0,71.69927276451911,2.105268993703614,0.5908773793395238,0.3440320853674414,0.0,0.0,0.0,0,0.0,0.0,0.0,0.4110996916752313,20.0,0.3440320853674414,0.19598926518838364,37.9575478784,14.240747864790915,12.508125800505379,13.201174626219595,2024-12-17
2025-12-17,Jalisco,Tala,MX14083,89558,22390,2.0,18.0,80.39303260384101,4.505378475903571,0.5136565249202699,0.3827590359774951,0.0,0.0,0.0,0,0.0,0.0,0.39979580681841,0.4110996916752313,20.0,0.3827590359774951,0.0588312421296273,28.2865573477,13.671818991819116,12.962007805800052,13.245932280207679,2024-12-17
2025-12-17,Jalisco,Talpa de Allende,MX14084,15665,3916,1.0454371707736272,7.0,178.7538304392237,2.772794052660227,0.1632207784024162,0.1517130694009065,0.0,0.0,0.0,0,0.0,0.0,0.2179361447096001,0.4110996916752313,20.0,0.1517130694009065,0.31852221236981204,46.5973266202,11.473727011882886,11.180889466453735,11.298024484625396,2024-12-17
2025-12-17,Jalisco,Tamazula de Gordiano,MX14085,40674,10168,1.6845905677539783,11.0,108.18253343823761,6.4713844054665595,0.3500633003846717,0.3643119269294321,0.0,0.0,0.0,0,0.0,0.0,0.0,0.4110996916752313,20.0,0.3643119269294321,0.10616811468355174,31.6242727508,13.052720101553996,12.302378146725108,12.602514928656664,2024-12-17
2025-12-17,Jalisco,Tapalpa,MX14086,22456,5614,1.25173616521037,5.0,89.06305664410402,0.6593784851112191,0.451660417782539,0.22783348802209807,0.0,0.0,0.0,0,0.0,0.0,0.0,0.4110996916752313,20.0,0.22783348802209807,0.3184738196844124,46.5939144596,13.20448103435119,11.726165404841403,12.317491656645318,2024-12-17
2025-12-17,Jalisco,Tecalitlán,MX14087,17677,4419,1.1105512280585432,4.0,90.51821679112922,19.44339679427923,0.44241902706449493,0.7212095135322475,0.0,0.0,0.0,0,0.0,0.0,0.0,0.4110996916752313,20.0,0.7212095135322475,0.21617902606061784,39.3811247269,25.95986592717978,17.135203742844222,20.66506861657845,2024-12-17
2025-12-17,Jalisco,Tecolotlán,MX14088,17315,4329,1.0991839766195461,6.0,138.6001386001386,6.9305218688779195,0.24619947068275627,0.3271745403041063,0.0,0.0,0.0,0,0.0,0.0,0.0,0.4110996916752313,20.0,0.3271745403041063,0.19148678119702756,37.6400784437,13.64497183306374,12.283322839788577,12.827982437098642,2024-12-17
2025-12-17,Jalisco,Techaluta de Montenegro,MX14089,4360,1090,0.5515562940630027,2.0,183.4862385321101,3.5441664972938827,0.155833517124043,0.17287493915982788,0.0,0.0,0.0,0,0.0,0.0,0.0,0.4110996916752313,20.0,0.17287493915982788,0.28320716442398397,44.1072681704,10.850391463274518,10.890329542192017,10.874354310625018,2024-12-17
2025-12-17,Jalisco,Tenamaxtlán,MX14090,7611,1903,0.7287792353495259,4.0,210.19442984760903,0.8817639548080072,0.12037832004789066,0.06935824105635348,0.0,0.0,0.0,0,0.0,0.0,0.0,0.4110996916752313,20.0,0.06935824105635348,0.25407162044994847,42.0529255691,7.162179640689574,9.502451445080148,8.566342723323919,2024-12-17
2025-12-17,Jalisco,Teocaltiche,MX14091,41669,10417,1.7050924367009166,13.0,124.7960065277911,4.589897704249221,0.2870600838085637,0.27218423097583744,0.0,9.599692809830085,-9.599692809830085,0,1.0,1.0,0.0,0.4110996916752313,20.0,0.27218423097583744,0.2455265273300122,41.4504124036,28.22244085024799,11.893637858514275,18.425159055207764,2024-12-17
2025-12-17,Jalisco,Teocuitatlán de Corona,MX14092,11475,2869,0.8948327491199526,4.0,139.42140118508192,4.063669393467495,0.24402351995967106,0.23370959018852985,0.0,0.0,0.0,0,0.0,0.0,0.0,0.4110996916752313,20.0,0.23370959018852985,0.29424059134810454,44.8852333592,12.896099532617988,11.675512489157045,12.163747306541422,2024-12-17
2025-12-17,Jalisco,Tepatitlán de Morelos,MX14093,157579,39395,2.0,30.0,76.15179591318696,3.3747498669151,0.5491259438965732,0.36406213575968727,0.0,0.0,0.0,0,0.0,0.0,0.5857544517338332,0.4110996916752313,20.0,0.36406213575968727,0.06801781163125317,28.9343009115,13.765555823495099,13.097519482812956,13.364734019085814,2024-12-17
2025-12-17,Jalisco,Tequila,MX14094,46653,11663,1.80418776657794,10.0,85.74123295892996,10.171730373727437,0.4739319134188224,0.5454804001931899,0.0,0.0,0.0,0,0.0,0.0,0.06574621959237344,0.4110996916752313,20.0,0.5454804001931899,0.23280122422282104,40.5531532925,21.18692895550295,15.220560350420437,17.60710779245344,2024-12-17
2025-12-17,Jalisco,Teuchitlán,MX14095,10128,2532,0.8406368942314301,6.0,236.96682464454977,1.184121978165133,0.0928589432559312,0.06534126517519967,0.0,39.494470774091624,0.0,0,1.0,0.0,0.0,0.4110996916752313,20.0,0.06534126517519967,0.0,21.2274222647,36.960237955255984,8.183889632256559,19.694428961456328,2024-12-17
2025-12-17,Jalisco,Tizapán el Alto,MX14096,23808,5952,1.2888668604553013,7.0,117.60752688172043,5.5481669475549875,0.31213626318229504,0.31560009147780266,0.0,0.0,0.0,0,0.0,0.0,0.0,0.4110996916752313,20.0,0.31560009147780266,0.41400526308672486,53.329821437,17.748108006068577,13.25702186332142,15.053456320420283,2024-12-17
2025-12-17,Jalisco,Tlajomulco de Zúñiga,MX14097,796173,199043,2.0,73.0,36.67549223032209,1.3932763689585785,1.0,0.5256512578355929,2.0096160126203886,7.03365604417136,-0.5024040031550969,4,14.0,5.0,0.75207972665715,0.4110996916752313,20.0,0.5256512578355929,0.14533386569886134,34.3858436655,31.678438200406546,30.983251374841075,31.261326105067266,2024-12-17
2025-12-17,Jalisco,San Pedro Tlaquepaque,MX14098,748052,187013,2.0,75.0,40.10416388165529,0.36765043391585,1.0,0.5,1.6041665552662114,8.020832776331057,-1.0694443701774743,3,15.0,5.0,2.0398780397544374,0.4110996916752313,20.0,0.5,0.04562185560022618,27.355165591,33.73338305216589,29.268312937812276,31.05434098355372,2024-12-17
2025-12-17,Jalisco,Tolimán,MX14099,11810,2952,0.9076841931387285,3.0,101.6260162601626,5.742306840157903,0.3805964271086047,0.35608583399955074,0.0,0.0,0.0,0,0.0,0.0,0.0,0.4110996916752313,20.0,0.35608583399955074,0.312040990980907,46.1403367243,16.92339483960466,13.233029413053307,14.70917558367385,2024-12-17
2025-12-17,Jalisco,Tomatlán,MX14100,37972,9493,1.627714890061162,15.0,158.011166122406,10.104273885366135,0.2008202316813175,0.4067509468432247,0.0,0.0,0.0,0,0.0,0.0,0.0,0.4110996916752313,20.0,0.4067509468432247,0.3135104768683531,46.243949942,18.4727379426638,13.848358196614626,15.698110095034295,2024-12-17
2025-12-17,Jalisco,Tonalá,MX14101,608023,152006,2.0,53.0,34.86704472191887,2.6925648548342207,1.0,0.5675174998858602,1.3157375366761839,3.9472126100285516,-0.6578687683380919,2,6.0,3.0,2.7093586173943356,0.4110996916752313,20.0,0.5675174998858602,0.1846434438837796,37.1575558112,33.80734638937473,29.710919437053928,31.349490217982247,2024-12-17
2025-12-17,Jalisco,Tonaya,MX14102,6242,1560,0.6598403886873857,1.0,64.1025641025641,8.550434070413813,0.6755017486373234,0.5940231989753914,0.0,0.0,0.0,0,0.0,0.0,0.0,0.4110996916752313,20.0,0.5940231989753914,0.06690125569379647,28.8555727288,19.15872108313767,14.862579116327842,16.58103590305177,2024-12-17
2025-12-17,Jalisco,Tonila,MX14103,7871,1968,0.7411210402599135,3.0,152.4390243902439,2.3061720083354316,0.2126642301269732,0.1613990955967429,0.0,0.0,0.0,0,0.0,0.0,3.067861087249969,0.4110996916752313,20.0,0.1613990955967429,0.06896700901321731,29.0012286689,13.990212288764198,14.86068480277954,14.512495797173402,2024-12-17
2025-12-17,Jalisco,Totatiche,MX14104,4320,1080,0.5490203896233364,2.0,185.1851851851852,5.701253368198595,0.15327357509688397,0.24110156505870206,0.0,0.0,0.0,0,0.0,0.0,0.0,0.4110996916752313,20.0,0.24110156505870206,0.18468874520215997,37.16075,10.926821855804262,11.216456956869388,11.10060291644334,2024-12-17
2025-12-17,Jalisco,Tototlán,MX14105,24864,6216,1.3171404847837733,4.0,64.35006435006434,4.743353051234207,0.6724298182047327,0.46981380350350965,0.0,0.0,0.0,0,0.0,0.0,1.1715089034676665,0.4110996916752313,20.0,0.46981380350350965,0.24468962286317683,41.3914024019,21.954877598527663,16.23878889728472,18.525224377781896,2024-12-17
2025-12-17,Jalisco,Tuxcacuesco,MX14106,5833,1458,0.6379040477218468,2.0,137.17421124828533,6.354081761500808,0.2500393837234948,0.3105201914832966,0.0,0.0,0.0,0,0.0,0.0,0.0,0.4110996916752313,20.0,0.3105201914832966,0.1760978883702386,36.5550100424,12.83756351190367,12.006526189804916,12.338941118644419,2024-12-17
2025-12-17,Jalisco,Tuxcueca,MX14107,7108,1777,0.7042393853778611,3.0,168.82386043894203,4.4968626060011605,0.1800676349811484,0.2156901889221169,0.0,0.0,0.0,0,0.0,0.0,0.0,0.4110996916752313,20.0,0.2156901889221169,0.3355930744166082,47.8009904054,13.182567155995672,11.666042089302607,12.272652115979833,2024-12-17
2025-12-17,Jalisco,Tuxpan,MX14108,39552,9888,1.6612340523272986,6.0,60.679611650485434,6.413478176213854,0.7205567283153221,0.5476927610409247,0.0,0.0,0.0,0,0.0,0.0,1.3634938165555417,0.4110996916752313,20.0,0.5476927610409247,0.19360755671890473,37.7896139906,23.75577807253808,17.242041437527952,19.847536091532003,2024-12-17
2025-12-17,Jalisco,Unión de San Antonio,MX14109,20308,5077,1.1903650786099147,5.0,98.48335631278314,2.8394250272247823,0.3966728630391633,0.27058612413375926,0.0,19.696671262556627,-19.696671262556627,0,1.0,1.0,2.6269591059284023,0.4110996916752313,20.0,0.27058612413375926,0.14580587570300338,34.4191250163,48.7634655890063,15.810777940538031,28.991852999925342,2024-12-17
2025-12-17,Jalisco,Unión de Tula,MX14110,14412,3603,1.002787073409259,6.0,166.5278934221482,3.7982721954597443,0.18424887362550815,0.1952705223919507,0.0,0.0,0.0,0,0.0,0.0,0.0,0.4110996916752313,20.0,0.1952705223919507,0.18283270380219613,37.0298808142,9.514769747802443,10.657204237868553,10.200230441842109,2024-12-17
2025-12-17,Jalisco,Valle de Guadalupe,MX14111,7031,1758,0.7004643410270907,1.0,56.882821387940844,5.912738044203183,0.7768754529128203,0.5597170557246376,0.0,0.0,0.0,0,0.0,0.0,0.0,0.4110996916752313,20.0,0.5597170557246376,0.02587853043570049,25.9630668537,17.309082280453136,14.245791771028319,15.471107974798246,2024-12-17
2025-12-17,Jalisco,Valle de Juárez,MX14112,6449,1612,0.6707475803121153,4.0,248.13895781637717,10.652826594490396,0.08313116355272693,0.3655821181724461,0.0,0.0,0.0,0,0.0,0.0,0.0,0.4110996916752313,20.0,0.3655821181724461,0.2892793351769148,44.5354159706,16.75305024871168,13.23317654410809,14.641126025949525,2024-12-17
2025-12-17,Jalisco,San Gabriel,MX14113,17412,4353,1.1022267062511264,10.0,229.72662531587412,5.3886809651320355,0.0996683890481742,0.20422712730757817,0.0,0.0,0.0,0,0.0,0.0,0.0,0.4110996916752313,20.0,0.20422712730757817,0.21432385325996287,39.2503167859,10.413290884426601,10.922139244144915,10.718599900257589,2024-12-17
2025-12-17,Jalisco,Villa Corona,MX14114,20025,5006,1.1820123618455434,8.0,159.8082301238514,3.0549223038546804,0.19717658086266113,0.17778183057639768,0.0,0.0,0.0,0,0.0,0.0,0.0,0.4110996916752313,20.0,0.17778183057639768,0.25253996986353866,41.9449291283,10.384254314562705,10.79587626638863,10.63122748565826,2024-12-17
2025-12-17,Jalisco,Villa Guerrero,MX14115,5756,1439,0.6337339782850884,3.0,208.47810979847117,5.553991523796807,0.12238360796916521,0.22091144591524195,0.0,69.49270326615705,-69.49270326615705,0,1.0,1.0,0.0,0.4110996916752313,20.0,0.22091144591524195,0.3583987505419245,49.409015025,48.79531838829575,11.84272555384669,26.62376268762631,2024-12-17
2025-12-17,Jalisco,Villa Hidalgo,MX14116,21061,5265,1.2122041979728626,5.0,94.9667616334283,0.3243536990396203,0.4159236270833991,0.20796181354169954,0.0,0.0,0.0,0,0.0,0.0,0.0,0.4110996916752313,20.0,0.20796181354169954,0.29414409954341497,44.8784297373,12.121736397119285,11.366056710371634,11.668328585070695,2024-12-17
2025-12-17,Jalisco,Cañadas de Obregón,MX14117,4578,1144,0.5650535504990846,2.0,174.82517482517483,1.981125795643896,0.16965720407070173,0.12942180129062159,0.0,0.0,0.0,0,0.0,0.0,0.0,0.4110996916752313,20.0,0.12942180129062159,0.1164856585495036,32.3517611383,6.21236720970872,9.535284358389141,8.206117498916973,2024-12-17
2025-12-17,Jalisco,Yahualica de González Gallo,MX14118,23269,5817,1.2741663393969154,10.0,171.909919202338,5.123420945390312,0.17462349160339016,0.2331573541737939,0.0,0.0,0.0,0,0.0,0.0,0.0,0.4110996916752313,20.0,0.2331573541737939,0.21964342966977957,39.6253992779,11.38758921860941,11.29589984858859,11.332575596596916,2024-12-17
2025-12-17,Jalisco,Zacoalco de Torres,MX14119,32507,8127,1.506058098604352,9.0,110.74197120708749,0.624028253724087,0.3391253662686286,0.1704268916431253,0.0,0.0,0.0,0,0.0,0.0,0.0,0.4110996916752313,20.0,0.1704268916431253,0.3649482276858501,49.8708176234,12.41177130301076,11.269658288300919,11.726503494184854,2024-12-17
2025-12-17,Jalisco,Zapopan,MX14120,1521002,380250,2.0,290.0,76.26561472715319,0.7911587456601895,0.5481225643204108,0.2803108425023019,0.7889546351084813,2.6298487836949374,0.2629848783694938,3,10.0,2.0,0.6750386621523583,0.4110996916752313,20.0,0.2803108425023019,0.03485587959463418,26.5960583242,14.965249430359645,18.07591797431489,16.831650556732793,2024-12-17
2025-12-17,Jalisco,Zapotiltic,MX14121,35528,8882,1.5744612641781417,8.0,90.06980409817609,7.601286336220863,0.44523496329436985,0.44830595274624657,0.0,0.0,0.0,0,0.0,0.0,0.0,0.4110996916752313,20.0,0.44830595274624657,0.15612489542391528,35.1467174661,16.571676490865702,13.560090360228699,14.764724812483498,2024-12-17
2025-12-17,Jalisco,Zapotitlán de Vadillo,MX14122,7876,1969,0.7413093092938815,2.0,101.57440325038091,6.082480097126294,0.3808524213113206,0.367175042617894,0.0,0.0,0.0,0,0.0,0.0,0.0,0.4110996916752313,20.0,0.367175042617894,0.3330276261210546,47.6201010515,17.67580380095791,13.471033092174164,15.152941375687663,2024-12-17
2025-12-17,Jalisco,Zapotlán del Rey,MX14123,20410,5102,1.193292258258584,4.0,78.40062720501764,0.940299645361411,0.5298410472919753,0.2759757673096584,0.0,0.0,0.0,0,0.0,0.0,0.9762574195563887,0.4110996916752313,20.0,0.2759757673096584,0.20526574175437018,38.6116307751,14.85681371784285,13.385982942285713,13.974315252508568,2024-12-17
2025-12-17,Jalisco,Zapotlanejo,MX14124,68287,17072,2.0,16.0,93.72071227741331,1.1035011035487117,0.4230914647594443,0.22785972483221273,5.857544517338332,5.857544517338332,5.857544517338332,1,1.0,0.0,0.41970032535120094,0.4110996916752313,20.0,0.22785972483221273,0.19703495616627667,38.031279384,21.081345606897575,41.827838119171886,33.529241114262156,2024-12-17
2025-12-17,Jalisco,San Ignacio Cerro Gordo,MX14125,19549,4887,1.1678787744048074,4.0,81.84980560671168,4.080993662192248,0.502321670500016,0.36341689562518115,0.0,0.0,0.0,0,0.0,0.0,0.0,0.4110996916752313,20.0,0.36341689562518115,0.21231207748457992,39.1084667939,15.148748418447033,12.822357585079235,13.752913918426355,2024-12-17
2025-12-17,México,Acambay de Ruíz Castañeda,MX15001,71859,17965,2.0,27.0,150.29223490119676,0.4327358914728516,0.21746175111120453,0.10873087555560226,0.0,0.0,0.0,0,0.0,0.0,0.0,0.32887975334018504,16.0,0.10873087555560226,0.5892766595404827,65.6881799027,15.047459457477725,10.170989364492971,12.121577401686872,2024-12-17
2025-12-17,México,Acolman,MX15002,186832,46708,2.0,30.0,64.2288258970626,0.4595478091789625,0.6739316508606659,0.33696582543033293,0.0,0.0,0.0,0,0.0,0.0,1.7410373208984957,0.32887975334018504,16.0,0.33696582543033293,0.43292702977399306,54.6639922159,23.176431908227833,15.06733831404928,18.310975751720704,2024-12-17
2025-12-17,México,Aculco,MX15003,51935,12984,1.903622587642301,23.0,177.14109673444239,1.8403173296011852,0.16582842121268998,0.1229702178629519,0.0,0.0,0.0,0,0.0,0.0,0.0,0.32887975334018504,16.0,0.1229702178629519,0.34884998090785313,48.7357327871,10.666106154045622,9.13972807901802,9.750279309029061,2024-12-17
2025-12-17,México,Almoloya de Alquisiras,MX15004,16316,4079,1.0669730465191356,7.0,171.61068889433685,3.7285225572792617,0.1751427941288996,0.18846997928567227,0.0,0.0,0.0,0,0.0,0.0,0.0,0.32887975334018504,16.0,0.18846997928567227,0.47084545314193327,57.3376142553,15.071008441408834,10.535702577261063,12.349824922920172,2024-12-17
2025-12-17,México,Almoloya de Juárez,MX15005,186083,46521,2.0,34.0,73.08527331742654,2.1984204607352904,0.5773355011370314,0.3402627135920669,0.0,4.299133724554502,-4.299133724554502,0,2.0,2.0,2.256114069127335,0.32887975334018504,16.0,0.3402627135920669,0.5834765304311615,65.2792137158,34.37385121675627,16.729218347000796,23.78707149490299,2024-12-17
2025-12-17,México,Almoloya del Río,MX15006,13716,3429,0.9782736108090409,2.0,58.326042578011084,0.49876352179159134,0.7546039572765371,0.37730197863826853,0.0,0.0,0.0,0,0.0,0.0,0.0,0.32887975334018504,16.0,0.37730197863826853,0.5404602370671957,62.2461416686,22.12826410049197,13.149760489118531,16.741161933667907,2024-12-17
2025-12-17,México,Amanalco,MX15007,25326,6332,1.329373597344754,9.0,142.1351863550221,2.112105917181569,0.2370121231852856,0.1673197596298865,15.792798483891346,31.585596967782692,0.0,1,2.0,1.0,0.0,0.32887975334018504,16.0,0.1673197596298865,0.6263500630837308,68.3022197278,52.5465940505712,41.05942299110062,45.65429141488885,2024-12-17
2025-12-17,México,Amatepec,MX15008,26560,6640,1.3613212868777946,16.0,240.96385542168676,2.6018729811437558,0.08927502441790859,0.10923269886169262,0.0,0.0,0.0,0,0.0,0.0,1.1786892975011787,0.32887975334018504,16.0,0.10923269886169262,0.5440026566603159,62.4959171143,17.141888408893475,11.940544102989474,14.021081825351073,2024-12-17
2025-12-17,México,Amecameca,MX15009,56794,14199,1.9906984372154164,12.0,84.51299387280794,5.344109226191705,0.48261011689089156,0.394261781155991,0.0,0.0,0.0,0,0.0,0.0,0.0,0.32887975334018504,16.0,0.394261781155991,0.504986233402748,59.7448752762,21.927578102734692,13.175908101008963,16.676576101699254,2024-12-17
2025-12-17,México,Apaxco,MX15010,33684,8421,1.5330574486767752,6.0,71.25044531528322,2.1841529511798488,0.5953755631872462,0.3488230106820274,0.0,11.87507421921387,-11.87507421921387,0,1.0,1.0,0.0,0.32887975334018504,16.0,0.3488230106820274,0.405606808931098,52.7376477617,37.313303830853314,12.133745732963149,22.205568972119217,2024-12-17
2025-12-17,México,Atenco,MX15011,89611,22403,2.0,10.0,44.63687898942106,4.653508747702698,1.0,0.630703891944508,4.463687898942106,4.463687898942106,4.463687898942106,1,1.0,0.0,1.5141090983811256,0.32887975334018504,16.0,0.630703891944508,0.6262081524224595,68.2922136295,42.32233579696837,49.17549287595438,46.43423004435998,2024-12-17
2025-12-17,México,Atizapán,MX15012,14585,3646,1.008753206180593,3.0,82.28195282501372,1.1536525422381925,0.49903641156516176,0.2674481998345376,0.0,0.0,0.0,0,0.0,0.0,0.0,0.32887975334018504,16.0,0.2674481998345376,0.5481416418820797,62.7877563082,18.986278832677723,11.86992216754818,14.716464833599996,2024-12-17
2025-12-17,México,Atizapán de Zaragoza,MX15013,561024,140256,2.0,86.0,61.31644992014602,0.982157030889143,0.711793391887466,0.3683006865971182,0.0,0.7129819758156514,0.0,0,1.0,0.0,0.1669780520718971,0.32887975334018504,16.0,0.3683006865971182,0.20095158754973774,38.3074404439,16.615841359843195,11.626099694614272,13.62199636070584,2024-12-17
2025-12-17,México,Atlacomulco,MX15014,115347,28837,2.0,39.0,135.24291708568853,1.013256199614064,0.25536931430311816,0.14109073882595577,0.0,0.0,0.0,0,0.0,0.0,0.0,0.32887975334018504,16.0,0.14109073882595577,0.4580870953840026,56.438024466,13.394464072458726,9.903359902954815,11.29980157075638,2024-12-17
2025-12-17,México,Atlautla,MX15015,33868,8467,1.5372389354019658,5.0,59.05279319711823,6.141497691823103,0.7438010019219258,0.5505510236806084,0.0,11.810558639423645,0.0,0,1.0,0.0,0.0,0.32887975334018504,16.0,0.5505510236806084,0.7297836043058381,75.5953023737,49.74688752676292,16.17536586581982,29.603974530197064,2024-12-17
2025-12-17,México,Axapusco,MX15016,31536,7884,1.4833714079831017,9.0,114.15525114155251,2.2043773714843513,0.32530167932196996,0.21443774886893108,0.0,0.0,0.0,0,0.0,0.0,0.0,0.32887975334018504,16.0,0.21443774886893108,0.5495577029015246,62.8876025469,17.424286524098427,11.240877061058127,13.714240846274246,2024-12-17
2025-12-17,México,Ayapango,MX15017,11035,2759,0.8775107512821055,3.0,108.73504893077202,1.7409611850460383,0.3476585063591586,0.2106837632765129,0.0,0.0,0.0,0,0.0,0.0,0.0,0.32887975334018504,16.0,0.2106837632765129,0.33535316623177125,47.7840745172,13.027576222930811,10.124806550600342,11.28591441953253,2024-12-17
2025-12-17,México,Calimaya,MX15018,73842,18461,2.0,8.0,43.33459725908672,1.7460221655077977,1.0,0.5370175872236279,0.0,0.0,0.0,0,0.0,0.0,0.19377741950485994,0.32887975334018504,16.0,0.5370175872236279,0.37604344101706383,50.653139362,24.122108762159243,14.57140536196494,18.39168672204266,2024-12-17
2025-12-17,México,Capulhuac,MX15019,39591,9898,1.6620738653592178,8.0,80.8244089715094,1.4254758972577735,0.5102574907842089,0.281817550516335,0.0,0.0,0.0,0,0.0,0.0,2.450042209093478,0.32887975334018504,16.0,0.281817550516335,0.5089965354982052,60.0276410432,24.838822585008455,15.982872416846577,19.525252484111327,2024-12-17
2025-12-17,México,Coacalco de Berriozábal,MX15020,313230,78308,2.0,26.0,33.20222710323338,0.5533973581733357,1.0,0.5,1.2770087347397456,3.8310262042192367,0.0,1,3.0,1.0,0.3564315978343825,0.32887975334018504,16.0,0.5,0.06350967132456775,28.6164326509,23.217391504215755,22.54833277129016,22.815956264460397,2024-12-17
2025-12-17,México,Coatepec Harinas,MX15021,40983,10246,1.6910395760870964,14.0,136.63868826859263,3.4486458271109615,0.2515022077390142,0.2176313756409401,0.0,0.0,0.0,0,0.0,0.0,0.0,0.32887975334018504,16.0,0.2176313756409401,0.36797401402490854,50.08416534,13.888421549726374,10.371282137939154,11.778137902654041,2024-12-17
2025-12-17,México,Cocotitlán,MX15022,16756,4189,1.0812640807315352,3.0,71.616137502984,0.9315651434151312,0.5917063129483183,0.30662695319464,0.0,0.0,0.0,0,0.0,0.0,0.0,0.32887975334018504,16.0,0.30662695319464,0.38551414352821645,51.3209170994,16.90909146640353,11.526929716100092,13.679794416221469,2024-12-17
2025-12-17,México,Coyotepec,MX15023,45375,11344,1.7793431257776067,4.0,35.26093088857546,1.7365032836297771,1.0,0.5367108656470995,0.0,0.0,0.0,0,0.0,0.0,0.0,0.32887975334018504,16.0,0.5367108656470995,0.42490649023930077,54.0984652408,24.599455774198997,14.484898399085028,18.530721349130616,2024-12-17
2025-12-17,México,Cuautitlán,MX15024,196389,49097,2.0,30.0,61.103529747235065,1.1768534718516435,0.7147029942132185,0.3760290816633285,0.0,0.0,0.0,0,0.0,0.0,0.0,0.32887975334018504,16.0,0.3760290816633285,0.14153861592626416,34.1182412038,14.111644768425135,11.139877619714593,12.32858447919881,2024-12-17
2025-12-17,México,Chalco,MX15025,429398,107350,2.0,54.0,50.30274802049371,1.1213306073822702,0.8946138236286008,0.46419541433999373,0.0,2.7945971122496505,-2.7945971122496505,0,3.0,3.0,0.6965891074606932,0.32887975334018504,16.0,0.46419541433999373,0.4813775201649017,58.0802286367,29.726732383480876,15.073073267995374,20.934536914189575,2024-12-17
2025-12-17,México,Chapa de Mota,MX15026,33603,8401,1.5312358493539253,10.0,119.03344839900012,3.172815345078138,0.30692129556696823,0.2364529890828438,0.0,0.0,0.0,0,0.0,0.0,0.0,0.32887975334018504,16.0,0.2364529890828438,0.6073198946813756,66.9604055611,19.239987566112827,11.793870902524334,14.77231756795973,2024-12-17
2025-12-17,México,Chapultepec,MX15027,14032,3508,0.9894785597790131,2.0,57.01254275940707,1.0324348084285737,0.7748274992910932,0.4014378128440961,0.0,0.0,0.0,0,0.0,0.0,0.3875548390097199,0.32887975334018504,16.0,0.4014378128440961,0.2569783090266882,42.2578757213,18.164125216074908,12.676263959531434,14.871408462148821,2024-12-17
2025-12-17,México,Chiautla,MX15028,34048,8512,1.5413185434420618,6.0,70.48872180451127,0.8871398930635402,0.6031407206696286,0.31091266720174665,0.0,0.0,0.0,0,0.0,0.0,1.8697126000811868,0.32887975334018504,16.0,0.31091266720174665,0.5163931868440809,60.5491777607,24.390011197025554,15.389265130159052,18.989563556905654,2024-12-17
2025-12-17,México,Chicoloapan,MX15029,221625,55406,2.0,19.0,34.29231491174241,1.6182021510347018,1.0,0.5328989147940845,1.80485867956539,3.60971735913078,0.0,1,2.0,1.0,0.34027031073484776,0.32887975334018504,16.0,0.5328989147940845,0.44647410581502783,55.6191944067,31.473540775557247,28.843947172482427,29.89578461371235,2024-12-17
2025-12-17,México,Chiconcuac,MX15030,31310,7827,1.4779994172600865,2.0,25.552574421873004,0.5017112524854579,1.0,0.5,0.0,0.0,0.0,0,0.0,0.0,1.9415897139604987,0.32887975334018504,16.0,0.5,0.5680465242531151,64.1912464186,31.27771596698289,18.037925169335967,23.333841488394736,2024-12-17
2025-12-17,México,Chimalhuacán,MX15031,760921,190230,2.0,48.0,25.232613152499606,0.5107706085810283,1.0,0.5,0.0,1.0513588813541503,0.0,0,2.0,0.0,0.7914849806261952,0.32887975334018504,16.0,0.5,0.6343758175570718,68.8681144074,31.350666390850513,16.42792618423201,22.397022266879414,2024-12-17
2025-12-17,México,Donato Guerra,MX15032,40277,10069,1.6763695606017108,10.0,99.31472837421789,1.9701605643456073,0.39232096159299296,0.24040035357141903,0.0,0.0,0.0,0,0.0,0.0,3.158559696778269,0.32887975334018504,16.0,0.24040035357141903,0.7615215039053449,77.8331366589,30.441020585644864,17.94463392277068,22.943188587920353,2024-12-17
2025-12-17,México,Ecatepec de Morelos,MX15033,1737794,434448,2.0,137.0,31.53426877324789,0.10779890418059722,1.0,0.5,0.46035428866055317,2.3017714433027656,0.23017714433027658,2,10.0,1.0,0.7833234787793476,0.32887975334018504,16.0,0.5,0.27451599764663576,43.4944553744,26.105701595069014,18.114962467333356,21.31125811842762,2024-12-17
2025-12-17,México,Ecatzingo,MX15034,11478,2870,0.8949886840778531,3.0,104.52961672473867,2.268184572310028,0.36660207736013545,0.23714397142963511,0.0,0.0,0.0,0,0.0,0.0,0.0,0.32887975334018504,16.0,0.23714397142963511,0.5425365272915258,62.3925405642,17.96504968871957,11.478245853736581,14.072967387729776,2024-12-17
2025-12-17,México,Huehuetoca,MX15035,172035,43009,2.0,18.0,41.85170545699737,0.8541351146522582,1.0,0.5082788124568738,0.0,0.0,0.0,0,0.0,0.0,0.0,0.32887975334018504,16.0,0.5082788124568738,0.33256070319539666,47.5871783898,21.89957843761415,13.681984825582798,16.96902227039534,2024-12-17
2025-12-17,México,Hueypoxtla,MX15036,50232,12558,1.8721335890561117,7.0,55.74136008918617,3.4872010426911277,0.7953070355083655,0.4907761325505304,0.0,0.0,0.0,0,0.0,0.0,0.32128720505834574,0.32887975334018504,16.0,0.4907761325505304,0.6151236256050566,67.5106453953,27.839368269725735,15.42717513282744,20.392052387586755,2024-12-17
2025-12-17,México,Huixquilucan,MX15037,308724,77181,2.0,34.0,44.05229266270196,1.4019025492293151,1.0,0.525929214390361,0.0,0.0,0.0,0,0.0,0.0,1.7408811242594808,0.32887975334018504,16.0,0.525929214390361,0.3854750514820139,51.3181607254,27.895898466568358,17.097375393695895,21.41678462284488,2024-12-17
2025-12-17,México,Isidro Fabela,MX15038,12885,3221,0.9481388852903404,3.0,93.13877677739832,2.3908315715710318,0.4265047207956564,0.2710472784175026,0.0,0.0,0.0,0,0.0,0.0,0.0,0.32887975334018504,16.0,0.2710472784175026,0.1861549565041929,37.2641323272,11.854517482608935,10.103177683654325,10.80371360323617,2024-12-17
2025-12-17,México,Ixtapaluca,MX15039,577234,144308,2.0,51.0,35.341076031820826,2.9120778104673555,1.0,0.5745907423825124,0.0,0.6929622751337418,-0.6929622751337418,0,1.0,1.0,0.9960701424148317,0.32887975334018504,16.0,0.5745907423825124,0.4260879209711441,54.181767735,29.375234326685646,16.62696315360342,21.72627162283631,2024-12-17
2025-12-17,México,Ixtapan de la Sal,MX15040,39061,9765,1.650869407870299,14.0,143.36917562724014,1.200525673842368,0.23391174895239306,0.13639623508240767,0.0,0.0,0.0,0,0.0,0.0,0.0,0.32887975334018504,16.0,0.13639623508240767,0.37073696111653176,50.2789803028,11.506626274802864,9.410275186694882,10.248815621938075,2024-12-17
2025-12-17,México,Ixtapan del Oro,MX15041,6842,1711,0.6910374763703164,4.0,233.78141437755698,1.7967773617831382,0.09580287658716408,0.08655448165776077,0.0,0.0,0.0,0,0.0,0.0,0.0,0.32887975334018504,16.0,0.08655448165776077,0.8056252367934744,80.9428838951,18.709139185602314,10.986615523983833,14.075624988631224,2024-12-17
2025-12-17,México,Ixtlahuaca,MX15042,170167,42542,2.0,48.0,112.82967420431574,1.2758904246784593,0.3305708933278722,0.1871542432448072,0.0,0.0,0.0,0,0.0,0.0,0.0,0.32887975334018504,16.0,0.1871542432448072,0.7408078617497564,76.3726210239,20.430784532339345,11.869725787809799,15.294149285621616,2024-12-17
2025-12-17,México,Xalatlaco,MX15043,33984,8496,1.539869254411229,5.0,58.85122410546139,4.878816306084445,0.7467705346734304,0.5113491180028676,0.0,0.0,0.0,0,0.0,0.0,6.72141233703756,0.32887975334018504,16.0,0.5113491180028676,0.5688490233655736,64.2478305042,41.71745400739751,24.900270092985608,31.627143658750366,2024-12-17
2025-12-17,México,Jaltenco,MX15044,31460,7865,1.4815829086334986,2.0,25.429116338207248,0.5153871826761715,1.0,0.5,0.0,0.0,0.0,0,0.0,0.0,0.07672571477675885,0.32887975334018504,16.0,0.5,0.3914414294535165,51.7388490933,23.02312498330433,14.006573636880248,17.61319417544988,2024-12-17
2025-12-17,México,Jilotepec,MX15045,92437,23109,2.0,30.0,129.81955082435414,1.1817808604313065,0.2711845048678283,0.15442860946125442,0.0,8.65463672162361,-4.327318360811805,0,2.0,1.0,0.0,0.32887975334018504,16.0,0.15442860946125442,0.364536869845726,49.8418128471,25.578870734699937,9.595663222887014,15.988946227612184,2024-12-17
2025-12-17,México,Jilotzingo,MX15046,21307,5327,1.2193206931865062,4.0,75.0891683874601,2.0687311418369223,0.5586403950975144,0.3267362545977248,0.0,0.0,0.0,0,0.0,0.0,0.09049200503135549,0.32887975334018504,16.0,0.3267362545977248,0.3072198744671611,45.8004005608,16.175642592093048,11.52954163084389,13.387982015343553,2024-12-17
2025-12-17,México,Jiquipilco,MX15047,81514,20379,2.0,17.0,83.41920604543893,1.3855749245445996,0.49055346641634084,0.2706798317323575,0.0,0.0,0.0,0,0.0,0.0,0.0,0.32887975334018504,16.0,0.2706798317323575,0.6706648265724745,71.4268466983,21.533691483420213,12.521317673773993,16.126267197632483,2024-12-17
2025-12-17,México,Jocotitlán,MX15048,74152,18538,2.0,19.0,102.49217822850362,1.2963940404284553,0.3763388393160665,0.210698892716243,0.0,0.0,0.0,0,0.0,0.0,0.0,0.32887975334018504,16.0,0.210698892716243,0.4285214252778849,54.3533537391,14.89139528704499,10.59082939910767,12.311055754282599,2024-12-17
2025-12-17,México,Joquicingo,MX15049,16624,4156,1.0769966820727193,5.0,120.30798845043311,2.8840659453367077,0.30236459875862515,0.22487043118797012,0.0,0.0,0.0,0,0.0,0.0,1.7050298380221653,0.32887975334018504,16.0,0.22487043118797012,0.6490648391343768,69.9038349975,24.045142704627036,14.742093587584455,18.463313234401486,2024-12-17
2025-12-17,México,Juchitepec,MX15050,28521,7130,1.41065678098038,4.0,56.100981767180926,2.1264219920597087,0.7894191688458997,0.44398458128841645,0.0,0.0,0.0,0,0.0,0.0,0.27363898808302206,0.32887975334018504,16.0,0.44398458128841645,0.658084874365438,70.5398362562,27.174184725921624,15.000041440718434,19.869698754799707,2024-12-17
2025-12-17,México,Lerma,MX15051,182234,45559,2.0,30.0,65.84867973397134,1.8967669187429606,0.6543224949326277,0.3690361980817969,2.1949559911323777,2.1949559911323777,2.1949559911323777,1,1.0,0.0,0.7157850017343714,0.32887975334018504,16.0,0.3690361980817969,0.15186515995846633,34.8463641916,19.38420640707044,29.004450325455533,25.156352758101498,2024-12-17
2025-12-17,México,Malinalco,MX15052,31161,7790,1.474501860092841,8.0,102.69576379974326,6.763506497091352,0.37534854595292866,0.3863674355577321,0.0,0.0,0.0,0,0.0,0.0,1.7050298380221653,0.32887975334018504,16.0,0.3863674355577321,0.6010005911294863,66.5148324663,27.928767875622086,16.439736399997145,21.035348990247122,2024-12-17
2025-12-17,México,Melchor Ocampo,MX15053,67747,16937,2.0,7.0,41.329633347109876,0.6449476041702273,1.0,0.5015382809714191,0.0,0.0,0.0,0,0.0,0.0,0.0,0.32887975334018504,16.0,0.5015382809714191,0.41581022074434293,53.4570887162,23.36235284402943,14.017346035502074,17.755348758913016,2024-12-17
2025-12-17,México,Metepec,MX15054,258029,64507,2.0,61.0,94.56338071837165,1.3573796842670123,0.4182233782815682,0.2336062682969023,1.5502193560388795,1.5502193560388795,1.5502193560388795,1,1.0,0.0,0.31356514159033966,0.32887975334018504,16.0,0.2336062682969023,0.12913809002549426,33.2438820822,12.830940831694216,21.684625732554334,18.143151772210288,2024-12-17
2025-12-17,México,Mexicaltzingo,MX15055,15033,3758,1.024129753850157,1.0,26.609898882384247,0.483291089071841,1.0,0.5,0.0,26.609898882384247,-26.609898882384247,0,1.0,1.0,0.5167397853462932,0.32887975334018504,16.0,0.5,0.4234702487605007,53.9971960811,59.77797117550103,14.909564270786513,32.856927032672324,2024-12-17
2025-12-17,México,Morelos,MX15056,35089,8772,1.5646813548181449,12.0,136.79890560875512,3.4151286024692253,0.25106336053435846,0.21633194536191303,0.0,0.0,0.0,0,0.0,0.0,0.0,0.32887975334018504,16.0,0.21633194536191303,0.6906070500610966,72.832969725,20.302099362079325,11.968854154771769,15.302152237694791,2024-12-17
2025-12-17,México,Naucalpan de Juárez,MX15057,884056,221014,2.0,151.0,68.32146379867339,1.456389721391353,0.6261813291312901,0.3407755884563739,0.4524600251567774,1.8098401006271096,0.0,1,4.0,1.0,0.7819846738891894,0.32887975334018504,16.0,0.3407755884563739,0.2619083250115652,42.6054903693,20.297256812400054,16.078950174643857,17.766272829746335,2024-12-17
2025-12-17,México,Nezahualcóyotl,MX15058,1154116,288529,2.0,151.0,52.33442738858139,0.3977207276970377,0.8551011780897552,0.4275505890448776,0.0,0.6931712236898198,-0.3465856118449099,0,2.0,1.0,0.6103276493221466,0.32887975334018504,16.0,0.4275505890448776,0.31656938255266576,46.4596328984,21.797153481642173,13.663665184581589,16.91706050340582,2024-12-17
2025-12-17,México,Nextlalpan,MX15059,61505,15376,2.0,8.0,52.02913631633715,0.8258997703883246,0.8608415514036359,0.4377897765424287,0.0,0.0,0.0,0,0.0,0.0,0.0,0.32887975334018504,16.0,0.4377897765424287,0.42495963203476284,54.1022122604,21.63288593696812,13.298111038806287,16.632020998071017,2024-12-17
2025-12-17,México,Nicolás Romero,MX15060,455167,113792,2.0,45.0,39.545838020247466,2.3651933243036525,1.0,0.5569687911991036,0.0,0.0,0.0,0,0.0,0.0,0.0,0.32887975334018504,16.0,0.5569687911991036,0.38657240089791023,51.3955346593,24.44051175393131,14.536323059002127,18.4979985369738,2024-12-17
2025-12-17,México,Nopaltepec,MX15061,11197,2799,0.8838489394738778,3.0,107.18113612004288,1.680904528936729,0.3544850184315827,0.2121618474638745,0.0,0.0,0.0,0,0.0,0.0,0.0,0.32887975334018504,16.0,0.2121618474638745,0.5120784798315152,60.2449484511,16.60642502054654,11.0261701288474,13.258272085527057,2024-12-17
2025-12-17,México,Ocoyoacac,MX15062,77592,19398,2.0,11.0,56.70687699762862,1.383902004809069,0.7796681169424484,0.41518325144376533,5.155170636148057,10.310341272296114,0.0,1,2.0,1.0,0.5333663949277699,0.32887975334018504,16.0,0.41518325144376533,0.35475327731831735,49.1519732841,37.168877325817725,43.576248031811126,41.01329974941376,2024-12-17
2025-12-17,México,Ocuilan,MX15063,39101,9775,1.6517144908065635,12.0,122.7621483375959,1.2702861537197325,0.29385705808836665,0.16861674235426893,10.230179028132993,20.460358056265985,10.230179028132993,1,2.0,0.0,2.3218422977464996,0.32887975334018504,16.0,0.16861674235426893,0.5731697057425456,64.5524811358,54.68394213941584,44.72889717257261,48.7109151593099,2024-12-17
2025-12-17,México,El Oro,MX15064,38598,9649,1.6410346422855104,17.0,176.18406052440668,1.7345664420265492,0.1673984316937967,0.12034767173646108,0.0,0.0,0.0,0,0.0,0.0,1.7984964569619797,0.32887975334018504,16.0,0.12034767173646108,0.5244648718571814,61.1183109954,18.654150805066354,13.0226141241327,15.275228796506163,2024-12-17
2025-12-17,México,Otumba,MX15065,38698,9675,1.6432441042513592,10.0,103.35917312661499,5.500836742852024,0.3721486184189799,0.3440811745325252,0.0,0.0,0.0,0,0.0,0.0,0.0,0.32887975334018504,16.0,0.3440811745325252,0.5534265268739088,63.1603927138,21.39096577345393,12.815942288883175,16.24595168271148,2024-12-17
2025-12-17,México,Otzoloapan,MX15066,5176,1294,0.6009574647235206,2.0,154.5595054095827,3.0139145781659393,0.20805633447808697,0.18190033850546716,0.0,0.0,0.0,0,0.0,0.0,0.0,0.32887975334018504,16.0,0.18190033850546716,0.578571509298787,64.9333614509,17.028440341139756,10.995497168682872,13.408674437665624,2024-12-17
2025-12-17,México,Otzolotepec,MX15067,94541,23635,2.0,15.0,63.465199915379735,2.0232854635340782,0.6835229003224216,0.38771313668073193,0.0,0.0,0.0,0,0.0,0.0,0.36582599852206293,0.32887975334018504,16.0,0.38771313668073193,0.5334072682417055,61.7488379513,23.225939077650686,13.857029283097052,17.604593200918504,2024-12-17
2025-12-17,México,Ozumba,MX15068,33106,8276,1.5198013883785013,5.0,60.41565973900435,0.949950696293017,0.7242430448344311,0.37348774646648536,0.0,0.0,0.0,0,0.0,0.0,0.0,0.32887975334018504,16.0,0.37348774646648536,0.5921204463693794,65.8886948626,23.04704132138215,13.362290749568054,17.236190978293692,2024-12-17
2025-12-17,México,Papalotla,MX15069,5387,1347,0.6131410507282923,1.0,74.23904974016332,0.2396634319458611,0.5664482182803493,0.28322410914017465,0.0,0.0,0.0,0,0.0,0.0,0.45369374764646364,0.32887975334018504,16.0,0.28322410914017465,0.3417412334039522,48.234496124,16.48045948401058,11.793172064642718,13.668087032389863,2024-12-17
2025-12-17,México,La Paz,MX15070,335993,83998,2.0,27.0,32.1436224672016,0.7373763772515849,1.0,0.504516561336634,0.0,0.0,0.0,0,0.0,0.0,1.0036604340721451,0.32887975334018504,16.0,0.504516561336634,0.5462172811997937,62.6520699406,28.60146236223391,16.399533967587917,21.280305325446314,2024-12-17
2025-12-17,México,Polotitlán,MX15071,16106,4027,1.0601502271125955,7.0,173.82666997765085,1.8754829956640353,0.17133945168854905,0.12685885657826987,0.0,0.0,0.0,0,0.0,0.0,0.0,0.32887975334018504,16.0,0.12685885657826987,0.3255182639169775,47.0906171092,10.316130975687647,9.069733158647457,9.568292285463533,2024-12-17
2025-12-17,México,Rayón,MX15072,18334,4583,1.1309711445635267,5.0,109.09884355225834,1.1602416063488372,0.3460884085825012,0.19118651404979578,0.0,0.0,0.0,0,0.0,0.0,0.0,0.32887975334018504,16.0,0.19118651404979578,0.3451747848662469,48.476595295,12.639091118818813,9.939947653052116,11.019605039358794,2024-12-17
2025-12-17,México,San Antonio la Isla,MX15073,34038,8510,1.5411374568476,3.0,35.252643948296125,1.6608095144562605,1.0,0.5342718278996205,0.0,0.0,0.0,0,0.0,0.0,0.0,0.32887975334018504,16.0,0.5342718278996205,0.29422671376488113,44.884254853,21.912689112286238,13.80223106374318,17.046414283160406,2024-12-17
2025-12-17,México,San Felipe del Progreso,MX15074,154228,38557,2.0,46.0,119.30388775060301,3.4781347879202267,0.3059462915601024,0.24580362374854714,0.0,0.0,0.0,0,0.0,0.0,0.0,0.32887975334018504,16.0,0.24580362374854714,0.7264886333044703,75.3629744891,21.90388137854582,12.501922211628248,16.262705878395277,2024-12-17
2025-12-17,México,San Martín de las Pirámides,MX15075,31466,7866,1.4816770940001514,6.0,76.27765064836004,1.3685193613334847,0.5480166356848043,0.2988618445467336,0.0,0.0,0.0,0,0.0,0.0,0.0,0.32887975334018504,16.0,0.2988618445467336,0.3468726332978468,48.5963103196,15.903308002358946,11.240540861173368,13.105647717647601,2024-12-17
2025-12-17,México,San Mateo Atenco,MX15076,96080,24020,2.0,22.0,91.59034138218152,0.3413391578624579,0.43579808609425186,0.21789904304712593,0.0,0.0,0.0,0,0.0,0.0,1.248391782390419,0.32887975334018504,16.0,0.21789904304712593,0.4227359965277058,53.9454240722,18.153056647048146,12.755881009380873,14.914751264447784,2024-12-17
2025-12-17,México,San Simón de Guerrero,MX15077,7185,1796,0.707994301378379,5.0,278.39643652561244,2.528516744121491,0.060706071394813994,0.09258450558634967,0.0,0.0,0.0,0,0.0,0.0,0.0,0.32887975334018504,16.0,0.09258450558634967,0.5247270245891082,61.1367953431,13.272075659372657,9.65448475010507,11.101521113812105,2024-12-17
2025-12-17,México,Santo Tomás,MX15078,10550,2638,0.8580527578800792,4.0,151.6300227445034,4.299702814884785,0.21445618954598453,0.2265314971547897,0.0,0.0,0.0,0,0.0,0.0,0.0,0.32887975334018504,16.0,0.2265314971547897,0.43833894589580097,55.0455855664,15.56272383255971,10.829908255459811,12.72303448629977,2024-12-17
2025-12-17,México,Soyaniquilpan de Juárez,MX15079,15253,3813,1.0315968291256652,5.0,131.13034356150013,3.049331611219924,0.26724219414600336,0.21263449147397903,0.0,0.0,0.0,0,0.0,0.0,0.0,0.32887975334018504,16.0,0.21263449147397903,0.3711157185715777,50.3056864311,13.801349115650924,10.327028050668966,11.71675647666175,2024-12-17
2025-12-17,México,Sultepec,MX15080,25557,6389,1.335343632896771,14.0,219.126623884802,3.6339012167819558,0.11044940204255248,0.15307435301072558,0.0,0.0,0.0,0,0.0,0.0,1.0103051121438673,0.32887975334018504,16.0,0.15307435301072558,0.5953298851155108,66.1149918814,19.057274843920307,12.439008256021806,15.086314891181207,2024-12-17
2025-12-17,México,Tecámac,MX15081,581490,145372,2.0,54.0,37.146080400627355,0.7089486466101189,1.0,0.5036005505623422,0.0,2.7515615111575817,-2.0636711333681865,0,4.0,3.0,0.3010405248965526,0.32887975334018504,16.0,0.5036005505623422,0.22818530923124408,40.2276858559,24.775473123729192,13.612195441410238,18.07750651433782,2024-12-17
2025-12-17,México,Tejupilco,MX15082,83518,20880,2.0,27.0,129.31034482758622,6.067587936854376,0.2727375363643047,0.31263773844055875,0.0,0.0,0.0,0,0.0,0.0,0.0,0.32887975334018504,16.0,0.31263773844055875,0.5050998581149334,59.7528869367,19.48112931551543,12.196987711984702,15.110644353396996,2024-12-17
2025-12-17,México,Temamatla,MX15083,14955,3739,1.0215375342366584,3.0,80.23535704733887,2.301589520125995,0.5149080521335477,0.3123733476600377,0.0,0.0,0.0,0,0.0,0.0,0.0,0.32887975334018504,16.0,0.3123733476600377,0.31794017157445975,46.5562870157,15.730003861290326,11.258016589916082,13.046811498465779,2024-12-17
2025-12-17,México,Temascalapa,MX15084,46135,11534,1.7941823062110318,10.0,86.70019074041963,2.782016468281542,0.4673272629887522,0.304063480405171,0.0,0.0,0.0,0,0.0,0.0,0.32128720505834574,0.32887975334018504,16.0,0.304063480405171,0.536518812601646,61.9682324524,20.66589244529674,12.793599242066076,15.942516523358341,2024-12-17
2025-12-17,México,Temascalcingo,MX15085,70200,17550,2.0,21.0,119.65811965811966,1.3319881181560864,0.30467586070314584,0.17601433135527028,0.0,0.0,0.0,0,0.0,0.0,1.7984964569619797,0.32887975334018504,16.0,0.17601433135527028,0.6204135886837171,67.883639856,22.243124930161347,14.170357623691087,17.39946454627919,2024-12-17
2025-12-17,México,Temascaltepec,MX15086,37043,9261,1.607701948125032,18.0,194.3634596695821,4.370096529196985,0.14021787075837303,0.19168059482186733,0.0,0.0,0.0,0,0.0,0.0,1.7547553870990384,0.32887975334018504,16.0,0.19168059482186733,0.5432759023056221,62.4446737796,21.059591390988125,13.898819209660292,16.763128082191425,2024-12-17
2025-12-17,México,Temoaya,MX15087,115680,28920,2.0,31.0,107.19225449515906,0.9910691444428134,0.3544354711665409,0.18990889625876656,0.0,0.0,0.0,0,0.0,0.0,0.0,0.32887975334018504,16.0,0.18990889625876656,0.5365767213415604,61.9723155885,16.428801314594203,10.881625921936331,13.10049607899948,2024-12-17
2025-12-17,México,Tenancingo,MX15088,110360,27590,2.0,18.0,65.24102935846321,1.949838396083481,0.6615642864894576,0.37436718622265286,0.0,0.0,0.0,0,0.0,0.0,1.7050298380221653,0.32887975334018504,16.0,0.37436718622265286,0.547494671066008,62.7421384982,26.498641994300144,16.0282038076588,20.21637908231534,2024-12-17
2025-12-17,México,Tenango del Aire,MX15089,12006,3002,0.9153389432148461,3.0,99.93337774816789,0.9003453763490409,0.3891295671991348,0.20433260332652395,0.0,0.0,0.0,0,0.0,0.0,0.0,0.32887975334018504,16.0,0.20433260332652395,0.4875479205721129,58.5153025943,15.880936511237975,10.809566402902181,12.838114446236498,2024-12-17
2025-12-17,México,Tenango del Valle,MX15090,96146,24036,2.0,16.0,66.56681644200366,2.545136604783225,0.6459344182236368,0.38573421142244413,0.0,8.320852055250457,-4.1604260276252285,0,2.0,1.0,0.0,0.32887975334018504,16.0,0.38573421142244413,0.6148314977570185,67.4900475069,36.99728632034986,13.622803585977753,22.9725966797266,2024-12-17
2025-12-17,México,Teoloyucan,MX15091,73144,18286,2.0,8.0,43.74931641693099,0.916155910230078,1.0,0.5102772736670192,0.0,0.0,0.0,0,0.0,0.0,0.0,0.32887975334018504,16.0,0.5102772736670192,0.3985053956359479,52.2369282325,23.278426122729535,14.035689822307301,17.732784342476194,2024-12-17
2025-12-17,México,Teotihuacán,MX15092,62676,15669,2.0,13.0,82.96636671134087,0.20223459008233222,0.4939033996030122,0.2469516998015061,0.0,0.0,0.0,0,0.0,0.0,0.0,0.32887975334018504,16.0,0.2469516998015061,0.4335017015909802,54.7045122349,16.07858502586479,11.050764465696306,13.061892689763699,2024-12-17
2025-12-17,México,Tepetlaoxtoc,MX15093,34619,8655,1.5542115498621194,7.0,80.87810514153668,2.2264840423744485,0.5098369288797471,0.30741770446924355,0.0,0.0,0.0,0,0.0,0.0,0.1512312492154879,0.32887975334018504,16.0,0.30741770446924355,0.45549704973931926,56.2554007569,18.71544264277246,12.141646938390025,14.771165220142999,2024-12-17
2025-12-17,México,Tepetlixpa,MX15094,21853,5463,1.2347874197976052,7.0,128.1347245103423,0.7446130610774455,0.2763702160028448,0.14293485293045205,0.0,0.0,0.0,0,0.0,0.0,0.0,0.32887975334018504,16.0,0.14293485293045205,0.5681051328385917,64.1953789007,15.650148244685393,10.475579459481715,12.545406973563185,2024-12-17
2025-12-17,México,Tepotzotlán,MX15095,111592,27898,2.0,12.0,43.01383611728439,4.859200057219338,1.0,0.6373317673128152,0.0,0.0,0.0,0,0.0,0.0,0.0,0.32887975334018504,16.0,0.6373317673128152,0.3146477794598817,46.324140968,25.412908608582086,15.14105566517652,19.249796842538746,2024-12-17
2025-12-17,México,Tequixquiac,MX15096,43186,10796,1.7358333731387527,6.0,55.57613931085587,0.5567737302625095,0.7980376403373349,0.39901882016866747,0.0,0.0,0.0,0,0.0,0.0,0.0,0.32887975334018504,16.0,0.39901882016866747,0.5346504691134095,61.8364958483,22.663573987328213,13.381313747714389,17.094217843559917,2024-12-17
2025-12-17,México,Texcaltitlán,MX15097,19717,4929,1.1728865470958216,5.0,101.44045445323594,0.23435306204525758,0.38151800623838195,0.19075900311919097,0.0,0.0,0.0,0,0.0,0.0,0.0,0.32887975334018504,16.0,0.19075900311919097,0.4602204401724565,56.5884462699,14.92717889702486,10.510045798415906,12.276899037859486,2024-12-17
2025-12-17,México,Texcalyacac,MX15098,6102,1526,0.6526102081094954,2.0,131.06159895150722,0.6061595283247337,0.26744698950817614,0.13401192937524323,0.0,0.0,0.0,0,0.0,0.0,0.0,0.32887975334018504,16.0,0.13401192937524323,0.4211356295186709,53.8325824473,12.443070471630715,9.633656860219602,10.757422304784047,2024-12-17
2025-12-17,México,Texcoco,MX15099,293884,73471,2.0,57.0,77.58163084754528,0.8741127734145954,0.5367349262598511,0.2772900044479675,1.361081242939391,1.361081242939391,1.361081242939391,1,1.0,0.0,0.5607417389306707,0.32887975334018504,16.0,0.2772900044479675,0.4577494149774808,56.4142146739,21.04119528995654,22.831145417553603,22.115165366514777,2024-12-17
2025-12-17,México,Tezoyuca,MX15100,55071,13768,1.960252536887243,4.0,29.05287623474724,1.5541013802528496,1.0,0.530833431712894,7.26321905868681,7.26321905868681,7.26321905868681,1,1.0,0.0,1.4878959663140352,0.32887975334018504,16.0,0.530833431712894,0.5582812300435577,63.5026970671,42.31839948859111,47.59315885102538,45.48325510605167,2024-12-17
2025-12-17,México,Tianguistenco,MX15101,92162,23041,2.0,23.0,99.82205633436048,1.9670982626137585,0.3897009165791094,0.23899165623827026,0.0,0.0,0.0,0,0.0,0.0,1.4437212274831022,0.32887975334018504,16.0,0.23899165623827026,0.5147881327177475,60.4360056479,21.12152036430509,13.799014780439334,16.728017013985635,2024-12-17
2025-12-17,México,Timilpan,MX15102,17451,4363,1.1034920340770749,7.0,160.44006417602566,3.3386443864061244,0.19591489514927563,0.18629320479638395,0.0,0.0,0.0,0,0.0,0.0,0.0,0.32887975334018504,16.0,0.18629320479638395,0.2990103779453606,45.2215502584,11.56900370279873,9.650405907406743,10.417845025563539,2024-12-17
2025-12-17,México,Tlalmanalco,MX15103,52374,13093,1.9115962938690851,6.0,45.82601390055755,2.4847493101279126,0.9940438682168102,0.5578431105902918,0.0,0.0,0.0,0,0.0,0.0,1.072731173567904,0.32887975334018504,16.0,0.5578431105902918,0.38840505514575535,51.5247548207,27.2199256333091,16.366998971392434,20.708169636159102,2024-12-17
2025-12-17,México,Tlalnepantla de Baz,MX15104,728056,182014,2.0,135.0,74.17011878207171,0.2628148814466802,0.5670891519138158,0.2835445759569079,0.5494082872746052,1.6482248618238158,0.5494082872746052,1,3.0,0.0,0.6411257943343783,0.32887975334018504,16.0,0.2835445759569079,0.1780217467978179,36.6906609961,16.290894510902866,15.472048553409943,15.799586936407112,2024-12-17
2025-12-17,México,Tlatlaya,MX15105,33359,8340,1.5256665385419848,20.0,239.8081534772182,5.131981527636046,0.0902990012287722,0.1912709518129913,0.0,0.0,0.0,0,0.0,0.0,1.4144271570014144,0.32887975334018504,16.0,0.1912709518129913,0.5206243642112026,60.8475174082,19.732441010417446,13.20609225080434,15.816631754649585,2024-12-17
2025-12-17,México,Toluca,MX15106,968115,242029,2.0,205.0,84.70059373050337,0.5854791408990031,0.4812683326429977,0.24063416632149884,0.0,0.8263472559073499,0.0,0,2.0,0.0,0.41613059413013964,0.32887975334018504,16.0,0.24063416632149884,0.39286804968397654,51.8394398603,17.43398413083545,11.474311454419032,13.858180524985597,2024-12-17
2025-12-17,México,Tonatico,MX15107,13702,3426,0.9778455759555558,3.0,87.56567425569177,1.5532730433199984,0.4614905951668296,0.2615520382612485,0.0,0.0,0.0,0,0.0,0.0,0.0,0.32887975334018504,16.0,0.2615520382612485,0.353350329641268,49.0530516651,14.913567740662813,10.825211667464654,12.460554096743918,2024-12-17
2025-12-17,México,Tultepec,MX15108,174940,43735,2.0,14.0,32.010975191494225,0.8607676864446873,1.0,0.50849253008702,0.0,0.0,0.0,0,0.0,0.0,0.25540174694794915,0.32887975334018504,16.0,0.50849253008702,0.27064535104642534,43.2215366943,21.314449638680642,13.806150486494056,16.809470147368692,2024-12-17
2025-12-17,México,Tultitlán,MX15109,551359,137840,2.0,47.0,34.097504352872896,0.785305138812414,1.0,0.5060609428612058,0.0,0.0,0.0,0,0.0,0.0,0.3252143413351881,0.32887975334018504,16.0,0.5060609428612058,0.2564124554254654,42.2179774733,21.13363406056181,13.823666929062679,16.74765378166233,2024-12-17
2025-12-17,México,Valle de Bravo,MX15110,65982,16496,2.0,19.0,115.17943743937924,0.9034674404951585,0.32131355911123805,0.1705251997994421,0.0,0.0,0.0,0,0.0,0.0,2.256114069127335,0.32887975334018504,16.0,0.1705251997994421,0.5079825321959273,59.9561438306,20.98867799532709,14.314898190313126,16.984410112318713,2024-12-17
2025-12-17,México,Villa de Allende,MX15111,57023,14256,1.994690132459805,14.0,98.20426487093154,1.723715218068231,0.39815031529483796,0.235373960651022,0.0,0.0,0.0,0,0.0,0.0,3.158559696778269,0.32887975334018504,16.0,0.235373960651022,0.703691124409202,73.7555257396,29.133621208110092,17.5951653102452,22.210547669391158,2024-12-17
2025-12-17,México,Villa del Carbón,MX15112,54610,13653,1.952048667283121,10.0,73.24397568300007,0.8269171802059763,0.5758176060997513,0.29531058731476295,0.0,0.0,0.0,0,0.0,0.0,0.0,0.32887975334018504,16.0,0.29531058731476295,0.575820257970152,64.7393711545,20.37572277884593,12.342663897751246,15.555887450189122,2024-12-17
2025-12-17,México,Villa Guerrero,MX15113,73124,18281,2.0,14.0,76.58224385974509,1.9733786332953456,0.5453469818564813,0.3170170577288156,0.0,0.0,0.0,0,0.0,0.0,0.0,0.32887975334018504,16.0,0.3170170577288156,0.6024171791278459,66.6147158622,21.558855314421386,12.736126148508347,16.265217814873566,2024-12-17
2025-12-17,México,Villa Victoria,MX15114,115788,28947,2.0,27.0,93.27391439527412,0.48480283608072317,0.4257082943872069,0.21285414719360346,0.0,0.0,0.0,0,0.0,0.0,3.158559696778269,0.32887975334018504,16.0,0.21285414719360346,0.6768511007934503,71.863039916,27.9212263320725,17.19072743067742,21.482926991235452,2024-12-17
2025-12-17,México,Xonacatlán,MX15115,58297,14574,2.0,11.0,75.47687662961438,0.7439684087788493,0.5551379289603559,0.2822979371407971,0.0,0.0,0.0,0,0.0,0.0,0.6618540040722888,0.32887975334018504,16.0,0.2822979371407971,0.5191502405173047,60.7435771795,20.527989174184537,13.020526174809104,16.02351137455928,2024-12-17
2025-12-17,México,Zacazonapan,MX15116,5414,1354,0.6147321515888375,1.0,73.85524372230428,1.2414900357989824,0.5700321371183719,0.3057764007588916,0.0,0.0,0.0,0,0.0,0.0,0.0,0.32887975334018504,16.0,0.3057764007588916,0.46165190682705337,56.6893787575,18.406330159307814,11.897411903365297,14.500979205742304,2024-12-17
2025-12-17,México,Zacualpan,MX15117,14256,3564,0.9973450662299025,9.0,252.5252525252525,3.56826974606602,0.07954724471470433,0.1355084683826306,0.0,0.0,0.0,0,0.0,0.0,0.0,0.32887975334018504,16.0,0.1355084683826306,0.5826205942963699,65.2188617942,15.717665937406316,10.459040152196748,12.562490466280577,2024-12-17
2025-12-17,México,Zinacantepec,MX15118,216841,54210,2.0,32.0,59.0296993174691,4.335008031559202,0.7441401942405246,0.4925111196403095,0.0,0.0,0.0,0,0.0,0.0,2.6321330806485577,0.32887975334018504,16.0,0.4925111196403095,0.4016513310997723,52.4587476449,29.473843461534226,18.28188115152557,22.75866607552903,2024-12-17
2025-12-17,México,Zumpahuacán,MX15119,20061,5015,1.1830744207885646,7.0,139.58125623130607,2.491685953637931,0.24360295805520935,0.18284617107155768,0.0,0.0,0.0,0,0.0,0.0,0.0,0.32887975334018504,16.0,0.18284617107155768,0.7578955895782191,77.5774740127,20.643296923711112,11.903467560873118,15.399399306008316,2024-12-17
2025-12-17,México,Zumpango,MX15120,299104,74776,2.0,35.0,46.80646196640633,1.9317861892034343,0.9706411220085253,0.528323917873984,0.0,0.0,0.0,0,0.0,0.0,0.22490104354084203,0.32887975334018504,16.0,0.528323917873984,0.48788994001828434,58.5394183314,26.17704458336129,15.078857772553283,19.51813249687649,2024-12-17
2025-12-17,México,Cuautitlán Izcalli,MX15121,588354,147088,2.0,62.0,42.151637115196344,1.088556961977891,1.0,0.5158324557845074,0.0,1.3597302295224627,-1.3597302295224627,0,2.0,2.0,0.09156804787910086,0.32887975334018504,16.0,0.5158324557845074,0.1047649242758492,31.5253340169,19.947535206185915,12.788237905816787,15.651956825964442,2024-12-17
2025-12-17,México,Valle de Chalco Solidaridad,MX15122,420328,105082,2.0,36.0,34.25895966959137,0.10437832034286516,1.0,0.5,3.806551074399041,3.806551074399041,3.806551074399041,4,4.0,0.0,0.08211057009368816,0.32887975334018504,16.0,0.5,0.5976627381315694,66.2794809789,33.16715904761201,43.98831168956907,39.659850632786245,2024-12-17
2025-12-17,México,Luvianos,MX15123,30315,7579,1.454395591447524,15.0,197.9152922549149,5.585052953304647,0.13549051114821933,0.2284657724762163,0.0,0.0,0.0,0,0.0,0.0,0.0,0.32887975334018504,16.0,0.2284657724762163,0.7197388386913021,74.8870475376,21.248749948112533,12.260119023294438,15.855571393221677,2024-12-17
2025-12-17,México,San José del Rincón,MX15124,107347,26837,2.0,40.0,149.0479561799009,2.029012666280534,0.22030565707804287,0.15628905949117677,0.0,0.0,0.0,0,0.0,0.0,0.0,0.32887975334018504,16.0,0.15628905949117677,0.7504050376375461,77.0493163791,19.696772537486222,11.547329462205184,14.807106692317602,2024-12-17
2025-12-17,México,Tonanitla,MX15125,16206,4051,1.0633046607454215,2.0,49.37052579609973,0.895517996504507,0.9138323513658279,0.46652844546446814,0.0,0.0,0.0,0,0.0,0.0,0.09207085773211064,0.32887975334018504,16.0,0.46652844546446814,0.4065127920423319,52.8015284877,22.359264877861484,13.70617798129581,17.167412739922078,2024-12-17
2025-12-17,Michoacán de Ocampo,Acuitzio,MX16001,12038,3009,0.9164055058076193,4.0,132.93452974410104,3.3053387385871447,0.2619431141497843,0.21823412514088997,0.0,0.0,0.0,0,0.0,0.0,1.8695447350171432,0.7399794450154163,36.0,0.21823412514088997,0.4450035109618287,55.515502996,20.181436324393328,21.31968530073069,20.864385710195744,2024-12-17
2025-12-17,Michoacán de Ocampo,Aguililla,MX16002,15148,3787,1.0280736981784953,3.0,79.21837866385002,5.675725372548079,0.5230998666204565,0.42519213657575283,0.0,0.0,0.0,0,0.0,0.0,16.474788567811824,0.7399794450154163,36.0,0.42519213657575283,0.5478967442873935,62.7704886175,38.71369898302046,31.1614193706235,34.18233121558229,2024-12-17
2025-12-17,Michoacán de Ocampo,Álvaro Obregón,MX16003,24357,6089,1.3036157021788843,11.0,180.65363770734112,3.3170443325219523,0.1602086907704602,0.16774409622036987,49.26917392018394,82.11528986697323,16.42305797339465,3,5.0,2.0,9.053571738568381,0.7399794450154163,36.0,0.16774409622036987,0.5380136302746998,62.0736318103,65.7925954921051,58.02262731629544,61.1306145866193,2024-12-17
2025-12-17,Michoacán de Ocampo,Angamacutiro,MX16004,15695,3924,1.046504488224417,5.0,127.420998980632,2.0283966362060784,0.2786083367465895,0.1854205493348685,0.0,25.4841997961264,-25.4841997961264,0,1.0,1.0,0.0,0.7399794450154163,36.0,0.1854205493348685,0.3153850951104061,46.376128978,46.870318382254176,17.121602077847946,29.02108859961044,2024-12-17
2025-12-17,Michoacán de Ocampo,Angangueo,MX16005,11631,2908,0.9008942126360618,3.0,103.1636863823934,1.8002518848258917,0.37308726382893825,0.2253086328802879,0.0,0.0,0.0,0,0.0,0.0,0.0,0.7399794450154163,36.0,0.2253086328802879,0.5278003211608723,61.3534929987,17.315265409626083,18.662335210645313,18.12350729023762,2024-12-17
2025-12-17,Michoacán de Ocampo,Apatzingán,MX16006,132441,33110,2.0,32.0,96.64753850800362,17.6140916626673,0.40654783940892925,0.7032739197044646,24.161884627000905,66.44518272425249,0.0,8,22.0,8.0,23.78651674426322,0.7399794450154163,36.0,0.7032739197044646,0.24375112430394344,41.3252290168,75.97324007721281,62.9776726682508,68.1758996318356,2024-12-17
2025-12-17,Michoacán de Ocampo,Aporo,MX16007,3768,942,0.5127457240239884,1.0,106.15711252653928,1.8118434308618314,0.35909291408046895,0.21868496587390016,0.0,0.0,0.0,0,0.0,0.0,0.0,0.7399794450154163,36.0,0.21868496587390016,0.4500253225913877,55.8695901404,15.56105542804476,18.193976213721236,17.140807899450643,2024-12-17
2025-12-17,Michoacán de Ocampo,Aquila,MX16008,25939,6485,1.3453385477202895,7.0,107.9414032382421,17.166566316195244,0.35112052319588805,0.675560261597944,0.0,30.840400925212027,-30.840400925212027,0,2.0,2.0,0.0,0.7399794450154163,36.0,0.675560261597944,0.350109144586572,48.8245162191,62.26899073966976,23.17689887238568,38.813735619299315,2024-12-17
2025-12-17,Michoacán de Ocampo,Ario,MX16009,38006,9502,1.6284862986514006,8.0,84.19280151547042,5.700029419012985,0.48491406471533466,0.4068823712417724,0.0,10.524100189433803,0.0,0,1.0,0.0,0.0,0.7399794450154163,36.0,0.4068823712417724,0.30618337497065423,45.7273171451,34.935050824715056,19.733135340032035,25.81390153390524,2024-12-17
2025-12-17,Michoacán de Ocampo,Arteaga,MX16010,21382,5346,1.221493254872778,7.0,130.9390198279087,1.982569481555637,0.26781269551205605,0.17854606609038132,0.0,0.0,0.0,0,0.0,0.0,0.0,0.7399794450154163,36.0,0.17854606609038132,0.32334585334106675,46.9374407828,11.823299049532777,17.078912070067403,14.976666861853552,2024-12-17
2025-12-17,Michoacán de Ocampo,Briseñas,MX16011,12525,3131,0.9347987645019805,3.0,95.81603321622485,2.316991076832384,0.4111450686327023,0.2609881316082225,0.0,0.0,0.0,0,0.0,0.0,0.0,0.7399794450154163,36.0,0.2609881316082225,0.295741561352349,44.991066517,13.744475175293655,17.930195396337908,16.255907307920207,2024-12-17
2025-12-17,Michoacán de Ocampo,Buenavista,MX16012,48101,12025,1.8319732943659102,5.0,41.58004158004158,0.406735551880889,1.0,0.5,58.21205821205821,108.10810810810811,33.26403326403326,7,13.0,3.0,4.0269807711668175,0.7399794450154163,36.0,0.5,0.39375764022407844,51.9021647487,68.07287915690353,58.08690244634585,62.081293130568916,2024-12-17
2025-12-17,Michoacán de Ocampo,Carácuaro,MX16013,9643,2411,0.8203047023106652,3.0,124.4296972210701,5.351182928475016,0.28826785132906946,0.29731858030490455,0.0,0.0,0.0,0,0.0,0.0,0.0,0.7399794450154163,36.0,0.29731858030490455,0.5451938673828775,62.5799091941,19.823434756804687,19.613422310850737,19.697427289232316,2024-12-17
2025-12-17,Michoacán de Ocampo,Coahuayana,MX16014,17877,4469,1.116816375522004,7.0,156.63459386887448,2.4239016147143,0.20366786243152865,0.16069444663424562,0.0,22.376370552696354,-22.376370552696354,0,1.0,1.0,2.7652011780645758,0.7399794450154163,36.0,0.16069444663424562,0.3305532082947337,47.4456302416,53.434355864499864,21.56903494441399,34.31516331244834,2024-12-17
2025-12-17,Michoacán de Ocampo,Coalcomán de Vázquez Pallares,MX16015,20572,5143,1.198077350818018,4.0,77.77561734396267,14.088338693106518,0.5350889284476513,0.7022615745500702,0.0,0.0,0.0,0,0.0,0.0,0.0,0.7399794450154163,36.0,0.7022615745500702,0.3729125872378711,50.4323833568,28.52609898125953,23.611331841067695,25.577238697144434,2024-12-17
2025-12-17,Michoacán de Ocampo,Coeneo,MX16016,21737,5434,1.2315056621571832,8.0,147.2211998527788,4.917737545105702,0.2245679605532626,0.251501968135158,0.0,0.0,0.0,0,0.0,0.0,2.9421423606087806,0.7399794450154163,36.0,0.251501968135158,0.35342152668780485,49.0580717576,22.064024951155492,23.07178484356818,22.668680886603106,2024-12-17
2025-12-17,Michoacán de Ocampo,Contepec,MX16017,37067,9267,1.6082226613202648,10.0,107.90978741771879,3.9510855599601755,0.3512594914773623,0.28369985040697104,10.790978741771879,10.790978741771879,10.790978741771879,1,1.0,0.0,0.0,0.7399794450154163,36.0,0.28369985040697104,0.48782709744657754,58.5349873116,35.2935302971005,49.16316370239403,43.61531034027662,2024-12-17
2025-12-17,Michoacán de Ocampo,Copándaro,MX16018,10373,2593,0.8507027844453195,3.0,115.69610489780177,2.7356433676553444,0.31932848125859886,0.2285698352027834,0.0,0.0,0.0,0,0.0,0.0,4.644176210945007,0.7399794450154163,36.0,0.2285698352027834,0.5945825719642075,66.0622989492,30.50942796440841,26.875835205225773,28.32927230889883,2024-12-17
2025-12-17,Michoacán de Ocampo,Cotija,MX16019,21070,5267,1.2124344143262766,7.0,132.9029808239985,5.23508920178067,0.26203454065075416,0.2804611021114387,75.94456047085627,94.93070058857035,56.9584203531422,4,5.0,1.0,0.0,0.7399794450154163,36.0,0.2804611021114387,0.3188058153356036,46.6173234205,49.78994937005523,48.27919231229277,48.88349513539776,2024-12-17
2025-12-17,Michoacán de Ocampo,Cuitzeo,MX16020,31633,7908,1.4856274874738342,8.0,101.16337885685383,3.4879257099443914,0.3829003749330478,0.2845961528081591,0.0,12.645422357106728,-12.645422357106728,0,1.0,1.0,10.70800039230792,0.7399794450154163,36.0,0.2845961528081591,0.5835204104897971,65.2823076918,55.16022445954902,29.652385896424388,39.85552132167424,2024-12-17
2025-12-17,Michoacán de Ocampo,Charapan,MX16021,14237,3559,0.9966452239809068,2.0,56.19556055071649,5.877173083215509,0.7878832036296041,0.5640749413498757,0.0,0.0,0.0,0,0.0,0.0,1.069713209888429,0.7399794450154163,36.0,0.5640749413498757,0.8127229775672747,81.4433444754,35.88559646300678,25.95806997508905,29.92908057025614,2024-12-17
2025-12-17,Michoacán de Ocampo,Charo,MX16022,26351,6588,1.3559803347228814,4.0,60.71645415907711,4.007424251087297,0.7200447399098902,0.46990784457776336,0.0,15.179113539769277,-15.179113539769277,0,1.0,1.0,18.60141682181807,0.7399794450154163,36.0,0.46990784457776336,0.28733023841025696,44.3979854656,58.79342656741413,30.395175337261943,41.75447582932282,2024-12-17
2025-12-17,Michoacán de Ocampo,Chavinda,MX16023,10944,2736,0.873845476517143,2.0,73.09941520467837,5.072032802042344,0.5771999747944171,0.4327897445312585,0.0,0.0,0.0,0,0.0,0.0,9.025382474324932,0.7399794450154163,36.0,0.4327897445312585,0.4141268505411929,53.3383945492,36.26622934676161,30.583741197358567,32.85673645711979,2024-12-17
2025-12-17,Michoacán de Ocampo,Cherán,MX16024,21637,5409,1.2286695254132898,3.0,55.46311702717693,6.725390085413776,0.7999149311572517,0.5974224244663116,0.0,0.0,0.0,0,0.0,0.0,0.0,0.7399794450154163,36.0,0.5974224244663116,0.7432205708545928,76.5427407616,32.7870841510812,24.204801958146195,27.6377148353202,2024-12-17
2025-12-17,Michoacán de Ocampo,Chilchota,MX16025,42742,10686,1.7269675645536524,10.0,93.58038555118847,3.7936820385590653,0.42391064620813523,0.3149535026393474,0.0,0.0,0.0,0,0.0,0.0,0.0,0.7399794450154163,36.0,0.3149535026393474,0.6025413950352337,66.6234743062,21.499432979885096,20.111779017125833,20.666840602229538,2024-12-17
2025-12-17,Michoacán de Ocampo,Chinicuila,MX16026,5055,1264,0.5939503367385707,2.0,158.22784810126583,4.001441125593943,0.2003765083966099,0.2098809379337684,0.0,0.0,0.0,0,0.0,0.0,1.4490653528474136,0.7399794450154163,36.0,0.2098809379337684,0.2478602822754786,41.614965096,14.92317500430973,19.52386349071818,17.6835880961548,2024-12-17
2025-12-17,Michoacán de Ocampo,Chucándiro,MX16027,5125,1281,0.5979311247284775,4.0,312.25604996096797,3.383747320687844,0.04076412300324523,0.11017114520501087,0.0,0.0,0.0,0,0.0,0.0,0.7215820686855933,0.7399794450154163,36.0,0.11017114520501087,0.36547227313493885,49.9077679852,12.441878456567231,17.687244210224407,15.589097908761534,2024-12-17
2025-12-17,Michoacán de Ocampo,Churintzio,MX16028,5393,1348,0.6133686035476787,5.0,370.919881305638,2.6845645124994406,0.014831910268124391,0.07467566448894022,0.0,0.0,0.0,0,0.0,0.0,0.7145153799435533,0.7399794450154163,36.0,0.07467566448894022,0.20552236040922223,38.6297249159,8.160120448533178,16.449618656644574,13.133819373400016,2024-12-17
2025-12-17,Michoacán de Ocampo,Churumuco,MX16029,12899,3225,0.9487274259337877,2.0,62.01550387596899,4.387449199473251,0.7023811399224931,0.47332137473762514,0.0,0.0,0.0,0,0.0,0.0,0.0,0.7399794450154163,36.0,0.47332137473762514,0.5502705843617023,62.937867706,25.205052929362804,21.750839428937507,23.132524829107627,2024-12-17
2025-12-17,Michoacán de Ocampo,Ecuandureo,MX16030,12461,3115,0.9324072063412336,1.0,32.102728731942214,6.168052455179818,1.0,0.6795061819226365,0.0,0.0,0.0,0,0.0,0.0,1.84041005145252,0.7399794450154163,36.0,0.6795061819226365,0.29814316219515946,45.1604030129,31.008611825036574,26.07146208662779,28.0463219819913,2024-12-17
2025-12-17,Michoacán de Ocampo,Epitacio Huerta,MX16031,17054,4263,1.0907727060611787,8.0,187.66127140511378,1.5820148587062,0.14962565770818237,0.10654570088227844,0.0,0.0,0.0,0,0.0,0.0,3.083017972697368,0.7399794450154163,36.0,0.10654570088227844,0.4037226198974909,52.6047938907,19.07810520988763,21.821646043998598,20.724229710354212,2024-12-17
2025-12-17,Michoacán de Ocampo,Erongarícuaro,MX16032,16446,4111,1.0711501040251343,2.0,48.649963512527364,3.8111253469346074,0.9291920035287818,0.5681562472138589,0.0,48.649963512527364,0.0,0,2.0,0.0,2.5593160595521893,0.7399794450154163,36.0,0.5681562472138589,0.4614940264788768,56.6782466391,67.75565298408,26.765698467962647,43.16168027440958,2024-12-17
2025-12-17,Michoacán de Ocampo,Gabriel Zamora,MX16033,22520,5630,1.2535186312827296,4.0,71.04795737122558,5.251098363129339,0.5974235168089733,0.4486714443917756,0.0,17.761989342806395,-17.761989342806395,0,1.0,1.0,17.971121660592654,0.7399794450154163,36.0,0.4486714443917756,0.3356831294617288,47.8073401724,63.19865061207837,30.382102990287446,43.508722039003814,2024-12-17
2025-12-17,Michoacán de Ocampo,Hidalgo,MX16034,132163,33041,2.0,31.0,93.82282618564814,3.627813381202316,0.4224968975789429,0.3089019358773534,0.0,0.0,0.0,0,0.0,0.0,6.306985834780216,0.7399794450154163,36.0,0.3089019358773534,0.5973929999110773,66.2604617796,36.21491807454215,30.013418240361123,32.494018174033535,2024-12-17
2025-12-17,Michoacán de Ocampo,La Huacana,MX16035,32053,8013,1.495457817248794,7.0,87.35804317983278,7.179800771021318,0.46288027798157305,0.4435473178016728,0.0,0.0,0.0,0,0.0,0.0,10.866892688052204,0.7399794450154163,36.0,0.4435473178016728,0.5008088012503957,59.4503251953,38.3225955590581,31.146241830149545,34.01678332171297,2024-12-17
2025-12-17,Michoacán de Ocampo,Huandacareo,MX16036,12112,3028,0.9192942238159608,7.0,231.17569352708057,0.8216542783040662,0.09827139211335315,0.056367896793881274,0.0,0.0,0.0,0,0.0,0.0,0.9219308920603312,0.7399794450154163,36.0,0.056367896793881274,0.3535533246345942,49.06736481,11.0967554565308,17.320246101658693,14.830849843607535,2024-12-17
2025-12-17,Michoacán de Ocampo,Huaniqueo,MX16037,8142,2036,0.7538162282312175,4.0,196.46365422396858,0.9394180083876241,0.13740193452849808,0.07972780243562087,0.0,49.115913555992144,-49.115913555992144,0,1.0,1.0,0.7215820686855933,0.7399794450154163,36.0,0.07972780243562087,0.31322876321895027,46.2240863571,45.48370797516576,17.06070654741178,28.429907118513377,2024-12-17
2025-12-17,Michoacán de Ocampo,Huetamo,MX16038,43665,10916,1.7454538054278321,15.0,137.41297178453647,16.235483325828504,0.24939086507661448,0.6246954325383073,0.0,0.0,0.0,0,0.0,0.0,0.0,0.7399794450154163,36.0,0.6246954325383073,0.2512545000033252,41.8542908516,23.765952976215722,22.072247700753806,22.749729810938575,2024-12-17
2025-12-17,Michoacán de Ocampo,Huiramba,MX16039,9646,2411,0.8203047023106652,4.0,165.9062629614268,1.3361171596330372,0.18540084753772965,0.11650987255355064,0.0,41.4765657403567,-41.4765657403567,0,1.0,1.0,1.8695447350171432,0.7399794450154163,36.0,0.11650987255355064,0.4234603926555855,53.9965011287,51.69884638064828,19.991278678151396,32.67430575915015,2024-12-17
2025-12-17,Michoacán de Ocampo,Indaparapeo,MX16040,19495,4874,1.1663243919328,5.0,102.58514567090685,3.9431136467572516,0.37588613377863206,0.29575629708254864,20.51702913418137,41.03405826836274,20.51702913418137,1,2.0,0.0,19.945012119685135,0.7399794450154163,36.0,0.29575629708254864,0.5913288413133891,65.8328789152,70.69926573874424,59.82534978183504,64.17491616459871,2024-12-17
2025-12-17,Michoacán de Ocampo,Irimbo,MX16041,16964,4241,1.0879544982358635,3.0,70.73803348266918,2.3366352223059126,0.6005807786424695,0.3563389688631652,0.0,0.0,0.0,0,0.0,0.0,0.0,0.7399794450154163,36.0,0.3563389688631652,0.5366845730270499,61.9799201938,21.423860526435952,20.279120501770727,20.737016511636817,2024-12-17
2025-12-17,Michoacán de Ocampo,Ixtlán,MX16042,15023,3756,1.0238571976899478,2.0,53.24813631522897,2.210251682313757,0.8383140615646366,0.47113322460390944,0.0,0.0,0.0,0,0.0,0.0,1.5517155767416455,0.7399794450154163,36.0,0.47113322460390944,0.3256480969437483,47.0997716154,24.576446232955153,23.221127560885087,23.76325502971311,2024-12-17
2025-12-17,Michoacán de Ocampo,Jacona,MX16043,72642,18160,2.0,9.0,49.559471365638764,1.0279011867536425,0.9098786631238821,0.4688173104193528,5.506607929515418,33.03964757709251,-16.519823788546255,1,6.0,4.0,15.042304123874885,0.7399794450154163,36.0,0.4688173104193528,0.32763032362156114,47.2395381052,70.61712578501181,60.583589353417544,64.59700392605525,2024-12-17
2025-12-17,Michoacán de Ocampo,Jiménez,MX16044,13419,3355,0.9676601539784223,5.0,149.03129657228018,4.764085453341616,0.2203440562084502,0.24443897103681314,0.0,0.0,0.0,0,0.0,0.0,0.0,0.7399794450154163,36.0,0.24443897103681314,0.291296207318847,44.6776253066,13.159093277481334,17.709378699313486,15.889264530580624,2024-12-17
2025-12-17,Michoacán de Ocampo,Jiquilpan,MX16045,38481,9620,1.638566727666563,9.0,93.55509355509355,3.9165391325686905,0.4240585539697045,0.3189862115551487,0.0,0.0,0.0,0,0.0,0.0,12.657426745142711,0.7399794450154163,36.0,0.3189862115551487,0.2451147615908034,41.4213788664,29.471881578470526,28.3730383568933,28.812575645524184,2024-12-17
2025-12-17,Michoacán de Ocampo,Juárez,MX16046,15751,3938,1.0483696791168386,3.0,76.18080243778567,3.5214025540952885,0.5488699496938575,0.36865964570742027,0.0,0.0,0.0,0,0.0,0.0,0.0,0.7399794450154163,36.0,0.36865964570742027,0.5354496133495361,61.8928433821,21.76878163821333,20.42079382551422,20.959988950593864,2024-12-17
2025-12-17,Michoacán de Ocampo,Jungapeo,MX16047,20885,5221,1.2071283301580973,7.0,134.07393219689715,3.9828272479915157,0.25867004541505945,0.23842792193503454,0.0,0.0,0.0,0,0.0,0.0,0.0,0.7399794450154163,36.0,0.23842792193503454,0.3750045687000354,50.5798886391,14.652929032051743,18.055787916998085,16.69464436301955,2024-12-17
2025-12-17,Michoacán de Ocampo,Lagunillas,MX16048,6400,1600,0.6682463376155036,2.0,125.0,1.6239687560790763,0.2863905605091529,0.17628000911937775,0.0,0.0,0.0,0,0.0,0.0,1.2026367811426553,0.7399794450154163,36.0,0.17628000911937775,0.5238289094674272,61.0734693878,18.81047619246009,20.08446648673397,19.57487036902442,2024-12-17
2025-12-17,Michoacán de Ocampo,Madero,MX16049,20259,5065,1.1889574725851064,10.0,197.43336623889437,4.415344933100853,0.1361219635149186,0.19109065506759226,0.0,0.0,0.0,0,0.0,0.0,0.5154157633468522,0.7399794450154163,36.0,0.19109065506759226,0.6539357646960785,70.2472831891,20.116648258605142,19.752538903006197,19.898182645245775,2024-12-17
2025-12-17,Michoacán de Ocampo,Maravatío,MX16050,94215,23554,2.0,34.0,144.34915513288612,1.1147794703796396,0.23148733326784834,0.13242107555689714,0.0,0.0,0.0,0,0.0,0.0,4.174311016068445,0.7399794450154163,36.0,0.13242107555689714,0.5099859926002411,60.0974075071,24.74317027522164,24.505824984301398,24.600763100669496,2024-12-17
2025-12-17,Michoacán de Ocampo,Marcos Castellanos,MX16051,14656,3664,1.0112402059435048,4.0,109.17030567685589,5.738418135743859,0.34578121553924207,0.3385529246798731,0.0,0.0,0.0,0,0.0,0.0,0.0,0.7399794450154163,36.0,0.3385529246798731,0.2209191988374245,39.7153535603,14.574971717144683,18.48686110062309,16.922105347231728,2024-12-17
2025-12-17,Michoacán de Ocampo,Lázaro Cárdenas,MX16052,204911,51228,2.0,62.0,121.02756305145624,8.123785091796803,0.29983438509049115,0.3924418471475908,0.0,1.9520574685718748,0.0,0,1.0,0.0,0.0,0.7399794450154163,36.0,0.3924418471475908,0.0987304860043095,31.099846728,16.827818980278725,18.52258460607013,17.84467835575357,2024-12-17
2025-12-17,Michoacán de Ocampo,Morelia,MX16053,886939,221735,2.0,270.0,121.76697409069385,2.9052434662967435,0.2972655734911951,0.2230033099001154,3.607910343427966,8.568787065641418,1.3529663787854873,8,19.0,5.0,2.680584509154457,0.7399794450154163,36.0,0.2230033099001154,0.04419618537615007,27.2546418088,27.882023822568918,48.17336125704914,40.05682628325705,2024-12-17
2025-12-17,Michoacán de Ocampo,Morelos,MX16054,8261,2065,0.7591657803865791,5.0,242.13075060532688,2.9546964301305496,0.08825104760704498,0.1200895419951136,0.0,0.0,0.0,0,0.0,0.0,0.9219308920603312,0.7399794450154163,36.0,0.1200895419951136,0.3198463460665036,46.6906910779,12.334265241205959,17.91637095123303,15.683528667222202,2024-12-17
2025-12-17,Michoacán de Ocampo,Múgica,MX16055,48098,12024,1.8318971192564417,11.0,91.48369926813041,4.757310167868258,0.436449707701165,0.352273480570358,0.0,0.0,0.0,0,0.0,0.0,28.16901408450704,0.7399794450154163,36.0,0.352273480570358,0.43479000406568297,54.7953502388,34.2640044984244,29.720861797450205,31.53811887783988,2024-12-17
2025-12-17,Michoacán de Ocampo,Nahuatzen,MX16056,34230,8557,1.545387381921099,7.0,81.80437069066261,4.16791011889122,0.5026690912037018,0.366391266072044,0.0,0.0,0.0,0,0.0,0.0,0.891427674907024,0.7399794450154163,36.0,0.366391266072044,0.7662099020986602,78.1637148746,28.573343250105367,23.05231286428255,25.260725018611673,2024-12-17
2025-12-17,Michoacán de Ocampo,Nocupétaro,MX16057,8640,2160,0.7764320810246833,4.0,185.1851851851852,8.19214186122602,0.15327357509688397,0.3213640638824569,0.0,0.0,0.0,0,0.0,0.0,0.0,0.7399794450154163,36.0,0.3213640638824569,0.5080088113414799,59.957996769,19.801098143303307,19.716042833574377,19.750064957465945,2024-12-17
2025-12-17,Michoacán de Ocampo,Nuevo Parangaricutiro,MX16058,22125,5531,1.242448583128988,1.0,18.07991321641656,7.493058652251907,1.0,0.7222011113149638,0.0,0.0,0.0,0,0.0,0.0,2.6742830247210723,0.7399794450154163,36.0,0.7222011113149638,0.44764475210205107,55.7017364914,37.39115005940244,28.73908155850899,32.199908958866374,2024-12-17
2025-12-17,Michoacán de Ocampo,Nuevo Urecho,MX16059,9546,2386,0.816040692237284,2.0,83.82229673093043,0.9352566607688453,0.48760200384385155,0.25469374832967273,0.0,0.0,0.0,0,0.0,0.0,1.069713209888429,0.7399794450154163,36.0,0.25469374832967273,0.2719761685291933,43.3153724247,15.789224491639054,19.541761613656206,18.040746764849345,2024-12-17
2025-12-17,Michoacán de Ocampo,Numarán,MX16060,10214,2554,0.8442810515458948,5.0,195.77133907595928,1.3888310188160038,0.13832351365827533,0.09466977464752846,0.0,0.0,0.0,0,0.0,0.0,0.8931442249294416,0.7399794450154163,36.0,0.09466977464752846,0.44483398819782655,55.5035499727,13.998527135483045,18.187673335104073,16.512014855255664,2024-12-17
2025-12-17,Michoacán de Ocampo,Ocampo,MX16061,26377,6594,1.3565976715792303,2.0,30.33060357901122,1.0599835214348443,1.0,0.5149117498820166,0.0,0.0,0.0,0,0.0,0.0,0.0,0.7399794450154163,36.0,0.5149117498820166,0.7537635880056347,77.2861272348,30.522624256573195,23.267388948889867,26.169483071963196,2024-12-17
2025-12-17,Michoacán de Ocampo,Pajacuarán,MX16062,22057,5514,1.2405377278873984,4.0,72.54261878853826,5.5422384222169825,0.5825758530514511,0.45062885487511994,0.0,0.0,0.0,0,0.0,0.0,0.0,0.7399794450154163,36.0,0.45062885487511994,0.6248066102896185,68.1933911152,26.01499785204597,21.851209320227028,23.516724732954604,2024-12-17
2025-12-17,Michoacán de Ocampo,Panindícuaro,MX16063,15598,3900,1.0432992602114701,5.0,128.2051282051282,3.51753627663007,0.2761507924005168,0.23217548617671072,0.0,0.0,0.0,0,0.0,0.0,0.0,0.7399794450154163,36.0,0.23217548617671072,0.3700682590164689,50.2318302234,14.366629765630702,17.956077139480367,16.5202981899405,2024-12-17
2025-12-17,Michoacán de Ocampo,Parácuaro,MX16064,28400,7100,1.407685931531202,4.0,56.33802816901409,3.8724150825991743,0.785579255805161,0.4983247780298194,84.50704225352112,197.18309859154928,14.08450704225352,6,14.0,5.0,4.918408446073841,0.7399794450154163,36.0,0.4983247780298194,0.5036556031449069,59.651052747,72.47798898218551,60.121227747955054,65.06393224164724,2024-12-17
2025-12-17,Michoacán de Ocampo,Paracho,MX16065,41594,10398,1.7035367324562738,8.0,76.93787266782074,1.5914764745267138,0.5422567661236966,0.3031661314146043,0.0,9.617234083477593,0.0,0,1.0,0.0,1.069713209888429,0.7399794450154163,36.0,0.3031661314146043,0.5187950432370315,60.7185322754,37.353833452457984,21.357524584214573,27.756048131511935,2024-12-17
2025-12-17,Michoacán de Ocampo,Pátzcuaro,MX16066,103352,25838,2.0,28.0,108.367520705937,1.2139655623841006,0.34925542257610065,0.19450113786300785,3.870268596640607,3.870268596640607,3.870268596640607,1,1.0,0.0,0.45098879292849575,0.7399794450154163,36.0,0.19450113786300785,0.3896579826397415,51.6130985403,20.876760414843837,47.789298518110776,37.024283276804,2024-12-17
2025-12-17,Michoacán de Ocampo,Penjamillo,MX16067,17302,4326,1.0988030429825233,7.0,161.81229773462783,4.163568654977729,0.19320867072056463,0.21152116328079867,0.0,0.0,0.0,0,0.0,0.0,0.0,0.7399794450154163,36.0,0.21152116328079867,0.36111999925474153,49.6008898417,13.568034883518793,17.663483965920786,16.02530433295999,2024-12-17
2025-12-17,Michoacán de Ocampo,Peribán,MX16068,31091,7773,1.4728920897370748,6.0,77.19027402547279,3.536600417228609,0.5400808154006114,0.3647547907559743,0.0,0.0,0.0,0,0.0,0.0,10.593437376916725,0.7399794450154163,36.0,0.3647547907559743,0.14582003708206923,34.4201235329,28.85904446432061,28.425787684759534,28.599090396583964,2024-12-17
2025-12-17,Michoacán de Ocampo,La Piedad,MX16069,111965,27991,2.0,30.0,107.17730699153299,5.582647933113211,0.35450208471176387,0.3378940636451474,3.5725768997177663,3.5725768997177663,3.5725768997177663,1,1.0,0.0,0.0,0.7399794450154163,36.0,0.3378940636451474,0.16455204505301774,35.7409144547,19.064670198891058,45.359733509055886,34.841708184989955,2024-12-17
2025-12-17,Michoacán de Ocampo,Purépero,MX16070,16133,4033,1.0609397147933997,7.0,173.56806347632036,0.6643403236864847,0.17177829889320487,0.0880523111108827,0.0,0.0,0.0,0,0.0,0.0,0.0,0.7399794450154163,36.0,0.0880523111108827,0.27570355189383455,43.5781896367,8.155640371203173,15.754775503077258,12.715121450327624,2024-12-17
2025-12-17,Michoacán de Ocampo,Puruándiro,MX16071,72509,18127,2.0,31.0,171.01561207039222,1.5199283602408573,0.17618092730120374,0.11782275736145584,0.0,0.0,0.0,0,0.0,0.0,0.7902264789088553,0.7399794450154163,36.0,0.11782275736145584,0.3921510349667689,51.7888832659,13.37883375734118,18.028345164890226,16.168540601870607,2024-12-17
2025-12-17,Michoacán de Ocampo,Queréndaro,MX16072,14702,3675,1.012757032631643,5.0,136.05442176870747,10.555907865437305,0.2531113141560857,0.44744923578316564,27.210884353741495,54.42176870748299,0.0,1,2.0,1.0,10.940507864670401,0.7399794450154163,36.0,0.44744923578316564,0.5287280185542156,61.4189047953,73.9980374445793,61.33266093244657,66.39881153729965,2024-12-17
2025-12-17,Michoacán de Ocampo,Quiroga,MX16073,28480,7120,1.4096671934990808,10.0,140.4494382022472,3.511795112025805,0.24133558083115417,0.21458288607430434,14.044943820224718,28.089887640449437,14.044943820224718,1,2.0,0.0,0.9019775858569915,0.7399794450154163,36.0,0.21458288607430434,0.5416040571176658,62.3267922396,54.55369102173011,50.125393793522576,51.89671268480559,2024-12-17
2025-12-17,Michoacán de Ocampo,Cojumatlán de Régules,MX16074,11059,2765,0.8784643948360669,1.0,36.166365280289334,3.510437136277043,1.0,0.5938713383700157,0.0,0.0,0.0,0,0.0,0.0,0.0,0.7399794450154163,36.0,0.5938713383700157,0.4956228232168752,59.0846627037,27.728596615437972,22.92420018680206,24.845958758256426,2024-12-17
2025-12-17,Michoacán de Ocampo,Los Reyes,MX16075,83161,20790,2.0,17.0,81.77008177008177,10.586200324221736,0.5029315390417802,0.5733354450863741,0.0,0.0,0.0,0,0.0,0.0,5.145648120077116,0.7399794450154163,36.0,0.5733354450863741,0.2868947678214368,44.3672805032,35.96854276596756,30.321185228386238,32.58012824341876,2024-12-17
2025-12-17,Michoacán de Ocampo,Sahuayo,MX16076,82401,20600,2.0,18.0,87.37864077669903,2.0583858465266753,0.46274212238010737,0.2784537676073112,0.0,0.0,0.0,0,0.0,0.0,0.0,0.7399794450154163,36.0,0.2784537676073112,0.3129274711906794,46.2028423038,14.612162452032923,18.225712577518628,16.780292527324345,2024-12-17
2025-12-17,Michoacán de Ocampo,San Lucas,MX16077,18549,4637,1.1376145653280119,2.0,43.13133491481561,2.9473792313478606,1.0,0.5757282402110301,0.0,0.0,0.0,0,0.0,0.0,0.0,0.7399794450154163,36.0,0.5757282402110301,0.42155346929503595,53.8620442639,25.702916592231617,22.336136239285036,23.68284838046367,2024-12-17
2025-12-17,Michoacán de Ocampo,Santa Ana Maya,MX16078,13568,3392,0.9729813541900232,5.0,147.4056603773585,1.938187609774378,0.2241327704086456,0.15527601144839956,0.0,0.0,0.0,0,0.0,0.0,12.185670017394628,0.7399794450154163,36.0,0.15527601144839956,0.47976222159921317,57.9663341901,29.25352477543625,27.581753255654355,28.25046186356711,2024-12-17
2025-12-17,Michoacán de Ocampo,Salvador Escalante,MX16079,52654,13164,1.916772335868903,9.0,68.36827711941659,3.6605354263218532,0.6256682105086279,0.41154197639642776,0.0,0.0,0.0,0,0.0,0.0,0.6450447661067678,0.7399794450154163,36.0,0.41154197639642776,0.542697700256641,62.4039048445,24.833692666213917,22.060608474443345,23.16984215115157,2024-12-17
2025-12-17,Michoacán de Ocampo,Senguio,MX16080,21016,5254,1.2109372256871296,4.0,76.13247049866769,1.8528389900764846,0.5492966066983839,0.31510778902805,0.0,0.0,0.0,0,0.0,0.0,0.0,0.7399794450154163,36.0,0.31510778902805,0.48070230882460824,58.0326195918,19.067279847333662,19.504435022737134,19.329572952575745,2024-12-17
2025-12-17,Michoacán de Ocampo,Susupuato,MX16081,9612,2403,0.8189426346175331,1.0,41.61464835622139,2.810101709655761,1.0,0.5713048238460733,0.0,0.0,0.0,0,0.0,0.0,0.0,0.7399794450154163,36.0,0.5713048238460733,0.583801601982307,65.3021344595,28.81517675502834,23.09429590634191,25.38264824581648,2024-12-17
2025-12-17,Michoacán de Ocampo,Tacámbaro,MX16082,83739,20935,2.0,17.0,81.20372581800812,2.121950241265237,0.5072984989704633,0.3027801556401401,0.0,0.0,0.0,0,0.0,0.0,0.5528955138058009,0.7399794450154163,36.0,0.3027801556401401,0.2543162719045284,42.0701759045,15.56985528088471,19.15799001987511,17.72273612427895,2024-12-17
2025-12-17,Michoacán de Ocampo,Tancítaro,MX16083,35271,8818,1.5687785521506759,6.0,68.04264005443412,1.8316473172512024,0.6292521293466504,0.35440270299872934,0.0,11.340440009072353,-11.340440009072353,0,1.0,1.0,28.70492519033706,0.7399794450154163,36.0,0.35440270299872934,0.06185145964327027,28.4995124073,44.762042422863544,27.881719744478602,34.63384881583258,2024-12-17
2025-12-17,Michoacán de Ocampo,Tangamandapio,MX16084,33503,8376,1.528955798282198,7.0,83.57211079274117,5.294975463665546,0.4894305338632508,0.3960887800492877,35.816618911174785,71.63323782234957,0.0,3,6.0,3.0,2.11670019856647,0.7399794450154163,36.0,0.3960887800492877,0.5352249538487124,61.8770026762,62.94738906549061,54.322304531471,57.77233834507884,2024-12-17
2025-12-17,Michoacán de Ocampo,Tangancícuaro,MX16085,37881,9470,1.6257418495999323,9.0,95.03695881731785,4.695235878301401,0.4155254138791743,0.33981114874249796,0.0,21.119324181626187,0.0,0,2.0,0.0,6.32919003764251,0.7399794450154163,36.0,0.33981114874249796,0.33935343221765524,48.0661326397,65.30344653024781,29.094130956275745,43.57785718586457,2024-12-17
2025-12-17,Michoacán de Ocampo,Tanhuato,MX16086,16450,4113,1.0714106294099974,4.0,97.25261366399222,2.4188348467574987,0.403251914048962,0.26032320882907056,0.0,0.0,0.0,0,0.0,0.0,0.0,0.7399794450154163,36.0,0.26032320882907056,0.21932261029523276,39.6027783545,12.196148470776771,17.540121567702506,15.402532328932212,2024-12-17
2025-12-17,Michoacán de Ocampo,Taretan,MX16087,16420,4105,1.0703681474025861,5.0,121.8026796589525,2.6505362422495753,0.29714231702322075,0.21473439405461386,0.0,0.0,0.0,0,0.0,0.0,1.069713209888429,0.7399794450154163,36.0,0.21473439405461386,0.10553449089498292,31.5795960376,11.261610310703078,18.230040974184448,15.442668708791901,2024-12-17
2025-12-17,Michoacán de Ocampo,Tarímbaro,MX16088,122366,30592,2.0,23.0,75.18305439330544,0.9393982498632722,0.5577889361189158,0.2899206665630134,19.61297071129707,26.15062761506276,13.07531380753138,6,8.0,2.0,10.575416852722382,0.7399794450154163,36.0,0.2899206665630134,0.13122751841995947,33.3912073481,61.322170365289594,57.45481560113345,59.001757506795904,2024-12-17
2025-12-17,Michoacán de Ocampo,Tepalcatepec,MX16089,25222,6306,1.3266415010625943,8.0,126.86330478908975,13.713480860796189,0.2803746967453292,0.5628256256202292,0.0,0.0,0.0,0,0.0,0.0,11.642411642411643,0.7399794450154163,36.0,0.5628256256202292,0.09166356688659726,30.6015593778,33.71804010633882,30.53185535215323,31.80632925382747,2024-12-17
2025-12-17,Michoacán de Ocampo,Tingambato,MX16090,17231,4308,1.0965146620682356,4.0,92.85051067780873,1.2952017425090996,0.4282113488137624,0.23659672871988507,0.0,0.0,0.0,0,0.0,0.0,1.5364724410137918,0.7399794450154163,36.0,0.23659672871988507,0.5747997758560197,64.6674171219,22.48478397387605,21.626714030968948,21.96994200813179,2024-12-17
2025-12-17,Michoacán de Ocampo,Tingüindín,MX16091,15670,3918,1.045704102265472,2.0,51.04645227156713,5.925246049044903,0.8797851224046128,0.6115749288749851,0.0,0.0,0.0,0,0.0,0.0,22.352235876406212,0.7399794450154163,36.0,0.6115749288749851,0.22272358050453017,39.8425802265,37.80171947634015,31.772147059299964,34.18397602611604,2024-12-17
2025-12-17,Michoacán de Ocampo,Tiquicheo de Nicolás Romero,MX16092,13536,3384,0.9718332931952726,5.0,147.75413711583926,3.0396851666108864,0.2233135889599547,0.19035935692229672,0.0,0.0,0.0,0,0.0,0.0,0.0,0.7399794450154163,36.0,0.19035935692229672,0.4251861101143328,54.118181194,14.214502909955556,17.72987284391672,16.323724870332253,2024-12-17
2025-12-17,Michoacán de Ocampo,Tlalpujahua,MX16093,30177,7544,1.4510334888891283,7.0,92.78897136797455,1.0226969201223781,0.42857705481764224,0.22799881210989484,0.0,13.255567338282079,-13.255567338282079,0,1.0,1.0,2.158195748354376,0.7399794450154163,36.0,0.22799881210989484,0.5101827269001994,60.1112792115,43.42354441814806,22.250067962760347,30.719458544915433,2024-12-17
2025-12-17,Michoacán de Ocampo,Tlazazalca,MX16094,6630,1657,0.6800453105030191,3.0,181.05009052504525,4.2201217074186435,0.15958809876387628,0.19653315450102227,0.0,0.0,0.0,0,0.0,0.0,1.3300419229214104,0.7399794450154163,36.0,0.19653315450102227,0.27587795635080875,43.5904868674,14.78168595287219,19.30283910659404,17.494377845105298,2024-12-17
2025-12-17,Michoacán de Ocampo,Tocumbo,MX16095,13232,3308,0.9608583008411195,3.0,90.68923821039903,10.00063993426775,0.4413523845531787,0.5236776847654407,0.0,0.0,0.0,0,0.0,0.0,18.98614011771407,0.7399794450154163,36.0,0.5236776847654407,0.11066366717873156,31.9412534468,32.923603886537855,30.15708056335644,31.26368989262901,2024-12-17
2025-12-17,Michoacán de Ocampo,Tumbiscatío,MX16096,6279,1570,0.6619518833279906,2.0,127.38853503184713,15.064894946357118,0.2787107344276759,0.6055395003904682,0.0,0.0,0.0,0,0.0,0.0,4.832376925400181,0.7399794450154163,36.0,0.6055395003904682,0.4142364935624234,53.3461254613,38.68818650586886,30.815467564712794,33.964555141175225,2024-12-17
2025-12-17,Michoacán de Ocampo,Turicato,MX16097,30566,7642,1.4604278713451133,7.0,91.59905783826224,12.734896804776975,0.4357448924936874,0.6089783598960179,0.0,0.0,0.0,0,0.0,0.0,0.0,0.7399794450154163,36.0,0.6089783598960179,0.39930730803598685,52.2934709491,26.25549695760028,22.62390686920964,24.076542904565898,2024-12-17
2025-12-17,Michoacán de Ocampo,Tuxpan,MX16098,27147,6787,1.376307639444179,7.0,103.13835273316634,2.4788190205921654,0.37320916583023156,0.24723467101299013,0.0,0.0,0.0,0,0.0,0.0,0.0,0.7399794450154163,36.0,0.24723467101299013,0.37700214401670173,50.720737359,14.957083010723737,18.171456782516888,16.88570727379963,2024-12-17
2025-12-17,Michoacán de Ocampo,Tuzantla,MX16099,15006,3752,1.023311867585914,6.0,159.9147121535181,5.150710654645753,0.1969632523603979,0.24520657550358754,0.0,0.0,0.0,0,0.0,0.0,0.0,0.7399794450154163,36.0,0.24520657550358754,0.5514922784613353,63.0240091639,18.386042834334333,19.01957030862722,18.766159318910063,2024-12-17
2025-12-17,Michoacán de Ocampo,Tzintzuntzan,MX16100,15940,3985,1.0546072650014335,3.0,75.28230865746549,2.788117374728104,0.5568911013789557,0.34904198567703276,0.0,0.0,0.0,0,0.0,0.0,3.5871871267155484,0.7399794450154163,36.0,0.34904198567703276,0.555257630931072,63.2895035715,30.66042693146534,26.340431821412523,28.068429865433654,2024-12-17
2025-12-17,Michoacán de Ocampo,Tzitzio,MX16101,9357,2339,0.8079634348687106,5.0,213.76656690893543,1.6572050956755422,0.1163080122247078,0.09230969085303427,0.0,0.0,0.0,0,0.0,0.0,6.416977978918855,0.7399794450154163,36.0,0.09230969085303427,0.5906516441042283,65.785129847,29.582323607675598,27.380604521035046,28.261292155691265,2024-12-17
2025-12-17,Michoacán de Ocampo,Uruapan,MX16102,373932,93483,2.0,70.0,74.87992469219003,3.9564901725642048,0.5605457233777282,0.3885171161490809,5.3485660494421445,9.62741888899586,3.2091396296652865,5,9.0,2.0,6.500541711809317,0.7399794450154163,36.0,0.3885171161490809,0.2554137291450885,42.1475574411,46.95391761496634,59.258904049791916,54.33690947586168,2024-12-17
2025-12-17,Michoacán de Ocampo,Venustiano Carranza,MX16103,24646,6162,1.311406835137489,6.0,97.37098344693281,3.449934024868192,0.4026119285421722,0.2932277449142586,0.0,0.0,0.0,0,0.0,0.0,0.0,0.7399794450154163,36.0,0.2932277449142586,0.5252134370719913,61.1710922104,19.301101088867583,19.464430134608556,19.399098516312165,2024-12-17
2025-12-17,Michoacán de Ocampo,Villamar,MX16104,16474,4119,1.0721918257437606,2.0,48.555474629764504,3.3662473610050077,0.9312399571505091,0.5548451709212452,0.0,0.0,0.0,0,0.0,0.0,13.970147422753882,0.7399794450154163,36.0,0.5548451709212452,0.22195687979594675,39.7885202807,36.08449272355629,31.08755646031217,33.08633096560982,2024-12-17
2025-12-17,Michoacán de Ocampo,Vista Hermosa,MX16105,22035,5509,1.2399751512279802,8.0,145.2169177709203,0.5900289490878813,0.2293678518541858,0.1146839259270929,0.0,0.0,0.0,0,0.0,0.0,0.0,0.7399794450154163,36.0,0.1146839259270929,0.2926613566627053,44.7738817711,9.293744911066893,16.15914390471613,13.412984307256437,2024-12-17
2025-12-17,Michoacán de Ocampo,Yurécuaro,MX16106,34150,8538,1.5436707360490052,9.0,105.41110330288123,1.4478257733486863,0.362506170116681,0.2086620576683816,0.0,0.0,0.0,0,0.0,0.0,0.7145153799435533,0.7399794450154163,36.0,0.2086620576683816,0.3495286474991186,48.7835854612,15.059837985714347,18.777486810247353,17.29042728043415,2024-12-17
2025-12-17,Michoacán de Ocampo,Zacapu,MX16107,80093,20023,2.0,28.0,139.83918493732207,3.869688989457956,0.24292640194803158,0.22691050973535132,0.0,0.0,0.0,0,0.0,0.0,0.0,0.7399794450154163,36.0,0.22691050973535132,0.31704703958549024,46.4933124203,13.148256083770343,17.62779132502916,15.835977228525632,2024-12-17
2025-12-17,Michoacán de Ocampo,Zamora,MX16108,214814,53704,2.0,45.0,83.79264114404886,2.206733879318901,0.487818176726145,0.2957719299974713,9.310293460449873,18.620586920899747,0.0,5,10.0,5.0,5.9033181200986,0.7399794450154163,36.0,0.2957719299974713,0.2819761219159361,44.0204675577,58.84148920193854,58.24495376775468,58.48356794142823,2024-12-17
2025-12-17,Michoacán de Ocampo,Zináparo,MX16109,3325,831,0.5,1.0,120.33694344163658,2.0283276552599725,0.30226220107753876,0.19724525876611748,0.0,0.0,0.0,0,0.0,0.0,0.8931442249294416,0.7399794450154163,36.0,0.19724525876611748,0.0612229289181657,28.4551948052,9.403570473447498,17.50052384812884,14.261742498256302,2024-12-17
2025-12-17,Michoacán de Ocampo,Zinapécuaro,MX16110,51622,12906,1.8978960691394073,14.0,108.47667751433441,5.757276030836428,0.3487800047710569,0.3406599666420678,23.245002324500234,46.49000464900047,0.0,3,6.0,3.0,16.166181234684466,0.7399794450154163,36.0,0.3406599666420678,0.40135601773899277,52.4379251465,68.24691935404189,59.41432969867727,62.94736556082312,2024-12-17
2025-12-17,Michoacán de Ocampo,Ziracuaretiro,MX16111,19540,4885,1.1676397733229218,3.0,61.412487205731836,2.445750351820221,0.7104876230084967,0.41480834648890985,0.0,20.470829068577277,0.0,0,1.0,0.0,1.3371415123605361,0.7399794450154163,36.0,0.41480834648890985,0.5175807383909473,60.6329118326,58.48082464235134,23.142641086069986,37.277914508582526,2024-12-17
2025-12-17,Michoacán de Ocampo,Zitácuaro,MX16112,164785,41196,2.0,34.0,82.53228468783377,1.0756353090024822,0.4971490817569035,0.26399062950736674,0.0,0.0,0.0,0,0.0,0.0,0.0,0.7399794450154163,36.0,0.26399062950736674,0.48896526980604604,58.6152396648,17.699024281341924,18.932343913396124,18.439016060574442,2024-12-17
2025-12-17,Michoacán de Ocampo,José Sixto Verduzco,MX16113,27553,6888,1.3865105073910466,5.0,72.59001161440186,6.179197773501641,0.5821150634865625,0.470922842989129,0.0,0.0,0.0,0,0.0,0.0,0.6825565839408086,0.7399794450154163,36.0,0.470922842989129,0.38838657819468564,51.5234520138,23.62388928952001,22.064951974422087,22.688526900461255,2024-12-17
2025-12-17,Morelos,Amacuzac,MX17001,18551,4638,1.1377372258022838,7.0,150.92712376024147,1.9297256526526707,0.21602872536266787,0.1509513240408007,0.0,0.0,0.0,0,0.0,0.0,1.8689842070834501,0.7810894141829395,38.0,0.1509513240408007,0.5479967176145648,62.777537721,20.221396971310256,21.76629086371864,21.148333306755287,2024-12-17
2025-12-17,Morelos,Atlatlahucan,MX17002,26903,6726,1.3701087106038168,4.0,59.47071067499257,0.19300627353806832,0.7377083398972875,0.36885416994864373,0.0,29.735355337496284,0.0,0,2.0,0.0,1.079328848897793,0.7810894141829395,38.0,0.36885416994864373,0.42909976975379127,54.3941327167,57.380859331957765,22.453517569060683,36.42445427421952,2024-12-17
2025-12-17,Morelos,Axochiapan,MX17003,41423,10356,1.7000927557562011,15.0,144.8435689455388,2.678269695482793,0.23027663127382725,0.1821951906438035,0.0,0.0,0.0,0,0.0,0.0,1.2777266687110294,0.7810894141829395,38.0,0.1821951906438035,0.6841651283475647,72.378750843,22.38480992234991,21.823878475479386,22.048251054227595,2024-12-17
2025-12-17,Morelos,Ayala,MX17004,95875,23969,2.0,21.0,87.61316700738453,2.022645572936701,0.46117364996346705,0.27651789266646415,0.0,8.344111143560433,-4.172055571780216,0,2.0,1.0,0.8394779935871723,0.7810894141829395,38.0,0.27651789266646415,0.4607258741403202,56.6240843391,32.80123487582446,21.098688491248264,25.779707045078748,2024-12-17
2025-12-17,Morelos,Coatlán del Río,MX17005,11301,2825,0.8879445009598388,6.0,212.38938053097345,1.060205617630744,0.11786104372118428,0.07384942822340343,0.0,0.0,0.0,0,0.0,0.0,0.0,0.7810894141829395,38.0,0.07384942822340343,0.5080471807594851,59.9607021906,12.376426461891803,17.48603849777118,15.44219368341943,2024-12-17
2025-12-17,Morelos,Cuautla,MX17006,198638,49659,2.0,77.0,155.05749209609536,0.6249203230532127,0.20699246246680006,0.10438918439042795,4.027467327171308,10.068668317928271,2.013733663585654,2,5.0,1.0,0.8819586537783108,0.7810894141829395,38.0,0.10438918439042795,0.38434394316192044,51.2384064565,28.9383150892079,48.72295161482858,40.80909700458031,2024-12-17
2025-12-17,Morelos,Cuernavaca,MX17007,399888,99972,2.0,158.0,158.04425239066939,1.3465340053167678,0.2007523986183193,0.12452130425299432,3.0008402352658745,26.007282038970914,-3.0008402352658745,3,26.0,6.0,6.215841775844138,0.7810894141829395,38.0,0.12452130425299432,0.18627709401095033,37.2727442235,57.46118100780884,49.30090124086009,52.5650131476396,2024-12-17
2025-12-17,Morelos,Emiliano Zapata,MX17008,116819,29205,2.0,22.0,75.32956685499059,2.1080835073853055,0.556464444374429,0.32691630837613783,0.0,3.42407122068139,-3.42407122068139,0,1.0,1.0,2.95762938380462,0.7810894141829395,38.0,0.32691630837613783,0.35465672207851173,49.1451651894,29.792872948346727,24.749058061315594,26.766584016128046,2024-12-17
2025-12-17,Morelos,Huitzilac,MX17009,25682,6421,1.338683562785723,7.0,109.01728702694284,0.873805792706611,0.34643948634622584,0.1821323928244735,15.57389814670612,31.14779629341224,0.0,1,2.0,1.0,3.877509355513075,0.7810894141829395,38.0,0.1821323928244735,0.3142123891520528,46.2934416662,56.56743192150624,54.362401684100846,55.24441377906301,2024-12-17
2025-12-17,Morelos,Jantetelco,MX17010,19678,4919,1.1716961615794452,6.0,121.97601138442774,1.4966918082657108,0.29654499721688365,0.17725605397520935,0.0,0.0,0.0,0,0.0,0.0,0.0,0.7810894141829395,38.0,0.17725605397520935,0.5658045281319388,64.0331636264,16.633772181895058,19.01570474365512,18.062931718951095,2024-12-17
2025-12-17,Morelos,Jiutepec,MX17011,234259,58565,2.0,55.0,93.91274652095962,0.3124833614452057,0.42197439914759316,0.21098719957379658,5.1225134465977975,17.07504482199266,0.0,3,10.0,3.0,3.2545971635000948,0.7810894141829395,38.0,0.21098719957379658,0.2631348704296872,42.6919738929,46.775078293766704,53.40165048054285,50.75102160583239,2024-12-17
2025-12-17,Morelos,Jojutla,MX17012,62613,15653,2.0,30.0,191.65655145978405,3.413524122443317,0.14393831983784416,0.16271772475627674,6.388551715326136,19.165655145978405,0.0,1,3.0,1.0,2.803476310625175,0.7810894141829395,38.0,0.16271772475627674,0.41483530325367696,53.388347438,50.51716900378147,52.819321566431555,51.89846054137153,2024-12-17
2025-12-17,Morelos,Jonacatepec,MX17013,17616,4404,1.108664779901846,8.0,181.65304268846504,0.8225310658687736,0.15864945335391792,0.0865851796466815,0.0,0.0,0.0,0,0.0,0.0,0.0,0.7810894141829395,38.0,0.0865851796466815,0.6575109739216163,70.4993706266,15.74777486783277,18.38618648066117,17.330821835529807,2024-12-17
2025-12-17,Morelos,Mazatepec,MX17014,10357,2589,0.8500463778781006,3.0,115.87485515643105,2.2522108752136236,0.3186458300513565,0.212651136318671,0.0,0.0,0.0,0,0.0,0.0,2.2427810485001403,0.7810894141829395,38.0,0.212651136318671,0.3524410336308205,48.9889373471,19.107862239530466,22.159966577507017,20.9391248423164,2024-12-17
2025-12-17,Morelos,Miacatlán,MX17015,28812,7203,1.4178598456843001,8.0,111.06483409690406,3.68380295318293,0.33778139670437013,0.2683483059247117,0.0,0.0,0.0,0,0.0,0.0,3.8174390639687967,0.7810894141829395,38.0,0.2683483059247117,0.37397324194806764,50.5071699528,25.19700734382576,25.594384220878496,25.4354334700574,2024-12-17
2025-12-17,Morelos,Ocuituco,MX17016,20476,5119,1.1952786457672002,6.0,117.2103926548154,0.27148492949715897,0.31361127739794376,0.15680563869897188,0.0,0.0,0.0,0,0.0,0.0,0.0,0.7810894141829395,38.0,0.15680563869897188,0.7228962211471698,75.1096740756,19.162093583912554,19.555758225416426,19.398292368814875,2024-12-17
2025-12-17,Morelos,Puente de Ixtla,MX17017,71339,17835,2.0,20.0,112.13905242500701,2.8230630934096754,0.33336549670752086,0.2384052195779539,11.2139052425007,28.034763106251752,0.0,2,5.0,2.0,0.6388551715326136,0.7810894141829395,38.0,0.2384052195779539,0.5412000213532346,62.2983037417,54.593962161317755,50.70500896160416,52.26059024148959,2024-12-17
2025-12-17,Morelos,Temixco,MX17018,131263,32816,2.0,36.0,109.70258410531449,2.1006295980506917,0.34350571151510073,0.22019675881869558,6.094588005850804,18.283764017552414,6.094588005850804,2,6.0,0.0,0.7502100588164686,0.7810894141829395,38.0,0.22019675881869558,0.5304554115379208,61.5407030016,47.962905859069004,50.6207774453909,49.55762881086214,2024-12-17
2025-12-17,Morelos,Tepalcingo,MX17019,29579,7395,1.436632493761815,12.0,162.27180527383368,5.631000216174857,0.19231269101105897,0.2583573952144631,0.0,0.0,0.0,0,0.0,0.0,0.0,0.7810894141829395,38.0,0.2583573952144631,0.6226457692361631,68.041030554,20.203637241157153,20.273127044047285,20.245331122891233,2024-12-17
2025-12-17,Morelos,Tepoztlán,MX17020,61636,15409,2.0,13.0,84.36627944707638,0.3372771444038063,0.48366363149437613,0.24183181574718807,6.48971380362126,12.97942760724252,6.48971380362126,1,2.0,0.0,4.241119619490034,0.7810894141829395,38.0,0.24183181574718807,0.3005327247866239,45.3288906936,44.48453465172621,55.62425550144019,51.1683671615546,2024-12-17
2025-12-17,Morelos,Tetecala,MX17021,8212,2053,0.7569567579141755,6.0,292.2552362396493,4.150556185303685,0.05198520222229222,0.14049013554067297,0.0,0.0,0.0,0,0.0,0.0,0.0,0.7810894141829395,38.0,0.14049013554067297,0.4889000638777446,58.6106420051,13.99270534377508,18.18999140116971,16.511076978211857,2024-12-17
2025-12-17,Morelos,Tetela del Volcán,MX17022,24159,6040,1.298359814614352,6.0,99.33774834437087,2.8728368011748517,0.39220149763172557,0.26942705022841645,0.0,0.0,0.0,0,0.0,0.0,0.0,0.7810894141829395,38.0,0.26942705022841645,0.780365862352181,79.161849395,23.69012875389611,21.194563369794814,22.192789523435337,2024-12-17
2025-12-17,Morelos,Tlalnepantla,MX17023,8454,2113,0.7679383289965801,2.0,94.65215333648841,3.980187387980894,0.4177155865024104,0.317865629754469,0.0,0.0,0.0,0,0.0,0.0,1.790492939273692,0.7810894141829395,38.0,0.317865629754469,0.6414158885434152,69.3645087001,26.898442168140217,24.103846791488845,25.22168494214939,2024-12-17
2025-12-17,Morelos,Tlaltizapán de Zapata,MX17024,56061,14015,1.9777579866207593,16.0,114.16339636104173,1.4461546733440667,0.3252696800466304,0.18998996571787594,0.0,14.270424545130217,-14.270424545130217,0,2.0,2.0,2.64128644661751,0.7810894141829395,38.0,0.18998996571787594,0.49557507491527697,59.0812959785,44.81572134655698,23.276472938663783,31.892172301821063,2024-12-17
2025-12-17,Morelos,Tlaquiltenango,MX17025,35928,8982,1.5832996701133255,15.0,167.000668002672,3.6371431385473363,0.18337849333627404,0.1896433612791003,0.0,33.4001336005344,-11.133377866844802,0,3.0,1.0,2.200307119728355,0.7810894141829395,38.0,0.1896433612791003,0.4797585299784021,57.9660738945,55.85642004493031,22.448754845193637,35.811820925088306,2024-12-17
2025-12-17,Morelos,Tlayacapan,MX17026,20772,5193,1.2038870898198415,8.0,154.05353360292702,0.6289065676852057,0.2091443098396295,0.10559355459541714,0.0,0.0,0.0,0,0.0,0.0,2.003509683746901,0.7810894141829395,38.0,0.10559355459541714,0.3498546883887011,48.8065745528,15.238488947594833,20.458397913686955,18.370434327250106,2024-12-17
2025-12-17,Morelos,Totolapan,MX17027,13449,3362,0.9686691095035452,3.0,89.2325996430696,1.6434604898552625,0.45056817585095116,0.25899688796394177,0.0,0.0,0.0,0,0.0,0.0,0.0,0.7810894141829395,38.0,0.25899688796394177,0.69570929450034,73.1927281741,21.684092528925053,20.646118583361915,21.06130816158717,2024-12-17
2025-12-17,Morelos,Xochitepec,MX17028,79723,19931,2.0,21.0,105.36350408910742,2.248317479404291,0.3627255937190089,0.2345655634493093,0.0,40.138477748231395,-15.051929155586775,0,8.0,3.0,3.4616986496703013,0.7810894141829395,38.0,0.2345655634493093,0.5250406618726753,61.1589098584,61.304014088868364,25.34375549133838,39.72785893035038,2024-12-17
2025-12-17,Morelos,Yautepec,MX17029,113384,28346,2.0,34.0,119.94637691385027,1.9959027659238229,0.30364758146870724,0.19689313999113234,3.5278346151132434,7.055669230226487,3.5278346151132434,1,2.0,0.0,1.9549618221737957,0.7810894141829395,38.0,0.19689313999113234,0.44199914492038844,55.3036656212,30.829851578561485,48.755190098312895,41.58505469041233,2024-12-17
2025-12-17,Morelos,Yecapixtla,MX17030,60850,15213,2.0,14.0,92.02655623479919,3.4630443225343353,0.4331483798661404,0.3089184163235949,0.0,0.0,0.0,0,0.0,0.0,0.4474963696857009,0.7810894141829395,38.0,0.3089184163235949,0.620800476365466,67.9109192453,22.816779626207477,21.62611123913026,22.10237859396115,2024-12-17
2025-12-17,Morelos,Zacatepec,MX17031,39459,9865,1.6593008692897033,17.0,172.32640648758237,0.9083573108873739,0.1739036961392831,0.09697783185663494,0.0,10.13684744044602,0.0,0,1.0,0.0,5.867485652608945,0.7810894141829395,38.0,0.09697783185663494,0.3045526822788454,45.6123372611,39.8528235023103,26.651793261392115,31.93220535775939,2024-12-17
2025-12-17,Morelos,Zacualpan,MX17032,10800,2700,0.8680774565414082,3.0,111.11111111111111,1.0228237022183928,0.33758940105233315,0.18250907045540715,0.0,0.0,0.0,0,0.0,0.0,0.0,0.7810894141829395,38.0,0.18250907045540715,0.5367270666494481,61.9829164124,16.20981344665118,18.93335363400504,17.843937559063495,2024-12-17
2025-12-17,Morelos,Temoac,MX17033,17627,4407,1.1090423262366116,5.0,113.45586566825504,1.4415424461232194,0.3280664167113017,0.1912397168467822,0.0,0.0,0.0,0,0.0,0.0,0.0,0.7810894141829395,38.0,0.1912397168467822,0.7262473718418876,75.3459631815,20.26213894224122,19.985722916663736,20.096289326894727,2024-12-17
2025-12-17,Nayarit,Acaponeta,MX18001,38838,9710,1.6462136971551076,25.0,257.46652935118436,8.334294424506835,0.07565613283342261,0.28713584483865917,0.0,0.0,0.0,0,0.0,0.0,0.0,0.0,0.0,0.28713584483865917,0.19849550893485013,38.1342627289,12.583985523856779,5.03359420954271,8.053750735268338,2024-12-17
2025-12-17,Nayarit,Ahuacatlán,MX18002,16372,4093,1.0688025178750375,9.0,219.8876129978011,6.550156205718009,0.10964078543397367,0.24663888886564042,0.0,0.0,0.0,0,0.0,0.0,0.0,0.0,0.0,0.24663888886564042,0.0,23.3363602831,7.3991666659692115,2.959666666387685,4.735466666220296,2024-12-17
2025-12-17,Nayarit,Amatlán de Cañas,MX18003,12008,3002,0.9153389432148461,7.0,233.17788141239174,4.246538891440524,0.09636972089317788,0.16577519162714405,0.0,0.0,0.0,0,0.0,0.0,0.0,0.0,0.0,0.16577519162714405,0.07049555508125224,29.1090062106,6.383166850439366,2.5532667401757467,4.085226784281194,2024-12-17
2025-12-17,Nayarit,Compostela,MX18004,80885,20221,2.0,34.0,168.14203056228672,7.960312708224264,0.18129741105301891,0.3279058814637377,0.0,0.0,0.0,0,0.0,0.0,0.0,0.0,0.0,0.3279058814637377,0.17559707568914715,36.5196978194,13.349117957695073,5.339647183078029,8.543435492924848,2024-12-17
2025-12-17,Nayarit,Huajicori,MX18005,12970,3243,0.9513713532874462,10.0,308.35646006783844,5.06635633202421,0.042837676045244015,0.16542568545620606,0.0,30.835646006783843,-30.835646006783843,0,1.0,1.0,5.866823115283075,0.0,0.0,0.16542568545620606,0.7465162475304964,76.7751184032,69.7499473562743,17.86180610037057,38.61706260273207,2024-12-17
2025-12-17,Nayarit,Ixtlán del Río,MX18006,30615,7654,1.4615740542851885,13.0,169.845832244578,1.327381160459557,0.17824285579255814,0.11264938149346511,0.0,0.0,0.0,0,0.0,0.0,0.0,0.0,0.0,0.11264938149346511,0.15831785437661344,35.3013426553,6.545838532336222,2.618335412934489,4.189336660695182,2024-12-17
2025-12-17,Nayarit,Jala,MX18007,20255,5064,1.1888400968532853,11.0,217.21958925750394,8.351049446201248,0.11250068026431494,0.30609800619371835,0.0,0.0,0.0,0,0.0,0.0,0.0,0.0,0.0,0.30609800619371835,0.4383283792489444,55.0448405138,17.94950777079044,7.179803108316175,11.487684973305882,2024-12-17
2025-12-17,Nayarit,Xalisco,MX18008,61019,15255,2.0,19.0,124.5493280891511,3.3760393773781354,0.28787263220908704,0.23347703108626447,0.0,13.110455588331694,-13.110455588331694,0,2.0,2.0,0.0,0.0,0.0,0.23347703108626447,0.0,19.8048741206,27.689971451872065,2.8017243730351735,12.757023204569931,2024-12-17
2025-12-17,Nayarit,Del Nayar,MX18009,50530,12632,1.877641408597481,34.0,269.15769474350856,1.341356986968217,0.06701858726413784,0.05748758242565268,0.0,0.0,0.0,0,0.0,0.0,0.0,0.0,0.0,0.05748758242565268,0.9223801742684401,89.1752560856,20.172230958138382,8.068892383255353,12.910227813208566,2024-12-17
2025-12-17,Nayarit,Rosamorada,MX18010,35103,8776,1.5650380586538102,19.0,216.49954421148587,0.4518060881219165,0.11328458595684208,0.05664229297842104,0.0,0.0,0.0,0,0.0,0.0,0.0,0.0,0.0,0.05664229297842104,0.21886386894939244,39.5704325747,6.07654616834048,2.430618467336192,3.8889895477379075,2024-12-17
2025-12-17,Nayarit,Ruíz,MX18011,25315,6329,1.3290586420951582,13.0,205.4036972665508,6.1885612980008595,0.1260594221620089,0.24319673790994972,0.0,0.0,0.0,0,0.0,0.0,0.0,0.0,0.0,0.24319673790994972,0.2299531016445954,40.3523326196,11.8949641701904,4.757985668076159,7.612777068921855,2024-12-17
2025-12-17,Nayarit,San Blas,MX18012,43222,10806,1.7366371113737646,18.0,166.5741254858412,17.36275055431798,0.18416354222460282,0.5920817711123014,0.0,0.0,0.0,0,0.0,0.0,0.0,0.0,0.0,0.5920817711123014,0.12141039154140273,32.6990032833,20.190660964197097,8.076264385678838,12.922023017086143,2024-12-17
2025-12-17,Nayarit,San Pedro Lagunillas,MX18013,8009,2002,0.7474955860273275,5.0,249.75024975024974,5.77273596107225,0.08179999369860429,0.20766811774185373,0.0,0.0,0.0,0,0.0,0.0,0.0,0.0,0.0,0.20766811774185373,0.149396861019778,34.6723248235,9.217980752651172,3.6871923010604686,5.89950768169675,2024-12-17
2025-12-17,Nayarit,Santa María del Oro,MX18014,26514,6628,1.3600906210060382,8.0,120.70006035003017,2.713397562140165,0.3009822300639593,0.21867989552727685,0.0,0.0,0.0,0,0.0,0.0,0.0,0.0,0.0,0.21867989552727685,0.08058918499336395,29.8207064606,8.172180565685585,3.268872226274234,5.230195562038774,2024-12-17
2025-12-17,Nayarit,Santiago Ixcuintla,MX18015,97749,24437,2.0,44.0,180.05483488153212,1.7066081944251723,0.1611512148804597,0.1163231804434244,0.0,0.0,0.0,0,0.0,0.0,0.0,0.0,0.0,0.1163231804434244,0.0,23.4013742882,3.489695413302732,1.3958781653210928,2.2334050645137484,2024-12-17
2025-12-17,Nayarit,Tecuala,MX18016,38438,9610,1.6377148603214038,18.0,187.30489073881373,3.5916010279442494,0.15014475706368968,0.1715590153295926,0.0,0.0,0.0,0,0.0,0.0,0.0,0.0,0.0,0.1715590153295926,0.11044994036018961,31.9261836026,7.355769267091571,2.9423077068366283,4.707692330938605,2024-12-17
2025-12-17,Nayarit,Tepic,MX18017,452146,113036,2.0,131.0,115.89228210481616,5.1147131349187465,0.31857938880790354,0.3048547158972369,0.0,0.0,0.0,0,0.0,0.0,0.0,0.0,0.0,0.3048547158972369,0.0,21.6182213948,9.145641476917106,3.6582565907668423,5.853210545226947,2024-12-17
2025-12-17,Nayarit,Tuxpan,MX18018,31427,7857,1.4808292100428786,17.0,216.36757031946036,4.516147546466852,0.11342883036827954,0.1829921944048214,0.0,0.0,0.0,0,0.0,0.0,0.0,0.0,0.0,0.1829921944048214,0.11412696370698336,32.1854499377,7.77230510628431,3.108922042513724,4.974275268021958,2024-12-17
2025-12-17,Nayarit,La Yesca,MX18019,14325,3581,0.9997208653120777,10.0,279.2516056967328,10.078229827608558,0.060142884148838956,0.33557307005325127,0.0,0.0,0.0,0,0.0,0.0,0.0,0.0,0.0,0.33557307005325127,0.6442008769197242,69.5608777904,22.951209639992022,9.180483855996806,14.688774169594893,2024-12-17
2025-12-17,Nayarit,Bahía de Banderas,MX18020,197084,49271,2.0,49.0,99.44998071888129,5.950633629021225,0.3916198509398405,0.36831034285204656,0.0,0.0,0.0,0,0.0,0.0,0.4358722894192002,0.0,0.0,0.36831034285204656,0.08165904901082693,29.8961424034,13.786272630696834,5.80885074959044,8.999819502032997,2024-12-17
2025-12-17,Nuevo León,Abasolo,MX19001,3173,793,0.5,1.0,126.10340479192938,1.0216424409097553,0.28280664167113023,0.1550796276460991,0.0,0.0,0.0,0,0.0,0.0,1.041503931677342,0.8221993833504626,40.0,0.1550796276460991,0.0,10.3794076164,7.289841723686136,18.41884636159696,13.967244506432626,2024-12-17
2025-12-17,Nuevo León,Agualeguas,MX19002,3468,867,0.5,6.0,692.0415224913495,6.998705310965861,0.0,0.20627184166497398,0.0,0.0,0.0,0,0.0,0.0,0.0,0.8221993833504626,40.0,0.20627184166497398,0.0,8.7050228311,6.188155249949219,17.274851000288017,12.840172700152497,2024-12-17
2025-12-17,Nuevo León,Los Aldamas,MX19003,1444,361,0.5,0.0,0.0,22.85681599433715,0.0,0.5,0.0,0.0,0.0,0,0.0,0.0,53.530927684781915,0.8221993833504626,40.0,0.5,0.0,12.5450549451,30.0,30.79958890030833,30.479753340184995,2024-12-17
2025-12-17,Nuevo León,Allende,MX19004,37009,9252,1.6069205619558502,15.0,162.12710765239947,0.22918468651186139,0.1925942846340465,0.09629714231702324,0.0,0.0,0.0,0,0.0,0.0,4.813087295394751,0.8221993833504626,40.0,0.09629714231702324,0.0,22.5890870607,15.077337790225126,24.080770288588894,20.479397289243384,2024-12-17
2025-12-17,Nuevo León,Anáhuac,MX19005,18796,4699,1.145194671004119,8.0,170.24898914662694,16.384775139437053,0.1775290258042157,0.5887645129021079,0.0,0.0,0.0,0,0.0,0.0,0.0,0.8221993833504626,40.0,0.5887645129021079,0.12955547176651125,33.2733116028,20.25404482239346,22.512540413966178,21.60914217733709,2024-12-17
2025-12-17,Nuevo León,Apodaca,MX19006,700428,175107,2.0,120.0,68.5295276602306,0.48425738817779806,0.6239061170799335,0.31195305853996674,0.5710793971685884,3.9975557801801185,-1.1421587943371767,1,7.0,3.0,1.8271893286042387,0.8221993833504626,40.0,0.31195305853996674,0.0,14.2146887417,20.293013914349018,25.969714601270077,23.699034326501653,2024-12-17
2025-12-17,Nuevo León,Aramberri,MX19007,15517,3879,1.0404865861851649,15.0,386.69760247486465,7.423481212290561,0.009200037808374563,0.22455917550753324,0.0,0.0,0.0,0,0.0,0.0,0.0,0.8221993833504626,40.0,0.22455917550753324,0.43456184973076056,54.7792631127,15.428012259841209,19.66710825505253,17.971469856968,2024-12-17
2025-12-17,Nuevo León,Bustamante,MX19008,3795,949,0.514647304096438,1.0,105.3740779768177,8.420325755182096,0.36267683291849157,0.4334183340582215,0.0,0.0,0.0,0,0.0,0.0,0.0,0.8221993833504626,40.0,0.4334183340582215,0.1092342068894314,31.8404624277,15.187234159535274,20.54677994345414,18.402961629886594,2024-12-17
2025-12-17,Nuevo León,Cadereyta Jiménez,MX19009,128629,32157,2.0,35.0,108.84099884939515,8.583392107323682,0.34720015483429595,0.43093439035882763,3.109742824268433,6.219485648536866,0.0,1,2.0,1.0,2.5022838836008177,0.8221993833504626,40.0,0.43093439035882763,0.0,21.0892394453,29.077788015365293,47.83888787748735,40.334447932638525,2024-12-17
2025-12-17,Nuevo León,El Carmen,MX19010,112595,28149,2.0,13.0,46.18281288855732,4.2254334739074775,0.9854122688175432,0.6096163975916372,0.0,17.762620341752815,-14.210096273402252,0,5.0,4.0,0.7811279487580065,0.8221993833504626,40.0,0.6096163975916372,0.06112194462290805,28.4480744185,49.51486077137795,23.739321841674094,34.04953741355564,2024-12-17
2025-12-17,Nuevo León,Cerralvo,MX19011,7648,1912,0.7305005376077129,5.0,261.5062761506276,9.626572858058074,0.07258420240083178,0.32724024069963015,0.0,0.0,0.0,0,0.0,0.0,0.0,0.8221993833504626,40.0,0.32724024069963015,0.0,11.0137025407,9.817207220988903,18.72647178870389,15.162765961617893,2024-12-17
2025-12-17,Nuevo León,Ciénega de Flores,MX19012,75171,18793,2.0,8.0,42.56904166444953,2.950443532881224,1.0,0.5758269794757164,0.0,26.605651040280957,-10.642260416112382,0,5.0,2.0,0.0,0.8221993833504626,40.0,0.5758269794757164,0.0,23.6907977994,52.27480938427149,21.709512654016923,33.935631346118754,2024-12-17
2025-12-17,Nuevo León,China,MX19013,10334,2584,0.8492251561832714,8.0,309.59752321981426,40.3627080528764,0.042172091118182674,0.5210860455590913,38.69969040247678,77.39938080495357,38.69969040247678,1,2.0,0.0,57.182267823007145,0.8221993833504626,40.0,0.5210860455590913,0.0,17.2188623388,65.63258136677274,61.052621447017415,62.884605414919534,2024-12-17
2025-12-17,Nuevo León,Doctor Arroyo,MX19014,37526,9381,1.6180843740625097,39.0,415.7339302846178,3.1201643479901957,0.0,0.08129579783558372,0.0,0.0,0.0,0,0.0,0.0,0.0,0.8221993833504626,40.0,0.08129579783558372,0.47199606991448656,57.4187440621,11.878795333357242,18.135118823907764,15.632589427687554,2024-12-17
2025-12-17,Nuevo León,Doctor Coss,MX19015,1415,354,0.5,1.0,282.4858757062147,17.531532305479697,0.058043731686568574,0.5290218658432843,282.4858757062147,282.4858757062147,282.4858757062147,1,1.0,0.0,35.614502540425676,0.8221993833504626,40.0,0.5290218658432843,0.0,13.9083665339,65.87065597529853,61.14785129042774,63.03697316437605,2024-12-17
2025-12-17,Nuevo León,Doctor González,MX19016,3484,871,0.5,2.0,229.6211251435132,14.354935883925602,0.09977078672926053,0.4931929150137544,0.0,0.0,0.0,0,0.0,0.0,1.266784899923993,0.8221993833504626,40.0,0.4931929150137544,0.0,15.2109251658,18.00373069397126,22.856532709512468,20.915411903295983,2024-12-17
2025-12-17,Nuevo León,Galeana,MX19017,42595,10649,1.7239751816706836,34.0,319.2788055216452,8.733654248196613,0.03715761644145356,0.2807549336075754,0.0,0.0,0.0,0,0.0,0.0,0.1086795864959093,0.8221993833504626,40.0,0.2807549336075754,0.24724397224291755,41.571509173,13.642742247036201,19.588344494114214,17.21010359528301,2024-12-17
2025-12-17,Nuevo León,García,MX19018,422626,105657,2.0,37.0,35.018976499427396,4.4042413517919154,1.0,0.6226718888552115,2.839376472926545,17.036258837559274,-4.732294121544243,3,18.0,8.0,2.114523365668563,0.8221993833504626,40.0,0.6226718888552115,0.0,22.5824550673,50.91465875168373,47.42948851854343,48.823556611799546,2024-12-17
2025-12-17,Nuevo León,San Pedro Garza García,MX19019,134934,33734,2.0,67.0,198.61267563882137,0.7953949998797021,0.13458217748962742,0.0736771515237967,2.964368293116737,2.964368293116737,2.964368293116737,1,1.0,0.0,4.781314199489676,0.8221993833504626,40.0,0.0736771515237967,0.0,5.4509509601,18.995454059942947,46.29404129073051,35.37460639841548,2024-12-17
2025-12-17,Nuevo León,General Bravo,MX19020,5739,1435,0.6328525675966746,3.0,209.05923344947735,37.05758457412022,0.12170095676192283,0.5608504783809614,139.37282229965157,209.05923344947735,139.37282229965157,2,3.0,0.0,64.88835274763592,0.8221993833504626,40.0,0.5608504783809614,0.0,18.2797687861,66.82551435142884,61.529794640879864,63.64808252509946,2024-12-17
2025-12-17,Nuevo León,General Escobedo,MX19021,512079,128020,2.0,80.0,62.49023590064053,1.807581851867638,0.6961092819559535,0.3870558313487862,3.124511795032026,6.249023590064052,2.3433838462740195,4,8.0,1.0,0.9088623487077512,0.8221993833504626,40.0,0.3870558313487862,0.01163800503306786,24.958969658,24.00569461750238,44.79275720004588,36.477932167028484,2024-12-17
2025-12-17,Nuevo León,General Terán,MX19022,14683,3671,1.0122057222845113,11.0,299.645873059112,17.043263968540696,0.047664330376451104,0.5238321651882255,0.0,81.72160174339417,-27.240533914464724,0,3.0,1.0,10.362266693876688,0.8221993833504626,40.0,0.5238321651882255,0.0,12.2754409033,65.71496495564676,31.085574882567034,44.93733091179893,2024-12-17
2025-12-17,Nuevo León,General Treviño,MX19023,1862,465,0.5,1.0,215.05376344086022,4.295970963572239,0.11487444468949873,0.1766203753808125,0.0,0.0,0.0,0,0.0,0.0,0.0,0.8221993833504626,40.0,0.1766203753808125,0.0,10.8124287343,5.298611261424375,16.91903340487808,12.270864547496597,2024-12-17
2025-12-17,Nuevo León,General Zaragoza,MX19024,6566,1641,0.6767540858094484,7.0,426.56916514320534,3.2501920107447173,0.0,0.08548560607393084,0.0,0.0,0.0,0,0.0,0.0,0.0,0.8221993833504626,40.0,0.08548560607393084,0.5896301261347042,65.7131027764,14.35717070491201,18.77356680386902,17.007008364286214,2024-12-17
2025-12-17,Nuevo León,General Zuazua,MX19025,110033,27508,2.0,9.0,32.717754834957105,2.630283891226929,1.0,0.5655106554276417,0.0,0.0,0.0,0,0.0,0.0,0.9397031661440933,0.8221993833504626,40.0,0.5655106554276417,0.0,23.8388131902,19.34497734817383,23.172155222336414,21.64128407267138,2024-12-17
2025-12-17,Nuevo León,Guadalupe,MX19026,683152,170788,2.0,158.0,92.5123544979741,0.36472467534125835,0.4302268981060318,0.2151134490530159,1.1710424619996722,6.440733540998196,-1.7565636929995079,2,11.0,5.0,1.5064806955751,0.8221993833504626,40.0,0.2151134490530159,0.0,15.8025800155,20.430521827709807,28.827779833232235,25.468876631023264,2024-12-17
2025-12-17,Nuevo León,Los Herreras,MX19027,2053,513,0.5,1.0,194.9317738791423,1.623710185914129,0.1394498881502253,0.10280134117893067,0.0,0.0,0.0,0,0.0,0.0,6.449948400412797,0.8221993833504626,40.0,0.10280134117893067,0.0,10.4058981233,18.084040235367922,26.033204994455495,22.853539090820465,2024-12-17
2025-12-17,Nuevo León,Higueras,MX19028,1447,362,0.5,1.0,276.24309392265195,9.286219736180787,0.062139638930023014,0.3110509517614525,0.0,0.0,0.0,0,0.0,0.0,0.0,0.8221993833504626,40.0,0.3110509517614525,0.0,9.985915493,9.331528552843574,18.532200321445757,14.851931614004885,2024-12-17
2025-12-17,Nuevo León,Hualahuises,MX19029,7308,1827,0.7140783559310241,4.0,218.93814997263274,0.13537523480747798,0.11065054034468635,0.05532527017234318,0.0,54.734537493158186,-54.734537493158186,0,1.0,1.0,9.034647874599088,0.8221993833504626,40.0,0.05532527017234318,0.0,23.6863062004,51.6597581051703,25.46349214237645,35.94199852749399,2024-12-17
2025-12-17,Nuevo León,Iturbide,MX19030,3426,857,0.5,4.0,466.74445740956827,12.106742506560073,0.0,0.3708652510250141,0.0,0.0,0.0,0,0.0,0.0,1.8069295749198178,0.8221993833504626,40.0,0.3708652510250141,0.1786435991446019,36.7345077068,19.27460833907533,23.193709125286745,21.62606881080218,2024-12-17
2025-12-17,Nuevo León,Juárez,MX19031,501756,125439,2.0,47.0,37.468410940775996,1.1521002012204236,1.0,0.5178799738405094,1.594400465564936,8.769202560607148,-1.594400465564936,2,11.0,4.0,2.389243244952495,0.8221993833504626,40.0,0.5178799738405094,0.003951126657483339,24.4169690785,35.50185971916068,37.18987107277887,36.51466653133159,2024-12-17
2025-12-17,Nuevo León,Lampazos de Naranjo,MX19032,5592,1398,0.6246405608906583,5.0,357.653791130186,9.840870470262773,0.019951794322442415,0.30782922807934493,0.0,71.5307582260372,0.0,0,1.0,0.0,0.0,0.8221993833504626,40.0,0.30782922807934493,0.0,15.1187888199,44.234876842380345,18.49353963726047,28.79007451930842,2024-12-17
2025-12-17,Nuevo León,Linares,MX19033,88548,22137,2.0,40.0,180.69295749198176,1.2538254477070383,0.16014701943980597,0.10123131895903949,9.034647874599088,40.655915435695896,-9.034647874599088,2,9.0,4.0,7.082268947713451,0.8221993833504626,40.0,0.10123131895903949,0.036920838952553464,26.7416582822,53.775356347822246,56.198968922579574,55.229523892676646,2024-12-17
2025-12-17,Nuevo León,Marín,MX19034,5494,1373,0.6190302392160766,1.0,72.83321194464676,3.0206989127956847,0.5797599168215761,0.36797073747590053,0.0,0.0,0.0,0,0.0,0.0,1.0134279199391945,0.8221993833504626,40.0,0.36797073747590053,0.0,9.8384201077,13.60547671912392,20.926140813250406,17.99787517559981,2024-12-17
2025-12-17,Nuevo León,Melchor Ocampo,MX19035,1548,387,0.5,1.0,258.3979328165375,5.561691648547038,0.07493934906581809,0.19743743325219149,0.0,0.0,0.0,0,0.0,0.0,0.0,0.8221993833504626,40.0,0.19743743325219149,0.0,10.0690150971,5.923122997565744,17.16883809933463,12.670552058627074,2024-12-17
2025-12-17,Nuevo León,Mier y Noriega,MX19036,7995,1999,0.7469353144287875,7.0,350.1750875437719,4.133632811573977,0.023009096514878043,0.12545677033441502,0.0,0.0,0.0,0,0.0,0.0,0.0,0.8221993833504626,40.0,0.12545677033441502,0.581584402952589,65.1458001063,15.39539116908423,19.21299215908425,17.685951763084244,2024-12-17
2025-12-17,Nuevo León,Mina,MX19037,6566,1642,0.6769602561374025,2.0,121.8026796589525,35.960609173767494,0.29714231702322075,0.6485711585116104,0.0,121.8026796589525,0.0,0,2.0,0.0,0.35492205911581814,0.8221993833504626,40.0,0.6485711585116104,0.0,16.0436733989,55.35592177246449,23.181634147191772,36.051349197300866,2024-12-17
2025-12-17,Nuevo León,Montemorelos,MX19038,70613,17653,2.0,26.0,147.2837478049057,2.07879103997661,0.22442027159015723,0.159950347283261,11.329519061915821,39.653316716705376,-5.664759530957912,2,7.0,3.0,2.02406511647792,0.8221993833504626,40.0,0.159950347283261,0.0,18.2126254456,44.92415251868203,50.1360878011636,48.05131368817097,2024-12-17
2025-12-17,Nuevo León,Monterrey,MX19039,1183892,295973,2.0,350.0,118.25402992840563,0.5498095661139643,0.3097562485090449,0.15487812425452244,2.027211941629811,9.12245373733415,-1.0136059708149054,6,27.0,9.0,2.68578774979944,0.8221993833504626,40.0,0.15487812425452244,0.0,19.2234808152,25.841095560083833,36.605433132855104,32.2996981037466,2024-12-17
2025-12-17,Nuevo León,Parás,MX19040,933,233,0.5,1.0,429.18454935622316,13.20772251985606,0.0,0.40634151070886093,0.0,0.0,0.0,0,0.0,0.0,0.0,0.8221993833504626,40.0,0.40634151070886093,0.0,7.3178206583,12.190245321265827,19.675687028814657,16.681510345795125,2024-12-17
2025-12-17,Nuevo León,Pesquería,MX19041,157879,39470,2.0,16.0,40.537116797567776,10.117092601477365,1.0,0.8067538812814844,5.067139599695972,12.66784899923993,5.067139599695972,2,5.0,0.0,0.7536032410002795,0.8221993833504626,40.0,0.8067538812814844,0.0,23.4605094139,46.09832029813879,55.752893786435806,51.89106439111699,2024-12-17
2025-12-17,Nuevo León,Los Ramones,MX19042,5624,1406,0.6264252518445269,4.0,284.4950213371266,6.349460725248707,0.05676376067298907,0.2137334789061552,0.0,71.12375533428165,0.0,0,1.0,0.0,6.696653260920169,0.8221993833504626,40.0,0.2137334789061552,0.0,20.7183673469,56.41200436718465,27.36439064718219,38.98343613518318,2024-12-17
2025-12-17,Nuevo León,Rayones,MX19043,2468,617,0.5,4.0,648.2982171799027,7.2411534716962445,0.0,0.21408411237476913,0.0,0.0,0.0,0,0.0,0.0,3.3940278227524847,0.8221993833504626,40.0,0.21408411237476913,0.15690737580905062,35.2018900344,18.1555385899852,23.88304692955822,21.59204359372901,2024-12-17
2025-12-17,Nuevo León,Sabinas Hidalgo,MX19044,36075,9019,1.5865574012259602,18.0,199.57866725801085,5.125766855566538,0.13333447108534546,0.21258843485884116,0.0,0.0,0.0,0,0.0,0.0,0.0,0.8221993833504626,40.0,0.21258843485884116,0.007408237064935332,24.660729387,6.525817787063941,17.3876913039391,13.042941897189037,2024-12-17
2025-12-17,Nuevo León,Salinas Victoria,MX19045,93788,23447,2.0,14.0,59.70913123214057,23.612985982529633,0.7342707034608169,0.8671353517304085,0.0,0.0,0.0,0,0.0,0.0,0.3079659326833845,0.8221993833504626,40.0,0.8671353517304085,0.04598152770544842,27.3805260143,27.713568757749762,25.955039194086165,26.658451019551606,2024-12-17
2025-12-17,Nuevo León,San Nicolás de los Garza,MX19046,436388,109097,2.0,116.0,106.32739672034978,0.03831958907615444,0.35832051777917096,0.17916025888958548,1.8332309779370652,4.5830774448426626,0.9166154889685326,2,5.0,1.0,1.7234613989575245,0.8221993833504626,40.0,0.17916025888958548,0.0,10.8436917705,16.97038981525129,33.79733284487382,27.066555633024812,2024-12-17
2025-12-17,Nuevo León,Hidalgo,MX19047,16778,4194,1.0819091879309413,4.0,95.37434430138293,2.448739178728861,0.413619679258956,0.2664706819024467,0.0,0.0,0.0,0,0.0,0.0,0.9939813779930952,0.8221993833504626,40.0,0.2664706819024467,0.0,23.2950242634,10.511229593713225,19.67530984089757,16.009677742023833,2024-12-17
2025-12-17,Nuevo León,Santa Catarina,MX19048,318496,79624,2.0,50.0,62.79513714457952,11.357557181540779,0.6921311320457483,0.692790239725195,7.535416457349543,18.838541143373856,2.5118054857831806,6,15.0,4.0,1.3051594512788487,0.8221993833504626,40.0,0.692790239725195,0.0,16.4543950549,53.81225502856424,55.31648581294151,54.71479349919059,2024-12-17
2025-12-17,Nuevo León,Santiago,MX19049,48271,12068,1.8352458330296804,24.0,198.87305270135897,0.604918361965272,0.13424467269500198,0.06737077756319251,0.0,0.0,0.0,0,0.0,0.0,3.428841469309087,0.8221993833504626,40.0,0.06737077756319251,0.0,12.3970355644,10.7041513811169,21.39672360054739,17.119694712775193,2024-12-17
2025-12-17,Nuevo León,Vallecillo,MX19050,1619,405,0.5,4.0,987.6543209876543,11.390062000641173,0.0,0.3477720582047242,0.0,0.0,0.0,0,0.0,0.0,0.0,0.8221993833504626,40.0,0.3477720582047242,0.0,11.6144010767,10.433161746141725,18.972853598765017,15.556976857715698,2024-12-17
2025-12-17,Nuevo León,Villaldama,MX19051,3700,925,0.5080979729320749,5.0,540.5405405405405,5.3354696183032395,0.0,0.1526783334852038,0.0,0.0,0.0,0,0.0,0.0,0.0,0.8221993833504626,40.0,0.1526783334852038,0.0,12.3554641598,4.580350004556114,16.631728902130774,11.811177343100908,2024-12-17
2025-12-17,Oaxaca,Abejones,MX20001,883,221,0.5,1.0,452.4886877828054,6.891562737145863,0.0,0.20281944677484792,0.0,0.0,0.0,0,0.0,0.0,0.0,0.16443987667009252,8.0,0.20281944677484792,0.9847458435733314,93.5726495726,25.779500274712063,10.317480359226497,16.502288325420725,2024-12-17
2025-12-17,Oaxaca,Acatlán de Pérez Figueroa,MX20002,47554,11888,1.8215076272918664,12.0,100.9421265141319,6.857778522298502,0.38400968314481665,0.3937356785953391,0.0,0.0,0.0,0,0.0,0.0,0.0,0.16443987667009252,8.0,0.3937356785953391,0.5002687311050596,59.4122449347,21.817444979961365,10.186089578731034,14.838631739223167,2024-12-17
2025-12-17,Oaxaca,Asunción Cacalotepec,MX20003,2735,684,0.5,1.0,146.19883040935673,2.627940965310399,0.22699990547906362,0.17893511338322543,0.0,0.0,0.0,0,0.0,0.0,0.0,0.16443987667009252,8.0,0.17893511338322543,0.9397072714647613,90.3969869707,24.162198830791993,9.805675497984177,15.548284831107303,2024-12-17
2025-12-17,Oaxaca,Asunción Cuyotepeji,MX20004,1150,287,0.5,0.0,0.0,5.3388126687614506,0.0,0.15278605471970344,0.0,0.0,0.0,0,0.0,0.0,0.0,0.16443987667009252,8.0,0.15278605471970344,0.5544357065814869,63.2315498155,15.67229577322084,7.565528969605541,10.80823569105166,2024-12-17
2025-12-17,Oaxaca,Asunción Ixtaltepec,MX20005,16010,4003,1.0569863795389418,8.0,199.85011241568824,3.6071019730692737,0.13298603453164876,0.16347913229928884,0.0,0.0,0.0,0,0.0,0.0,0.9207537904364372,0.16443987667009252,8.0,0.16347913229928884,0.09673525192392149,30.9591630883,9.170750233715626,6.959791111445092,7.844174760353306,2024-12-17
2025-12-17,Oaxaca,Asunción Nochixtlán,MX20006,21454,5363,1.2234338556321276,12.0,223.7553608055193,3.053777188747984,0.10561598769127363,0.13196463559073077,0.0,0.0,0.0,0,0.0,0.0,0.0,0.16443987667009252,8.0,0.13196463559073077,0.734074977955939,75.8978864516,18.6404386268407,8.21386829693013,12.384496428894359,2024-12-17
2025-12-17,Oaxaca,Asunción Ocotlán,MX20007,2532,633,0.5,1.0,157.9778830963665,0.7209271413581443,0.20088849680204177,0.10443077526190676,0.0,0.0,0.0,0,0.0,0.0,0.0,0.16443987667009252,8.0,0.10443077526190676,0.8432448827891841,83.5954391892,19.997820913640886,8.429311497150467,13.056715263746636,2024-12-17
2025-12-17,Oaxaca,Asunción Tlacolulita,MX20008,750,187,0.5,1.0,534.75935828877,9.57832570371056,0.0,0.28939349858296826,0.0,0.0,0.0,0,0.0,0.0,0.0,0.16443987667009252,8.0,0.28939349858296826,0.6567363957879178,70.4447552448,21.816532873247404,9.716321741996875,14.556406194497088,2024-12-17
2025-12-17,Oaxaca,Ayotzintepec,MX20009,7233,1808,0.710355600767871,1.0,55.309734513274336,7.784867405792299,0.8024748731844105,0.6328413372344949,0.0,0.0,0.0,0,0.0,0.0,0.0,0.16443987667009252,8.0,0.6328413372344949,0.9930685838392248,94.1594846735,38.84661179381934,15.519356746071727,24.850258765170775,2024-12-17
2025-12-17,Oaxaca,El Barrio de la Soledad,MX20010,14006,3501,0.9884908447494608,5.0,142.81633818908884,3.547808695692993,0.23529411764705888,0.2127225999316689,0.0,0.0,0.0,0,0.0,0.0,0.0,0.16443987667009252,8.0,0.2127225999316689,0.0,23.141965892,6.381677997950066,5.512588979241692,5.860224586725042,2024-12-17
2025-12-17,Oaxaca,Calihualá,MX20011,1462,366,0.5,0.0,0.0,5.226886165751123,0.0,0.14917950997016516,0.0,0.0,0.0,0,0.0,0.0,0.0,0.16443987667009252,8.0,0.14917950997016516,0.8410224411140469,83.4387351779,21.295834121385894,8.955184105273881,13.891444111718688,2024-12-17
2025-12-17,Oaxaca,Candelaria Loxicha,MX20012,11973,2993,0.9139658196000293,2.0,66.82258603407952,1.3802910546470202,0.6429904848924038,0.34672808180277614,0.0,0.0,0.0,0,0.0,0.0,0.0,0.16443987667009252,8.0,0.34672808180277614,0.8583465071633106,84.6602523373,27.568772597349493,11.412387297511533,17.874941417446717,2024-12-17
2025-12-17,Oaxaca,Ciénega de Zimatlán,MX20013,3163,791,0.5,1.0,126.42225031605562,0.6775504508951202,0.28178266486026665,0.1434801565929609,0.0,0.0,0.0,0,0.0,0.0,0.0,0.16443987667009252,8.0,0.1434801565929609,0.6419782953166036,69.4041639128,17.1439706041209,7.8915711357602145,11.592530923104489,2024-12-17
2025-12-17,Oaxaca,Ciudad Ixtepec,MX20014,29224,7306,1.4279612747469543,11.0,150.56118258965233,6.719624061966579,0.2168532261714152,0.3057057766431553,0.0,0.0,0.0,0,0.0,0.0,0.0,0.16443987667009252,8.0,0.3057057766431553,0.08377750356026348,30.0455142989,10.846723370499928,7.047274617580845,8.56705411874848,2024-12-17
2025-12-17,Oaxaca,Coatecas Altas,MX20015,5713,1428,0.6313071377743612,2.0,140.0560224089636,1.539303549420812,0.24235955764201772,0.15153638835455793,0.0,0.0,0.0,0,0.0,0.0,0.0,0.16443987667009252,8.0,0.15153638835455793,1.0,95.1122760198,24.54609165063674,9.778354440316361,15.685449324444512,2024-12-17
2025-12-17,Oaxaca,Coicoyán de las Flores,MX20016,10258,2564,0.8459322971123606,4.0,156.00624024961,3.889788077620997,0.20498440404549612,0.20858715239652847,0.0,0.0,0.0,0,0.0,0.0,0.0,0.16443987667009252,8.0,0.20858715239652847,1.0,99.3030564856,26.257614571895854,10.462963608820006,16.780823994050348,2024-12-17
2025-12-17,Oaxaca,La Compañía,MX20017,3772,943,0.5130178098611388,2.0,212.08907741251326,2.619030962182313,0.11820236932480545,0.1242492432870419,0.0,0.0,0.0,0,0.0,0.0,0.0,0.16443987667009252,8.0,0.1242492432870419,0.8758592851502042,85.8950755456,21.24466300161534,8.83020512525719,13.795988275800452,2024-12-17
2025-12-17,Oaxaca,Concepción Buenavista,MX20018,775,194,0.5,1.0,515.4639175257732,13.608573383049004,0.0,0.41925790260098506,0.0,0.0,0.0,0,0.0,0.0,0.0,0.16443987667009252,8.0,0.41925790260098506,0.7341030596682886,75.8998664887,27.259798271395326,11.66152790961493,17.900836054327087,2024-12-17
2025-12-17,Oaxaca,Concepción Pápalo,MX20019,2859,715,0.5,1.0,139.86013986013987,3.764027408395951,0.2428715460474495,0.22347840809153904,0.0,0.0,0.0,0,0.0,0.0,0.0,0.16443987667009252,8.0,0.22347840809153904,0.9778136116912554,93.0838589981,26.26062447657128,10.53072673561641,16.822685831998356,2024-12-17
2025-12-17,Oaxaca,Constancia del Rosario,MX20020,5375,1344,0.6124578850000123,0.0,0.0,3.4713169231086076,0.0,0.09261078974561686,0.0,0.0,0.0,0,0.0,0.0,0.0,0.16443987667009252,8.0,0.09261078974561686,0.7687021602897424,78.3394436058,18.152366898163354,7.91475805845778,12.009801594340011,2024-12-17
2025-12-17,Oaxaca,Cosolapa,MX20021,16108,4027,1.0601502271125955,6.0,148.99428855227217,1.0785253694904546,0.22042938760935551,0.12572390722708143,0.0,0.0,0.0,0,0.0,0.0,0.0,0.16443987667009252,8.0,0.12572390722708143,0.46481453370114234,56.9123750786,13.06800789083529,6.792677335292355,9.302809557509528,2024-12-17
2025-12-17,Oaxaca,Cosoltepec,MX20022,815,204,0.5,0.0,0.0,7.4498191610077775,0.0,0.2208078295101634,0.0,0.0,0.0,0,0.0,0.0,0.0,0.16443987667009252,8.0,0.2208078295101634,0.7339410166374027,75.8884408602,21.303055218052958,9.279316817370638,14.088812177643566,2024-12-17
2025-12-17,Oaxaca,Cuilápam de Guerrero,MX20023,29787,7447,1.4416746859412246,5.0,67.14113065664026,1.4064345088583103,0.6393553672138381,0.3457529287832464,0.0,0.0,0.0,0,0.0,0.0,0.0,0.16443987667009252,8.0,0.3457529287832464,0.4718468361691525,57.4082216143,19.809524586880446,9.468187106306384,13.60472209853601,2024-12-17
2025-12-17,Oaxaca,Cuyamecalco Villa de Zaragoza,MX20024,3802,951,0.515189323524277,1.0,105.15247108307045,1.952558518376556,0.36370080972935515,0.22552309681322377,0.0,0.0,0.0,0,0.0,0.0,0.0,0.16443987667009252,8.0,0.22552309681322377,0.9871358219918518,93.7411665732,26.50840934423375,10.60187405177961,16.964488168761267,2024-12-17
2025-12-17,Oaxaca,Chahuites,MX20025,12116,3029,0.9194460101991988,2.0,66.02839220864972,1.4421087104389296,0.6522062761901763,0.3533278930027495,0.0,0.0,0.0,0,0.0,0.0,0.0,0.16443987667009252,8.0,0.3533278930027495,0.5577539760934473,63.4655204744,21.754916311951433,9.988622376561898,14.695139950717712,2024-12-17
2025-12-17,Oaxaca,Chalcatongo de Hidalgo,MX20026,9457,2364,0.8122698476065257,2.0,84.60236886632826,4.480536155282111,0.48197013138410166,0.3661153590854549,0.0,0.0,0.0,0,0.0,0.0,0.0,0.16443987667009252,8.0,0.3661153590854549,0.8255337143250282,82.3466274997,27.494135059064213,11.480970660712266,17.886236420053045,2024-12-17
2025-12-17,Oaxaca,Chiquihuitlán de Benito Juárez,MX20027,2262,565,0.5,0.0,0.0,5.2409661889566515,0.0,0.149633202638117,0.0,0.0,0.0,0,0.0,0.0,0.0,0.16443987667009252,8.0,0.149633202638117,0.9163128017903395,88.747446611,22.815252114950297,9.337080220670767,14.72834897838258,2024-12-17
2025-12-17,Oaxaca,Heroica Ciudad de Ejutla de Crespo,MX20028,24459,6115,1.3063959537380176,3.0,49.05968928863451,1.7682249945452517,0.9204028692355358,0.49793445111271456,0.0,0.0,0.0,0,0.0,0.0,0.0,0.16443987667009252,8.0,0.49793445111271456,0.5948389339527631,66.0803749925,26.8348122124367,11.909325863178054,17.879520402881514,2024-12-17
2025-12-17,Oaxaca,Eloxochitlán de Flores Magón,MX20029,4450,1113,0.5573450881695524,2.0,179.69451931716083,1.3370533405166072,0.16172138378650874,0.10470030670796389,0.0,0.0,0.0,0,0.0,0.0,0.0,0.16443987667009252,8.0,0.10470030670796389,0.9501310539208275,91.1319662244,22.14363027965547,8.966976730161369,14.23763814995901,2024-12-17
2025-12-17,Oaxaca,El Espinal,MX20030,9215,2304,0.8018956051386044,5.0,217.01388888888889,0.9027315055015723,0.11272409338668518,0.06620675331781965,0.0,0.0,0.0,0,0.0,0.0,3.3760972316002698,0.16443987667009252,8.0,0.06620675331781965,0.003085560108255524,24.3559381179,10.597374964647646,9.46946739571541,9.920630423288305,2024-12-17
2025-12-17,Oaxaca,Tamazulápam del Espíritu Santo,MX20031,7784,1946,0.7369669533022217,4.0,205.54984583761563,2.9933867038194797,0.1258821954062825,0.14015181082111755,0.0,0.0,0.0,0,0.0,0.0,0.0,0.16443987667009252,8.0,0.14015181082111755,0.9165996934729049,88.7676752982,22.536548194091626,9.2247379772796,14.549462064004413,2024-12-17
2025-12-17,Oaxaca,Fresnillo de Trujano,MX20032,1120,280,0.5,0.0,0.0,7.594722344638915,0.0,0.22547696329046243,0.0,0.0,0.0,0,0.0,0.0,0.0,0.16443987667009252,8.0,0.22547696329046243,0.7259093434286291,75.3221288515,21.282495767286456,9.295188056690359,14.090111140928796,2024-12-17
2025-12-17,Oaxaca,Guadalupe Etla,MX20033,3433,858,0.5,1.0,116.55011655011656,1.1927493843178367,0.3160858880241974,0.177232733615006,0.0,0.0,0.0,0,0.0,0.0,0.0,0.16443987667009252,8.0,0.177232733615006,0.013774915213146208,25.1096428571,5.5924803127131035,5.155585159507468,5.330343220789723,2024-12-17
2025-12-17,Oaxaca,Guadalupe de Ramírez,MX20034,1340,335,0.5,1.0,298.5074626865672,0.4511333359556632,0.04831595198336431,0.024157975991682155,0.0,0.0,0.0,0,0.0,0.0,0.0,0.16443987667009252,8.0,0.024157975991682155,0.6257943030464719,68.2630331754,13.240625340679902,6.37878500719421,9.123521140588487,2024-12-17
2025-12-17,Oaxaca,Guelatao de Juárez,MX20035,704,176,0.5,2.0,1136.3636363636363,0.5449110396597946,0.0,0.0,0.0,0.0,0.0,0,0.0,0.0,0.0,0.16443987667009252,8.0,0.0,0.05985433766473528,28.3586956522,1.1970867532947058,3.2591894683853413,2.434348382349087,2024-12-17
2025-12-17,Oaxaca,Guevea de Humboldt,MX20036,5530,1382,0.621055793493975,4.0,289.4356005788712,2.5419884898785803,0.05369183024039827,0.08951147749501945,0.0,0.0,0.0,0,0.0,0.0,0.0,0.16443987667009252,8.0,0.08951147749501945,0.8014385801629241,80.6476833977,18.714115928109067,8.04124841081652,12.31039541773354,2024-12-17
2025-12-17,Oaxaca,Mesones Hidalgo,MX20037,4705,1176,0.5729018923745602,2.0,170.06802721088437,4.793363359423592,0.17784901855761054,0.22413485771069386,0.0,0.0,0.0,0,0.0,0.0,0.0,0.16443987667009252,8.0,0.22413485771069386,0.8942449389099121,87.1914450867,24.60894450951906,10.120760767139553,15.916034264091355,2024-12-17
2025-12-17,Oaxaca,Villa Hidalgo,MX20038,1978,494,0.5,0.0,0.0,5.788570845009654,0.0,0.16727835945078404,0.0,0.0,0.0,0,0.0,0.0,0.0,0.16443987667009252,8.0,0.16727835945078404,0.7534814505331291,77.2662337662,20.087979794186104,8.734665346136719,13.275991125356473,2024-12-17
2025-12-17,Oaxaca,Heroica Ciudad de Huajuapan de León,MX20039,82031,20508,2.0,30.0,146.2843768285547,5.058160358345263,0.226795110116891,0.25714030824228395,0.0,9.752291788570314,-4.876145894285157,0,2.0,1.0,0.0,0.16443987667009252,8.0,0.25714030824228395,0.3019048329065381,45.4256378203,29.13945975861165,7.555125643501764,16.18885928954572,2024-12-17
2025-12-17,Oaxaca,Huautepec,MX20040,6744,1686,0.6859704078911657,1.0,59.31198102016607,3.6433553360308655,0.7400122877217306,0.46816043061707324,0.0,0.0,0.0,0,0.0,0.0,0.0,0.16443987667009252,8.0,0.46816043061707324,1.0,97.4696202532,34.0448129185122,13.577842947466545,21.76463093588481,2024-12-17
2025-12-17,Oaxaca,Huautla de Jiménez,MX20041,33300,8325,1.5242939187962246,5.0,60.06006006006006,0.9411899201652807,0.7292605312076628,0.3757141960917411,0.0,0.0,0.0,0,0.0,0.0,0.0,0.16443987667009252,8.0,0.3757141960917411,0.8213035037931465,82.0483560236,27.697495958615164,11.575005652128292,18.024001774723043,2024-12-17
2025-12-17,Oaxaca,Ixtlán de Juárez,MX20042,8841,2210,0.7853671516788101,6.0,271.49321266968326,6.959314146421354,0.06538223216442443,0.23769367840900224,0.0,0.0,0.0,0,0.0,0.0,0.0,0.16443987667009252,8.0,0.23769367840900224,0.7131021157909234,74.4190932547,21.392852668088537,9.37775249992431,14.18379256719,2024-12-17
2025-12-17,Oaxaca,Heroica Ciudad de Juchitán de Zaragoza,MX20043,118479,29620,2.0,38.0,128.29169480081026,7.708159202171361,0.2758813248187106,0.3670728377535707,10.12829169480081,27.00877785280216,3.3760972316002693,3,8.0,2.0,0.0,0.16443987667009252,8.0,0.3670728377535707,0.3790422178572097,50.8645826431,53.59302948975131,39.26000292239056,44.99321354933486,2024-12-17
2025-12-17,Oaxaca,Loma Bonita,MX20044,42769,10692,1.7274523273883382,13.0,121.5862326973438,4.3706602149933245,0.2978906077696211,0.2705351266578421,0.0,0.0,0.0,0,0.0,0.0,0.0,0.16443987667009252,8.0,0.2705351266578421,0.60031776892261,66.4666867804,20.12240917818746,9.20792814456882,13.573720558016278,2024-12-17
2025-12-17,Oaxaca,Magdalena Apasco,MX20045,8599,2150,0.7746326995073001,2.0,93.02325581395348,0.9317568689690593,0.4271873720028988,0.22437366058661176,0.0,0.0,0.0,0,0.0,0.0,0.0,0.16443987667009252,8.0,0.22437366058661176,0.04252754587684217,27.1369863014,7.581760735135195,5.865039436485218,6.551727955945208,2024-12-17
2025-12-17,Oaxaca,Magdalena Jaltepec,MX20046,3063,766,0.5,1.0,130.54830287206266,5.645565902302458,0.2689829547244716,0.2971618689822812,0.0,0.0,0.0,0,0.0,0.0,0.0,0.16443987667009252,8.0,0.2971618689822812,0.8409752115371966,83.4354050279,25.734360300212366,10.730736265535022,16.732185879405957,2024-12-17
2025-12-17,Oaxaca,Santa Magdalena Jicotlán,MX20047,82,21,0.5,0.0,0.0,5.320990898980354,0.0,0.1522117938565229,0.0,0.0,0.0,0,0.0,0.0,0.0,0.16443987667009252,8.0,0.1522117938565229,0.6202910546408277,67.875,16.97217490851224,7.887914579544078,11.521618711131342,2024-12-17
2025-12-17,Oaxaca,Magdalena Mixtepec,MX20048,1556,389,0.5,1.0,257.0694087403599,0.3847078553239856,0.0759633258766817,0.03798166293834085,0.0,0.0,0.0,0,0.0,0.0,0.0,0.16443987667009252,8.0,0.03798166293834085,1.0,95.6944644141,21.139449888150228,8.415697735321755,13.505198596453145,2024-12-17
2025-12-17,Oaxaca,Magdalena Ocotlán,MX20049,1252,313,0.5,0.0,0.0,3.5693467595250823,0.0,0.09576955002416603,0.0,0.0,0.0,0,0.0,0.0,0.0,0.16443987667009252,8.0,0.09576955002416603,0.7304536831385285,75.6425495263,17.482160163495553,7.761420796044301,11.649716543024802,2024-12-17
2025-12-17,Oaxaca,Magdalena Peñasco,MX20050,3930,982,0.5235188694768294,0.0,0.0,10.584794524803554,0.0,0.3218243772815728,0.0,0.0,0.0,0,0.0,0.0,0.0,0.16443987667009252,8.0,0.3218243772815728,0.9524323879441056,91.2942329227,28.703379077329295,11.583972247161068,18.43173497922836,2024-12-17
2025-12-17,Oaxaca,Magdalena Teitipac,MX20051,4960,1240,0.5882845442435264,1.0,80.64516129032258,1.8902839874587056,0.5116654588991464,0.2974987842168344,0.0,0.0,0.0,0,0.0,0.0,0.0,0.16443987667009252,8.0,0.2974987842168344,0.9928080360548744,94.1411134904,28.781124247602524,11.49394337093805,18.40881572160384,2024-12-17
2025-12-17,Oaxaca,Magdalena Tequisistlán,MX20052,6354,1588,0.6657356975395788,1.0,62.97229219143577,8.79093901237633,0.6898374239894138,0.608940692115906,0.0,0.0,0.0,0,0.0,0.0,0.0,0.16443987667009252,8.0,0.608940692115906,0.5155229478308282,60.4878173454,28.578679720093742,12.844820824606678,19.138364382801505,2024-12-17
2025-12-17,Oaxaca,Magdalena Tlacotepec,MX20053,1336,334,0.5,0.0,0.0,9.980164205817609,0.0,0.3023417146082897,0.0,0.0,0.0,0,0.0,0.0,0.0,0.16443987667009252,8.0,0.3023417146082897,0.13956133629400208,33.9788235294,11.861478164128732,7.285825036831152,9.116086287750184,2024-12-17
2025-12-17,Oaxaca,Magdalena Zahuatlán,MX20054,431,108,0.5,1.0,925.925925925926,0.1287695917782491,0.0,0.0,0.0,0.0,0.0,0,0.0,0.0,0.0,0.16443987667009252,8.0,0.0,0.8545058362223978,84.3894472362,17.090116724447956,7.232446961173656,11.175514866483377,2024-12-17
2025-12-17,Oaxaca,Mariscala de Juárez,MX20055,3904,976,0.5219170741787296,1.0,102.45901639344262,4.178580171701775,0.37650051986515026,0.30365079551273955,0.0,0.0,0.0,0,0.0,0.0,0.0,0.16443987667009252,8.0,0.30365079551273955,0.622818696017155,68.053223594,21.565897785725284,9.717820806300315,14.457051598070302,2024-12-17
2025-12-17,Oaxaca,Mártires de Tacubaya,MX20056,1560,390,0.5,1.0,256.4102564102564,2.267447032609859,0.0764753142821135,0.09205682456372052,0.0,0.0,0.0,0,0.0,0.0,1.3915947676036737,0.16443987667009252,8.0,0.09205682456372052,0.5690942238257808,64.2651195499,17.66759477488727,9.259407834928574,12.622682610912053,2024-12-17
2025-12-17,Oaxaca,Matías Romero Avendaño,MX20057,41812,10453,1.708036201012362,18.0,172.19936860231513,8.212829744489026,0.1741228807180791,0.3324553307188172,0.0,9.566631589017508,-9.566631589017508,0,1.0,1.0,0.0,0.16443987667009252,8.0,0.3324553307188172,0.49160296902512624,58.8012234199,34.89993872336616,9.407396593813102,19.60441344563433,2024-12-17
2025-12-17,Oaxaca,Mazatlán Villa de Flores,MX20058,13341,3335,0.9647716097610031,6.0,179.91004497751123,0.4778556388353972,0.16138005818288756,0.08069002909144378,0.0,0.0,0.0,0,0.0,0.0,0.0,0.16443987667009252,8.0,0.08069002909144378,1.0,95.5690952762,22.420700872743314,8.92819812915899,14.325199226592723,2024-12-17
2025-12-17,Oaxaca,Miahuatlán de Porfirio Díaz,MX20059,53390,13347,1.9300494050962003,8.0,59.938562972952724,2.3468789245724344,0.7309884920759951,0.4218729026361347,0.0,0.0,0.0,0,0.0,0.0,0.0,0.16443987667009252,8.0,0.4218729026361347,0.5942325203911133,66.0376168681,24.54083748690631,10.993555213650847,16.412468122953033,2024-12-17
2025-12-17,Oaxaca,Mixistlán de la Reforma,MX20060,2590,648,0.5,1.0,154.320987654321,2.901691722080268,0.20856832288351876,0.17854023874019212,0.0,0.0,0.0,0,0.0,0.0,0.0,0.16443987667009252,8.0,0.17854023874019212,0.9240058874965288,89.2898848684,23.83632491213634,9.722430082426614,15.367988014310507,2024-12-17
2025-12-17,Oaxaca,Monjas,MX20061,3155,789,0.5,1.0,126.74271229404309,0.9900179355734663,0.280758688049403,0.15303663218808972,0.0,0.0,0.0,0,0.0,0.0,0.0,0.16443987667009252,8.0,0.15303663218808972,0.730797384164132,75.6667838313,19.20704664892533,8.450344287139403,12.753025231853773,2024-12-17
2025-12-17,Oaxaca,Natividad,MX20062,563,141,0.5,1.0,709.2198581560284,0.7349291373867842,0.0,0.00443770530300596,0.0,0.0,0.0,0,0.0,0.0,0.0,0.16443987667009252,8.0,0.00443770530300596,0.3120276200120654,46.1393939394,6.373683559331488,4.573308343758064,5.293458429987433,2024-12-17
2025-12-17,Oaxaca,Nazareno Etla,MX20063,4678,1170,0.5714385390462742,2.0,170.94017094017093,0.9091122333688524,0.17631305334131517,0.09820683590013919,0.0,0.0,0.0,0,0.0,0.0,0.0,0.16443987667009252,8.0,0.09820683590013919,0.23002326311087906,40.3572796935,7.546670339221757,5.288516126417731,6.191777811539341,2024-12-17
2025-12-17,Oaxaca,Nejapa de Madero,MX20064,8873,2218,0.7867873466031147,2.0,90.17132551848512,10.134081143191592,0.4445949777875801,0.5295987823991345,0.0,0.0,0.0,0,0.0,0.0,0.0,0.16443987667009252,8.0,0.5295987823991345,0.6041020921014371,66.7335188097,27.970005314002776,12.335613629358464,18.589370303216192,2024-12-17
2025-12-17,Oaxaca,Ixpantepec Nieves,MX20065,1120,280,0.5,0.0,0.0,5.589833727475426,0.0,0.16087456509909856,0.0,0.0,0.0,0,0.0,0.0,0.0,0.16443987667009252,8.0,0.16087456509909856,0.870505801841248,85.5176022835,22.23635298979792,9.24294157045709,14.44030613819342,2024-12-17
2025-12-17,Oaxaca,Santiago Niltepec,MX20066,5547,1387,0.6221782520159377,4.0,288.3922134102379,5.50977874104839,0.05433181574718802,0.1854609061747721,0.0,0.0,0.0,0,0.0,0.0,1.4468988135429728,0.16443987667009252,8.0,0.1854609061747721,0.5864910689688089,65.4917683517,20.957703348739887,10.560607188416673,14.719445652545959,2024-12-17
2025-12-17,Oaxaca,Oaxaca de Juárez,MX20067,287600,71900,2.0,170.0,236.4394993045897,1.032292299809048,0.09334081469633762,0.06068987857163028,1.3908205841446453,8.344923504867872,-2.7816411682892905,1,6.0,3.0,0.0,0.16443987667009252,8.0,0.06068987857163028,0.1394742692133146,33.9726844433,17.776791667215452,14.960098166109011,16.086775566551587,2024-12-17
2025-12-17,Oaxaca,Ocotlán de Morelos,MX20068,25426,6356,1.3318905581290754,9.0,141.59848961611075,1.9670549533547077,0.2383774255997704,0.16332851521870717,0.0,0.0,0.0,0,0.0,0.0,0.0,0.16443987667009252,8.0,0.16332851521870717,0.3893804023835198,51.5935264003,12.68746350423161,6.866761974603751,9.195042586454894,2024-12-17
2025-12-17,Oaxaca,La Pe,MX20069,3239,810,0.5,1.0,123.45679012345678,0.8673961520445671,0.2915104445634709,0.15446133768736883,0.0,0.0,0.0,0,0.0,0.0,0.0,0.16443987667009252,8.0,0.15446133768736883,0.9291267465910225,89.6509558339,23.216375062441514,9.459087565265204,14.962002564135728,2024-12-17
2025-12-17,Oaxaca,Pinotepa de Don Luis,MX20070,6698,1674,0.6835248728059194,1.0,59.73715651135006,3.059948833298679,0.7338684268565491,0.4462897206042689,0.0,0.0,0.0,0,0.0,0.0,0.0,0.16443987667009252,8.0,0.4462897206042689,0.8474531226988556,83.8921615202,30.337754072105184,12.55266004080717,19.666697653326377,2024-12-17
2025-12-17,Oaxaca,Pluma Hidalgo,MX20071,3636,909,0.5036844432979027,2.0,220.02200220022002,1.3466050067636497,0.10949856643246483,0.07889667599975272,0.0,0.0,0.0,0,0.0,0.0,0.0,0.16443987667009252,8.0,0.07889667599975272,0.7486916335406749,76.928504527,17.340732950806082,7.6501360597620724,11.526374816179676,2024-12-17
2025-12-17,Oaxaca,San José del Progreso,MX20072,8592,2148,0.7742723214000978,3.0,139.66480446927375,2.024737770157125,0.24338353445288138,0.1676902506053758,0.0,0.0,0.0,0,0.0,0.0,0.0,0.16443987667009252,8.0,0.1676902506053758,0.7820669657549109,79.2817939271,20.67204683325949,8.882535616100729,13.598340102964235,2024-12-17
2025-12-17,Oaxaca,Putla Villa de Guerrero,MX20073,36558,9140,1.5971646661177263,13.0,142.2319474835886,1.7265683620412364,0.23676706890576274,0.15477427270987626,0.0,10.940919037199125,-10.940919037199125,0,1.0,1.0,0.0,0.16443987667009252,8.0,0.15477427270987626,0.7870842007340196,79.6355583726,37.647480643552136,8.752630056250279,20.31057029117102,2024-12-17
2025-12-17,Oaxaca,Santa Catarina Quioquitani,MX20074,478,119,0.5,1.0,840.3361344537815,1.3704797028906763,0.0,0.024916693687666355,0.0,0.0,0.0,0,0.0,0.0,0.0,0.16443987667009252,8.0,0.024916693687666355,1.0,95.8026607539,20.747500810629994,8.258918104313661,13.254351186840196,2024-12-17
2025-12-17,Oaxaca,Reforma de Pineda,MX20075,2729,682,0.5,0.0,0.0,6.291108103500941,0.0,0.18347133486154876,0.0,0.0,0.0,0,0.0,0.0,0.0,0.16443987667009252,8.0,0.18347133486154876,0.6480165291320351,69.8299188249,18.464470628487163,8.401656444060427,12.426782117831122,2024-12-17
2025-12-17,Oaxaca,La Reforma,MX20076,3570,893,0.5,1.0,111.98208286674132,7.2099796628295625,0.3340054822143106,0.38008235737360885,0.0,0.0,0.0,0,0.0,0.0,0.0,0.16443987667009252,8.0,0.38008235737360885,0.691640379159064,72.9058295964,25.235278304389546,10.979107964340292,16.681576100359997,2024-12-17
2025-12-17,Oaxaca,Reyes Etla,MX20077,5146,1286,0.5990969108318277,2.0,155.52099533437013,0.9732699117099817,0.20600838085635975,0.1151218164391249,0.0,0.0,0.0,0,0.0,0.0,0.0,0.16443987667009252,8.0,0.1151218164391249,0.24139023898282208,41.1587633659,8.281459272830189,5.548330772245275,6.64158217247924,2024-12-17
2025-12-17,Oaxaca,Rojas de Cuauhtémoc,MX20078,1465,366,0.5,1.0,273.224043715847,1.9118984529532623,0.0641875925517502,0.07445632180695777,0.0,0.0,0.0,0,0.0,0.0,0.0,0.16443987667009252,8.0,0.07445632180695777,0.03279941265398992,26.4510571652,2.8896779072885317,4.017390705015108,3.566305585924477,2024-12-17
2025-12-17,Oaxaca,Salina Cruz,MX20079,88070,22017,2.0,23.0,104.46473179815597,1.6192568783513066,0.36690630235466737,0.21638605185647297,0.0,0.0,0.0,0,0.0,0.0,0.0,0.16443987667009252,8.0,0.21638605185647297,0.04038296077529346,26.9857719448,7.299240771200058,5.758465206215808,6.374775432209508,2024-12-17
2025-12-17,Oaxaca,San Agustín Amatengo,MX20080,1653,413,0.5,0.0,0.0,5.130852244411324,0.0,0.14608506294045973,0.0,0.0,0.0,0,0.0,0.0,0.0,0.16443987667009252,8.0,0.14608506294045973,0.7068634518921831,73.9792060491,18.519820926057456,8.247255794808098,12.35628184730784,2024-12-17
2025-12-17,Oaxaca,San Agustín Atenango,MX20081,1943,486,0.5,1.0,205.76131687242798,2.917563858616016,0.1256262012035666,0.13758061682797093,0.0,0.0,0.0,0,0.0,0.0,0.0,0.16443987667009252,8.0,0.13758061682797093,0.6710353603018135,71.452972973,17.5481257108754,7.966061983506384,11.798887474453991,2024-12-17
2025-12-17,Oaxaca,San Agustín Chayuco,MX20082,4366,1091,0.55180924353471,1.0,91.6590284142988,7.858836041604645,0.4353791864898077,0.4516769436327369,0.0,0.0,0.0,0,0.0,0.0,0.0,0.16443987667009252,8.0,0.4516769436327369,0.7618328072211223,77.8550866065,28.78696445340455,12.189205139760121,18.828308865217892,2024-12-17
2025-12-17,Oaxaca,San Agustín de las Juntas,MX20083,12988,3247,0.9519578954845261,4.0,123.19063751154913,3.084801314960809,0.29240642427297653,0.22635952684993677,0.0,0.0,0.0,0,0.0,0.0,0.0,0.16443987667009252,8.0,0.22635952684993677,0.17277614918946088,36.3207947377,10.24630878928732,6.540112848208211,8.022591224639855,2024-12-17
2025-12-17,Oaxaca,San Agustín Etla,MX20084,4411,1103,0.5548356423377764,0.0,0.0,5.027468193949875,0.0,0.14275377683440368,0.0,0.0,0.0,0,0.0,0.0,0.0,0.16443987667009252,8.0,0.14275377683440368,0.07691005946769901,29.5612919012,5.820814494386091,5.057513399413004,5.362833837402239,2024-12-17
2025-12-17,Oaxaca,San Agustín Loxicha,MX20085,27846,6962,1.3939384746514432,10.0,143.63688595231255,2.6001694227508616,0.23324616402533166,0.18116337586153575,0.0,0.0,0.0,0,0.0,0.0,0.0,0.16443987667009252,8.0,0.18116337586153575,1.0,95.8071993455,25.434901275846073,10.133878290400094,16.254287484578487,2024-12-17
2025-12-17,Oaxaca,San Agustín Tlacotepec,MX20086,1084,271,0.5,0.0,0.0,8.39725473129645,0.0,0.2513365129734102,0.0,0.0,0.0,0,0.0,0.0,0.0,0.16443987667009252,8.0,0.2513365129734102,0.8217425633093126,82.0793140407,23.97494665538856,10.08466875228915,15.640779913528913,2024-12-17
2025-12-17,Oaxaca,San Agustín Yatareni,MX20087,7131,1783,0.7054273075919302,2.0,112.17049915872126,1.2646706695701835,0.33323749960616283,0.18812601852604094,0.0,0.0,0.0,0,0.0,0.0,0.27816411682892905,0.16443987667009252,8.0,0.18812601852604094,0.735850867674348,76.023104155,21.065206920802314,9.366290348435314,14.045856977382115,2024-12-17
2025-12-17,Oaxaca,San Andrés Cabecera Nueva,MX20088,3081,770,0.5,1.0,129.87012987012986,7.966843338680042,0.2710309083461988,0.37298306294212347,0.0,0.0,0.0,0,0.0,0.0,0.0,0.16443987667009252,8.0,0.37298306294212347,0.9194919639546438,88.9716088328,29.57933116735658,12.033174355140366,19.051637080026854,2024-12-17
2025-12-17,Oaxaca,San Andrés Dinicuiti,MX20089,2395,599,0.5,1.0,166.9449081803005,4.566537290397977,0.18348089101736037,0.2196419051045863,0.0,0.0,0.0,0,0.0,0.0,0.0,0.16443987667009252,8.0,0.2196419051045863,0.8601135235615914,84.7848443843,23.79152762436942,9.896188259124658,15.454324005222563,2024-12-17
2025-12-17,Oaxaca,San Andrés Huaxpaltepec,MX20090,6527,1632,0.6748957186790151,4.0,245.09803921568627,1.704609184355368,0.08569110557988598,0.07852871281607116,0.0,0.0,0.0,0,0.0,0.0,0.0,0.16443987667009252,8.0,0.07852871281607116,0.737709573454131,76.1541612058,17.110052853564756,7.590810201125174,11.398507262101006,2024-12-17
2025-12-17,Oaxaca,San Andrés Huayápam,MX20091,6662,1666,0.6818896434949467,2.0,120.04801920768307,3.0832494714591574,0.3032861778884024,0.23174939947738446,0.0,0.0,0.0,0,0.0,0.0,0.2318034306907742,0.16443987667009252,8.0,0.23174939947738446,0.03998279885729811,26.9575565912,8.339145471079267,6.332162907817951,7.134955933122478,2024-12-17
2025-12-17,Oaxaca,San Andrés Ixtlahuaca,MX20092,1939,485,0.5,0.0,0.0,1.8435440889010475,0.0,0.04015998130652312,0.0,0.0,0.0,0,0.0,0.0,0.0,0.16443987667009252,8.0,0.04015998130652312,0.42674389584512146,54.2280204197,9.739677356098122,5.57555703496555,7.241205163418579,2024-12-17
2025-12-17,Oaxaca,San Andrés Lagunas,MX20093,531,133,0.5,0.0,0.0,10.193851014643313,0.0,0.3092272244534854,0.0,0.0,0.0,0,0.0,0.0,0.0,0.16443987667009252,8.0,0.3092272244534854,0.8640410841654064,85.0617760618,26.55763841691269,10.990849894330522,17.21756530336339,2024-12-17
2025-12-17,Oaxaca,San Andrés Nuxiño,MX20094,1939,485,0.5,2.0,412.37113402061857,1.207421722059348,0.0009570244809225235,0.02014108032944541,0.0,0.0,0.0,0,0.0,0.0,0.0,0.16443987667009252,8.0,0.02014108032944541,1.0,95.5503833516,20.604232409883362,8.201610744015012,13.162659410362352,2024-12-17
2025-12-17,Oaxaca,San Andrés Paxtlán,MX20095,4886,1222,0.5839991283030974,0.0,0.0,7.521430085543799,0.0,0.22311530805142668,0.0,0.0,0.0,0,0.0,0.0,0.0,0.16443987667009252,8.0,0.22311530805142668,0.9952227110285332,94.3113718412,26.597913462113464,10.613415031821452,17.00721440393826,2024-12-17
2025-12-17,Oaxaca,San Andrés Sinaxtla,MX20096,793,198,0.5,0.0,0.0,4.0545137541322855,0.0,0.1114028131923044,0.0,0.0,0.0,0,0.0,0.0,0.0,0.16443987667009252,8.0,0.1114028131923044,0.37692696135777165,50.7154362416,10.880623622924565,6.1813863451581765,8.061081256264732,2024-12-17
2025-12-17,Oaxaca,San Andrés Solaga,MX20097,2017,504,0.5,0.0,0.0,3.686166392173372,0.0,0.09953376333771703,0.0,0.0,0.0,0,0.0,0.0,0.0,0.16443987667009252,8.0,0.09953376333771703,0.7338703881866657,75.8834608593,17.663420663864827,7.823674881047599,11.75957319417449,2024-12-17
2025-12-17,Oaxaca,San Andrés Teotilálpam,MX20098,4581,1145,0.5653004605176409,0.0,0.0,8.78408385871535,0.0,0.26380109036070143,0.0,87.33624454148472,-87.33624454148472,0,1.0,1.0,0.0,0.16443987667009252,8.0,0.26380109036070143,0.9441540172855268,90.7105263158,61.79711305653157,10.846300950817717,31.226625793103256,2024-12-17
2025-12-17,Oaxaca,San Andrés Tepetlapa,MX20099,435,109,0.5,0.0,0.0,3.620913578654653,0.0,0.09743115863142308,0.0,0.0,0.0,0,0.0,0.0,0.0,0.16443987667009252,8.0,0.09743115863142308,1.0,96.7299465241,22.92293475894269,9.129091683638743,14.646628913760324,2024-12-17
2025-12-17,Oaxaca,San Andrés Yaá,MX20100,407,102,0.5,0.0,0.0,4.163646562704207,0.0,0.11491933829736475,0.0,0.0,0.0,0,0.0,0.0,0.0,0.16443987667009252,8.0,0.11491933829736475,0.7674427017926065,78.2506393862,18.796434184773076,8.176163348593075,12.424271683065074,2024-12-17
2025-12-17,Oaxaca,San Andrés Zabache,MX20101,780,195,0.5,1.0,512.8205128205128,0.054994109425374395,0.0,0.0,0.0,0.0,0.0,0,0.0,0.0,0.0,0.16443987667009252,8.0,0.0,0.877424655921394,86.0054495913,17.54849311842788,7.347041059668635,11.427621883172334,2024-12-17
2025-12-17,Oaxaca,San Andrés Zautla,MX20102,5676,1419,0.6293145800284133,1.0,70.47216349541931,3.4545479369168275,0.6033113834714391,0.39372614387157956,0.0,0.0,0.0,0,0.0,0.0,0.0,0.16443987667009252,8.0,0.39372614387157956,0.28439251344712235,44.1908469427,17.499634585089836,9.10659407375623,12.463810278289673,2024-12-17
2025-12-17,Oaxaca,San Antonino Castillo Velasco,MX20103,6952,1738,0.6964685049977563,1.0,57.537399309551205,1.6062161238118602,0.7666356848041843,0.41583053818293386,0.0,0.0,0.0,0,0.0,0.0,0.0,0.16443987667009252,8.0,0.41583053818293386,0.6754722511508392,71.7658174456,25.984361168504797,11.327245494011068,17.190091763808564,2024-12-17
2025-12-17,Oaxaca,San Antonino el Alto,MX20104,2878,720,0.5,0.0,0.0,3.1338292919498607,0.0,0.08173611563847187,0.0,0.0,0.0,0,0.0,0.0,0.0,0.16443987667009252,8.0,0.08173611563847187,0.9277431938446922,89.5534017484,21.006947346048,8.57946713694679,13.550459220587275,2024-12-17
2025-12-17,Oaxaca,San Antonino Monte Verde,MX20105,8049,2012,0.7493601326656569,2.0,99.40357852882704,2.4563131145634562,0.39186017202810436,0.25583497896119484,0.0,0.0,0.0,0,0.0,0.0,0.0,0.16443987667009252,8.0,0.25583497896119484,0.9804603598867931,93.2704807951,27.284256566571706,10.932239327029968,17.473046222846666,2024-12-17
2025-12-17,Oaxaca,San Antonio Acutla,MX20106,255,64,0.5,0.0,0.0,4.941409862794334,0.0,0.13998076763608713,0.0,0.0,0.0,0,0.0,0.0,0.0,0.16443987667009252,8.0,0.13998076763608713,0.44605198726294065,55.5894308943,13.120462774341426,6.869946928009414,9.37015326654222,2024-12-17
2025-12-17,Oaxaca,San Antonio de la Cal,MX20107,29573,7393,1.436438209834527,5.0,67.63154335181929,1.1040361141795083,0.6338258924351746,0.33324417801669864,0.0,0.0,0.0,0,0.0,0.0,0.15453562046051614,0.16443987667009252,8.0,0.33324417801669864,0.36532660743901413,49.89749712,17.695195829022424,9.04637317995124,12.505902239579713,2024-12-17
2025-12-17,Oaxaca,San Antonio Huitepec,MX20108,3055,764,0.5,2.0,261.78010471204186,6.470850347561678,0.07237940703865911,0.22545277160895627,0.0,0.0,0.0,0,0.0,0.0,0.0,0.16443987667009252,8.0,0.22545277160895627,0.9064000796556916,88.0485021398,24.891584741382523,10.197351437647598,16.075044759141566,2024-12-17
2025-12-17,Oaxaca,San Antonio Nanahuatípam,MX20109,1301,325,0.5,1.0,307.6923076923077,4.287081458001692,0.0431960679290463,0.14049474546279886,0.0,0.0,0.0,0,0.0,0.0,0.0,0.16443987667009252,8.0,0.14049474546279886,0.4759896165915936,57.7003284072,13.734634695715839,7.02580280857322,9.709335563430269,2024-12-17
2025-12-17,Oaxaca,San Antonio Sinicahua,MX20110,1776,444,0.5,0.0,0.0,10.107472322234822,0.0,0.30644389243471337,0.0,0.0,0.0,0,0.0,0.0,0.0,0.16443987667009252,8.0,0.30644389243471337,1.0,96.2686754551,29.1933167730414,11.637244489278226,18.659673402783493,2024-12-17
2025-12-17,Oaxaca,San Antonio Tepetlapa,MX20111,5133,1283,0.5983977117091382,1.0,77.9423226812159,1.466017068153924,0.5336809603327138,0.29483562063657925,0.0,0.0,0.0,0,0.0,0.0,0.0,0.16443987667009252,8.0,0.29483562063657925,0.9845706576368011,93.5602972399,28.5364817718334,11.420798515884623,18.267071818264135,2024-12-17
2025-12-17,Oaxaca,San Baltazar Chichicápam,MX20112,2657,664,0.5,1.0,150.6024096385542,2.3289353137461046,0.21676013737042762,0.16418053840470354,0.0,0.0,0.0,0,0.0,0.0,0.0,0.16443987667009252,8.0,0.16418053840470354,0.8735171615375629,85.7299327798,22.395759382892365,9.297670048605921,14.5369057823205,2024-12-17
2025-12-17,Oaxaca,San Baltazar Loxicha,MX20113,3397,849,0.5,0.0,0.0,6.413264307232773,0.0,0.18740750550338434,0.0,0.0,0.0,0,0.0,0.0,0.0,0.16443987667009252,8.0,0.18740750550338434,0.8840600743641617,86.4733118971,23.303426652384765,9.629108217923084,15.098835591707758,2024-12-17
2025-12-17,Oaxaca,San Baltazar Yatzachi el Bajo,MX20114,711,178,0.5,1.0,561.7977528089888,1.4604826898865728,0.0,0.027816809312317493,0.0,0.0,0.0,0,0.0,0.0,0.0,0.16443987667009252,8.0,0.027816809312317493,0.6936604640099411,73.04826546,14.707713559568347,6.7620218118591815,9.940298510942846,2024-12-17
2025-12-17,Oaxaca,San Bartolo Coyotepec,MX20115,11967,2992,0.9138131229454509,10.0,334.2245989304813,1.1669379347664306,0.02998676706890576,0.03335146531701483,0.0,0.0,0.0,0,0.0,0.0,0.0,0.16443987667009252,8.0,0.03335146531701483,0.18613094257574384,37.2624391089,4.723162811025322,4.290790076744563,4.463739170456867,2024-12-17
2025-12-17,Oaxaca,San Bartolomé Ayautla,MX20116,4329,1082,0.5495285067053672,0.0,0.0,6.168042954615815,0.0,0.1795058757913065,0.0,0.0,0.0,0,0.0,0.0,0.0,0.16443987667009252,8.0,0.1795058757913065,1.0,97.1836634874,25.385176273739198,10.113988289557344,16.222463483230083,2024-12-17
2025-12-17,Oaxaca,San Bartolomé Loxicha,MX20117,2391,598,0.5,0.0,0.0,8.744052178127328,0.0,0.2625111720343279,0.0,0.0,0.0,0,0.0,0.0,0.0,0.16443987667009252,8.0,0.2625111720343279,0.8020064991070257,80.6877272727,23.91546514317035,10.120084340008727,15.638236661273378,2024-12-17
2025-12-17,Oaxaca,San Bartolomé Quialana,MX20118,2468,617,0.5,0.0,0.0,2.9083560857115485,0.0,0.07447081933911984,0.0,0.0,0.0,0,0.0,0.0,0.0,0.16443987667009252,8.0,0.07447081933911984,0.7169199736102199,74.6882898062,16.57252405237799,7.438167480182203,11.091910109060517,2024-12-17
2025-12-17,Oaxaca,San Bartolomé Yucuañe,MX20119,758,189,0.5,0.0,0.0,6.86195032385476,0.0,0.2018652626379029,0.0,0.0,0.0,0,0.0,0.0,0.0,0.16443987667009252,8.0,0.2018652626379029,0.8589751376900857,84.7045769764,23.2354606329388,9.677176620166929,15.100490225275678,2024-12-17
2025-12-17,Oaxaca,San Bartolomé Zoogocho,MX20120,471,118,0.5,0.0,0.0,2.174149290529422,0.0,0.05081288675817334,0.0,0.0,0.0,0,0.0,0.0,0.0,0.16443987667009252,8.0,0.05081288675817334,0.8659516708656089,85.1964912281,18.84342002005738,7.899430775487789,12.277026473315628,2024-12-17
2025-12-17,Oaxaca,San Bartolo Soyaltepec,MX20121,655,164,0.5,0.0,0.0,5.5340174595747476,0.0,0.1590760288943407,0.0,0.0,0.0,0,0.0,0.0,0.0,0.16443987667009252,8.0,0.1590760288943407,0.48719890752354145,58.4906937394,14.516259017301051,7.304824664411461,10.189398405567296,2024-12-17
2025-12-17,Oaxaca,San Bartolo Yautepec,MX20122,674,169,0.5,1.0,591.7159763313609,5.054934826685494,0.0,0.14363881869147843,0.0,0.0,0.0,0,0.0,0.0,0.0,0.16443987667009252,8.0,0.14363881869147843,0.8745283662688259,85.8012326656,21.79973188612087,9.056225435703535,14.15362801587047,2024-12-17
2025-12-17,Oaxaca,San Bernardo Mixtepec,MX20123,2964,741,0.5,1.0,134.9527665317139,0.6511645526984589,0.2561832445886765,0.12983022850124307,0.0,0.0,0.0,0,0.0,0.0,0.0,0.16443987667009252,8.0,0.12983022850124307,0.8174479891868566,81.776504298,20.243866638774424,8.605120468010865,13.26061893631629,2024-12-17
2025-12-17,Oaxaca,San Blas Atempa,MX20124,21717,5429,1.2309389575750804,3.0,55.25879535826119,4.3294422144573845,0.8033281871934635,0.521925771922995,0.0,18.41959845275373,0.0,0,1.0,0.0,1.4468988135429728,0.16443987667009252,8.0,0.521925771922995,0.6060537685732101,66.8711312093,60.50532284004559,14.695999075417356,33.01972858126865,2024-12-17
2025-12-17,Oaxaca,San Carlos Yautepec,MX20125,12316,3079,0.9270036419362072,7.0,227.34654108476778,2.1164177261545443,0.1020015933529277,0.09995343170891646,0.0,32.478077297823965,-32.478077297823965,0,1.0,1.0,0.0,0.16443987667009252,8.0,0.09995343170891646,0.9621031360121058,91.9761158407,57.2406656715096,8.969874640629191,28.27819105298136,2024-12-17
2025-12-17,Oaxaca,San Cristóbal Amatlán,MX20126,5675,1419,0.6293145800284133,0.0,0.0,5.539698874647367,0.0,0.15925909793651574,0.0,0.0,0.0,0,0.0,0.0,0.0,0.16443987667009252,8.0,0.15925909793651574,0.9787852929911481,93.152372093,24.353478797918438,9.764953420255596,15.600363571320733,2024-12-17
2025-12-17,Oaxaca,San Cristóbal Amoltepec,MX20127,1342,336,0.5,0.0,0.0,10.243978526737774,0.0,0.3108424550797385,0.0,0.0,0.0,0,0.0,0.0,0.0,0.16443987667009252,8.0,0.3108424550797385,1.0,95.7211538462,29.32527365239216,11.690027241018527,18.74412580556798,2024-12-17
2025-12-17,Oaxaca,San Cristóbal Lachirioag,MX20128,1524,381,0.5,0.0,0.0,5.208008910636182,0.0,0.14857123879676665,0.0,0.0,0.0,0,0.0,0.0,0.0,0.16443987667009252,8.0,0.14857123879676665,0.6448050156017896,69.6034755134,17.353237475938794,7.966797723631814,11.721373624554603,2024-12-17
2025-12-17,Oaxaca,San Cristóbal Suchixtlahuaca,MX20129,367,92,0.5,1.0,1086.9565217391305,1.5749257533338024,0.0,0.03150444377328693,0.0,0.0,0.0,0,0.0,0.0,0.0,0.16443987667009252,8.0,0.03150444377328693,0.5661492691967475,64.0574712644,12.268118697133557,6.168717451324846,8.608477949648332,2024-12-17
2025-12-17,Oaxaca,San Dionisio del Mar,MX20130,5406,1351,0.6140507560515951,0.0,0.0,12.386151888669753,0.0,0.37986850238118686,0.0,0.0,0.0,0,0.0,0.0,2.025658338960162,0.16443987667009252,8.0,0.37986850238118686,0.8369215006520652,83.149578514,33.26416178224568,15.122731777075415,22.379303779143523,2024-12-17
2025-12-17,Oaxaca,San Dionisio Ocotepec,MX20131,11966,2991,0.9136604007712508,3.0,100.30090270812437,7.322252878012089,0.3872522763792181,0.41032347111690537,0.0,0.0,0.0,0,0.0,0.0,0.0,0.16443987667009252,8.0,0.41032347111690537,0.9839313328994176,93.5152185537,31.98833079149551,12.803456097961618,20.477405975375174,2024-12-17
2025-12-17,Oaxaca,San Dionisio Ocotlán,MX20132,1609,402,0.5,0.0,0.0,2.064841719794985,0.0,0.0472907303902513,0.0,0.0,0.0,0,0.0,0.0,0.0,0.16443987667009252,8.0,0.0472907303902513,0.3797081648667126,50.9115384615,9.012885209041793,5.425947369078244,6.860722505063663,2024-12-17
2025-12-17,Oaxaca,San Esteban Atatlahuca,MX20133,4130,1032,0.5366812771003514,1.0,96.89922480620154,6.189288053093277,0.4051718705693313,0.38277637993416513,0.0,0.0,0.0,0,0.0,0.0,0.0,0.16443987667009252,8.0,0.38277637993416513,0.9774144463859035,93.0557139155,31.031580325743025,12.440306571201166,19.87681607301791,2024-12-17
2025-12-17,Oaxaca,San Felipe Jalapa de Díaz,MX20134,30305,7576,1.454107715828675,5.0,65.99788806758184,0.5401742219271729,0.6525646680739785,0.32628233403698925,0.0,0.0,0.0,0,0.0,0.0,0.0,0.16443987667009252,8.0,0.32628233403698925,1.0,96.833460133,29.78847002110968,11.875305788505537,19.040571481547193,2024-12-17
2025-12-17,Oaxaca,San Felipe Tejalápam,MX20135,8720,2180,0.7800183914761414,2.0,91.74311926605505,2.9901413286733276,0.43486719808437585,0.2945397382623041,0.0,0.0,0.0,0,0.0,0.0,0.0,0.16443987667009252,8.0,0.2945397382623041,0.7454534956520766,76.7001839362,23.745262060910658,10.221662117469696,15.63110209484608,2024-12-17
2025-12-17,Oaxaca,San Felipe Usila,MX20136,12769,3192,0.9438609906307096,6.0,187.9699248120301,0.6802928228207412,0.1491776678534296,0.07726602399755896,0.0,0.0,0.0,0,0.0,0.0,0.0,0.16443987667009252,8.0,0.07726602399755896,0.9584963083551868,91.7217989926,21.487906887030505,8.679591609808307,13.802917720697186,2024-12-17
2025-12-17,Oaxaca,San Francisco Cahuacuá,MX20137,3635,909,0.5036844432979027,2.0,220.02200220022002,12.887979959030213,0.10949856643246483,0.450787909237952,0.0,0.0,0.0,0,0.0,0.0,0.0,0.16443987667009252,8.0,0.450787909237952,0.9841971404175816,93.5339605998,33.20758008549019,13.290358393004997,21.257247069999075,2024-12-17
2025-12-17,Oaxaca,San Francisco Cajonos,MX20138,588,147,0.5,0.0,0.0,1.620967318632133,0.0,0.032988015234211576,0.0,0.0,0.0,0,0.0,0.0,0.0,0.16443987667009252,8.0,0.032988015234211576,0.7409060669138386,76.3795454545,15.807761795303122,7.060304297441397,10.559287296586087,2024-12-17
2025-12-17,Oaxaca,San Francisco Chapulapa,MX20139,2311,578,0.5,3.0,519.0311418685121,3.1974222106318786,0.0,0.08378523448710852,0.0,0.0,0.0,0,0.0,0.0,0.0,0.16443987667009252,8.0,0.08378523448710852,1.0,96.1865984179,22.513557034613257,8.965340593906967,14.384627170189484,2024-12-17
2025-12-17,Oaxaca,San Francisco Chindúa,MX20140,846,212,0.5,1.0,471.6981132075472,1.5965813840965781,0.0,0.03220224098239139,0.0,0.0,0.0,0,0.0,0.0,0.0,0.16443987667009252,8.0,0.03220224098239139,0.8536156917738074,84.3266832918,18.03838106494789,7.6144231307194,11.784006304410797,2024-12-17
2025-12-17,Oaxaca,San Francisco del Mar,MX20141,9341,2335,0.807272276970728,2.0,85.65310492505353,11.112961901787253,0.47454629950534066,0.5761163673366352,0.0,0.0,0.0,0,0.0,0.0,0.0,0.16443987667009252,8.0,0.5761163673366352,0.6624135768809354,70.8450523865,30.531762557717762,13.185382072505963,20.12393426659068,2024-12-17
2025-12-17,Oaxaca,San Francisco Huehuetlán,MX20142,873,218,0.5,2.0,917.4311926605504,1.2252889869046977,0.0,0.02023829491402987,0.0,0.0,0.0,0,0.0,0.0,0.0,0.16443987667009252,8.0,0.02023829491402987,1.0,96.2729439809,20.6071488474209,8.202777319030025,13.164525930386375,2024-12-17
2025-12-17,Oaxaca,San Francisco Ixhuatán,MX20143,10033,2508,0.8366433472077672,4.0,159.4896331738437,1.7117381890666366,0.19781656636945086,0.13482115711970757,0.0,39.87240829346093,0.0,0,1.0,0.0,0.0,0.16443987667009252,8.0,0.13482115711970757,0.5902128414912053,65.7541899441,50.848891543415334,7.528835872954183,24.856858141138645,2024-12-17
2025-12-17,Oaxaca,San Francisco Jaltepetongo,MX20144,1105,276,0.5,0.0,0.0,5.343445731181188,0.0,0.15293534328402716,0.0,0.0,0.0,0,0.0,0.0,0.0,0.16443987667009252,8.0,0.15293534328402716,0.9145831650262545,88.6254901961,22.879723599045906,9.368057724601265,14.77272407437912,2024-12-17
2025-12-17,Oaxaca,San Francisco Lachigoló,MX20145,5583,1396,0.6241935908435183,1.0,71.63323782234957,1.8392810586019321,0.5915356501465077,0.3357904411523386,0.0,0.0,0.0,0,0.0,0.0,0.0,0.16443987667009252,8.0,0.3357904411523386,0.3552398882259821,49.1862841423,17.1785109990898,8.765602515019639,12.130765908647703,2024-12-17
2025-12-17,Oaxaca,San Francisco Logueche,MX20146,2999,750,0.5,0.0,0.0,4.191064351051321,0.0,0.11580280626918295,0.0,0.0,0.0,0,0.0,0.0,0.0,0.16443987667009252,8.0,0.11580280626918295,0.9884438274223574,93.8333938294,23.242960736522637,9.291770592403648,14.872246650051244,2024-12-17
2025-12-17,Oaxaca,San Francisco Nuxaño,MX20147,388,97,0.5,0.0,0.0,3.3256434324159483,0.0,0.08791683479416047,0.0,0.0,0.0,0,0.0,0.0,0.0,0.16443987667009252,8.0,0.08791683479416047,0.8605385767125122,84.8148148148,19.848276578075062,8.317612681154152,12.929878239922516,2024-12-17
2025-12-17,Oaxaca,San Francisco Ozolotepec,MX20148,2406,602,0.5,1.0,166.11295681063123,1.1558140426329777,0.18501685623365582,0.11050807098019452,0.0,0.0,0.0,0,0.0,0.0,0.0,0.16443987667009252,8.0,0.11050807098019452,0.9370358162772443,90.2086230876,22.055958454950723,8.971193713210221,14.205099609906421,2024-12-17
2025-12-17,Oaxaca,San Francisco Sola,MX20149,2464,616,0.5,1.0,162.33766233766235,7.442930100603576,0.19218469390970103,0.3166781941466015,0.0,0.0,0.0,0,0.0,0.0,0.0,0.16443987667009252,8.0,0.3166781941466015,0.71287002615006,74.4027286508,23.757746347399245,10.324406240571184,15.697742283302407,2024-12-17
2025-12-17,Oaxaca,San Francisco Telixtlahuaca,MX20150,14696,3674,1.0126192331844264,6.0,163.3097441480675,9.205171962525098,0.19030740308978447,0.3725232770189716,0.0,0.0,0.0,0,0.0,0.0,0.0,0.16443987667009252,8.0,0.3725232770189716,0.5521714801084022,63.0718995647,22.219127912737193,10.191054504831335,15.002283867993677,2024-12-17
2025-12-17,Oaxaca,San Francisco Teopan,MX20151,317,79,0.5,1.0,1265.8227848101267,7.122418243475935,0.0,0.21025817390259444,0.0,0.0,0.0,0,0.0,0.0,0.0,0.16443987667009252,8.0,0.21025817390259444,1.0,99.2524590164,26.307745217077834,10.4830158668928,16.812907606966814,2024-12-17
2025-12-17,Oaxaca,San Francisco Tlapancingo,MX20152,2640,660,0.5,0.0,0.0,6.263275780623971,0.0,0.18257450957674443,0.0,0.0,0.0,0,0.0,0.0,0.0,0.16443987667009252,8.0,0.18257450957674443,0.9822446392439176,93.3962900506,25.12212807218069,10.062035091202187,16.086072283593587,2024-12-17
2025-12-17,Oaxaca,San Gabriel Mixtepec,MX20153,5207,1302,0.6028122761238396,1.0,76.80491551459293,6.389936111165895,0.5434087400359181,0.4583601841812375,0.0,0.0,0.0,0,0.0,0.0,0.0,0.16443987667009252,8.0,0.4583601841812375,0.7280741394959125,75.4747682801,28.31228831535537,12.100610687716078,18.585281738771794,2024-12-17
2025-12-17,Oaxaca,San Ildefonso Amatlán,MX20154,2539,635,0.5,2.0,314.96062992125985,4.448556184539467,0.03935615488830776,0.14377789822856718,0.0,0.0,0.0,0,0.0,0.0,0.0,0.16443987667009252,8.0,0.14377789822856718,0.9195243212332347,88.9738903394,22.70382337152171,9.282874164970645,14.651253847591072,2024-12-17
2025-12-17,Oaxaca,San Ildefonso Sola,MX20155,1428,357,0.5,1.0,280.1120448179272,4.643697056433798,0.059579696902863986,0.16017758378711008,0.0,0.0,0.0,0,0.0,0.0,0.0,0.16443987667009252,8.0,0.16017758378711008,0.891705711739642,87.0124045802,22.639441748406146,9.340577344205196,14.660123105885575,2024-12-17
2025-12-17,Oaxaca,San Ildefonso Villa Alta,MX20156,3888,972,0.520846473924845,1.0,102.88065843621399,4.78133774887862,0.374452566243423,0.3220491370692333,0.0,0.0,0.0,0,0.0,0.0,0.0,0.16443987667009252,8.0,0.3220491370692333,0.47129130121394675,57.3690509324,19.087300136355935,9.1809639309622,13.143498413119692,2024-12-17
2025-12-17,Oaxaca,San Jacinto Amilpas,MX20157,21138,5285,1.2145043977605587,6.0,113.52885525070955,0.286325001855339,0.3277762899482236,0.1638881449741118,0.0,0.0,0.0,0,0.0,0.0,0.6954102920723226,0.16443987667009252,8.0,0.1638881449741118,0.0,22.7794726001,6.677666878058669,6.10059053897455,6.3314210746081985,2024-12-17
2025-12-17,Oaxaca,San Jacinto Tlacotepec,MX20158,2380,595,0.5,1.0,168.0672268907563,2.624731144753696,0.1814329373956332,0.15604820109918704,0.0,0.0,0.0,0,0.0,0.0,0.0,0.16443987667009252,8.0,0.15604820109918704,0.7845199315844926,79.4547521601,20.371844664665463,8.755095851174374,13.40179537657081,2024-12-17
2025-12-17,Oaxaca,San Jerónimo Coatlán,MX20159,5921,1480,0.6426987475919753,4.0,270.27027027027026,10.518191230829698,0.06623554617347745,0.3527960298899366,0.0,0.0,0.0,0,0.0,0.0,0.0,0.16443987667009252,8.0,0.3527960298899366,0.9539034242222055,91.3979554582,29.661949381142204,11.962987259851932,19.04257210836804,2024-12-17
2025-12-17,Oaxaca,San Jerónimo Silacayoapilla,MX20160,1495,374,0.5,0.0,0.0,8.178994116324718,0.0,0.24430362394546776,0.0,0.0,0.0,0,0.0,0.0,0.0,0.16443987667009252,8.0,0.24430362394546776,0.5913972692216817,65.8377037562,19.157054102797666,8.848547613515686,12.971950209228478,2024-12-17
2025-12-17,Oaxaca,San Jerónimo Sosola,MX20161,2934,734,0.5,3.0,408.7193460490463,2.8741622482480103,0.0020663326926914373,0.07440217689439386,0.0,0.0,0.0,0,0.0,0.0,0.0,0.16443987667009252,8.0,0.07440217689439386,0.8128247011153592,81.4505169867,18.488559329139,7.916867408371188,12.145544176678314,2024-12-17
2025-12-17,Oaxaca,San Jerónimo Taviche,MX20162,2173,543,0.5,1.0,184.1620626151013,2.3554234555222964,0.1548095403131794,0.1340587523693549,0.0,0.0,0.0,0,0.0,0.0,0.0,0.16443987667009252,8.0,0.1340587523693549,0.9627439235977545,92.0212976721,23.276641043035738,9.382342426482698,14.940061873103916,2024-12-17
2025-12-17,Oaxaca,San Jerónimo Tecóatl,MX20163,1673,418,0.5,2.0,478.4688995215311,2.1919668621653967,0.0,0.05138701234688504,0.0,0.0,0.0,0,0.0,0.0,0.0,0.16443987667009252,8.0,0.05138701234688504,0.8977755920194206,87.4403908795,19.497122210794966,8.06543988832139,12.63811281731082,2024-12-17
2025-12-17,Oaxaca,San Jorge Nuchita,MX20164,3020,755,0.5,2.0,264.9006622516556,2.6093429731413424,0.070075459214216,0.09987361761022717,0.0,0.0,0.0,0,0.0,0.0,0.0,0.16443987667009252,8.0,0.09987361761022717,0.9098428563166514,88.2912517781,21.193065654639845,8.70761547296765,13.701795545636527,2024-12-17
2025-12-17,Oaxaca,San José Ayuquila,MX20165,1751,438,0.5,1.0,228.31050228310502,1.4960749486918523,0.10105075774284007,0.07948905751911331,0.0,0.0,0.0,0,0.0,0.0,0.0,0.16443987667009252,8.0,0.07948905751911331,0.7996273722629613,80.5199754149,18.377219170832625,7.911923331605833,12.098041667296549,2024-12-17
2025-12-17,Oaxaca,San José Chiltepec,MX20166,11901,2975,0.911213364838399,1.0,33.61344537815126,7.439244958841278,1.0,0.7204671029415809,0.0,0.0,0.0,0,0.0,0.0,0.0,0.16443987667009252,8.0,0.7204671029415809,0.4818528565883555,58.1137445328,31.251070220014537,14.014787298302414,20.90930046698726,2024-12-17
2025-12-17,Oaxaca,San José del Peñasco,MX20167,2368,592,0.5,0.0,0.0,5.917058577304805,0.0,0.17141854737612644,0.0,0.0,0.0,0,0.0,0.0,0.0,0.16443987667009252,8.0,0.17141854737612644,0.7453868808339348,76.6954869359,20.050294037962487,8.743874752744857,13.26644246683191,2024-12-17
2025-12-17,Oaxaca,San José Estancia Grande,MX20168,983,246,0.5,0.0,0.0,7.001667986400452,0.0,0.20636730628904273,0.0,0.0,0.0,0,0.0,0.0,0.0,0.16443987667009252,8.0,0.20636730628904273,0.5302180798926835,61.5239687848,16.795380786524955,8.087415854993596,11.570601827606138,2024-12-17
2025-12-17,Oaxaca,San José Independencia,MX20169,4500,1125,0.5603415887338278,0.0,0.0,6.398119256841918,0.0,0.18691949506350136,0.0,0.0,0.0,0,0.0,0.0,0.0,0.16443987667009252,8.0,0.18691949506350136,0.9528859714227624,91.3262150221,24.66530428036029,9.967381577937493,15.846550658906612,2024-12-17
2025-12-17,Oaxaca,San José Lachiguiri,MX20170,3927,982,0.5235188694768294,1.0,101.83299389002036,1.8239546984512836,0.3795724502977411,0.2293149885456665,0.0,0.0,0.0,0,0.0,0.0,0.0,0.16443987667009252,8.0,0.2293149885456665,1.0,96.4080412931,26.879449656369996,10.711697642609664,17.178798448113795,2024-12-17
2025-12-17,Oaxaca,San José Tenango,MX20171,19060,4765,1.1532090671969955,7.0,146.90451206715636,3.1480193403813024,0.22531765786121624,0.19485218251799893,0.0,0.0,0.0,0,0.0,0.0,0.0,0.16443987667009252,8.0,0.19485218251799893,1.0,96.5636435287,25.845565475539967,10.298143970277653,16.51711257238258,2024-12-17
2025-12-17,Oaxaca,San Juan Achiutla,MX20172,411,103,0.5,0.0,0.0,4.972201798964497,0.0,0.14097295887530037,0.0,0.0,0.0,0,0.0,0.0,0.0,0.16443987667009252,8.0,0.14097295887530037,0.7289585611746211,75.5371287129,18.808359989751434,8.296386092438377,12.5011756513636,2024-12-17
2025-12-17,Oaxaca,San Juan Atepec,MX20173,1498,375,0.5,1.0,266.6666666666667,7.1229183235158136,0.06879548820063645,0.24467203180075023,0.0,0.0,0.0,0,0.0,0.0,0.0,0.16443987667009252,8.0,0.24467203180075023,0.841733741970767,83.4888888889,24.17483579343785,10.104650871524504,15.73272484028984,2024-12-17
2025-12-17,Oaxaca,Ánimas Trujano,MX20174,5563,1391,0.6230747629305402,1.0,71.89072609633357,0.5813060712913027,0.5889757081193487,0.29448785405967437,0.0,0.0,0.0,0,0.0,0.0,0.0,0.16443987667009252,8.0,0.29448785405967437,0.22278954876896084,39.8472316384,13.290426597169446,7.607719772622562,9.880802502441316,2024-12-17
2025-12-17,Oaxaca,San Juan Bautista Atatlahuca,MX20175,1493,373,0.5,0.0,0.0,16.079861167428035,0.0,0.4988888188150646,0.0,0.0,0.0,0,0.0,0.0,0.0,0.16443987667009252,8.0,0.4988888188150646,0.940601561170125,90.4600431965,33.77869578785444,13.649591411693066,21.701233162157614,2024-12-17
2025-12-17,Oaxaca,San Juan Bautista Coixtlahuaca,MX20176,2810,702,0.5,2.0,284.9002849002849,6.908916400410486,0.0565077664702732,0.23163250734018762,0.0,0.0,0.0,0,0.0,0.0,0.0,0.16443987667009252,8.0,0.23163250734018762,0.7793533330441298,79.0904561135,22.536041881088227,9.636274533364567,14.796181472454029,2024-12-17
2025-12-17,Oaxaca,San Juan Bautista Cuicatlán,MX20177,10808,2702,0.8683989071936187,8.0,296.07698001480384,3.754639961897531,0.0497239200983018,0.12660210870874314,0.0,0.0,0.0,0,0.0,0.0,0.0,0.16443987667009252,8.0,0.12660210870874314,0.601629425145584,66.5591714534,15.830651764173975,7.487290210294503,10.824634831846291,2024-12-17
2025-12-17,Oaxaca,San Juan Bautista Guelache,MX20178,7565,1891,0.7264778214912109,2.0,105.76414595452141,2.3153455082852767,0.36088487349948023,0.23580500981192543,0.0,0.0,0.0,0,0.0,0.0,0.0,0.16443987667009252,8.0,0.23580500981192543,0.20907991345846993,38.8805674192,11.255748563527163,6.834977465097121,8.603285904469137,2024-12-17
2025-12-17,Oaxaca,San Juan Bautista Jayacatlán,MX20179,1497,374,0.5,1.0,267.379679144385,2.532552285477286,0.06828349979520466,0.09650325476572189,0.0,0.0,0.0,0,0.0,0.0,0.0,0.16443987667009252,8.0,0.09650325476572189,0.8927985308730829,87.0894590846,20.751068260433314,8.581949491615742,13.449596999142772,2024-12-17
2025-12-17,Oaxaca,San Juan Bautista Lo de Soto,MX20180,2431,608,0.5,2.0,328.94736842105266,0.7077249084023519,0.03244431141497841,0.019783274441896762,0.0,0.0,0.0,0,0.0,0.0,1.3915947676036737,0.16443987667009252,8.0,0.019783274441896762,0.3917056947047151,51.7574823944,11.951617688811242,7.505182587861359,9.283756628241312,2024-12-17
2025-12-17,Oaxaca,San Juan Bautista Suchitepec,MX20181,476,119,0.5,1.0,840.3361344537815,3.554555181451737,0.0,0.09529292932394735,0.0,0.0,0.0,0,0.0,0.0,0.0,0.16443987667009252,8.0,0.09529292932394735,0.7633437831746117,77.9616252822,18.125663543210656,7.920151847822092,12.002356525977516,2024-12-17
2025-12-17,Oaxaca,San Juan Bautista Tlacoatzintepec,MX20182,2301,575,0.5,0.0,0.0,5.50157615186393,0.0,0.1580306908837195,0.0,0.0,0.0,0,0.0,0.0,0.0,0.16443987667009252,8.0,0.1580306908837195,0.9801202343804782,93.2464985994,24.34332541412115,9.756887242568691,15.591462511189674,2024-12-17
2025-12-17,Oaxaca,San Juan Bautista Tlachichilco,MX20183,1565,391,0.5,0.0,0.0,2.4479532071307024,0.0,0.05963551635225841,0.0,0.0,0.0,0,0.0,0.0,0.0,0.16443987667009252,8.0,0.05963551635225841,0.8530121872627847,84.2841302841,18.849309235823448,7.940604912602691,12.304086641890994,2024-12-17
2025-12-17,Oaxaca,San Juan Bautista Tuxtepec,MX20184,166520,41630,2.0,53.0,127.31203459043958,2.578493872524763,0.27895223839250216,0.20331797398235427,0.0,2.402113860196973,-2.402113860196973,0,1.0,1.0,0.0,0.16443987667009252,8.0,0.20331797398235427,0.41453574362185736,53.3672255357,18.1803063525573,7.472412185959204,11.755569852598443,2024-12-17
2025-12-17,Oaxaca,San Juan Cacahuatepec,MX20185,9399,2350,0.8098610776627272,1.0,42.5531914893617,3.048480035883325,1.0,0.5789859545679044,0.0,0.0,0.0,0,0.0,0.0,0.6957973838018369,0.16443987667009252,8.0,0.5789859545679044,0.6576730404031291,70.5107979086,32.28504222582973,14.370782957378841,21.536486664759195,2024-12-17
2025-12-17,Oaxaca,San Juan Cieneguilla,MX20186,579,145,0.5,0.0,0.0,10.246520035259655,0.0,0.31092434867927904,0.0,0.0,0.0,0,0.0,0.0,0.0,0.16443987667009252,8.0,0.31092434867927904,0.7862218942913752,79.5747572816,25.052168346205878,10.62211943566989,16.394138999884284,2024-12-17
2025-12-17,Oaxaca,San Juan Coatzóspam,MX20187,1898,474,0.5,0.0,0.0,9.178880416729125,0.0,0.2765223977824922,0.0,0.0,0.0,0,0.0,0.0,0.0,0.16443987667009252,8.0,0.2765223977824922,0.9839745366056653,93.5182648402,27.975162665588073,11.1980592364799,17.90890060812317,2024-12-17
2025-12-17,Oaxaca,San Juan Colorado,MX20188,10068,2517,0.838143157220492,3.0,119.18951132300357,3.593733883304114,0.3063581083209932,0.2497344167568064,0.0,0.0,0.0,0,0.0,0.0,0.0,0.16443987667009252,8.0,0.2497344167568064,0.8707124757607037,85.5321748289,24.90628201791827,10.31029315994686,16.148688703135424,2024-12-17
2025-12-17,Oaxaca,San Juan Comaltepec,MX20189,3315,829,0.5,1.0,120.62726176115802,2.396002917340935,0.3012382242666752,0.20858066351895185,0.0,0.0,0.0,0,0.0,0.0,0.0,0.16443987667009252,8.0,0.20858066351895185,1.0,96.4029801325,26.257419905568558,10.462885742289089,16.780699407600874,2024-12-17
2025-12-17,Oaxaca,San Juan Cotzocón,MX20190,23567,5892,1.282354100936939,6.0,101.83299389002036,10.240633169052968,0.3795724502977411,0.5005208846496446,0.0,16.972165648336727,0.0,0,1.0,0.0,1.4616463985032742,0.16443987667009252,8.0,0.5005208846496446,0.7127453471810755,74.3939375564,59.75059616826387,14.99749568959056,32.898735881059885,2024-12-17
2025-12-17,Oaxaca,San Juan Chicomezúchil,MX20191,319,80,0.5,1.0,1250.0,1.5085125149147438,0.0,0.02936444734815079,0.0,0.0,0.0,0,0.0,0.0,0.0,0.16443987667009252,8.0,0.02936444734815079,0.6950362267061926,73.1452702703,14.781657954568376,6.787472281770437,9.985146550889612,2024-12-17
2025-12-17,Oaxaca,San Juan Chilateca,MX20192,1617,404,0.5,0.0,0.0,1.914502240658553,0.0,0.042446425917719084,0.0,0.0,0.0,0,0.0,0.0,0.0,0.16443987667009252,8.0,0.042446425917719084,0.15059278077147265,34.7566489362,4.285248392961026,4.222238794931657,4.247442634143405,2024-12-17
2025-12-17,Oaxaca,San Juan del Estado,MX20193,2928,732,0.5,0.0,0.0,11.287076647114842,0.0,0.3444536190857475,0.0,0.0,0.0,0,0.0,0.0,0.0,0.16443987667009252,8.0,0.3444536190857475,0.6034962895197411,66.6908037654,22.40353436296725,10.11084265668934,15.027919339200501,2024-12-17
2025-12-17,Oaxaca,San Juan del Río,MX20194,1435,359,0.5,0.0,0.0,11.127763495035818,0.0,0.3393201609975413,0.0,0.0,0.0,0,0.0,0.0,0.0,0.16443987667009252,8.0,0.3393201609975413,0.7405995582819032,76.3579335793,24.991595995564303,10.734757503441678,16.437492900290728,2024-12-17
2025-12-17,Oaxaca,San Juan Diuxi,MX20195,1077,269,0.5,0.0,0.0,4.298842618344084,0.0,0.11927568475251395,0.0,0.0,0.0,0,0.0,0.0,0.0,0.16443987667009252,8.0,0.11927568475251395,1.0,94.8263757116,23.578270542575417,9.391225997091833,15.06604381528527,2024-12-17
2025-12-17,Oaxaca,San Juan Evangelista Analco,MX20196,414,104,0.5,1.0,961.5384615384615,0.6627844404708222,0.0,0.002113027314582735,0.0,0.0,0.0,0,0.0,0.0,0.0,0.16443987667009252,8.0,0.002113027314582735,0.830878064558629,82.7234567901,16.68095211061006,7.139664430629804,10.956179502621907,2024-12-17
2025-12-17,Oaxaca,San Juan Guelavía,MX20197,3413,853,0.5,0.0,0.0,4.6590271696115835,0.0,0.13088170894964932,0.0,0.0,0.0,0,0.0,0.0,0.0,0.16443987667009252,8.0,0.13088170894964932,0.7621889347885464,77.880197105,19.17022996426041,8.341442961400189,12.672957762544279,2024-12-17
2025-12-17,Oaxaca,San Juan Guichicovi,MX20198,31022,7755,1.471185707133199,10.0,128.9490651192779,2.9362325497953905,0.27384684457607367,0.21229248924924127,0.0,0.0,0.0,0,0.0,0.0,0.0,0.16443987667009252,8.0,0.21229248924924127,0.668367120790203,71.2648358267,19.736117093281297,8.849263255003576,13.204004790314663,2024-12-17
2025-12-17,Oaxaca,San Juan Ihualtepec,MX20199,496,124,0.5,0.0,0.0,6.273966148289489,0.0,0.18291897928086046,0.0,0.0,0.0,0,0.0,0.0,0.0,0.16443987667009252,8.0,0.18291897928086046,0.9841802485374308,93.532769556,25.17117434917443,10.075846774119146,16.11397780414126,2024-12-17
2025-12-17,Oaxaca,San Juan Juquila Mixes,MX20200,3917,979,0.5227185853868136,1.0,102.14504596527068,5.2664477798639,0.37803648508144566,0.339472524149635,0.0,102.14504596527068,0.0,0,1.0,0.0,0.0,0.16443987667009252,8.0,0.339472524149635,0.8280653383240951,82.5251319078,61.74548249097096,11.17391476147776,31.40254185327504,2024-12-17
2025-12-17,Oaxaca,San Juan Juquila Vijanos,MX20201,1984,496,0.5,1.0,201.61290322580646,3.6655851397792216,0.13074608525788464,0.16424362784740554,0.0,0.0,0.0,0,0.0,0.0,0.0,0.16443987667009252,8.0,0.16424362784740554,0.9189212416345243,88.9313672922,23.305733668112655,9.525447522403153,15.037561980686952,2024-12-17
2025-12-17,Oaxaca,San Juan Lachao,MX20202,4940,1235,0.5870972886554978,3.0,242.914979757085,5.414305084366203,0.08756839639980259,0.19900280256429576,0.0,0.0,0.0,0,0.0,0.0,0.0,0.16443987667009252,8.0,0.19900280256429576,0.7014834859540244,73.599865501,19.99975379600936,8.855368840603337,13.313122822765747,2024-12-17
2025-12-17,Oaxaca,San Juan Lachigalla,MX20203,3739,935,0.5108370654093503,0.0,0.0,7.872887505265773,0.0,0.23444012279764995,0.0,0.0,0.0,0,0.0,0.0,0.0,0.16443987667009252,8.0,0.23444012279764995,0.9613456456361774,91.922705314,26.26011659665305,10.579927481814352,16.852003127749832,2024-12-17
2025-12-17,Oaxaca,San Juan Lajarcia,MX20204,654,163,0.5,1.0,613.4969325153374,0.8608290000711364,0.0,0.008494505761517073,0.0,0.0,0.0,0,0.0,0.0,0.0,0.16443987667009252,8.0,0.008494505761517073,0.82206765808133,82.1022364217,16.696188334472115,7.1721901396065215,10.98178941755276,2024-12-17
2025-12-17,Oaxaca,San Juan Lalana,MX20205,18039,4510,1.1219276899860142,2.0,44.34589800443459,3.4526247945194446,1.0,0.5920084838001276,0.0,22.172949002217294,-22.172949002217294,0,1.0,1.0,0.0,0.16443987667009252,8.0,0.5920084838001276,0.9424032585467159,90.5870805938,71.59277103989152,14.776035878396776,37.50272994299467,2024-12-17
2025-12-17,Oaxaca,San Juan de los Cués,MX20206,2549,637,0.5,1.0,156.98587127158555,5.57037490278987,0.2029364504237689,0.2617157795484346,0.0,0.0,0.0,0,0.0,0.0,0.0,0.16443987667009252,8.0,0.2617157795484346,0.6807113485545835,72.1352253756,21.46570035754471,9.504063877415797,14.288718469467362,2024-12-17
2025-12-17,Oaxaca,San Juan Mazatlán,MX20207,20076,5019,1.1835461410707817,5.0,99.62143853357243,23.61211484038153,0.3907337975361544,0.6953668987680772,0.0,0.0,0.0,0,0.0,0.0,0.0,0.16443987667009252,8.0,0.6953668987680772,0.800756068487165,80.5995596073,36.87612833278562,15.308100907714417,23.935311877742897,2024-12-17
2025-12-17,Oaxaca,San Juan Mixtepec -Dto. 08 -,MX20208,7259,1815,0.7117294076059597,5.0,275.4820936639118,4.3801346268169095,0.06265162733545483,0.15322092508373714,0.0,0.0,0.0,0,0.0,0.0,0.0,0.16443987667009252,8.0,0.15322092508373714,0.8760768029189531,85.9104126891,22.118163810891176,9.178952895661277,14.354637261753236,2024-12-17
2025-12-17,Oaxaca,San Juan Mixtepec -Dto. 26 -,MX20209,625,156,0.5,1.0,641.025641025641,3.4597924863133507,0.0,0.09223944430108455,0.0,0.0,0.0,0,0.0,0.0,0.0,0.16443987667009252,8.0,0.09223944430108455,0.988208582153942,93.8168067227,22.531354972111377,9.007834022444392,14.417242402311187,2024-12-17
2025-12-17,Oaxaca,San Juan Ñumí,MX20210,6012,1503,0.6476734377311658,5.0,332.667997338656,2.7635678457122808,0.030703550836510312,0.08515716474107164,0.0,0.0,0.0,0,0.0,0.0,0.0,0.16443987667009252,8.0,0.08515716474107164,0.9999511228798174,94.6447714136,22.5537373998285,8.981559371353612,14.410430582743567,2024-12-17
2025-12-17,Oaxaca,San Juan Ozolotepec,MX20211,3799,950,0.5149183851287181,3.0,315.7894736842105,1.8102119138976196,0.03892949788378126,0.05855068632212211,0.0,0.0,0.0,0,0.0,0.0,0.0,0.16443987667009252,8.0,0.05855068632212211,0.9857601498347338,93.6441681468,21.47172358635834,8.5913267651008,13.743485493603815,2024-12-17
2025-12-17,Oaxaca,San Juan Petlapa,MX20212,3285,821,0.5,1.0,121.8026796589525,4.626257001405421,0.29714231702322075,0.278396932763876,0.0,0.0,0.0,0,0.0,0.0,0.0,0.16443987667009252,8.0,0.278396932763876,0.9799216657663821,93.2324975578,27.950341298243924,11.200289302060087,17.900310100533623,2024-12-17
2025-12-17,Oaxaca,San Juan Quiahije,MX20213,4460,1115,0.5578456227007584,1.0,89.68609865470852,6.062343366132274,0.4476669082201709,0.39993343151610516,0.0,0.0,0.0,0,0.0,0.0,0.0,0.16443987667009252,8.0,0.39993343151610516,0.8183164270288619,81.837737713,28.36433148606039,11.850701093399236,18.456153250463696,2024-12-17
2025-12-17,Oaxaca,San Juan Quiotepec,MX20214,2117,529,0.5,0.0,0.0,11.684138474867979,0.0,0.3572479190201698,0.0,0.0,0.0,0,0.0,0.0,0.0,0.16443987667009252,8.0,0.3572479190201698,0.8750578293303973,85.8385650224,28.21859415721304,11.622181954955689,18.26074683585863,2024-12-17
2025-12-17,Oaxaca,San Juan Sayultepec,MX20215,923,231,0.5,0.0,0.0,2.8351486483470225,0.0,0.07211189726299795,0.0,0.0,0.0,0,0.0,0.0,0.0,0.16443987667009252,8.0,0.07211189726299795,0.4561398519288307,56.3007246377,11.286153956466553,6.105959806861794,8.178037466703698,2024-12-17
2025-12-17,Oaxaca,San Juan Tabaá,MX20216,1437,359,0.5,1.0,278.55153203342616,1.9012468882282558,0.06060367371372762,0.0723211430091565,0.0,0.0,0.0,0,0.0,0.0,0.0,0.16443987667009252,8.0,0.0723211430091565,0.9399025771854291,90.4107579462,20.96768583398328,8.527284382098689,13.503444962852523,2024-12-17
2025-12-17,Oaxaca,San Juan Tamazola,MX20217,3502,875,0.5,2.0,228.57142857142858,5.773845412259474,0.10079476354012414,0.21720125188417005,0.0,0.0,0.0,0,0.0,0.0,0.0,0.16443987667009252,8.0,0.21720125188417005,1.0,95.092016672,26.516037556525102,10.566332802671706,16.946214704213062,2024-12-17
2025-12-17,Oaxaca,San Juan Teita,MX20218,557,139,0.5,0.0,0.0,9.036277345080974,0.0,0.2719273792168428,0.0,0.0,0.0,0,0.0,0.0,0.0,0.16443987667009252,8.0,0.2719273792168428,1.0,97.0447470817,28.15782137650529,11.223046330663779,17.99695634900038,2024-12-17
2025-12-17,Oaxaca,San Juan Teitipac,MX20219,2751,688,0.5,1.0,145.34883720930233,4.000941854628542,0.22904785910079087,0.22420052555837316,0.0,0.0,0.0,0,0.0,0.0,0.0,0.16443987667009252,8.0,0.22420052555837316,0.8880688235657682,86.7559681698,24.487392238066562,10.090668204590985,15.849357817981216,2024-12-17
2025-12-17,Oaxaca,San Juan Tepeuxila,MX20220,2797,699,0.5,1.0,143.0615164520744,4.927698729174359,0.23467973156054073,0.2568788272700261,0.0,0.0,0.0,0,0.0,0.0,0.0,0.16443987667009252,8.0,0.2568788272700261,0.9700781482869101,92.5384326959,27.107927783838985,10.89285444873653,17.378883782777514,2024-12-17
2025-12-17,Oaxaca,San Juan Teposcolula,MX20221,1555,389,0.5,0.0,0.0,7.312262903385552,0.0,0.21637543159411488,0.0,0.0,0.0,0,0.0,0.0,0.0,0.16443987667009252,8.0,0.21637543159411488,0.6738555182222704,71.6518218623,19.968373312268856,8.925700550302395,13.342769655088983,2024-12-17
2025-12-17,Oaxaca,San Juan Yaeé,MX20222,1483,371,0.5,1.0,269.54177897574124,1.4430625491664872,0.06674753457890925,0.060629257205914236,0.0,0.0,0.0,0,0.0,0.0,0.0,0.16443987667009252,8.0,0.060629257205914236,0.967075130573552,92.3266903915,21.16038032764847,8.522844519400397,13.577858842699625,2024-12-17
2025-12-17,Oaxaca,San Juan Yatzona,MX20223,464,116,0.5,1.0,862.0689655172414,1.6990726185560483,0.0,0.03550475838061113,0.0,0.0,0.0,0,0.0,0.0,0.0,0.16443987667009252,8.0,0.03550475838061113,0.9621041945239095,91.9761904762,20.307226641896523,8.196495853248546,13.040788168707737,2024-12-17
2025-12-17,Oaxaca,San Juan Yucuita,MX20224,676,169,0.5,1.0,591.7159763313609,1.4756446367292735,0.0,0.028305364197064274,0.0,0.0,0.0,0,0.0,0.0,0.0,0.16443987667009252,8.0,0.028305364197064274,0.5160762311996516,60.5268292683,11.170685549904961,5.8799633064246954,7.996252203816802,2024-12-17
2025-12-17,Oaxaca,San Lorenzo,MX20225,6204,1551,0.6579342497351861,0.0,0.0,5.229576027703327,0.0,0.1492661838788444,0.0,0.0,0.0,0,0.0,0.0,0.0,0.16443987667009252,8.0,0.1492661838788444,0.8726037355859346,85.6655272603,21.930060228084024,9.11413066453747,14.240502489956091,2024-12-17
2025-12-17,Oaxaca,San Lorenzo Albarradas,MX20226,3096,774,0.5,1.0,129.19896640826875,3.207665735677528,0.2730788619679259,0.22065473681678968,0.0,0.0,0.0,0,0.0,0.0,0.0,0.16443987667009252,8.0,0.22065473681678968,0.7990687327496699,80.4805858311,22.60101675949709,9.603118285611492,14.802277675165731,2024-12-17
2025-12-17,Oaxaca,San Lorenzo Cacaotepec,MX20227,20792,5198,1.2044665224422237,6.0,115.42901115813774,0.10847676276312064,0.3203524580694625,0.16017622903473125,0.0,19.23816852635629,-19.23816852635629,0,1.0,1.0,0.0,0.16443987667009252,8.0,0.16017622903473125,0.22335633654048048,39.8871957546,39.626371972540205,5.998814211180843,19.44983731572459,2024-12-17
2025-12-17,Oaxaca,San Lorenzo Cuaunecuiltitla,MX20228,898,224,0.5,1.0,446.42857142857144,0.9891408271376895,0.0,0.012629025591622395,0.0,0.0,0.0,0,0.0,0.0,0.0,0.16443987667009252,8.0,0.012629025591622395,1.0,97.1522277228,20.378870767748673,8.111466087161133,13.018427959396151,2024-12-17
2025-12-17,Oaxaca,San Lorenzo Texmelúcan,MX20229,9695,2424,0.8225132516384452,2.0,82.50825082508251,1.7281023392471553,0.49732978354705576,0.28510505851519014,0.0,0.0,0.0,0,0.0,0.0,0.0,0.16443987667009252,8.0,0.28510505851519014,1.0,97.7992217899,28.55315175545571,11.381178482243946,18.24996779152865,2024-12-17
2025-12-17,Oaxaca,San Lorenzo Victoria,MX20230,1009,252,0.5,1.0,396.8253968253968,4.377244363556946,0.005820914332524656,0.12471243725497555,0.0,0.0,0.0,0,0.0,0.0,0.0,0.16443987667009252,8.0,0.12471243725497555,0.6398190626386152,69.2519167579,16.53775437042157,7.655562340314448,11.208439152357297,2024-12-17
2025-12-17,Oaxaca,San Lucas Camotlán,MX20231,3362,840,0.5,1.0,119.04761904761905,2.629003436490163,0.30687009672642496,0.2189044444181077,0.0,0.0,0.0,0,0.0,0.0,0.0,0.16443987667009252,8.0,0.2189044444181077,1.0,98.9851030111,26.56713333254323,10.586771113078958,16.97891600086467,2024-12-17
2025-12-17,Oaxaca,San Lucas Ojitlán,MX20232,23506,5876,1.280611771190793,4.0,68.07351940095303,4.696786470589956,0.6289108037430293,0.4465538075375549,0.0,0.0,0.0,0,0.0,0.0,0.0,0.16443987667009252,8.0,0.4465538075375549,0.8999952231535827,87.59689672,31.396518689198306,12.81853958628024,20.249731227447466,2024-12-17
2025-12-17,Oaxaca,San Lucas Quiaviní,MX20233,1818,454,0.5,1.0,220.26431718061673,2.607564610985566,0.10924257222974895,0.11939987095454985,0.0,0.0,0.0,0,0.0,0.0,0.0,0.16443987667009252,8.0,0.11939987095454985,0.8518139603494873,84.1996434938,20.61827533562624,8.6517860332637,13.438381754208717,2024-12-17
2025-12-17,Oaxaca,San Lucas Zoquiápam,MX20234,7555,1889,0.726093543325476,2.0,105.87612493382743,2.0371763847972577,0.36037288509404847,0.2265857284089759,0.0,0.0,0.0,0,0.0,0.0,0.0,0.16443987667009252,8.0,0.2265857284089759,1.0,96.3596989492,26.797571852269275,10.678946520969376,17.126396653489333,2024-12-17
2025-12-17,Oaxaca,San Luis Amatlán,MX20235,4072,1018,0.53302856675076,1.0,98.23182711198429,7.543469280387616,0.398004032893286,0.42282748107680856,0.0,0.0,0.0,0,0.0,0.0,0.0,0.16443987667009252,8.0,0.42282748107680856,0.8136050731721274,81.5055408971,28.956925895746803,12.101872918844004,18.843894109605124,2024-12-17
2025-12-17,Oaxaca,San Marcial Ozolotepec,MX20236,1455,364,0.5,0.0,0.0,9.644085850581929,0.0,0.29151245080651733,0.0,0.0,0.0,0,0.0,0.0,0.0,0.16443987667009252,8.0,0.29151245080651733,0.9757825070482714,92.9406461307,28.261023665160952,11.33697972498123,18.106597301053117,2024-12-17
2025-12-17,Oaxaca,San Marcos Arteaga,MX20237,1672,418,0.5,0.0,0.0,9.58314923745997,0.0,0.2895489245978108,0.0,0.0,0.0,0,0.0,0.0,0.0,0.16443987667009252,8.0,0.2895489245978108,0.5149627858605719,60.4483204134,18.985723455145763,9.009318804538253,12.999880664781257,2024-12-17
2025-12-17,Oaxaca,San Martín de los Cansecos,MX20238,1050,263,0.5,0.0,0.0,5.3384652545118305,0.0,0.1527748601857532,0.0,0.0,0.0,0,0.0,0.0,0.0,0.16443987667009252,8.0,0.1527748601857532,0.7575037993071245,77.5498489426,19.733321791715085,8.580735098826327,13.041769775981832,2024-12-17
2025-12-17,Oaxaca,San Martín Huamelúlpam,MX20239,1059,265,0.5,1.0,377.35849056603774,0.6585284425917979,0.012476763603138095,0.008214270490430357,0.0,0.0,0.0,0,0.0,0.0,0.0,0.16443987667009252,8.0,0.008214270490430357,0.7238173012671372,75.1746192893,14.722774140055654,6.677575532282515,9.895654975391771,2024-12-17
2025-12-17,Oaxaca,San Martín Itunyoso,MX20240,2911,728,0.5,1.0,137.36263736263737,3.288948849301121,0.24952739531806295,0.21149814354163035,0.0,0.0,0.0,0,0.0,0.0,0.0,0.16443987667009252,8.0,0.21149814354163035,1.0,97.5390885513,26.344944306248912,10.49789550256123,16.8367150240363,2024-12-17
2025-12-17,Oaxaca,San Martín Lachilá,MX20241,1112,278,0.5,0.0,0.0,1.9445641211103006,0.0,0.0434150929821631,0.0,0.0,0.0,0,0.0,0.0,0.0,0.16443987667009252,8.0,0.0434150929821631,0.7897990146401866,79.8269794721,17.098433082268627,7.429893969048557,11.297309614336585,2024-12-17
2025-12-17,Oaxaca,San Martín Peras,MX20242,13150,3287,0.9578035623073978,3.0,91.26863401277761,5.316234723513029,0.43776846571515604,0.37094277114729396,0.0,0.0,0.0,0,0.0,0.0,0.0,0.16443987667009252,8.0,0.37094277114729396,1.0,97.7759441708,31.128283134418822,12.411231033829194,19.898051874065047,2024-12-17
2025-12-17,Oaxaca,San Martín Tilcajete,MX20243,2097,524,0.5,1.0,190.83969465648855,1.460826608557609,0.14508176060997513,0.1003687715151928,0.0,190.83969465648855,0.0,0,1.0,0.0,0.0,0.16443987667009252,8.0,0.1003687715151928,0.3848566948415472,51.2745604964,45.70819704228673,6.088626512451715,21.93645472438572,2024-12-17
2025-12-17,Oaxaca,San Martín Toxpalan,MX20244,4206,1052,0.5418567225630506,3.0,285.17110266159693,3.172076166422646,0.0563371036684626,0.11113707499555188,0.0,0.0,0.0,0,0.0,0.0,0.0,0.16443987667009252,8.0,0.11113707499555188,0.6977675455706389,73.3378551318,17.289463161279333,7.782400407861482,11.585225509228623,2024-12-17
2025-12-17,Oaxaca,San Martín Zacatepec,MX20245,1402,350,0.5,1.0,285.7142857142857,1.6378081777043307,0.05599577806484138,0.06152855779578742,0.0,0.0,0.0,0,0.0,0.0,0.0,0.16443987667009252,8.0,0.06152855779578742,0.8632310174413194,85.0046583851,19.110477082700008,8.014415560817712,12.452840169570631,2024-12-17
2025-12-17,Oaxaca,San Mateo Cajonos,MX20246,641,160,0.5,1.0,625.0,1.641228864317136,0.0,0.03364089162400672,0.0,0.0,0.0,0,0.0,0.0,0.0,0.16443987667009252,8.0,0.03364089162400672,0.9074969022302427,88.1258389262,19.159164793325058,7.901092990700959,12.4043217117506,2024-12-17
2025-12-17,Oaxaca,Capulálpam de Méndez,MX20247,1721,430,0.5,1.0,232.5581395348837,2.49986508313067,0.09695485049938564,0.10978566878265383,0.0,0.0,0.0,0,0.0,0.0,0.0,0.16443987667009252,8.0,0.10978566878265383,0.14465415661341421,34.3379174853,6.186653195747899,5.000616588520582,5.475031231411509,2024-12-17
2025-12-17,Oaxaca,San Mateo del Mar,MX20248,16370,4092,1.0686719452133966,2.0,48.87585532746823,2.2882274007757806,0.9243281136771796,0.5166528183760215,0.0,0.0,0.0,0,0.0,0.0,3.3760972316002698,0.16443987667009252,8.0,0.5166528183760215,0.9382644654725959,90.2952549482,42.81433502368051,19.550714703235535,28.856162831413524,2024-12-17
2025-12-17,Oaxaca,San Mateo Yoloxochitlán,MX20249,4056,1014,0.5319803286335203,1.0,98.61932938856016,0.24179750189304228,0.3959560792715588,0.1979780396357794,0.0,0.0,0.0,0,0.0,0.0,0.0,0.16443987667009252,8.0,0.1979780396357794,0.9685253816880628,92.4289473684,25.309848822834642,10.178281164131333,16.230908227612655,2024-12-17
2025-12-17,Oaxaca,San Mateo Etlatongo,MX20250,1296,324,0.5,1.0,308.641975308642,1.379971447970288,0.04268407952361448,0.04656458061221101,0.0,0.0,0.0,0,0.0,0.0,0.0,0.16443987667009252,8.0,0.04656458061221101,0.6650957802942153,71.0341741253,14.698853024250639,6.844171648879274,9.98604419902782,2024-12-17
2025-12-17,Oaxaca,San Mateo Nejápam,MX20251,1279,320,0.5,1.0,312.5,1.6935672511460398,0.04063612590188728,0.05564542497418789,0.0,0.0,0.0,0,0.0,0.0,0.0,0.16443987667009252,8.0,0.05564542497418789,0.9417483274050453,90.5409015025,20.504329297326542,8.336404516777145,13.203574428996905,2024-12-17
2025-12-17,Oaxaca,San Mateo Peñasco,MX20252,2495,624,0.5,1.0,160.25641025641025,3.872839746700267,0.19628060115315546,0.203689134416279,0.0,0.0,0.0,0,0.0,0.0,0.0,0.16443987667009252,8.0,0.203689134416279,0.9644033370063234,92.1383026493,25.398740772614836,10.22620407808863,16.295218755899114,2024-12-17
2025-12-17,Oaxaca,San Mateo Piñas,MX20253,2135,534,0.5,1.0,187.26591760299627,5.267424869886186,0.15020164466429314,0.2255865881632485,0.0,0.0,0.0,0,0.0,0.0,0.0,0.16443987667009252,8.0,0.2255865881632485,0.9099577132851796,88.2993503248,24.966751910601047,10.216745404446545,16.116748006908345,2024-12-17
2025-12-17,Oaxaca,San Mateo Río Hondo,MX20254,3476,869,0.5,0.0,0.0,6.990779517111416,0.0,0.20601645326774123,0.0,0.0,0.0,0,0.0,0.0,0.0,0.16443987667009252,8.0,0.20601645326774123,0.7610608765192542,77.8006578947,21.401711128417322,9.237419601870831,14.103136212489428,2024-12-17
2025-12-17,Oaxaca,San Mateo Sindihui,MX20255,2065,516,0.5,0.0,0.0,9.132519435361024,0.0,0.27502853395721805,0.0,0.0,0.0,0,0.0,0.0,0.0,0.16443987667009252,8.0,0.27502853395721805,0.9621841428778208,91.981827622,27.494538876272962,11.071180901937385,17.640524091671615,2024-12-17
2025-12-17,Oaxaca,San Mateo Tlapiltepec,MX20256,235,59,0.5,1.0,1694.915254237288,1.1698155082413477,0.0,0.01845080421405268,0.0,0.0,0.0,0,0.0,0.0,0.0,0.16443987667009252,8.0,0.01845080421405268,0.828989698106781,82.59030837,17.133318088557203,7.326275921164202,11.249092788121404,2024-12-17
2025-12-17,Oaxaca,San Melchor Betaza,MX20257,1089,272,0.5,1.0,367.6470588235294,0.7840063141492178,0.016060682441160726,0.01404943278523327,0.0,0.0,0.0,0,0.0,0.0,0.0,0.16443987667009252,8.0,0.01404943278523327,0.9388942412636027,90.3396603397,19.199367808829052,7.822982179802479,12.37353643141311,2024-12-17
2025-12-17,Oaxaca,San Miguel Achiutla,MX20258,711,178,0.5,1.0,561.7977528089888,1.9343767575798618,0.0,0.04308683129735953,0.0,0.0,0.0,0,0.0,0.0,0.0,0.16443987667009252,8.0,0.04308683129735953,0.9094301258894202,88.2621502209,19.48120745670919,8.024110385077082,12.606949213729926,2024-12-17
2025-12-17,Oaxaca,San Miguel Ahuehuetitlán,MX20259,2239,560,0.5,1.0,178.57142857142858,1.7897645749593607,0.16351334320552005,0.1201837458817026,0.0,0.0,0.0,0,0.0,0.0,0.0,0.16443987667009252,8.0,0.1201837458817026,0.9684687332459667,92.4249530957,22.974887041370415,9.244466396871932,14.736634654671327,2024-12-17
2025-12-17,Oaxaca,San Miguel Aloápam,MX20260,2283,571,0.5,2.0,350.2626970227671,2.7434741580164554,0.022972525914490057,0.08064418468383405,0.0,0.0,0.0,0,0.0,0.0,0.0,0.16443987667009252,8.0,0.08064418468383405,0.8973970134202569,87.4136973623,20.36726580892016,8.41463306336896,13.19568616158944,2024-12-17
2025-12-17,Oaxaca,San Miguel Amatitlán,MX20261,7264,1816,0.7119254493140175,4.0,220.26431718061673,0.8197775456676283,0.10924257222974895,0.061793013951968935,0.0,0.0,0.0,0,0.0,0.0,0.0,0.16443987667009252,8.0,0.061793013951968935,0.7204237843038733,74.9353429445,16.262266104636534,7.303552869004659,10.88703816325741,2024-12-17
2025-12-17,Oaxaca,San Miguel Amatlán,MX20262,1177,294,0.5,1.0,340.13605442176873,5.297540082499174,0.027324427360660385,0.16511836506810926,0.0,0.0,0.0,0,0.0,0.0,0.0,0.16443987667009252,8.0,0.16511836506810926,0.7261068810958681,75.3360572012,19.47568857396064,8.571872566358316,12.933398969399246,2024-12-17
2025-12-17,Oaxaca,San Miguel Coatlán,MX20263,3360,840,0.5,3.0,357.14285714285717,3.82106212517694,0.02015658968461514,0.11395872750779092,0.0,0.0,0.0,0,0.0,0.0,0.0,0.16443987667009252,8.0,0.11395872750779092,0.9360503208292441,90.1391359593,22.13976824181861,9.007674114301379,14.26051176530827,2024-12-17
2025-12-17,Oaxaca,San Miguel Chicahua,MX20264,2267,567,0.5,2.0,352.7336860670194,2.0582493481096997,0.02194854910362647,0.05805258265735886,0.0,0.0,0.0,0,0.0,0.0,0.0,0.16443987667009252,8.0,0.05805258265735886,0.9517741072189808,91.2478176528,20.77705962410038,8.415419308044877,13.360075434467078,2024-12-17
2025-12-17,Oaxaca,San Miguel Chimalapa,MX20265,6454,1613,0.6709555963134914,3.0,185.98884066955983,20.643701200130415,0.1520789354842098,0.5760394677421049,0.0,0.0,0.0,0,0.0,0.0,1.4468988135429728,0.16443987667009252,8.0,0.5760394677421049,0.7470434425781914,76.8122908427,35.88610766794753,16.05031179527158,23.984630144341956,2024-12-17
2025-12-17,Oaxaca,San Miguel del Puerto,MX20266,9115,2279,0.7975331769241485,3.0,131.63668275559456,8.808899559067696,0.26574036149007013,0.3974708934597344,0.0,0.0,0.0,0,0.0,0.0,0.0,0.16443987667009252,8.0,0.3974708934597344,0.3250799323885445,47.0597104224,18.425725451562922,9.3549681635212,12.98327107873789,2024-12-17
2025-12-17,Oaxaca,San Miguel del Río,MX20267,256,64,0.5,0.0,0.0,5.472123882251,0.0,0.1570816669664378,0.0,0.0,0.0,0,0.0,0.0,0.0,0.16443987667009252,8.0,0.1570816669664378,0.8320570144708432,82.8065843621,21.35359029841,9.005182856013136,13.944545832971883,2024-12-17
2025-12-17,Oaxaca,San Miguel Ejutla,MX20268,1360,340,0.5,1.0,294.11764705882354,1.5305036564758727,0.05087589401052333,0.0555110025382525,0.0,0.0,0.0,0,0.0,0.0,0.0,0.16443987667009252,8.0,0.0555110025382525,0.5289499759159524,61.4345549738,12.244329594466624,6.270799690100458,8.660211651846925,2024-12-17
2025-12-17,Oaxaca,San Miguel el Grande,MX20269,4549,1137,0.5633221501261727,1.0,87.95074758135443,3.931970873761461,0.4589306531396707,0.3369195094564657,0.0,0.0,0.0,0,0.0,0.0,0.0,0.16443987667009252,8.0,0.3369195094564657,0.6435662313603219,69.5161290323,22.97890991090041,10.220783050340863,15.32403379456468,2024-12-17
2025-12-17,Oaxaca,San Miguel Huautla,MX20270,1359,340,0.5,2.0,588.2352941176471,1.6720531302430917,0.0,0.034634124606755856,0.0,0.0,0.0,0,0.0,0.0,0.0,0.16443987667009252,8.0,0.034634124606755856,1.0,96.8358585859,21.03902373820268,8.375527275342737,13.440925860486713,2024-12-17
2025-12-17,Oaxaca,San Miguel Mixtepec,MX20271,3588,897,0.5003487480371008,2.0,222.9654403567447,2.3517743431880915,0.10642663599987401,0.10974971691852758,0.0,0.0,0.0,0,0.0,0.0,0.0,0.16443987667009252,8.0,0.10974971691852758,1.0,98.6647020301,23.29249150755583,9.276914383083996,14.88314523287273,2024-12-17
2025-12-17,Oaxaca,San Miguel Panixtlahuaca,MX20272,6634,1659,0.6804555942872528,0.0,0.0,10.078445564710078,0.0,0.3055085795541052,0.0,0.0,0.0,0,0.0,0.0,0.0,0.16443987667009252,8.0,0.3055085795541052,1.0,96.101756712,29.165257386623157,11.626020734710927,18.64171539547582,2024-12-17
2025-12-17,Oaxaca,San Miguel Peras,MX20273,4037,1009,0.5306671192036034,4.0,396.4321110009911,0.5609242693509057,0.005948911433882602,0.002974455716941301,0.0,0.0,0.0,0,0.0,0.0,0.0,0.16443987667009252,8.0,0.002974455716941301,1.0,96.7283718431,20.089233671508243,7.995611248664961,12.833060217802272,2024-12-17
2025-12-17,Oaxaca,San Miguel Piedras,MX20274,1411,353,0.5,1.0,283.28611898017,2.444683506495735,0.05753174328113677,0.08829603026842335,0.0,0.0,0.0,0,0.0,0.0,0.0,0.16443987667009252,8.0,0.08829603026842335,1.0,95.001740644,22.6488809080527,9.019470143282746,14.471234449190728,2024-12-17
2025-12-17,Oaxaca,San Miguel Quetzaltepec,MX20275,7644,1911,0.730309482148029,1.0,52.32862375719519,1.847261390906271,0.8552096789438862,0.46788460131005444,0.0,0.0,0.0,0,0.0,0.0,0.0,0.16443987667009252,8.0,0.46788460131005444,1.0,95.8323764179,34.03653803930163,13.574532995782318,21.759335013190046,2024-12-17
2025-12-17,Oaxaca,San Miguel Santa Flor,MX20276,729,182,0.5,0.0,0.0,5.241914104628967,0.0,0.14966374679163783,0.0,0.0,0.0,0,0.0,0.0,0.0,0.16443987667009252,8.0,0.14966374679163783,0.9793900677092442,93.1950146628,24.07771375793402,9.652833080107541,15.422785351238133,2024-12-17
2025-12-17,Oaxaca,Villa Sola de Vega,MX20277,13431,3358,0.9680926922495852,7.0,208.45741512805242,9.010846234032298,0.12240798836942383,0.3323119210148482,0.0,0.0,0.0,0,0.0,0.0,0.0,0.16443987667009252,8.0,0.3323119210148482,0.8835908774141191,86.4402288943,27.641175178727828,11.36561521931044,17.875839203077394,2024-12-17
2025-12-17,Oaxaca,San Miguel Soyaltepec,MX20278,40896,10224,1.6892231178374424,9.0,88.02816901408451,4.057918096560462,0.4584186647342387,0.3407218417705958,0.0,0.0,0.0,0,0.0,0.0,0.0,0.16443987667009252,8.0,0.3407218417705958,0.7653900067027078,78.1059041798,25.52945538717203,10.875529914822355,16.737100103762227,2024-12-17
2025-12-17,Oaxaca,San Miguel Suchixtepec,MX20279,3099,775,0.5,1.0,129.03225806451613,2.200967102610947,0.2735908503733578,0.1884724472189419,0.0,0.0,0.0,0,0.0,0.0,0.0,0.16443987667009252,8.0,0.1884724472189419,0.9378543388293881,90.2663369834,24.411260193156018,9.910858840835909,15.711019381763952,2024-12-17
2025-12-17,Oaxaca,Villa Talea de Castro,MX20280,2100,525,0.5,1.0,190.47619047619048,2.036534807499068,0.14559374901540692,0.11917548718525306,0.0,0.0,0.0,0,0.0,0.0,0.0,0.16443987667009252,8.0,0.11917548718525306,0.7781207134938295,79.0035443038,19.13767888543418,8.28062719375385,12.623447870425982,2024-12-17
2025-12-17,Oaxaca,San Miguel Tecomatlán,MX20281,315,79,0.5,0.0,0.0,4.885877856525865,0.0,0.1381913910340111,0.0,0.0,0.0,0,0.0,0.0,0.0,0.16443987667009252,8.0,0.1381913910340111,0.5821464572161232,65.1854304636,15.788670875342797,7.528946758550415,10.832836405267368,2024-12-17
2025-12-17,Oaxaca,San Miguel Tenango,MX20282,682,171,0.5,0.0,0.0,20.900903640857123,0.0,0.5,0.0,0.0,0.0,0,0.0,0.0,0.0,0.16443987667009252,8.0,0.5,0.8752495061307207,85.8520801233,32.504990122614416,13.33616531071527,21.003695235474932,2024-12-17
2025-12-17,Oaxaca,San Miguel Tequixtepec,MX20283,1076,269,0.5,1.0,371.74721189591077,3.679287334974345,0.014524717224865313,0.10657446195939096,0.0,0.0,0.0,0,0.0,0.0,0.0,0.16443987667009252,8.0,0.10657446195939096,0.790488609548386,79.8756027001,19.007006049749446,8.191254371316287,12.517555042689551,2024-12-17
2025-12-17,Oaxaca,San Miguel Tilquiápam,MX20284,3284,821,0.5,0.0,0.0,5.710352042327376,0.0,0.16475795896884535,0.0,0.0,0.0,0,0.0,0.0,0.0,0.16443987667009252,8.0,0.16475795896884535,1.0,98.7893376414,24.94273876906536,9.93701328768781,15.93930348023883,2024-12-17
2025-12-17,Oaxaca,San Miguel Tlacamama,MX20285,3858,964,0.5186986442639517,0.0,0.0,3.9966255941082154,0.0,0.10953751557306242,0.0,0.0,0.0,0,0.0,0.0,0.0,0.16443987667009252,8.0,0.10953751557306242,0.5700891683177921,64.3352729288,14.687908833547713,7.1248138085273744,10.15005181853551,2024-12-17
2025-12-17,Oaxaca,San Miguel Tlacotepec,MX20286,3226,806,0.5,1.0,124.06947890818859,1.7483381721119786,0.28946249094174364,0.18182346007258765,0.0,0.0,0.0,0,0.0,0.0,0.0,0.16443987667009252,8.0,0.18182346007258765,0.7103963769653711,74.2283120377,19.662631341485053,8.693781185759573,13.081321248049765,2024-12-17
2025-12-17,Oaxaca,San Miguel Tulancingo,MX20287,308,77,0.5,0.0,0.0,7.294035216994847,0.0,0.21578809110834485,0.0,0.0,0.0,0,0.0,0.0,0.0,0.16443987667009252,8.0,0.21578809110834485,0.6464095698220247,69.7166123779,19.40183412969084,8.781422722471927,13.029587285359492,2024-12-17
2025-12-17,Oaxaca,San Miguel Yotao,MX20288,612,153,0.5,1.0,653.59477124183,3.3361287745203625,0.0,0.08825469807494482,0.0,0.0,0.0,0,0.0,0.0,0.0,0.16443987667009252,8.0,0.08825469807494482,1.0,97.6333333333,22.647640942248344,9.018974156961004,14.47044087107594,2024-12-17
2025-12-17,Oaxaca,San Nicolás,MX20289,1324,331,0.5,1.0,302.11480362537765,1.1053643777308355,0.046267998361637114,0.03950803086921619,0.0,0.0,0.0,0,0.0,0.0,0.0,0.16443987667009252,8.0,0.03950803086921619,0.818756550708525,81.8687707641,17.560371940246988,7.527796904034885,11.540826918519727,2024-12-17
2025-12-17,Oaxaca,San Nicolás Hidalgo,MX20290,1099,275,0.5,1.0,363.6363636363636,1.4275294476814528,0.01759664765745614,0.035553299353169844,0.0,0.0,0.0,0,0.0,0.0,0.0,0.16443987667009252,8.0,0.035553299353169844,0.5908926559208113,65.8021235521,12.884452099011323,6.34102065190376,8.958393230746786,2024-12-17
2025-12-17,Oaxaca,San Pablo Coatlán,MX20291,4537,1134,0.5625784901978285,2.0,176.3668430335097,2.7874606736834124,0.16709726204354272,0.15412390550094762,0.0,0.0,0.0,0,0.0,0.0,0.0,0.16443987667009252,8.0,0.15412390550094762,0.9212845904613798,89.0980066445,23.049408974256025,9.415827598379936,14.869260148730373,2024-12-17
2025-12-17,Oaxaca,San Pablo Cuatro Venados,MX20292,1801,450,0.5,2.0,444.44444444444446,2.061795676993149,0.0,0.04719257946640071,0.0,0.0,0.0,0,0.0,0.0,0.0,0.16443987667009252,8.0,0.04719257946640071,1.0,98.3413959917,21.415777383992022,8.526228733658474,13.682048193791893,2024-12-17
2025-12-17,Oaxaca,San Pablo Etla,MX20293,19833,4958,1.1763318530600044,3.0,60.50826946349334,4.731668216062191,0.7229460075406706,0.4946953843002736,0.0,20.169423154497782,0.0,0,1.0,0.0,0.15453562046051614,0.16443987667009252,8.0,0.4946953843002736,0.0,19.4660716289,47.05549063333988,9.157154618159069,24.316489024231398,2024-12-17
2025-12-17,Oaxaca,San Pablo Huitzo,MX20294,7588,1897,0.7276294383115816,2.0,105.42962572482868,3.5641733379410936,0.3624208387157757,0.2768132691283243,0.0,0.0,0.0,0,0.0,0.0,0.0,0.16443987667009252,8.0,0.2768132691283243,0.346739002906162,48.5868880618,15.239178131972968,8.015372024132368,10.904894467268608,2024-12-17
2025-12-17,Oaxaca,San Pablo Huixtepec,MX20295,10502,2626,0.8560989350230415,4.0,152.32292460015233,2.2773720989025277,0.2129202243296891,0.16059908941595744,0.0,0.0,0.0,0,0.0,0.0,0.0,0.16443987667009252,8.0,0.16059908941595744,0.4357837448321205,54.8654187432,13.533647579121133,7.066025577213758,9.653074377976708,2024-12-17
2025-12-17,Oaxaca,San Pablo Macuiltianguis,MX20296,978,245,0.5,2.0,816.3265306122449,3.6068982172225907,0.0,0.09697954952342636,0.0,0.0,0.0,0,0.0,0.0,0.0,0.16443987667009252,8.0,0.09697954952342636,0.8584940019854452,84.6706521739,20.079266525411697,8.416142384270008,13.081392040726685,2024-12-17
2025-12-17,Oaxaca,San Pablo Tijaltepec,MX20297,2902,725,0.5,0.0,0.0,10.588169381422873,0.0,0.32193312338811136,0.0,0.0,0.0,0,0.0,0.0,0.0,0.16443987667009252,8.0,0.32193312338811136,1.0,97.5149031297,29.657993701643342,11.823115260719002,18.957066637088737,2024-12-17
2025-12-17,Oaxaca,San Pablo Villa de Mitla,MX20298,14219,3555,0.9960849961547512,3.0,84.38818565400844,7.906976968741157,0.4835060966003971,0.4772916167046087,0.0,0.0,0.0,0,0.0,0.0,0.0,0.16443987667009252,8.0,0.4772916167046087,0.6668250802783653,71.1561067939,27.655250106705566,12.021542581908795,18.275025591827504,2024-12-17
2025-12-17,Oaxaca,San Pablo Yaganiza,MX20299,1168,292,0.5,1.0,342.4657534246575,3.0016063433622358,0.026300450549796798,0.0906257952144381,0.0,0.0,0.0,0,0.0,0.0,0.0,0.16443987667009252,8.0,0.0906257952144381,0.8214534710389193,82.0589301904,19.14784327721153,8.154694677829518,12.551954117582323,2024-12-17
2025-12-17,Oaxaca,San Pedro Amuzgos,MX20300,6941,1735,0.6958671505857305,0.0,0.0,10.126897272411691,0.0,0.3070698116780222,0.0,0.0,0.0,0,0.0,0.0,0.0,0.16443987667009252,8.0,0.3070698116780222,0.8716080167254311,85.5953192808,26.64425468484929,11.002795603825087,17.259379236234768,2024-12-17
2025-12-17,Oaxaca,San Pedro Apóstol,MX20301,1744,436,0.5,1.0,229.3577981651376,1.040921887444397,0.10002678093197646,0.06431092803781116,0.0,0.0,0.0,0,0.0,0.0,0.0,0.16443987667009252,8.0,0.06431092803781116,0.5365216759040499,61.9684343434,12.659761359215333,6.414257296035649,8.912458921307524,2024-12-17
2025-12-17,Oaxaca,San Pedro Atoyac,MX20302,4812,1203,0.5794412506819878,0.0,0.0,6.976441775516612,0.0,0.20555445628509447,0.0,0.0,0.0,0,0.0,0.0,0.0,0.16443987667009252,8.0,0.20555445628509447,0.9836240179062933,93.4935498221,25.839114046678702,10.344691345014265,16.54246042568004,2024-12-17
2025-12-17,Oaxaca,San Pedro Cajonos,MX20303,1160,290,0.5,1.0,344.82758620689657,0.4379501903659567,0.025276473738933165,0.012638236869466583,0.0,0.0,0.0,0,0.0,0.0,0.0,0.16443987667009252,8.0,0.012638236869466583,0.7916448572568328,79.9571295433,16.212044251220654,7.069800908779428,10.726698245755918,2024-12-17
2025-12-17,Oaxaca,San Pedro Coxcaltepec Cántaros,MX20304,731,183,0.5,1.0,546.448087431694,3.580435919637759,0.0,0.0961268697929921,0.0,0.0,0.0,0,0.0,0.0,0.0,0.16443987667009252,8.0,0.0961268697929921,1.0,94.934751773,22.88380609378976,9.11344021757757,14.621586568062447,2024-12-17
2025-12-17,Oaxaca,San Pedro Comitancillo,MX20305,4569,1142,0.5645594065038247,1.0,87.56567425569177,3.158564544863782,0.4614905951668296,0.31327844336332666,0.0,87.56567425569177,0.0,0,1.0,0.0,0.0,0.16443987667009252,8.0,0.31327844336332666,0.12283879645463161,32.799719888,46.85512922999243,7.333453082694742,23.142123541613817,2024-12-17
2025-12-17,Oaxaca,San Pedro el Alto,MX20306,4943,1236,0.5873349317693204,0.0,0.0,9.401680044218077,0.0,0.2837015448576512,0.0,0.0,0.0,0,0.0,0.0,0.0,0.16443987667009252,8.0,0.2837015448576512,0.9730073377040386,92.7449693788,27.97119309981031,11.229373006873672,17.926101044048327,2024-12-17
2025-12-17,Oaxaca,San Pedro Huamelula,MX20307,10146,2537,0.8414664976053658,6.0,236.4998029168309,5.65911729037741,0.09328560026045771,0.20974985050576278,0.0,0.0,0.0,0,0.0,0.0,0.0,0.16443987667009252,8.0,0.20974985050576278,0.2922770038625418,44.7467811159,12.138035592423718,6.938301005443528,9.018194840235605,2024-12-17
2025-12-17,Oaxaca,San Pedro Huilotepec,MX20308,3538,884,0.5,1.0,113.12217194570135,0.36143146644761925,0.3293975865654244,0.1646987932827122,0.0,0.0,0.0,0,0.0,0.0,2.025658338960162,0.16443987667009252,8.0,0.1646987932827122,0.6262121595509982,68.2924961715,22.5948836872701,11.487148562388382,15.93024261234107,2024-12-17
2025-12-17,Oaxaca,San Pedro Ixcatlán,MX20309,11039,2760,0.8776697638323429,3.0,108.69565217391305,4.59333192660379,0.3478291691609693,0.3026794326672735,0.0,0.0,0.0,0,0.0,0.0,0.0,0.16443987667009252,8.0,0.3026794326672735,0.9184521232494005,88.898289829,27.449425445006213,11.18433158831595,17.690369130992057,2024-12-17
2025-12-17,Oaxaca,San Pedro Ixtlahuaca,MX20310,15895,3974,1.0531507158833513,1.0,25.163563160543532,1.8292183229822043,1.0,0.5396983702093466,0.0,25.163563160543532,-25.163563160543532,0,1.0,1.0,0.0,0.16443987667009252,8.0,0.5396983702093466,0.4284305258782977,54.3469444368,59.75956162384636,11.578450851965313,30.850895160717727,2024-12-17
2025-12-17,Oaxaca,San Pedro Jaltepetongo,MX20311,491,123,0.5,1.0,813.0081300813008,1.0330572975922714,0.0,0.014044121316730607,0.0,0.0,0.0,0,0.0,0.0,0.0,0.16443987667009252,8.0,0.014044121316730607,1.0,96.2256728778,20.42132363950192,8.128447235862431,13.045597797318228,2024-12-17
2025-12-17,Oaxaca,San Pedro Jicayán,MX20312,11807,2952,0.9076841931387285,1.0,33.87533875338753,4.128456371968485,1.0,0.6137854245752371,0.0,0.0,0.0,0,0.0,0.0,0.0,0.16443987667009252,8.0,0.6137854245752371,0.8665718186985739,85.2402177538,35.744999111228594,14.65820196845738,23.092920825565866,2024-12-17
2025-12-17,Oaxaca,San Pedro Jocotipac,MX20313,743,186,0.5,0.0,0.0,8.18877770078104,0.0,0.2446188748842857,0.0,0.0,0.0,0,0.0,0.0,0.0,0.16443987667009252,8.0,0.2446188748842857,0.9250804339567654,89.3656509695,25.840174925663877,10.520746448456922,16.648517839339704,2024-12-17
2025-12-17,Oaxaca,San Pedro Juchatengo,MX20314,1875,469,0.5,0.0,0.0,7.599820475438348,0.0,0.22564123749159115,0.0,0.0,0.0,0,0.0,0.0,0.0,0.16443987667009252,8.0,0.22564123749159115,0.7120223071787709,74.3429561201,21.009683268323155,9.227724165854614,13.940507806842032,2024-12-17
2025-12-17,Oaxaca,San Pedro Mártir,MX20315,2128,532,0.5,1.0,187.9699248120301,0.9946024205686461,0.1491776678534296,0.08739384537139928,0.0,0.0,0.0,0,0.0,0.0,0.0,0.16443987667009252,8.0,0.08739384537139928,0.5837751529413234,65.3002695418,14.297318419968446,6.9275196892250746,9.875439181522424,2024-12-17
2025-12-17,Oaxaca,San Pedro Mártir Quiechapa,MX20316,773,193,0.5,1.0,518.1347150259068,3.104470873657133,0.0,0.08079011583949114,0.0,0.0,0.0,0,0.0,0.0,0.0,0.16443987667009252,8.0,0.08079011583949114,0.9145288384004528,88.6216596343,20.714280243193794,8.502043362137822,13.386938114560213,2024-12-17
2025-12-17,Oaxaca,San Pedro Mártir Yucuxaco,MX20317,1316,329,0.5,0.0,0.0,7.439659376787027,0.0,0.22048045649794298,0.0,0.0,0.0,0,0.0,0.0,0.0,0.16443987667009252,8.0,0.22048045649794298,0.8712675561141248,85.5713134569,24.039764817220785,9.962021038607604,15.593118550052875,2024-12-17
2025-12-17,Oaxaca,San Pedro Mixtepec -Dto. 22 -,MX20318,52587,13147,1.9155342753772717,22.0,167.3385563246368,4.103842858227819,0.18275945280970649,0.20437204357155375,0.0,15.212596029512437,-7.606298014756218,0,2.0,1.0,0.0,0.16443987667009252,8.0,0.20437204357155375,0.3950682240095333,51.9945738043,38.03494087988153,7.3877234229679765,19.6466104057334,2024-12-17
2025-12-17,Oaxaca,San Pedro Mixtepec -Dto. 26 -,MX20319,1005,251,0.5,1.0,398.40637450199205,9.860113536308129,0.005308925927092852,0.3011278523749163,0.0,0.0,0.0,0,0.0,0.0,0.0,0.16443987667009252,8.0,0.3011278523749163,0.953749421834784,91.3870967742,28.108824007943166,11.34219911773458,18.048849073818015,2024-12-17
2025-12-17,Oaxaca,San Pedro Molinos,MX20320,732,183,0.5,0.0,0.0,3.884053850414213,0.0,0.10591017959591219,0.0,0.0,0.0,0,0.0,0.0,0.0,0.16443987667009252,8.0,0.10591017959591219,0.8748278550211789,85.8223495702,20.673862488300944,8.604979210318506,13.432532521511481,2024-12-17
2025-12-17,Oaxaca,San Pedro Nopala,MX20321,790,197,0.5,1.0,507.61421319796955,3.759940205541394,0.0,0.10191093542922164,0.0,0.0,0.0,0,0.0,0.0,0.0,0.16443987667009252,8.0,0.10191093542922164,1.0,95.7860026918,23.05732806287665,9.182849005212326,14.732640628278054,2024-12-17
2025-12-17,Oaxaca,San Pedro Ocopetatillo,MX20322,905,226,0.5,1.0,442.4778761061947,0.4125611419330134,0.0,0.0,0.0,0.0,0.0,0,0.0,0.0,0.0,0.16443987667009252,8.0,0.0,1.0,95.8658064516,20.0,7.959917780061665,12.775950668037,2024-12-17
2025-12-17,Oaxaca,San Pedro Ocotepec,MX20323,2522,630,0.5,2.0,317.46031746031747,2.17421932567795,0.03807618387472826,0.06985323539873475,0.0,0.0,0.0,0,0.0,0.0,0.0,0.16443987667009252,8.0,0.06985323539873475,0.9735011708190688,92.7797894737,21.56562047834342,8.665662458941826,13.825645666702464,2024-12-17
2025-12-17,Oaxaca,San Pedro Pochutla,MX20324,50781,12695,1.8823177973603604,15.0,118.15675462780622,1.021704283352059,0.3101126899608264,0.16873464450518008,0.0,7.877116975187081,0.0,0,1.0,0.0,0.0,0.16443987667009252,8.0,0.16873464450518008,0.3209241844515768,46.7666892921,23.909028389357452,6.58935443638171,13.517224017572005,2024-12-17
2025-12-17,Oaxaca,San Pedro Quiatoni,MX20325,12635,3159,0.938969334190323,1.0,31.655587211142766,12.794892687991362,1.0,0.8930391272472153,0.0,0.0,0.0,0,0.0,0.0,0.0,0.16443987667009252,8.0,0.8930391272472153,1.0,96.1319883741,46.79117381741646,18.676387307028246,29.92230191118353,2024-12-17
2025-12-17,Oaxaca,San Pedro Sochiápam,MX20326,5304,1326,0.6083427798220772,1.0,75.41478129713424,4.185779839341992,0.5556964617662814,0.39348075730397175,0.0,0.0,0.0,0,0.0,0.0,0.0,0.16443987667009252,8.0,0.39348075730397175,0.9904159975962811,93.9724512367,31.612742671044774,12.63376685569073,20.225357181832347,2024-12-17
2025-12-17,Oaxaca,San Pedro Tapanatepec,MX20327,16477,4119,1.0721918257437606,8.0,194.22189851905802,2.5087271453067173,0.14040986641040998,0.13179873398288894,0.0,0.0,0.0,0,0.0,0.0,0.0,0.16443987667009252,8.0,0.13179873398288894,0.42062313023785114,53.796446204,12.366424624243692,6.644618239045588,8.933340793124831,2024-12-17
2025-12-17,Oaxaca,San Pedro Taviche,MX20328,1519,380,0.5,1.0,263.1578947368421,0.8148441135345356,0.07135543022779549,0.04269047574234844,0.0,0.0,0.0,0,0.0,0.0,0.0,0.16443987667009252,8.0,0.04269047574234844,1.0,94.9586255259,21.280714272270455,8.472203488969846,13.595607802290091,2024-12-17
2025-12-17,Oaxaca,San Pedro Teozacoalco,MX20329,1296,324,0.5,0.0,0.0,4.698440022123489,0.0,0.1321516871270076,0.0,0.0,0.0,0,0.0,0.0,0.0,0.16443987667009252,8.0,0.1321516871270076,0.9566359832440195,91.590627763,23.097270278690623,9.328917941805855,14.83625887655976,2024-12-17
2025-12-17,Oaxaca,San Pedro Teutila,MX20330,4617,1154,0.567517816663032,3.0,259.96533795493934,2.5883631509979685,0.07374470945314389,0.10103222172159751,0.0,0.0,0.0,0,0.0,0.0,0.0,0.16443987667009252,8.0,0.10103222172159751,0.9771269984845339,93.0354460094,22.573506621338606,9.057939433143506,14.464166308421545,2024-12-17
2025-12-17,Oaxaca,San Pedro Tidaá,MX20331,1008,252,0.5,0.0,0.0,6.4680990388180675,0.0,0.18917441421555087,0.0,0.0,0.0,0,0.0,0.0,0.0,0.16443987667009252,8.0,0.18917441421555087,0.8948623485208843,87.2349785408,23.572479396884212,9.704322493252699,15.251585254705304,2024-12-17
2025-12-17,Oaxaca,San Pedro Topiltepec,MX20332,377,94,0.5,1.0,1063.8297872340424,2.6149945806622443,0.0,0.0650179965733215,0.0,0.0,0.0,0,0.0,0.0,0.0,0.16443987667009252,8.0,0.0650179965733215,0.7967742340430873,80.3188010899,17.886024578061395,7.724004909156959,11.788812776718732,2024-12-17
2025-12-17,Oaxaca,San Pedro Totolápam,MX20333,3450,862,0.5,0.0,0.0,13.31496164237385,0.0,0.40979701663336876,0.0,0.0,0.0,0,0.0,0.0,0.0,0.16443987667009252,8.0,0.40979701663336876,0.3201342592036346,46.7109917877,18.696595683073753,9.478153275680263,13.16553023863766,2024-12-17
2025-12-17,Oaxaca,Villa de Tututepec de Melchor Ocampo,MX20334,52965,13241,1.9223700368944714,19.0,143.49369382977116,7.558865394131076,0.23360186123331586,0.3411224955598981,0.0,0.0,0.0,0,0.0,0.0,0.0,0.16443987667009252,8.0,0.3411224955598981,0.5321023000566966,61.6568248508,20.875720867930873,9.713899227063925,14.178627883410705,2024-12-17
2025-12-17,Oaxaca,San Pedro Yaneri,MX20335,909,227,0.5,1.0,440.52863436123346,2.9416273700835833,0.0,0.07554290122084613,0.0,0.0,0.0,0,0.0,0.0,0.0,0.16443987667009252,8.0,0.07554290122084613,0.9830334920188846,93.4519119351,21.926956877003075,8.781600054806242,14.039742783684977,2024-12-17
2025-12-17,Oaxaca,San Pedro Yólox,MX20336,1754,439,0.5,2.0,455.58086560364467,9.539993554627044,0.0,0.2881583433043037,0.0,0.0,0.0,0,0.0,0.0,0.0,0.16443987667009252,8.0,0.2881583433043037,0.8655116811941884,85.1654676259,25.954983923012882,10.745376305684253,16.829219352615706,2024-12-17
2025-12-17,Oaxaca,San Pedro y San Pablo Ayutla,MX20337,5994,1498,0.6465952391514568,2.0,133.5113484646195,3.955959782859876,0.2602791518321309,0.23836673992717583,0.0,0.0,0.0,0,0.0,0.0,0.0,0.16443987667009252,8.0,0.23836673992717583,0.7945223722608833,80.1600226715,23.04144964303294,9.792930520492192,15.09233816950849,2024-12-17
2025-12-17,Oaxaca,Villa de Etla,MX20338,11917,2979,0.9118257394806634,6.0,201.4098690835851,0.6789690563151975,0.13100207946060055,0.06813557481763492,0.0,0.0,0.0,0,0.0,0.0,0.0,0.16443987667009252,8.0,0.06813557481763492,0.1752808905527559,36.4974036554,5.549685055584165,4.653949130637064,5.012243500615905,2024-12-17
2025-12-17,Oaxaca,San Pedro y San Pablo Teposcolula,MX20339,4525,1131,0.5618338459400272,2.0,176.8346595932803,2.07197021614915,0.16632927943539497,0.13068506763629775,0.0,0.0,0.0,0,0.0,0.0,0.0,0.16443987667009252,8.0,0.13068506763629775,0.34839818449035653,48.7038766931,10.888515718896063,6.270129514149021,8.11748399604784,2024-12-17
2025-12-17,Oaxaca,San Pedro y San Pablo Tequixtepec,MX20340,1816,454,0.5,1.0,220.26431718061673,4.650786280280059,0.10924257222974895,0.18523745352296955,0.0,0.0,0.0,0,0.0,0.0,0.0,0.16443987667009252,8.0,0.18523745352296955,0.7903506525068111,79.8658753709,21.364136655825313,9.134520484871356,14.02636695325294,2024-12-17
2025-12-17,Oaxaca,San Pedro Yucunama,MX20341,247,62,0.5,0.0,0.0,8.43517190345445,0.0,0.2525582966840221,0.0,0.0,0.0,0,0.0,0.0,0.0,0.16443987667009252,8.0,0.2525582966840221,0.7644335070224315,78.0384615385,22.865419040969293,9.81278487538209,15.03383854161697,2024-12-17
2025-12-17,Oaxaca,San Raymundo Jalpan,MX20342,4731,1183,0.5746044277546072,3.0,253.59256128486896,1.2620802211977191,0.07869393070565132,0.060770763514967255,0.0,0.0,0.0,0,0.0,0.0,0.0,0.16443987667009252,8.0,0.060770763514967255,0.0,20.357000993,1.8231229054490175,3.6891669422412723,2.9427493275243704,2024-12-17
2025-12-17,Oaxaca,San Sebastián Abasolo,MX20343,2197,549,0.5,1.0,182.14936247723134,1.72519721350308,0.15788147074577025,0.1152872918817853,0.0,0.0,0.0,0,0.0,0.0,0.0,0.16443987667009252,8.0,0.1152872918817853,0.5123167431183243,60.2617483578,13.704953618820046,6.90494899823471,9.624950846468844,2024-12-17
2025-12-17,Oaxaca,San Sebastián Coatlán,MX20344,2964,741,0.5,1.0,134.9527665317139,2.32590436343613,0.2561832445886765,0.1837944274068533,0.0,0.0,0.0,0,0.0,0.0,0.0,0.16443987667009252,8.0,0.1837944274068533,0.9127671517829447,88.4974433893,23.769175857864493,9.729286667858629,15.345242343860976,2024-12-17
2025-12-17,Oaxaca,San Sebastián Ixcapa,MX20345,4409,1102,0.5545840732283407,0.0,0.0,10.510764942918183,0.0,0.3194389637049996,0.0,0.0,0.0,0,0.0,0.0,0.0,0.16443987667009252,8.0,0.3194389637049996,0.5819925712067813,65.1745799854,21.223020335285614,9.703148200555567,14.311097054447586,2024-12-17
2025-12-17,Oaxaca,San Sebastián Nicananduta,MX20346,1598,399,0.5,0.0,0.0,6.528853915147353,0.0,0.1911320844218113,0.0,0.0,0.0,0,0.0,0.0,0.0,0.16443987667009252,8.0,0.1911320844218113,0.9656287217850549,92.2247043364,25.046536968355436,10.081646402048674,16.067602628571382,2024-12-17
2025-12-17,Oaxaca,San Sebastián Río Hondo,MX20347,4504,1126,0.5605905741221355,2.0,177.61989342806393,5.165186010981678,0.1650493084218155,0.22971603479934005,0.0,0.0,0.0,0,0.0,0.0,0.0,0.16443987667009252,8.0,0.22971603479934005,0.9843997211779557,93.5482445372,26.579475467539314,10.638508803543525,17.014895469141845,2024-12-17
2025-12-17,Oaxaca,San Sebastián Tecomaxtlahuaca,MX20348,8637,2159,0.7762523305694387,1.0,46.317739694302915,6.768651058040676,0.9821828034909735,0.6899503346204869,0.0,0.0,0.0,0,0.0,0.0,0.0,0.16443987667009252,8.0,0.6899503346204869,0.7235819716275215,75.1580262336,35.17014947116503,14.857231653645117,22.982398780653085,2024-12-17
2025-12-17,Oaxaca,San Sebastián Teitipac,MX20349,2279,570,0.5,0.0,0.0,3.9986605755772593,0.0,0.10960308763629314,0.0,0.0,0.0,0,0.0,0.0,0.0,0.16443987667009252,8.0,0.10960308763629314,0.40166071913953405,52.4594095941,11.321307011879476,6.283458427394853,8.298597861188703,2024-12-17
2025-12-17,Oaxaca,San Sebastián Tutla,MX20350,21834,5458,1.2342222220658847,6.0,109.93037742762917,1.3461935258897428,0.3425386223048406,0.1954034450191925,0.0,0.0,0.0,0,0.0,0.0,0.0,0.16443987667009252,8.0,0.1954034450191925,0.0,16.8620725999,5.862103350575774,5.304759120291975,5.5276968124054955,2024-12-17
2025-12-17,Oaxaca,San Simón Almolongas,MX20351,3077,769,0.5,1.0,130.03901170351105,3.189074223366621,0.27051891994076693,0.21877570195946006,0.0,0.0,0.0,0,0.0,0.0,0.0,0.16443987667009252,8.0,0.21877570195946006,0.7995774541437073,80.5164556962,22.554820141657945,9.583113474293722,14.771796141239413,2024-12-17
2025-12-17,Oaxaca,San Simón Zahuatlán,MX20352,5256,1314,0.6055838414320748,0.0,0.0,6.6777576211813106,0.0,0.1959301247852631,0.0,0.0,0.0,0,0.0,0.0,0.0,0.16443987667009252,8.0,0.1959301247852631,1.0,99.6466761537,25.877903743557894,10.311079277484822,16.537809063914054,2024-12-17
2025-12-17,Oaxaca,Santa Ana,MX20353,2527,632,0.5,0.0,0.0,6.3056973190103385,0.0,0.18394143494669524,0.0,0.0,0.0,0,0.0,0.0,0.0,0.16443987667009252,8.0,0.18394143494669524,0.8476315406863113,83.9047417443,22.470873862127082,9.405372702853565,14.631573166562973,2024-12-17
2025-12-17,Oaxaca,Santa Ana Ateixtlahuaca,MX20354,545,136,0.5,0.0,0.0,3.311370606921415,0.0,0.08745692956649839,0.0,0.0,0.0,0,0.0,0.0,0.0,0.16443987667009252,8.0,0.08745692956649839,1.0,97.2292993631,22.623707886994953,9.009400934859645,14.45512371571377,2024-12-17
2025-12-17,Oaxaca,Santa Ana Cuauhtémoc,MX20355,723,181,0.5,0.0,0.0,7.049284068323046,0.0,0.20790161251350925,0.0,0.0,0.0,0,0.0,0.0,0.0,0.16443987667009252,8.0,0.20790161251350925,0.928148492896595,89.5819793205,24.800018233337177,10.09547959470675,15.97729505015892,2024-12-17
2025-12-17,Oaxaca,Santa Ana del Valle,MX20356,2268,567,0.5,1.0,176.3668430335097,2.1264715270932206,0.16709726204354272,0.1328252240267601,0.0,0.0,0.0,0,0.0,0.0,0.0,0.16443987667009252,8.0,0.1328252240267601,0.6735385809157066,71.6294746629,17.45552833911694,7.92151337296132,11.735119359423567,2024-12-17
2025-12-17,Oaxaca,Santa Ana Tavela,MX20357,866,217,0.5,0.0,0.0,11.247619105130378,0.0,0.3431822009046521,0.0,0.0,0.0,0,0.0,0.0,0.0,0.16443987667009252,8.0,0.3431822009046521,0.8045352444625682,80.8660287081,26.386170916390927,11.100780413230332,17.21493661449457,2024-12-17
2025-12-17,Oaxaca,Santa Ana Tlapacoyan,MX20358,2112,528,0.5,0.0,0.0,2.335620445026727,0.0,0.05601588094446009,0.0,0.0,0.0,0,0.0,0.0,0.0,0.16443987667009252,8.0,0.05601588094446009,0.6216298512905358,67.9693983402,14.11307345414452,6.740257607847866,9.689383946366528,2024-12-17
2025-12-17,Oaxaca,Santa Ana Yareni,MX20359,642,161,0.5,0.0,0.0,4.955833131692408,0.0,0.1404455205169194,0.0,0.0,0.0,0,0.0,0.0,0.0,0.16443987667009252,8.0,0.1404455205169194,0.9567056705126725,91.5955414013,23.347479025761032,9.42879237882806,14.99626703760125,2024-12-17
2025-12-17,Oaxaca,Santa Ana Zegache,MX20360,4220,1055,0.5426287819276424,0.0,0.0,4.563632562883444,0.0,0.1278078621950706,0.0,0.0,0.0,0,0.0,0.0,0.0,0.16443987667009252,8.0,0.1278078621950706,0.7189416184121182,74.8308356617,18.213068234094482,8.088320218463103,12.138219424715654,2024-12-17
2025-12-17,Oaxaca,Santa Catalina Quierí,MX20361,857,214,0.5,1.0,467.2897196261682,3.0473414958060774,0.0,0.07894926803140676,0.0,0.0,0.0,0,0.0,0.0,0.0,0.16443987667009252,8.0,0.07894926803140676,0.9987164620612914,94.5577156744,22.34280728216803,8.900891306745004,14.277657696914215,2024-12-17
2025-12-17,Oaxaca,Santa Catarina Cuixtla,MX20362,1553,388,0.5,1.0,257.7319587628866,1.66187761284682,0.0754513374712499,0.07203191336889522,0.0,0.0,0.0,0,0.0,0.0,0.0,0.16443987667009252,8.0,0.07203191336889522,0.633565980385336,68.8110129164,14.832277008773575,6.992130642415087,10.128189188958483,2024-12-17
2025-12-17,Oaxaca,Santa Catarina Ixtepeji,MX20363,2789,697,0.5,3.0,430.41606886657104,3.9288853092757736,0.0,0.10735475847779134,0.0,0.0,0.0,0,0.0,0.0,0.0,0.16443987667009252,8.0,0.10735475847779134,0.7525088639581965,77.1976568405,18.27082003349767,8.010719201586145,12.114759534350755,2024-12-17
2025-12-17,Oaxaca,Santa Catarina Juquila,MX20364,19786,4946,1.174907434551999,4.0,80.87343307723413,6.402398464783177,0.509873499480135,0.4419941313140704,0.0,0.0,0.0,0,0.0,0.0,0.0,0.16443987667009252,8.0,0.4419941313140704,0.7294251352950724,75.5700267804,27.848326645323564,11.910973032305872,18.28591447751295,2024-12-17
2025-12-17,Oaxaca,Santa Catarina Lachatao,MX20365,1151,288,0.5,2.0,694.4444444444445,1.5899825355307737,0.0,0.031989609996807895,0.0,0.0,0.0,0,0.0,0.0,0.0,0.16443987667009252,8.0,0.031989609996807895,0.7059415657627508,73.9142040038,15.078519615159255,6.873500928837115,10.155508403365971,2024-12-17
2025-12-17,Oaxaca,Santa Catarina Loxicha,MX20366,3873,968,0.5197736685140975,2.0,206.61157024793388,3.5136393813281677,0.12460222439270299,0.15627563470743522,0.0,0.0,0.0,0,0.0,0.0,0.0,0.16443987667009252,8.0,0.15627563470743522,1.0,96.5617728532,24.68826904122306,9.835225396550888,15.776442854419756,2024-12-17
2025-12-17,Oaxaca,Santa Catarina Mechoacán,MX20367,4800,1200,0.5787183043609389,0.0,0.0,6.543851877172302,0.0,0.19161535531601462,0.0,0.0,0.0,0,0.0,0.0,0.0,0.16443987667009252,8.0,0.19161535531601462,0.9700991044819423,92.5399103139,25.150442749119286,10.109797566263552,16.126055639405845,2024-12-17
2025-12-17,Oaxaca,Santa Catarina Minas,MX20368,2166,541,0.5,1.0,184.84288354898337,1.4271114465877868,0.1537855635023158,0.10363428826147775,0.0,0.0,0.0,0,0.0,0.0,0.0,0.16443987667009252,8.0,0.10363428826147775,0.5810547079063818,65.1084513923,14.730122805971968,7.108802778731308,10.157330789627572,2024-12-17
2025-12-17,Oaxaca,Santa Catarina Quiané,MX20369,2365,591,0.5,1.0,169.20473773265653,1.3954892520825841,0.17938498377390594,0.11541505421073736,0.0,0.0,0.0,0,0.0,0.0,0.0,0.16443987667009252,8.0,0.11541505421073736,0.2794770513127624,43.8442584844,9.05199265257737,5.742283687154326,7.066167273323544,2024-12-17
2025-12-17,Oaxaca,Santa Catarina Tayata,MX20370,706,177,0.5,0.0,0.0,7.411958159640927,0.0,0.2195878557593595,0.0,0.0,0.0,0,0.0,0.0,0.0,0.16443987667009252,8.0,0.2195878557593595,0.7489671708437998,76.9479326187,21.566979089656783,9.33980790339298,14.230676377898499,2024-12-17
2025-12-17,Oaxaca,Santa Catarina Ticuá,MX20371,1017,254,0.5,2.0,787.4015748031496,1.449582135610582,0.0,0.027465566883279,0.0,0.0,0.0,0,0.0,0.0,0.0,0.16443987667009252,8.0,0.027465566883279,0.9799953969953111,93.2376963351,20.423874946404595,8.189481567637568,13.08323891914438,2024-12-17
2025-12-17,Oaxaca,Santa Catarina Yosonotú,MX20372,1423,356,0.5,0.0,0.0,5.148397882255402,0.0,0.1466504261595538,0.0,0.0,0.0,0,0.0,0.0,0.0,0.16443987667009252,8.0,0.1466504261595538,0.9472173336746619,90.9265202703,23.34385945827985,9.455809562349621,15.011029520721713,2024-12-17
2025-12-17,Oaxaca,Santa Catarina Zapoquila,MX20373,413,103,0.5,1.0,970.8737864077669,7.270258815632358,0.0,0.21502195750110717,0.0,0.0,0.0,0,0.0,0.0,0.0,0.16443987667009252,8.0,0.21502195750110717,0.9878358252285837,93.7905236908,26.20737522960489,10.479360396217869,16.770566329572677,2024-12-17
2025-12-17,Oaxaca,Santa Cruz Acatepec,MX20374,1749,437,0.5,1.0,228.83295194508008,1.0204443275152981,0.10053876933740825,0.06390708534524915,0.0,0.0,0.0,0,0.0,0.0,0.0,0.16443987667009252,8.0,0.06390708534524915,0.9900538866769133,93.946918853,21.71829029389574,8.677072237589222,13.893559460111831,2024-12-17
2025-12-17,Oaxaca,Santa Cruz Amilpas,MX20375,15921,3980,1.0539454467592844,2.0,50.25125628140704,0.8340415984497312,0.8956567629729986,0.4554597318730777,0.0,0.0,0.0,0,0.0,0.0,0.0,0.16443987667009252,8.0,0.4554597318730777,0.17230991934293405,36.2879209449,17.109990343051013,9.286984159253267,12.416186632772366,2024-12-17
2025-12-17,Oaxaca,Santa Cruz de Bravo,MX20376,380,95,0.5,1.0,1052.6315789473683,1.5475139859299738,0.0,0.030621169810937543,0.0,0.0,0.0,0,0.0,0.0,0.0,0.16443987667009252,8.0,0.030621169810937543,0.7278559497202685,75.4593837535,15.475754088733495,6.966651566394258,10.370292575329954,2024-12-17
2025-12-17,Oaxaca,Santa Cruz Itundujia,MX20377,11402,2850,0.8918648047942583,7.0,245.6140350877193,7.7410682067240915,0.08525225837523012,0.2728187128747162,0.0,0.0,0.0,0,0.0,0.0,0.0,0.16443987667009252,8.0,0.2728187128747162,0.9185100002887756,88.9023707299,26.554761392017,10.826292336002139,17.117679958408083,2024-12-17
2025-12-17,Oaxaca,Santa Cruz Mixtepec,MX20378,4278,1069,0.546217296681432,3.0,280.63610851262865,2.711832545721458,0.05923837129924277,0.0977575375011566,0.0,0.0,0.0,0,0.0,0.0,0.0,0.16443987667009252,8.0,0.0977575375011566,0.8073243282784915,81.0626865672,19.07921269060453,8.169629871468002,12.533462999122612,2024-12-17
2025-12-17,Oaxaca,Santa Cruz Nundaco,MX20379,3121,780,0.5,0.0,0.0,5.213041891909183,0.0,0.1487334137213508,0.0,0.0,0.0,0,0.0,0.0,0.0,0.16443987667009252,8.0,0.1487334137213508,0.931970834450235,89.8514920194,23.101419100645224,9.40457291696905,14.883311390439522,2024-12-17
2025-12-17,Oaxaca,Santa Cruz Papalutla,MX20380,2329,582,0.5,1.0,171.82130584192439,0.5969167473949992,0.17477708812501977,0.08738854406250988,0.0,0.0,0.0,0,0.0,0.0,0.0,0.16443987667009252,8.0,0.08738854406250988,0.49545517318717947,59.0728417266,12.530759785618887,6.485856174747681,8.903817619096163,2024-12-17
2025-12-17,Oaxaca,Santa Cruz Tacache de Mina,MX20381,3066,766,0.5,1.0,130.54830287206266,3.096126490234839,0.2689829547244716,0.2150127168282997,0.0,0.0,0.0,0,0.0,0.0,0.0,0.16443987667009252,8.0,0.2150127168282997,0.5645375332372569,63.9438280166,17.741132169594128,8.362758048187546,12.114107696750178,2024-12-17
2025-12-17,Oaxaca,Santa Cruz Tacahua,MX20382,1233,308,0.5,0.0,0.0,7.774613272258555,0.0,0.23127348746522666,0.0,0.0,0.0,0,0.0,0.0,0.0,0.16443987667009252,8.0,0.23127348746522666,0.9235545979827354,89.2580645161,25.409296583611507,10.352972619558063,16.37550220517944,2024-12-17
2025-12-17,Oaxaca,Santa Cruz Tayata,MX20383,634,159,0.5,0.0,0.0,4.579569112450503,0.0,0.12832137666770208,0.0,0.0,0.0,0,0.0,0.0,0.0,0.16443987667009252,8.0,0.12832137666770208,0.9256919934085474,89.4087719298,22.36348116820201,9.128234267116827,14.422333027550902,2024-12-17
2025-12-17,Oaxaca,Santa Cruz Xitla,MX20384,5078,1269,0.5951239208442543,0.0,0.0,5.430751162709735,0.0,0.15574853709618805,0.0,0.0,0.0,0,0.0,0.0,0.0,0.16443987667009252,8.0,0.15574853709618805,0.9379064694681377,90.2700127065,23.430585502248398,9.51843257255661,15.083293744433327,2024-12-17
2025-12-17,Oaxaca,Santa Cruz Xoxocotlán,MX20385,107962,26991,2.0,16.0,59.279018932236674,0.23661575573694454,0.7404922768518228,0.3702461384259114,0.0,0.0,0.0,0,0.0,0.0,0.13908205841446453,0.16443987667009252,8.0,0.3702461384259114,0.34078949125242136,48.1673889353,18.275378483592835,9.341621901279419,12.915124534204786,2024-12-17
2025-12-17,Oaxaca,Santa Cruz Zenzontepec,MX20386,20160,5040,1.1860195944292324,5.0,99.2063492063492,3.6963750302159606,0.392884148838968,0.296304784958643,0.0,0.0,0.0,0,0.0,0.0,0.0,0.16443987667009252,8.0,0.296304784958643,1.0,94.6980754676,28.88914354875929,11.515575199565381,18.465002539242946,2024-12-17
2025-12-17,Oaxaca,Santa Gertrudis,MX20387,3043,761,0.5,1.0,131.4060446780552,1.4678515014968958,0.2664230126973125,0.1612657567326482,0.0,0.0,0.0,0,0.0,0.0,0.0,0.16443987667009252,8.0,0.1612657567326482,0.6409870119276776,69.3342686777,17.657712940533,8.100041920491833,11.923110328508299,2024-12-17
2025-12-17,Oaxaca,Santa Inés del Monte,MX20388,3027,757,0.5,1.0,132.1003963011889,0.8313491296062406,0.2643750590755853,0.13973212201530022,0.0,0.0,0.0,0,0.0,0.0,0.0,0.16443987667009252,8.0,0.13973212201530022,1.0,95.8636529347,24.191963660459006,9.636703244245268,15.458807410730763,2024-12-17
2025-12-17,Oaxaca,Santa Inés Yatzeche,MX20389,948,237,0.5,1.0,421.9409282700422,0.09825131789182118,0.0,0.0,0.0,0.0,0.0,0,0.0,0.0,0.0,0.16443987667009252,8.0,0.0,0.7033606242017254,73.7322222222,14.067212484034508,6.476720901070293,9.51291753425598,2024-12-17
2025-12-17,Oaxaca,Santa Lucía del Camino,MX20390,56936,14234,1.9931504254511594,17.0,119.43234508922299,0.24117324770702514,0.3054847163352566,0.1527423581676283,0.0,0.0,0.0,0,0.0,0.0,0.2318034306907742,0.16443987667009252,8.0,0.1527423581676283,0.04328170737990045,27.1901621098,6.034912402238629,5.400572954713889,5.654308733723785,2024-12-17
2025-12-17,Oaxaca,Santa Lucía Miahuatlán,MX20391,3564,891,0.5,0.0,0.0,8.459085916638792,0.0,0.25332886447959074,0.0,0.0,0.0,0,0.0,0.0,0.0,0.16443987667009252,8.0,0.25332886447959074,1.0,98.0909638554,27.599865934387722,10.999864153816755,17.63986486604514,2024-12-17
2025-12-17,Oaxaca,Santa Lucía Monteverde,MX20392,7063,1766,0.7020563074919268,4.0,226.50056625141562,2.3250071982283975,0.10284271716185141,0.10709525484359388,0.0,0.0,0.0,0,0.0,0.0,0.0,0.16443987667009252,8.0,0.10709525484359388,1.0,95.817121236,23.212857645307817,9.245060838184791,14.832179561034003,2024-12-17
2025-12-17,Oaxaca,Santa Lucía Ocotlán,MX20393,4426,1106,0.5555896662086858,1.0,90.41591320072332,2.14123867050983,0.4430590125712847,0.2712819326466499,0.0,0.0,0.0,0,0.0,0.0,0.0,0.16443987667009252,8.0,0.2712819326466499,0.9269687324776711,89.4987945998,26.67783262895292,10.85014463420982,17.181219832107057,2024-12-17
2025-12-17,Oaxaca,Santa María Alotepec,MX20394,2911,728,0.5,1.0,137.36263736263737,5.820108084357522,0.24952739531806295,0.29305826383410216,0.0,0.0,0.0,0,0.0,0.0,0.0,0.16443987667009252,8.0,0.29305826383410216,0.7905217747964519,79.8779411765,24.602183410952104,10.429225820053151,16.098408856412732,2024-12-17
2025-12-17,Oaxaca,Santa María Apazco,MX20395,1672,418,0.5,1.0,239.23444976076556,2.2245725497263376,0.09081098963420398,0.09784314189405759,0.0,0.0,0.0,0,0.0,0.0,0.0,0.16443987667009252,8.0,0.09784314189405759,0.9940621326324622,94.2295396419,22.816536909470972,9.104346145952666,14.58922245135999,2024-12-17
2025-12-17,Oaxaca,Santa María la Asunción,MX20396,3466,866,0.5,1.0,115.47344110854503,0.7785211078086108,0.32018179526765195,0.16593324247991104,0.0,0.0,0.0,0,0.0,0.0,0.0,0.16443987667009252,8.0,0.16593324247991104,1.0,96.1261402957,24.97799727439733,9.951116689820598,15.96186892365129,2024-12-17
2025-12-17,Oaxaca,Heroica Ciudad de Tlaxiaco,MX20397,42175,10544,1.7154548596170511,6.0,56.904400606980275,4.097965380830941,0.7765341273091992,0.5010699941731326,0.0,0.0,0.0,0,0.0,0.0,0.0,0.16443987667009252,8.0,0.5010699941731326,0.42904566624861445,54.3903178871,23.613013150166264,11.117986041382329,16.115996884895907,2024-12-17
2025-12-17,Oaxaca,Ayoquezco de Aldama,MX20398,5145,1286,0.5990969108318277,1.0,77.76049766718506,5.516327108726621,0.5352169255490093,0.4261144654440207,0.0,0.0,0.0,0,0.0,0.0,0.0,0.16443987667009252,8.0,0.4261144654440207,0.7541603650798503,77.3141039236,27.866641264917625,11.844093190789167,18.25311242044055,2024-12-17
2025-12-17,Oaxaca,Santa María Atzompa,MX20399,46264,11566,1.7966694774708751,6.0,51.87618882932734,1.6423684508881677,0.8637428190344164,0.4655490213982931,0.0,0.0,0.0,0,0.0,0.0,0.19868865487780646,0.16443987667009252,8.0,0.4655490213982931,0.25924776781613745,42.4178949019,19.65457529222449,10.178177738557167,13.968736760024095,2024-12-17
2025-12-17,Oaxaca,Santa María Camotlán,MX20400,1771,443,0.5,1.0,225.73363431151242,5.706724549047136,0.10361069976999908,0.21644642217828577,0.0,0.0,0.0,0,0.0,0.0,0.0,0.16443987667009252,8.0,0.21644642217828577,0.5519222779259944,63.0543283582,17.531838223868462,8.316886235831067,12.002867031046025,2024-12-17
2025-12-17,Oaxaca,Santa María Colotepec,MX20401,28826,7206,1.4181550793877986,7.0,97.1412711629198,4.503991764627754,0.40385532895536375,0.32781375477760544,0.0,0.0,0.0,0,0.0,0.0,0.0,0.16443987667009252,8.0,0.32781375477760544,0.20376144357503068,38.5055629482,13.909641514828774,7.912490055268084,10.31135063909236,2024-12-17
2025-12-17,Oaxaca,Santa María Cortijo,MX20402,1140,285,0.5,1.0,350.87719298245617,4.027105329307876,0.02271653171177414,0.12187791279189854,0.0,0.0,0.0,0,0.0,0.0,0.0,0.16443987667009252,8.0,0.12187791279189854,0.7073202909291223,74.0114176974,17.802743202339403,7.95905418821006,11.896529793861795,2024-12-17
2025-12-17,Oaxaca,Santa María Coyotepec,MX20403,4193,1048,0.5408255956104792,3.0,286.25954198473283,0.5760704236144751,0.05565445246122016,0.02782722623061008,0.0,0.0,0.0,0,0.0,0.0,0.0,0.16443987667009252,8.0,0.02782722623061008,0.42262072672886647,53.9372964169,9.287231321495632,5.406948128473318,6.9590614056822435,2024-12-17
2025-12-17,Oaxaca,Santa María Chachoápam,MX20404,816,204,0.5,0.0,0.0,6.499113727619841,0.0,0.1901737830875175,0.0,0.0,0.0,0,0.0,0.0,0.0,0.16443987667009252,8.0,0.1901737830875175,0.5048733055578173,59.7369127517,15.802679603781872,7.766369704900962,10.980893664453326,2024-12-17
2025-12-17,Oaxaca,Villa de Chilapa de Díaz,MX20405,1875,469,0.5,1.0,213.21961620469082,1.036392943236402,0.116922398311226,0.07261280310568426,0.0,0.0,0.0,0,0.0,0.0,0.0,0.16443987667009252,8.0,0.07261280310568426,0.5307275094077237,61.5598885794,12.792934281325003,6.484908964368495,9.008119091151098,2024-12-17
2025-12-17,Oaxaca,Santa María Chilchotla,MX20406,22803,5701,1.2613979371281834,4.0,70.1631292755657,3.366029458848549,0.6065113110053879,0.3924738265100637,0.0,0.0,0.0,0,0.0,0.0,0.0,0.16443987667009252,8.0,0.3924738265100637,1.0,95.5405405405,31.774214795301916,12.66960369818243,20.311448137030226,2024-12-17
2025-12-17,Oaxaca,Santa María Chimalapa,MX20407,8085,2021,0.7510342668595149,6.0,296.8827313211282,32.20923721451275,0.049254597393322615,0.5246272986966614,0.0,0.0,0.0,0,0.0,0.0,0.0,0.16443987667009252,8.0,0.5246272986966614,0.8558062483895372,84.4811390926,32.85494392869058,13.534476606369289,21.26266353529781,2024-12-17
2025-12-17,Oaxaca,Santa María del Rosario,MX20408,537,134,0.5,0.0,0.0,6.234028560983654,0.0,0.18163209286939277,0.0,0.0,0.0,0,0.0,0.0,0.0,0.16443987667009252,8.0,0.18163209286939277,0.8748496543821911,85.8238866397,22.945955873725605,9.513751166405335,14.886633049333442,2024-12-17
2025-12-17,Oaxaca,Santa María del Tule,MX20409,9733,2433,0.8240387798455643,2.0,82.20304151253596,2.258710167180636,0.49963373137149897,0.3033545100080419,0.0,0.0,0.0,0,0.0,0.0,0.0,0.16443987667009252,8.0,0.3033545100080419,0.1416639640812614,34.1270794824,11.933914581866485,7.308491720564475,9.158660865085281,2024-12-17
2025-12-17,Oaxaca,Santa María Ecatepec,MX20410,3645,911,0.5042382471411593,3.0,329.3084522502744,5.8937669892139954,0.032273648613167824,0.1868048599408259,0.0,0.0,0.0,0,0.0,0.0,0.0,0.16443987667009252,8.0,0.1868048599408259,0.9621853305659174,91.9819113657,24.847852409543126,10.012502752181163,15.946642615125947,2024-12-17
2025-12-17,Oaxaca,Santa María Guelacé,MX20411,1081,270,0.5,1.0,370.3703703703704,1.2739336395961538,0.015036705630297095,0.0293240970109745,0.0,0.0,0.0,0,0.0,0.0,0.0,0.16443987667009252,8.0,0.0293240970109745,0.49827295644481884,59.2715231788,10.845182039225612,5.803171726417454,7.8199758515407165,2024-12-17
2025-12-17,Oaxaca,Santa María Guienagati,MX20412,3344,836,0.5,1.0,119.61722488038278,0.6667304696450105,0.30482214310469774,0.1546512495454298,0.0,0.0,0.0,0,0.0,0.0,0.0,0.16443987667009252,8.0,0.1546512495454298,0.817140985449571,81.754857513,20.982357195354314,8.901437701854679,13.733805499254533,2024-12-17
2025-12-17,Oaxaca,Santa María Huatulco,MX20413,53588,13397,1.93366116282144,19.0,141.82279614839143,9.66894570378428,0.2378055555094928,0.41121627362771196,0.0,0.0,0.0,0,0.0,0.0,0.0,0.16443987667009252,8.0,0.41121627362771196,0.2256333564219009,40.0477480666,16.849155337269377,9.022679845703713,12.15327004232998,2024-12-17
2025-12-17,Oaxaca,Santa María Huazolotitlán,MX20414,12549,3137,0.935694022901419,2.0,63.755180108383804,5.62108899451997,0.6798536500834937,0.5018085110302072,0.0,0.0,0.0,0,0.0,0.0,0.0,0.16443987667009252,8.0,0.5018085110302072,0.6406356416847719,69.3094936174,27.86696816460166,12.184798120848011,18.45766613834947,2024-12-17
2025-12-17,Oaxaca,Santa María Ipalapa,MX20415,5107,1277,0.5969968567754113,2.0,156.61707126076743,2.971613730667891,0.20370443303191665,0.17836135136703876,0.0,0.0,0.0,0,0.0,0.0,0.0,0.16443987667009252,8.0,0.17836135136703876,0.7713423198036574,78.5256008359,20.77768693708431,8.956965595484418,13.685254132124374,2024-12-17
2025-12-17,Oaxaca,Santa María Ixcatlán,MX20416,470,117,0.5,0.0,0.0,12.96290875171719,0.0,0.39845301436216046,0.0,0.0,0.0,0,0.0,0.0,0.0,0.16443987667009252,8.0,0.39845301436216046,1.0,95.9010989011,31.953590430864814,12.741353952407591,20.426248543790482,2024-12-17
2025-12-17,Oaxaca,Santa María Jacatepec,MX20417,10361,2590,0.8502105270305196,1.0,38.61003861003861,10.595248231506176,1.0,0.8221612211925997,0.0,0.0,0.0,0,0.0,0.0,0.0,0.16443987667009252,8.0,0.8221612211925997,0.7193881473975853,74.8623203499,39.052599583729695,16.422793171360787,25.47471573630835,2024-12-17
2025-12-17,Oaxaca,Santa María Jalapa del Marqués,MX20418,12239,3060,0.9241390227103932,3.0,98.03921568627452,8.83132982751333,0.39902800970414953,0.46483747549021126,0.0,0.0,0.0,0,0.0,0.0,0.0,0.16443987667009252,8.0,0.46483747549021126,0.31053028345093814,46.0338169751,20.1557299337251,10.090618903198893,14.116663315409376,2024-12-17
2025-12-17,Oaxaca,Santa María Jaltianguis,MX20419,617,154,0.5,1.0,649.3506493506494,1.5958137546345745,0.0,0.032177506090017204,0.0,0.0,0.0,0,0.0,0.0,0.0,0.16443987667009252,8.0,0.032177506090017204,0.7329751673999357,75.8203389831,15.624828530699231,7.01092369014155,10.456485626364623,2024-12-17
2025-12-17,Oaxaca,Santa María Lachixío,MX20420,1770,442,0.5,1.0,226.2443438914027,2.3739886570399475,0.10309871136456729,0.10880155394090735,0.0,0.0,0.0,0,0.0,0.0,0.0,0.16443987667009252,8.0,0.10880155394090735,0.9981945047589903,94.5209125475,23.227936713407026,9.256508951147504,14.845080056051312,2024-12-17
2025-12-17,Oaxaca,Santa María Mixtequilla,MX20421,5108,1277,0.5969968567754113,1.0,78.30853563038372,6.128269984900426,0.530609029900123,0.4435288087099224,0.0,0.0,0.0,0,0.0,0.0,0.0,0.16443987667009252,8.0,0.4435288087099224,0.37166124766121494,50.344151601,20.739089214521968,10.14056972288681,14.379977519540873,2024-12-17
2025-12-17,Oaxaca,Santa María Nativitas,MX20422,618,155,0.5,1.0,645.1612903225806,1.8001314465162341,0.0,0.03876112014991139,0.0,0.0,0.0,0,0.0,0.0,0.0,0.16443987667009252,8.0,0.03876112014991139,0.8427566922183561,83.5610169492,18.017967448864464,7.638834682952384,11.790487789317217,2024-12-17
2025-12-17,Oaxaca,Santa María Nduayaco,MX20423,459,115,0.5,2.0,1739.1304347826087,0.8992533879938762,0.0,0.009732633200415017,0.0,0.0,0.0,0,0.0,0.0,0.0,0.16443987667009252,8.0,0.009732633200415017,0.9651310879424594,92.1896162528,19.59460075486164,7.902364818178944,12.579259192852021,2024-12-17
2025-12-17,Oaxaca,Santa María Ozolotepec,MX20424,3989,997,0.527502078333183,2.0,200.60180541624874,4.717504366518107,0.13202605627146416,0.19877901490876232,0.0,0.0,0.0,0,0.0,0.0,0.0,0.16443987667009252,8.0,0.19877901490876232,1.0,95.7684350133,25.963370447262868,10.345265958966813,16.592507754285236,2024-12-17
2025-12-17,Oaxaca,Santa María Pápalo,MX20425,2149,537,0.5,0.0,0.0,11.215406604025503,0.0,0.3421442356005939,0.0,0.0,0.0,0,0.0,0.0,0.0,0.16443987667009252,8.0,0.3421442356005939,1.0,95.9229268293,30.264327068017817,12.065648607268793,19.345119991568403,2024-12-17
2025-12-17,Oaxaca,Santa María Peñoles,MX20426,9567,2392,0.8170660840875221,3.0,125.41806020066889,3.293273326763416,0.2850252580946681,0.22938642013474736,0.0,0.0,0.0,0,0.0,0.0,0.0,0.16443987667009252,8.0,0.22938642013474736,1.0,98.3234824281,26.88159260404242,10.712554821678633,17.18016993462415,2024-12-17
2025-12-17,Oaxaca,Santa María Petapa,MX20427,17419,4355,1.1024798879947324,0.0,0.0,3.339443694611946,0.0,0.08836151288046355,0.0,0.0,0.0,0,0.0,0.0,0.0,0.16443987667009252,8.0,0.08836151288046355,0.4879585334467324,58.5442548432,12.410016055348555,6.4600486018608905,8.840035583255956,2024-12-17
2025-12-17,Oaxaca,Santa María Quiegolani,MX20428,2352,588,0.5,1.0,170.06802721088437,3.173418259367703,0.17784901855761054,0.17193627794618746,0.0,0.0,0.0,0,0.0,0.0,0.0,0.16443987667009252,8.0,0.17193627794618746,1.0,96.6788425047,25.158088338385625,10.023153115415914,16.0771272046038,2024-12-17
2025-12-17,Oaxaca,Santa María Sola,MX20429,1636,409,0.5,0.0,0.0,6.765021045542742,0.0,0.19874196502410638,0.0,0.0,0.0,0,0.0,0.0,0.0,0.16443987667009252,8.0,0.19874196502410638,0.9057976955442867,88.0060281313,24.07821286160893,9.873809838072376,15.555571047486996,2024-12-17
2025-12-17,Oaxaca,Santa María Tataltepec,MX20430,325,81,0.5,0.0,0.0,7.370826315381562,0.0,0.21826248747782964,0.0,0.0,0.0,0,0.0,0.0,0.0,0.16443987667009252,8.0,0.21826248747782964,0.8325560623883709,82.8417721519,23.19899587210231,9.741847941737475,15.124707113883407,2024-12-17
2025-12-17,Oaxaca,Santa María Tecomavaca,MX20431,1946,487,0.5,1.0,205.3388090349076,8.322576556109569,0.12613818960899845,0.31199929494420553,0.0,0.0,0.0,0,0.0,0.0,0.0,0.16443987667009252,8.0,0.31199929494420553,0.4630153775130577,56.7855168601,18.62028639858732,9.01898620695742,12.859506283609381,2024-12-17
2025-12-17,Oaxaca,Santa María Temaxcalapa,MX20432,947,237,0.5,0.0,0.0,2.9611639565498122,0.0,0.0761724176575133,0.0,0.0,0.0,0,0.0,0.0,0.0,0.16443987667009252,8.0,0.0761724176575133,0.6453184930878937,69.6396807298,15.191542391483273,7.100579257391293,10.336964511028086,2024-12-17
2025-12-17,Oaxaca,Santa María Temaxcaltepec,MX20433,2912,728,0.5,1.0,137.36263736263737,1.7452056477889741,0.24952739531806295,0.16175497469148464,0.0,0.0,0.0,0,0.0,0.0,0.0,0.16443987667009252,8.0,0.16175497469148464,0.9596697787940509,91.8045402078,24.04604481662556,9.699326370329736,15.438013748848068,2024-12-17
2025-12-17,Oaxaca,Santa María Teopoxco,MX20434,4217,1054,0.5423715509191476,2.0,189.75332068311195,1.1472771540635067,0.14661772582627058,0.09103342641799841,0.0,0.0,0.0,0,0.0,0.0,0.0,0.16443987667009252,8.0,0.09103342641799841,0.9970396279315056,94.4394823649,22.671795351170065,9.037517036735174,14.491228362509132,2024-12-17
2025-12-17,Oaxaca,Santa María Tepantlali,MX20435,3888,972,0.520846473924845,0.0,0.0,8.24771362968368,0.0,0.2465179341707477,0.0,0.0,0.0,0,0.0,0.0,0.0,0.16443987667009252,8.0,0.2465179341707477,0.9072283532905325,88.1069035829,25.540105090933086,10.4542747565633,16.488606890311214,2024-12-17
2025-12-17,Oaxaca,Santa María Texcatitlán,MX20436,922,231,0.5,0.0,0.0,4.220348690946999,0.0,0.1167464190816435,0.0,0.0,0.0,0,0.0,0.0,0.0,0.16443987667009252,8.0,0.1167464190816435,0.9522016851011311,91.2779661017,22.546426274471926,9.121883234547044,14.491700450516994,2024-12-17
2025-12-17,Oaxaca,Santa María Tlahuitoltepec,MX20437,10165,2541,0.8421295918750169,1.0,39.354584809130266,3.2233086256669328,1.0,0.5846193578780665,0.0,0.0,0.0,0,0.0,0.0,0.0,0.16443987667009252,8.0,0.5846193578780665,0.9437048631176055,90.6788565264,36.41267799869411,14.69387439018649,23.381395833589536,2024-12-17
2025-12-17,Oaxaca,Santa María Tlalixtac,MX20438,1942,486,0.5,0.0,0.0,2.8979455994985646,0.0,0.07413536809761975,0.0,0.0,0.0,0,0.0,0.0,0.0,0.16443987667009252,8.0,0.07413536809761975,0.9752658812626704,92.9042189282,21.729378668182004,8.725871603546455,13.927274429400674,2024-12-17
2025-12-17,Oaxaca,Santa María Tonameca,MX20439,27067,6767,1.3742782846991732,10.0,147.77597162701346,5.090091951807828,0.22326239011941146,0.2564028620186505,0.0,0.0,0.0,0,0.0,0.0,0.0,0.16443987667009252,8.0,0.2564028620186505,0.4999729210944647,59.3913874176,17.691544282448806,8.536616729757794,12.1985877508342,2024-12-17
2025-12-17,Oaxaca,Santa María Totolapilla,MX20440,835,209,0.5,0.0,0.0,15.758097193104712,0.0,0.48852079925780856,0.0,0.0,0.0,0,0.0,0.0,0.0,0.16443987667009252,8.0,0.48852079925780856,0.7558375801919112,77.4323640961,29.77237558157248,12.601355272114922,19.469763395897946,2024-12-17
2025-12-17,Oaxaca,Santa María Xadani,MX20441,10319,2580,0.8485676066025385,1.0,38.75968992248062,0.8217262819785656,1.0,0.5072345208711071,0.0,0.0,0.0,0,0.0,0.0,5.064145847400405,0.16443987667009252,8.0,0.5072345208711071,0.8439307651177963,83.6438006438,44.91984267291106,21.81584701905188,31.05744528059555,2024-12-17
2025-12-17,Oaxaca,Santa María Yalina,MX20442,260,65,0.5,1.0,1538.4615384615386,5.18283664129004,0.0,0.14776012692064633,0.0,0.0,0.0,0,0.0,0.0,0.0,0.16443987667009252,8.0,0.14776012692064633,0.931912651633689,89.8473895582,23.07105684029317,9.392602561277865,14.863984272883988,2024-12-17
2025-12-17,Oaxaca,Santa María Yavesía,MX20443,472,118,0.5,1.0,847.457627118644,4.504046003564302,0.0,0.1258878380106674,0.0,0.0,0.0,0,0.0,0.0,0.0,0.16443987667009252,8.0,0.1258878380106674,0.6732265957121438,71.6074766355,17.2411670545629,7.8367048147503935,11.598489710675397,2024-12-17
2025-12-17,Oaxaca,Santa María Yolotepec,MX20444,520,130,0.5,0.0,0.0,8.634280428623017,0.0,0.25897405869499773,0.0,0.0,0.0,0,0.0,0.0,0.0,0.16443987667009252,8.0,0.25897405869499773,0.9731897155230897,92.75782881,27.233016071311727,10.933555062017087,17.453339465734942,2024-12-17
2025-12-17,Oaxaca,Santa María Yosoyúa,MX20445,1780,445,0.5,0.0,0.0,5.5721041816396495,0.0,0.16030327591623345,0.0,0.0,0.0,0,0.0,0.0,0.0,0.16443987667009252,8.0,0.16030327591623345,0.9308363158757248,89.771497294,23.4258245950015,9.537738670435091,15.092973040261656,2024-12-17
2025-12-17,Oaxaca,Santa María Yucuhiti,MX20446,6277,1569,0.6617410370466972,3.0,191.20458891013385,3.9907697645542455,0.1445697722045433,0.18163371257343197,0.0,0.0,0.0,0,0.0,0.0,0.0,0.16443987667009252,8.0,0.18163371257343197,0.9250694815268857,89.3648787154,23.950401007740673,9.764869738577278,15.439082246242636,2024-12-17
2025-12-17,Oaxaca,Santa María Zacatepec,MX20447,17943,4486,1.1189385345233698,4.0,89.16629514043692,2.4513886002278444,0.4509948328554776,0.2852436295194098,0.0,0.0,0.0,0,0.0,0.0,0.0,0.16443987667009252,8.0,0.2852436295194098,0.8737187747549942,85.7441484959,26.031684380682172,10.751435208069553,16.863534877114603,2024-12-17
2025-12-17,Oaxaca,Santa María Zaniza,MX20448,2671,668,0.5,1.0,149.7005988023952,2.9076558545622397,0.21880809099215484,0.1838523016807425,0.0,0.0,0.0,0,0.0,0.0,0.0,0.16443987667009252,8.0,0.1838523016807425,1.0,98.3949201147,25.515569050422275,10.166145400230576,16.305914860307258,2024-12-17
2025-12-17,Oaxaca,Santa María Zoquitlán,MX20449,3417,854,0.5,0.0,0.0,19.219809757092424,0.0,0.5,0.0,0.0,0.0,0,0.0,0.0,0.0,0.16443987667009252,8.0,0.5,0.8001690345746795,80.5581679389,31.003380691493586,12.960762952935061,20.177810048358474,2024-12-17
2025-12-17,Oaxaca,Santiago Amoltepec,MX20450,14746,3687,1.0144091659201797,5.0,135.61160835367508,2.8279452291210965,0.2543400863291219,0.19904982870165613,0.0,0.0,0.0,0,0.0,0.0,0.0,0.16443987667009252,8.0,0.19904982870165613,1.0,98.7822859243,25.97149486104968,10.348515724481539,16.597707379108794,2024-12-17
2025-12-17,Oaxaca,Santiago Apoala,MX20451,1043,261,0.5,1.0,383.1417624521073,0.057308185609426486,0.010428809981410877,0.005214404990705438,0.0,0.0,0.0,0,0.0,0.0,0.0,0.16443987667009252,8.0,0.005214404990705438,0.9862427621516754,93.678197065,19.881287392754672,7.953704450708508,12.724737627526975,2024-12-17
2025-12-17,Oaxaca,Santiago Apóstol,MX20452,4624,1156,0.568009386973178,0.0,0.0,3.6866242419471806,0.0,0.0995485163734449,0.0,0.0,0.0,0,0.0,0.0,0.0,0.16443987667009252,8.0,0.0995485163734449,0.9513568013340409,91.2183934808,22.013591517884166,8.911283983213208,14.15220699708159,2024-12-17
2025-12-17,Oaxaca,Santiago Astata,MX20453,4079,1020,0.5335519135304831,2.0,196.07843137254903,7.120103093553856,0.13791392293392987,0.279140535595857,0.0,0.0,0.0,0,0.0,0.0,0.0,0.16443987667009252,8.0,0.279140535595857,0.4215039619595703,53.8585535095,16.804295307067118,8.417124017009801,11.771992533032728,2024-12-17
2025-12-17,Oaxaca,Santiago Atitlán,MX20454,3757,939,0.5119285988449739,1.0,106.49627263045794,5.326315817182226,0.3575569488641735,0.33116185013264265,0.0,0.0,0.0,0,0.0,0.0,0.0,0.16443987667009252,8.0,0.33116185013264265,0.9800515698910287,93.2416570771,29.535886901799856,11.83411783110852,18.914825459385053,2024-12-17
2025-12-17,Oaxaca,Santiago Ayuquililla,MX20455,3155,789,0.5,0.0,0.0,2.780624998374163,0.0,0.07035501235865016,0.0,0.0,0.0,0,0.0,0.0,0.0,0.16443987667009252,8.0,0.07035501235865016,0.8847071072169631,86.5189340813,19.804792515098768,8.227713464450284,12.858545084709677,2024-12-17
2025-12-17,Oaxaca,Santiago Cacaloxtepec,MX20456,1727,432,0.5,0.0,0.0,4.928301609666936,0.0,0.13955838776875693,0.0,0.0,0.0,0,0.0,0.0,0.0,0.16443987667009252,8.0,0.13955838776875693,0.5877794806637251,65.5826140567,15.942341246337211,7.573515836605374,10.921046000498109,2024-12-17
2025-12-17,Oaxaca,Santiago Camotlán,MX20457,3522,880,0.5,1.0,113.63636363636364,9.772759742719419,0.3273496329436972,0.45933345372759593,0.0,0.0,0.0,0,0.0,0.0,0.0,0.16443987667009252,8.0,0.45933345372759593,0.9951476461347231,94.3060790274,33.68295653452233,13.447657455466434,21.541777087088793,2024-12-17
2025-12-17,Oaxaca,Santiago Comaltepec,MX20458,1214,303,0.5,1.0,330.03300330033005,16.24339597267405,0.031932323009546605,0.5159661615047733,0.0,0.0,0.0,0,0.0,0.0,0.0,0.16443987667009252,8.0,0.5159661615047733,0.8507647482830051,84.1256637168,32.4942798108033,13.40533545953397,21.040913200041704,2024-12-17
2025-12-17,Oaxaca,Santiago Chazumba,MX20459,5046,1261,0.5932450718904925,2.0,158.60428231562253,4.261802894113401,0.1996085257884622,0.2178864374471439,0.0,0.0,0.0,0,0.0,0.0,0.0,0.16443987667009252,8.0,0.2178864374471439,0.5958073799468656,66.1486599665,18.452740722351628,8.553591929161719,12.513251446437684,2024-12-17
2025-12-17,Oaxaca,Santiago Choápam,MX20460,5529,1382,0.621055793493975,2.0,144.7178002894356,8.095287659086225,0.2305838243170863,0.3568983100160299,0.0,0.0,0.0,0,0.0,0.0,0.0,0.16443987667009252,8.0,0.3568983100160299,1.0,95.5187061574,30.706949300480897,12.242697500254025,19.628398220344774,2024-12-17
2025-12-17,Oaxaca,Santiago del Río,MX20461,535,134,0.5,0.0,0.0,5.247502084722656,0.0,0.14984380513104256,0.0,0.0,0.0,0,0.0,0.0,0.0,0.16443987667009252,8.0,0.14984380513104256,0.8274197510411199,82.4796116505,21.043709174753676,8.895142196839775,13.754568988005337,2024-12-17
2025-12-17,Oaxaca,Santiago Huajolotitlán,MX20462,4899,1225,0.5847155454135656,2.0,163.26530612244898,0.9717324147234113,0.19039273449068975,0.10726445135571042,0.0,0.0,0.0,0,0.0,0.0,0.0,0.16443987667009252,8.0,0.10726445135571042,0.38756676496456766,51.4656471125,10.969268839962666,6.1849250211530284,8.098662548676883,2024-12-17
2025-12-17,Oaxaca,Santiago Huauclilla,MX20463,545,136,0.5,0.0,0.0,4.979862540323844,0.0,0.14121980663507158,0.0,0.0,0.0,0,0.0,0.0,0.0,0.16443987667009252,8.0,0.14121980663507158,0.9217856083024828,89.1333333333,22.672306365101804,9.263483501194939,14.627012646757684,2024-12-17
2025-12-17,Oaxaca,Santiago Ihuitlán Plumas,MX20464,369,92,0.5,2.0,2173.913043478261,4.531096102461013,0.0,0.126759458132145,0.0,0.0,0.0,0,0.0,0.0,0.0,0.16443987667009252,8.0,0.126759458132145,0.9755333332150972,92.9230769231,23.313450408266295,9.358697943722891,14.940598929540252,2024-12-17
2025-12-17,Oaxaca,Santiago Ixcuintepec,MX20465,1719,430,0.5,0.0,0.0,8.869762218673074,0.0,0.26656185596083876,0.0,0.0,0.0,0,0.0,0.0,0.0,0.16443987667009252,8.0,0.26656185596083876,1.0,95.3821538462,27.99685567882516,11.158660051591731,17.8939383024851,2024-12-17
2025-12-17,Oaxaca,Santiago Ixtayutla,MX20466,14721,3680,1.0134457488163968,1.0,27.17391304347826,14.218567985128821,1.0,0.9389134155510741,0.0,0.0,0.0,0,0.0,0.0,0.0,0.16443987667009252,8.0,0.9389134155510741,1.0,96.7697794599,48.167402466532224,19.226878766674556,30.803088246617623,2024-12-17
2025-12-17,Oaxaca,Santiago Jamiltepec,MX20467,19999,5000,1.1813037920774943,3.0,60.0,9.821124658711437,0.7301138452167157,0.6622739953475829,0.0,0.0,0.0,0,0.0,0.0,0.0,0.16443987667009252,8.0,0.6622739953475829,0.597287778729285,66.2530426507,31.813975435013187,13.893644617879087,21.061776944732724,2024-12-17
2025-12-17,Oaxaca,Santiago Jocotepec,MX20468,15174,3793,1.028887799162484,4.0,105.45742156604271,6.898605917061994,0.3622928416144177,0.3841928160068122,0.0,0.0,0.0,0,0.0,0.0,0.0,0.16443987667009252,8.0,0.3841928160068122,0.9067025767157372,88.0698311597,29.659836014519108,12.103744455722099,19.126181079240904,2024-12-17
2025-12-17,Oaxaca,Santiago Juxtlahuaca,MX20469,36923,9231,1.60509584826264,12.0,129.99675008124797,6.368849726473161,0.2706469170421249,0.32129981797115903,0.0,0.0,0.0,0,0.0,0.0,0.0,0.16443987667009252,8.0,0.32129981797115903,0.8243690756433004,82.2645090103,26.126376052000776,10.937360973932076,17.012967005159556,2024-12-17
2025-12-17,Oaxaca,Santiago Lachiguiri,MX20470,4662,1166,0.5704608847134034,1.0,85.76329331046313,4.397729412261988,0.4737783168971929,0.35935121673920245,0.0,0.0,0.0,0,0.0,0.0,0.0,0.16443987667009252,8.0,0.35935121673920245,0.8019724678621246,80.685327735,26.819985859418566,11.28199472024272,17.497191175913056,2024-12-17
2025-12-17,Oaxaca,Santiago Lalopa,MX20471,453,113,0.5,1.0,884.9557522123894,0.5488121537207086,0.0,0.0,0.0,0.0,0.0,0,0.0,0.0,0.0,0.16443987667009252,8.0,0.0,0.9709795452000904,92.6019900498,19.41959090400181,7.814815506062117,12.456725665237995,2024-12-17
2025-12-17,Oaxaca,Santiago Laollaga,MX20472,3491,873,0.5,1.0,114.5475372279496,7.845518571701169,0.3237657141056745,0.39544108609884576,0.0,0.0,0.0,0,0.0,0.0,0.0,0.16443987667009252,8.0,0.39544108609884576,0.3765745968182112,50.6905910736,19.3947245193296,9.588083797338872,13.510740086135161,2024-12-17
2025-12-17,Oaxaca,Santiago Laxopa,MX20473,1350,338,0.5,1.0,295.85798816568047,2.5241889953219316,0.04985191719965974,0.08701797787349752,0.0,0.0,0.0,0,0.0,0.0,0.0,0.16443987667009252,8.0,0.08701797787349752,0.9570011043105394,91.6163723917,21.750561422415714,8.789139036096334,13.973707990624085,2024-12-17
2025-12-17,Oaxaca,Santiago Llano Grande,MX20474,3576,894,0.5,2.0,223.71364653243847,4.7681986399201275,0.1056586533917263,0.18722880652596538,0.0,0.0,0.0,0,0.0,0.0,0.795197010059242,0.16443987667009252,8.0,0.18722880652596538,0.4712682630443149,57.3674265147,17.055946920356707,8.905483082722457,12.165668617776157,2024-12-17
2025-12-17,Oaxaca,Santiago Matatlán,MX20475,10786,2697,0.8675950572507283,4.0,148.31294030404152,4.711153119236801,0.22200801852610363,0.24356534336741698,0.0,0.0,0.0,0,0.0,0.0,0.0,0.16443987667009252,8.0,0.24356534336741698,0.9174327961811132,88.8264172385,25.655616224644774,10.469865881376235,16.54416601868365,2024-12-17
2025-12-17,Oaxaca,Santiago Miltepec,MX20476,453,113,0.5,0.0,0.0,6.244157681459826,0.0,0.18195847782101954,0.0,0.0,0.0,0,0.0,0.0,0.0,0.16443987667009252,8.0,0.18195847782101954,0.6476130643687419,69.8014705882,18.411015622005426,8.38148483575761,12.393297150256736,2024-12-17
2025-12-17,Oaxaca,Santiago Minas,MX20477,1421,355,0.5,0.0,0.0,8.271310805758093,0.0,0.24727829270233917,0.0,0.0,0.0,0,0.0,0.0,0.0,0.16443987667009252,8.0,0.24727829270233917,0.8083427947931551,81.1344984802,23.585204676933277,9.96897126645551,15.41546463064662,2024-12-17
2025-12-17,Oaxaca,Santiago Nacaltepec,MX20478,1657,414,0.5,0.0,0.0,8.457216168974675,0.0,0.2532686166523147,0.0,0.0,0.0,0,0.0,0.0,0.0,0.16443987667009252,8.0,0.2532686166523147,0.938171503241836,90.288700196,26.36148856440616,10.689998696098622,16.958594643421637,2024-12-17
2025-12-17,Oaxaca,Santiago Nejapilla,MX20479,174,43,0.5,0.0,0.0,4.908377095185279,0.0,0.13891637134585227,0.0,0.0,0.0,0,0.0,0.0,0.0,0.16443987667009252,8.0,0.13891637134585227,0.9881681163945488,93.8139534884,23.930853468266545,9.567754818184637,15.312994278217401,2024-12-17
2025-12-17,Oaxaca,Santiago Nundiche,MX20480,1414,354,0.5,0.0,0.0,7.35314788208717,0.0,0.21769284526563557,0.0,0.0,0.0,0,0.0,0.0,0.0,0.16443987667009252,8.0,0.21769284526563557,0.9797855600238082,93.2229007634,26.126496558445233,10.471159723368334,16.733294457399094,2024-12-17
2025-12-17,Oaxaca,Santiago Nuyoó,MX20481,2054,513,0.5,0.0,0.0,1.7322303991682606,0.0,0.03657318289452882,0.0,0.0,0.0,0,0.0,0.0,0.0,0.16443987667009252,8.0,0.03657318289452882,0.924153167267834,89.3002695418,19.580258832192545,8.019561811135182,12.643840619558128,2024-12-17
2025-12-17,Oaxaca,Santiago Pinotepa Nacional,MX20482,58651,14663,2.0,30.0,204.59660369637865,8.59635646064149,0.1270427024585946,0.32127340723568415,0.0,6.819886789879288,-6.819886789879288,0,1.0,1.0,0.0,0.16443987667009252,8.0,0.32127340723568415,0.43438597324666073,54.7668620896,29.086330575875362,8.98712853312318,17.026809350224053,2024-12-17
2025-12-17,Oaxaca,Santiago Suchilquitongo,MX20483,11456,2864,0.8940526663728459,2.0,69.83240223463687,4.750652527575287,0.6099672327420526,0.43881771769246325,0.0,0.0,0.0,0,0.0,0.0,0.0,0.16443987667009252,8.0,0.43881771769246325,0.7491403196703894,76.9601413151,28.14733792418168,11.971431990723172,18.441794364106578,2024-12-17
2025-12-17,Oaxaca,Santiago Tamazola,MX20484,4696,1174,0.5724145235986605,2.0,170.35775127768312,7.5193656299452,0.17733703015217878,0.3117173013359874,0.0,0.0,0.0,0,0.0,0.0,0.0,0.16443987667009252,8.0,0.3117173013359874,0.7073194509896421,74.0113584734,23.497908059872465,10.237122651041725,15.541436814574022,2024-12-17
2025-12-17,Oaxaca,Santiago Tapextla,MX20485,3304,826,0.5,0.0,0.0,7.550595262968502,0.0,0.2240550811586121,0.0,0.0,0.0,0,0.0,0.0,0.0,0.16443987667009252,8.0,0.2240550811586121,0.8626906681448825,84.9665584416,23.975465797656014,9.962032094689425,15.567405575876059,2024-12-17
2025-12-17,Oaxaca,Villa Tejúpam de la Unión,MX20486,2515,629,0.5,2.0,317.9650238473768,0.8911950489014022,0.037820189672012346,0.028383068708538142,0.0,0.0,0.0,0,0.0,0.0,0.0,0.16443987667009252,8.0,0.028383068708538142,0.5071166847298877,59.8950930626,10.9938257558539,5.836098028213562,7.899189119269696,2024-12-17
2025-12-17,Oaxaca,Santiago Tenango,MX20487,2057,514,0.5,0.0,0.0,8.462346306345982,0.0,0.2534339221832057,0.0,0.0,0.0,0,0.0,0.0,0.0,0.16443987667009252,8.0,0.2534339221832057,0.888634207948807,86.7958333333,25.375701824472312,10.444295886004168,16.416858261391425,2024-12-17
2025-12-17,Oaxaca,Santiago Tepetlapa,MX20488,133,33,0.5,0.0,0.0,4.705814890363984,0.0,0.1323893233580693,0.0,0.0,0.0,0,0.0,0.0,0.0,0.16443987667009252,8.0,0.1323893233580693,0.7618936270071299,77.859375,19.20955224088468,8.358057795394148,12.69865557359036,2024-12-17
2025-12-17,Oaxaca,Santiago Tetepec,MX20489,5181,1295,0.6011896290994688,1.0,77.22007722007721,6.527282721885909,0.5398248211978955,0.460993867344068,0.0,0.0,0.0,0,0.0,0.0,0.0,0.16443987667009252,8.0,0.460993867344068,0.8558445220152414,84.4838377599,30.94670646062687,12.77106679826669,20.041322663210764,2024-12-17
2025-12-17,Oaxaca,Santiago Texcalcingo,MX20490,3134,784,0.5,0.0,0.0,2.9529045358237402,0.0,0.07590627898925623,0.0,0.0,0.0,0,0.0,0.0,0.0,0.16443987667009252,8.0,0.07590627898925623,1.0,96.9591492235,22.27718836967769,8.87079312793274,14.233351224630722,2024-12-17
2025-12-17,Oaxaca,Santiago Textitlán,MX20491,5239,1310,0.6046613978784217,3.0,229.00763358778627,5.867200819812022,0.10036810653559763,0.21999606216846912,0.0,0.0,0.0,0,0.0,0.0,0.0,0.16443987667009252,8.0,0.21999606216846912,1.0,95.8839872747,26.599881865054076,10.599870526083295,16.999875061671606,2024-12-17
2025-12-17,Oaxaca,Santiago Tilantongo,MX20492,2857,714,0.5,4.0,560.2240896358544,2.5530340493260364,0.0,0.06302147722393574,0.0,0.0,0.0,0,0.0,0.0,0.0,0.16443987667009252,8.0,0.06302147722393574,1.0,95.1906005222,21.89064431671807,8.716175506748893,13.985963030736565,2024-12-17
2025-12-17,Oaxaca,Santiago Tillo,MX20493,563,141,0.5,0.0,0.0,4.711815159088481,0.0,0.13258266664211843,0.0,0.0,0.0,0,0.0,0.0,0.0,0.16443987667009252,8.0,0.13258266664211843,0.6222256334214652,68.0114068441,16.42199266769286,7.662037946874413,11.16601983520179,2024-12-17
2025-12-17,Oaxaca,Santiago Tlazoyaltepec,MX20494,6727,1682,0.6851561994049467,4.0,237.81212841854935,2.687298812235377,0.09209096064778348,0.11339329548115865,0.0,0.0,0.0,0,0.0,0.0,0.0,0.16443987667009252,8.0,0.11339329548115865,1.0,98.5991519896,23.40179886443476,9.32063732583557,14.953101941275246,2024-12-17
2025-12-17,Oaxaca,Santiago Xanica,MX20495,3309,827,0.5,1.0,120.91898428053204,4.370566766997646,0.30021424745581154,0.27169393537873565,0.0,0.0,0.0,0,0.0,0.0,0.0,0.16443987667009252,8.0,0.27169393537873565,0.994920508184152,94.2900635664,28.04922822504511,11.194847545527253,17.936599817334397,2024-12-17
2025-12-17,Oaxaca,Santiago Xiacuí,MX20496,1999,500,0.5,1.0,200.0,4.558885186686646,0.1327940388796119,0.19405190960201432,0.0,0.0,0.0,0,0.0,0.0,0.0,0.16443987667009252,8.0,0.19405190960201432,0.5595570298352961,63.5926535088,17.012697884766354,8.086325844462317,11.656874660583933,2024-12-17
2025-12-17,Oaxaca,Santiago Yaitepec,MX20497,4480,1120,0.559094998560686,1.0,89.28571428571429,4.48630003973833,0.45022685024732995,0.35042944492380407,0.0,0.0,0.0,0,0.0,0.0,0.0,0.16443987667009252,8.0,0.35042944492380407,1.0,98.0491038547,30.512883347714126,12.165071119147315,19.504196010574038,2024-12-17
2025-12-17,Oaxaca,Santiago Yaveo,MX20498,8088,2022,0.7512200514676405,4.0,197.82393669634027,4.8680902774537635,0.13560997510948677,0.20542321943355812,0.0,0.0,0.0,0,0.0,0.0,1.6704530268608846,0.16443987667009252,8.0,0.20542321943355812,0.7834590726829433,79.3799511666,26.062050421513238,12.16240669991083,17.722264188551794,2024-12-17
2025-12-17,Oaxaca,Santiago Yolomécatl,MX20499,1995,499,0.5,1.0,200.40080160320642,0.7875506383620023,0.13228205047418004,0.07227432356722277,0.0,0.0,0.0,0,0.0,0.0,0.0,0.16443987667009252,8.0,0.07227432356722277,0.39788638567959345,52.1932819383,10.125957420608552,5.816641591266306,7.540367923003205,2024-12-17
2025-12-17,Oaxaca,Santiago Yosondúa,MX20500,8365,2091,0.7639300825898155,2.0,95.64801530368244,5.707371689895862,0.41208371404266064,0.37070378177017815,0.0,0.0,0.0,0,0.0,0.0,0.0,0.16443987667009252,8.0,0.37070378177017815,0.8954813047187861,87.2786210445,29.030739547481065,11.885769684897731,18.743757629931064,2024-12-17
2025-12-17,Oaxaca,Santiago Yucuyachi,MX20501,1020,255,0.5,1.0,392.15686274509807,2.8100840341497224,0.007356879548820048,0.07498269407259439,0.0,0.0,0.0,0,0.0,0.0,0.0,0.16443987667009252,8.0,0.07498269407259439,0.6269439822137469,68.3440968718,14.78836046645277,6.994430020001532,10.11200219858203,2024-12-17
2025-12-17,Oaxaca,Santiago Zacatepec,MX20502,5308,1327,0.6085721267783201,3.0,226.07385079125848,3.688805571583807,0.10326937416637785,0.15125349121454992,0.0,0.0,0.0,0,0.0,0.0,0.0,0.16443987667009252,8.0,0.15125349121454992,0.9797426764473378,93.2198770492,24.132458265383256,9.673673056872953,15.457187140277073,2024-12-17
2025-12-17,Oaxaca,Santiago Zoochila,MX20503,455,114,0.5,0.0,0.0,3.030554631391974,0.0,0.0784083543417482,0.0,0.0,0.0,0,0.0,0.0,0.0,0.16443987667009252,8.0,0.0784083543417482,0.8405470194301553,83.4052132701,19.163191018855553,8.10355312931342,12.527408285130273,2024-12-17
2025-12-17,Oaxaca,Nuevo Zoquiápam,MX20504,1674,418,0.5,1.0,239.23444976076556,4.2210113100794535,0.09081098963420398,0.16217326510233737,0.0,0.0,0.0,0,0.0,0.0,0.0,0.16443987667009252,8.0,0.16217326510233737,0.8184274336668205,81.8455647735,21.233746626406532,8.998134129623816,13.892379128336904,2024-12-17
2025-12-17,Oaxaca,Santo Domingo Ingenio,MX20505,7982,1995,0.7461876312439724,1.0,50.12531328320802,3.8362664020570847,0.8982167050001577,0.5534787040272956,0.0,0.0,0.0,0,0.0,0.0,2.5320729237002024,0.16443987667009252,8.0,0.5534787040272956,0.46891560713888647,57.2015411186,32.39476913580756,16.22097084555762,22.690490161657596,2024-12-17
2025-12-17,Oaxaca,Santo Domingo Albarradas,MX20506,833,208,0.5,0.0,0.0,6.500651168082198,0.0,0.19022332316674906,0.0,0.0,0.0,0,0.0,0.0,0.0,0.16443987667009252,8.0,0.19022332316674906,0.974722635949248,92.865914787,25.201152413987433,10.116210837808895,16.150187468280308,2024-12-17
2025-12-17,Oaxaca,Santo Domingo Armenta,MX20507,3323,831,0.5,1.0,120.33694344163658,1.7163820254919924,0.30226220107753876,0.18719361020279807,0.0,0.0,0.0,0,0.0,0.0,0.0,0.16443987667009252,8.0,0.18719361020279807,0.8971112522465365,87.3935483871,23.55803335101467,9.691797363727925,15.238291758642625,2024-12-17
2025-12-17,Oaxaca,Santo Domingo Chihuitán,MX20508,1680,420,0.5,1.0,238.0952380952381,4.674217613282447,0.0918349664450676,0.17728866529419474,0.0,0.0,0.0,0,0.0,0.0,0.0,0.16443987667009252,8.0,0.17728866529419474,0.10562856355795791,31.5862290862,7.431231229984999,5.615524581381791,6.341807240823075,2024-12-17
2025-12-17,Oaxaca,Santo Domingo de Morelos,MX20509,12178,3045,0.9218711934693429,2.0,65.68144499178982,1.023542000712214,0.6563021834336308,0.34188860697439033,0.0,0.0,0.0,0,0.0,0.0,0.0,0.16443987667009252,8.0,0.34188860697439033,0.8794347733992012,86.147182657,27.845353677215734,11.459754930750357,18.013994429336506,2024-12-17
2025-12-17,Oaxaca,Santo Domingo Ixcatlán,MX20510,797,199,0.5,1.0,502.51256281407035,0.9020195301007952,0.0,0.009821765041613207,0.0,0.0,0.0,0,0.0,0.0,0.0,0.16443987667009252,8.0,0.009821765041613207,0.8843704850088133,86.4951989026,17.982062651424666,7.499631385605091,11.69260389193292,2024-12-17
2025-12-17,Oaxaca,Santo Domingo Nuxaá,MX20511,3511,878,0.5,4.0,455.58086560364467,3.3723134264134353,0.0,0.08942065575957642,0.0,0.0,0.0,0,0.0,0.0,0.0,0.16443987667009252,8.0,0.08942065575957642,1.0,97.0509731233,22.682619672787293,9.032965649176584,14.492827258620869,2024-12-17
2025-12-17,Oaxaca,Santo Domingo Ozolotepec,MX20512,1197,299,0.5,1.0,334.44816053511704,3.594132975848117,0.02988436938781941,0.11151040702478143,0.0,0.0,0.0,0,0.0,0.0,0.0,0.16443987667009252,8.0,0.11151040702478143,1.0,95.2708142726,23.345312210743444,9.298042664359043,14.916950482912803,2024-12-17
2025-12-17,Oaxaca,Santo Domingo Petapa,MX20513,9483,2371,0.8134715578553289,1.0,42.17629692113032,9.64234423356869,1.0,0.7914563316611329,0.0,0.0,0.0,0,0.0,0.0,0.0,0.16443987667009252,8.0,0.7914563316611329,0.734813512078915,75.9499603759,38.43996019141229,16.131461320389835,25.054860868798816,2024-12-17
2025-12-17,Oaxaca,Santo Domingo Roayaga,MX20514,990,247,0.5,1.0,404.8582995951417,4.856648160322518,0.0032609723053656334,0.13888002512719508,0.0,0.0,0.0,0,0.0,0.0,0.0,0.16443987667009252,8.0,0.13888002512719508,1.0,95.307860262,24.166400753815854,9.626478081588006,15.442447150479143,2024-12-17
2025-12-17,Oaxaca,Santo Domingo Tehuantepec,MX20515,72217,18054,2.0,22.0,121.85665226542595,8.765271925143137,0.29695613942124555,0.41167299371725463,0.0,0.0,0.0,0,0.0,0.0,0.0,0.16443987667009252,8.0,0.41167299371725463,0.3511444118168084,48.8975127479,19.373078047853806,9.655715763752761,13.542660677393178,2024-12-17
2025-12-17,Oaxaca,Santo Domingo Teojomulco,MX20516,5587,1397,0.624417115860833,2.0,143.16392269148176,5.943381813342595,0.23442373735782476,0.28947861488346277,0.0,71.58196134574088,-71.58196134574088,0,1.0,1.0,0.0,0.16443987667009252,8.0,0.28947861488346277,0.8825940899496036,86.3699455677,61.33624024549596,10.846631608411236,31.042475063245124,2024-12-17
2025-12-17,Oaxaca,Santo Domingo Tepuxtepec,MX20517,6390,1598,0.6678285530559943,0.0,0.0,10.892521794390003,0.0,0.3317400999975265,0.0,0.0,0.0,0,0.0,0.0,0.0,0.16443987667009252,8.0,0.3317400999975265,0.9479540016950297,90.978462616,28.91128303382639,11.680568988507133,18.572854606634838,2024-12-17
2025-12-17,Oaxaca,Santo Domingo Tlatayápam,MX20518,119,30,0.5,0.0,0.0,2.9383065601688743,0.0,0.07543589663086976,0.0,0.0,0.0,0,0.0,0.0,0.0,0.16443987667009252,8.0,0.07543589663086976,0.7595826527651106,77.6964285714,17.454729954228306,7.663061803457655,11.579729063765914,2024-12-17
2025-12-17,Oaxaca,Santo Domingo Tomaltepec,MX20519,4118,1030,0.5361609849013573,1.0,97.0873786407767,3.72222797649091,0.40414789375846766,0.30276970236431966,0.0,0.0,0.0,0,0.0,0.0,0.0,0.16443987667009252,8.0,0.30276970236431966,0.6416648478334904,69.3820627803,21.9163880275994,9.801478447600955,14.64744227960033,2024-12-17
2025-12-17,Oaxaca,Santo Domingo Tonalá,MX20520,7694,1923,0.7325988591810298,3.0,156.00624024961,2.6344225478760595,0.20498440404549612,0.1681362150556629,0.0,0.0,0.0,0,0.0,0.0,0.0,0.16443987667009252,8.0,0.1681362150556629,0.4571386292091801,56.3711482659,14.18685903585349,7.263245506775521,10.03269091840671,2024-12-17
2025-12-17,Oaxaca,Santo Domingo Tonaltepec,MX20521,265,66,0.5,1.0,1515.1515151515152,0.5079597485791116,0.0,0.0,0.0,0.0,0.0,0,0.0,0.0,0.0,0.16443987667009252,8.0,0.0,1.0,97.7886178862,20.0,7.959917780061665,12.775950668037,2024-12-17
2025-12-17,Oaxaca,Santo Domingo Xagacía,MX20522,1249,312,0.5,1.0,320.5128205128205,4.296335326433338,0.03654021865843285,0.13746500302480413,0.0,0.0,0.0,0,0.0,0.0,0.0,0.16443987667009252,8.0,0.13746500302480413,0.9438764455118089,90.6909547739,23.001479000980304,9.32888004391836,14.79791962674314,2024-12-17
2025-12-17,Oaxaca,Santo Domingo Yanhuitlán,MX20523,1694,423,0.5,0.0,0.0,8.77932691253978,0.0,0.26364780995979625,0.0,0.0,0.0,0,0.0,0.0,0.0,0.16443987667009252,8.0,0.26364780995979625,0.36873306413912205,50.1376858436,15.284095581576329,7.967356820274831,10.89405232479543,2024-12-17
2025-12-17,Oaxaca,Santo Domingo Yodohino,MX20524,337,84,0.5,1.0,1190.4761904761904,2.6424984611959514,0.0,0.06590423864524274,0.0,0.0,0.0,0,0.0,0.0,0.0,0.16443987667009252,8.0,0.06590423864524274,1.0,97.6378205128,21.97712715935728,8.750768643804578,14.041312050025661,2024-12-17
2025-12-17,Oaxaca,Santo Domingo Zanatepec,MX20525,12940,3235,0.9501971827033081,6.0,185.47140649149924,3.0181437680321848,0.15284691809235748,0.15443190511880722,0.0,0.0,0.0,0,0.0,0.0,0.0,0.16443987667009252,8.0,0.15443190511880722,0.4908440401677439,58.7477114661,14.449837956919096,7.267320842326071,10.14032768816328,2024-12-17
2025-12-17,Oaxaca,Santos Reyes Nopala,MX20526,17684,4421,1.1108025124215417,4.0,90.47726758651889,2.3025234682891904,0.4426750212672108,0.27628692631320023,0.0,0.0,0.0,0,0.0,0.0,0.0,0.16443987667009252,8.0,0.27628692631320023,0.6771513054997551,71.8842073024,21.831633899391107,9.661117423318844,14.529324013747749,2024-12-17
2025-12-17,Oaxaca,Santos Reyes Pápalo,MX20527,2627,657,0.5,0.0,0.0,6.118396915851976,0.0,0.17790615940936455,0.0,0.0,0.0,0,0.0,0.0,0.0,0.16443987667009252,8.0,0.17790615940936455,1.0,98.2092555332,25.337184782280936,10.09479169297404,16.191748928696796,2024-12-17
2025-12-17,Oaxaca,Santos Reyes Tepejillo,MX20528,925,231,0.5,0.0,0.0,7.447497279023683,0.0,0.22073301281301339,0.0,0.0,0.0,0,0.0,0.0,0.0,0.16443987667009252,8.0,0.22073301281301339,0.9047865797055787,87.9347345133,24.717721978501977,10.132646832345719,15.966676890808223,2024-12-17
2025-12-17,Oaxaca,Santos Reyes Yucuná,MX20529,1562,390,0.5,2.0,512.8205128205128,0.7523512715614366,0.0,0.004999088932829062,0.0,0.0,0.0,0,0.0,0.0,0.0,0.16443987667009252,8.0,0.004999088932829062,1.0,97.7988787666,20.149972667984873,8.019906847255614,12.871933175547317,2024-12-17
2025-12-17,Oaxaca,Santo Tomás Jalieza,MX20530,4215,1054,0.5423715509191476,2.0,189.75332068311195,0.9403679783925402,0.14661772582627058,0.08436630843363178,0.0,94.87666034155598,0.0,0,1.0,0.0,0.0,0.16443987667009252,8.0,0.08436630843363178,0.6643558694683949,70.9820031299,50.81810664237685,7.294092828607221,24.703698354115073,2024-12-17
2025-12-17,Oaxaca,Santo Tomás Mazaltepec,MX20531,2734,683,0.5,1.0,146.41288433382138,5.194401334782875,0.22648791707363186,0.2613767280709169,0.0,0.0,0.0,0,0.0,0.0,0.0,0.16443987667009252,8.0,0.2613767280709169,0.7941222896623112,80.1318129107,23.723747635373734,10.067049965224225,15.52972903328403,2024-12-17
2025-12-17,Oaxaca,Santo Tomás Ocotepec,MX20532,4272,1068,0.5459617564116888,3.0,280.8988764044944,0.8596171527022005,0.05906770849743218,0.037989311334109745,0.0,0.0,0.0,0,0.0,0.0,0.0,0.16443987667009252,8.0,0.037989311334109745,1.0,96.9496240602,21.139679340023292,8.415789516070982,13.505345445651907,2024-12-17
2025-12-17,Oaxaca,Santo Tomás Tamazulapan,MX20533,2908,727,0.5,1.0,137.5515818431912,2.863204943510958,0.24901540691263116,0.19752364293713973,0.0,0.0,0.0,0,0.0,0.0,0.0,0.16443987667009252,8.0,0.19752364293713973,0.5587905012190002,63.5386056972,17.101519312494197,8.124154001402344,11.715100125839085,2024-12-17
2025-12-17,Oaxaca,San Vicente Coatlán,MX20534,3676,919,0.5064474066659553,2.0,217.6278563656148,2.6485645009643806,0.11205850845962384,0.12212895546245721,0.0,0.0,0.0,0,0.0,0.0,0.0,0.16443987667009252,8.0,0.12212895546245721,1.0,95.8692374601,23.663868663873718,9.425465245611152,15.120826612916177,2024-12-17
2025-12-17,Oaxaca,San Vicente Lachixío,MX20535,3429,857,0.5,1.0,116.68611435239207,2.0739125219045595,0.31557389961876564,0.2053699635538221,0.0,0.0,0.0,0,0.0,0.0,0.0,0.16443987667009252,8.0,0.2053699635538221,1.0,97.0824611481,26.161098906614665,10.42435734270753,16.719053968270384,2024-12-17
2025-12-17,Oaxaca,San Vicente Nuñú,MX20536,458,115,0.5,0.0,0.0,6.947023352718139,0.0,0.20460652299467671,0.0,0.0,0.0,0,0.0,0.0,0.0,0.16443987667009252,8.0,0.20460652299467671,0.6722625707249716,71.539503386,19.583447104339736,8.776508909622644,13.09928418750948,2024-12-17
2025-12-17,Oaxaca,Silacayoápam,MX20537,6972,1743,0.6974696101644762,6.0,344.2340791738382,6.71260434059494,0.025532467941649078,0.2098192049950009,0.0,0.0,0.0,0,0.0,0.0,0.0,0.16443987667009252,8.0,0.2098192049950009,0.744630184033746,76.6421323641,21.18717983052495,9.200899160170406,13.995411428312224,2024-12-17
2025-12-17,Oaxaca,Sitio de Xitlapehua,MX20538,796,199,0.5,0.0,0.0,5.7490411108465285,0.0,0.16600461506172268,0.0,0.0,0.0,0,0.0,0.0,0.0,0.16443987667009252,8.0,0.16600461506172268,0.7505669736720213,77.0607344633,19.991477925292106,8.704808029162445,13.21947598761431,2024-12-17
2025-12-17,Oaxaca,Soledad Etla,MX20539,7241,1810,0.7107483879700001,1.0,55.248618784530386,1.147451515499707,0.8034988499952742,0.41947960685298324,0.0,0.0,0.0,0,0.0,0.0,0.0,0.16443987667009252,8.0,0.41947960685298324,0.3768123675170492,50.707356248,20.120635555930484,9.87773489988271,13.97489516230182,2024-12-17
2025-12-17,Oaxaca,Villa de Tamazulápam del Progreso,MX20540,8712,2178,0.7796605027711462,4.0,183.65472910927457,1.3605955897316746,0.15557752292132712,0.10238696492967142,0.0,0.0,0.0,0,0.0,0.0,0.0,0.16443987667009252,8.0,0.10238696492967142,0.5005270425023243,59.4304584305,13.08214979793663,6.691196571729344,9.247577862212259,2024-12-17
2025-12-17,Oaxaca,Tanetze de Zaragoza,MX20541,1609,402,0.5,0.0,0.0,3.5759367491007654,0.0,0.09598189555149388,0.0,0.0,0.0,0,0.0,0.0,0.0,0.16443987667009252,8.0,0.09598189555149388,0.8082613029284805,81.1287525017,19.04468292511443,8.153007041321993,12.50967739483897,2024-12-17
2025-12-17,Oaxaca,Taniche,MX20542,965,241,0.5,1.0,414.9377593360996,1.6222359051682067,0.00018904187277480548,0.03312341312099017,0.0,0.0,0.0,0,0.0,0.0,0.0,0.16443987667009252,8.0,0.03312341312099017,0.7762554827682071,78.8720271801,16.51881204899385,7.238676151354584,10.95073051041029,2024-12-17
2025-12-17,Oaxaca,Tataltepec de Valdés,MX20543,6749,1687,0.686173809054388,0.0,0.0,10.95679312665998,0.0,0.3338110789856106,0.0,0.0,0.0,0,0.0,0.0,0.0,0.16443987667009252,8.0,0.3338110789856106,1.0,94.7397721803,30.01433236956832,11.965650727888992,19.185123384560722,2024-12-17
2025-12-17,Oaxaca,Teococuilco de Marcos Pérez,MX20544,1072,268,0.5,2.0,746.2686567164179,6.716851074762728,0.0,0.1971898111505413,0.0,0.0,0.0,0,0.0,0.0,0.0,0.16443987667009252,8.0,0.1971898111505413,0.898558850422184,87.4956183057,23.88687134295992,9.81898976597908,15.446142396771418,2024-12-17
2025-12-17,Oaxaca,Teotitlán de Flores Magón,MX20545,10718,2680,0.8648563788044197,5.0,186.56716417910448,3.56472617876565,0.1512256214751568,0.17123347438693998,0.0,0.0,0.0,0,0.0,0.0,0.0,0.16443987667009252,8.0,0.17123347438693998,0.38546540074701025,51.3174802536,12.846312246548406,6.942046476439997,9.30375278448336,2024-12-17
2025-12-17,Oaxaca,Teotitlán del Valle,MX20546,6717,1679,0.6845449075068231,1.0,59.55926146515783,2.328451816229749,0.736428368883708,0.42399907469283427,0.0,0.0,0.0,0,0.0,0.0,0.0,0.16443987667009252,8.0,0.42399907469283427,0.7218913547679371,75.038821106,27.157799336143775,11.657363450215364,17.857537804586727,2024-12-17
2025-12-17,Oaxaca,Teotongo,MX20547,1037,259,0.5,1.0,386.1003861003861,2.4895528341791824,0.009404833170547267,0.06567837432075477,0.0,0.0,0.0,0,0.0,0.0,0.0,0.16443987667009252,8.0,0.06567837432075477,0.5164916793113171,60.556122449,12.300184815848986,6.3305166684673075,8.718383927419978,2024-12-17
2025-12-17,Oaxaca,Tepelmeme Villa de Morelos,MX20548,2041,510,0.5,2.0,392.15686274509807,16.821019795372248,0.007356879548820048,0.5036784397744101,0.0,0.0,0.0,0,0.0,0.0,0.0,0.16443987667009252,8.0,0.5036784397744101,0.8663662308175757,85.2257217848,32.43767780958382,13.335890211442464,20.976605250699006,2024-12-17
2025-12-17,Oaxaca,Heroica Villa Tezoatlán de Segura y Luna,MX20549,11897,2974,0.911060206863565,3.0,100.87424344317418,7.231436857858902,0.3843510087484379,0.40594652376675555,0.0,0.0,0.0,0,0.0,0.0,0.0,0.16443987667009252,8.0,0.40594652376675555,0.711171523772873,74.2829675166,26.401826188460127,11.387133684127097,17.393010685860308,2024-12-17
2025-12-17,Oaxaca,San Jerónimo Tlacochahuaya,MX20550,6102,1526,0.6526102081094954,2.0,131.06159895150722,1.7198104261486908,0.26744698950817614,0.1698964758440541,0.0,0.0,0.0,0,0.0,0.0,0.0,0.16443987667009252,8.0,0.1698964758440541,0.43573880812241433,54.8622502629,13.81167043776991,7.177369530802386,9.831089893589395,2024-12-17
2025-12-17,Oaxaca,Tlacolula de Matamoros,MX20551,31696,7924,1.4871296390077036,8.0,100.95911155981827,2.8865778872418058,0.38392435174391143,0.26573124857169195,0.0,0.0,0.0,0,0.0,0.0,0.0,0.16443987667009252,8.0,0.26573124857169195,0.23463914952914006,40.6827451154,12.66472044773356,7.3218885105676685,9.459021285434027,2024-12-17
2025-12-17,Oaxaca,Tlacotepec Plumas,MX20552,435,109,0.5,0.0,0.0,3.383215620910191,0.0,0.08977195104052602,0.0,0.0,0.0,0,0.0,0.0,0.0,0.16443987667009252,8.0,0.08977195104052602,0.9011781812069601,87.6803069054,20.716722155354987,8.54307209858278,13.412532121291662,2024-12-17
2025-12-17,Oaxaca,Tlalixtac de Cabrera,MX20553,12930,3233,0.9499034132782308,2.0,61.862047633776676,3.9900472550446,0.7044290935442202,0.46154009222574177,0.0,0.0,0.0,0,0.0,0.0,0.0,0.16443987667009252,8.0,0.46154009222574177,0.28602864942158907,44.3062106317,19.566775755204034,9.928542133878512,13.78383558240872,2024-12-17
2025-12-17,Oaxaca,Totontepec Villa de Morelos,MX20554,6207,1552,0.6581463155746127,1.0,64.43298969072166,5.840145137946476,0.6714058413938689,0.5046431295792627,0.0,0.0,0.0,0,0.0,0.0,0.0,0.16443987667009252,8.0,0.5046431295792627,0.9526983758597806,91.3129876886,34.19326140457349,13.779127214311721,21.944780890416432,2024-12-17
2025-12-17,Oaxaca,Trinidad Zaachila,MX20555,3832,958,0.5170819172841471,3.0,313.1524008350731,1.4448749414303366,0.04029480029826606,0.04746128976206744,0.0,0.0,0.0,0,0.0,0.0,0.0,0.16443987667009252,8.0,0.04746128976206744,0.6033910421401876,66.6833827893,13.491659535665775,6.546408467907412,9.324508895010759,2024-12-17
2025-12-17,Oaxaca,La Trinidad Vista Hermosa,MX20556,315,79,0.5,0.0,0.0,5.677070576299127,0.0,0.16368554900933788,0.0,0.0,0.0,0,0.0,0.0,0.0,0.16443987667009252,8.0,0.16368554900933788,0.7732956995525426,78.6633333333,20.37648046133099,8.790622865936433,13.424965904094254,2024-12-17
2025-12-17,Oaxaca,Unión Hidalgo,MX20557,15141,3785,1.0278021878876973,2.0,52.84015852047556,1.0775241168168734,0.8457378934433979,0.43834589734239127,0.0,0.0,0.0,0,0.0,0.0,2.5320729237002024,0.16443987667009252,8.0,0.43834589734239127,0.2980542140749421,45.154131295,25.52355707398154,13.985070200019045,18.600464949604046,2024-12-17
2025-12-17,Oaxaca,Valerio Trujano,MX20558,1437,359,0.5,1.0,278.55153203342616,1.3614230930926445,0.06060367371372762,0.05492670450121409,0.0,0.0,0.0,0,0.0,0.0,0.0,0.16443987667009252,8.0,0.05492670450121409,0.6251935544500076,68.2206744868,14.151672224036574,6.745006006326272,9.707672493410394,2024-12-17
2025-12-17,Oaxaca,San Juan Bautista Valle Nacional,MX20559,24105,6026,1.2968542200215565,9.0,149.35280451377363,3.28357534828449,0.2196045174006043,0.1963635572821551,0.0,0.0,0.0,0,0.0,0.0,0.0,0.16443987667009252,8.0,0.1963635572821551,0.7554773889761792,77.4069670704,21.000454497988237,9.093667412328422,13.85638224659235,2024-12-17
2025-12-17,Oaxaca,Villa Díaz Ordaz,MX20560,6752,1688,0.6863771499416651,3.0,177.72511848341233,6.048165553767517,0.16487864562000484,0.2580824565429974,0.0,0.0,0.0,0,0.0,0.0,0.0,0.16443987667009252,8.0,0.2580824565429974,0.9263339281872367,89.4540346496,26.269152260034655,10.68857689951382,16.920807043722153,2024-12-17
2025-12-17,Oaxaca,Yaxe,MX20561,3105,776,0.5,0.0,0.0,7.519663059293135,0.0,0.22305837015847707,0.0,0.0,0.0,0,0.0,0.0,0.0,0.16443987667009252,8.0,0.22305837015847707,0.9088752222787014,88.223024055,24.869255550328344,10.180994333356898,16.056298820145475,2024-12-17
2025-12-17,Oaxaca,Magdalena Yodocono de Porfirio Díaz,MX20562,1758,439,0.5,1.0,227.79043280182233,4.283090575299859,0.10156274614827186,0.16954948860392155,0.0,0.0,0.0,0,0.0,0.0,0.0,0.16443987667009252,8.0,0.16954948860392155,0.7643797555801627,78.0346715328,20.3740797697209,8.816410421209538,13.439478160614083,2024-12-17
2025-12-17,Oaxaca,Yogana,MX20563,1297,324,0.5,1.0,308.641975308642,2.363578274671792,0.04268407952361448,0.07825879012506433,0.0,0.0,0.0,0,0.0,0.0,0.0,0.16443987667009252,8.0,0.07825879012506433,0.8627379775871792,84.9698942229,19.602523255495512,8.212713149498333,12.768637191897206,2024-12-17
2025-12-17,Oaxaca,Yutanduchi de Guerrero,MX20564,1231,308,0.5,1.0,324.6753246753247,4.214798245667253,0.034492265036705626,0.1338137027237885,0.0,0.0,0.0,0,0.0,0.0,0.0,0.16443987667009252,8.0,0.1338137027237885,0.97307563540214,92.7497850387,23.475923789756457,9.431060389757828,15.049005749757283,2024-12-17
2025-12-17,Oaxaca,Villa de Zaachila,MX20565,49606,12402,1.860469091766323,10.0,80.63215610385421,1.565045398425437,0.5117678565802327,0.2870700029447411,0.0,0.0,0.0,0,0.0,0.0,0.0,0.16443987667009252,8.0,0.2870700029447411,0.44064552221986536,55.2082218985,17.42501053273954,8.607985426497885,12.134795468994547,2024-12-17
2025-12-17,Oaxaca,San Mateo Yucutindó,MX20566,3406,851,0.5,1.0,117.50881316098707,8.8133906473866,0.31250196918617484,0.42099641112051756,0.0,0.0,0.0,0,0.0,0.0,0.0,0.16443987667009252,8.0,0.42099641112051756,0.9426869593116205,90.6070842899,31.483631519847933,12.72530951006598,20.22863831397876,2024-12-17
2025-12-17,Oaxaca,Zapotitlán Lagunas,MX20567,3528,882,0.5,1.0,113.37868480725623,7.7357526686481295,0.32837360975456076,0.39420810897086955,0.0,0.0,0.0,0,0.0,0.0,0.0,0.16443987667009252,8.0,0.39420810897086955,0.7907590742504383,79.8946731235,27.641424754134853,11.644210458964292,18.043096177032513,2024-12-17
2025-12-17,Oaxaca,Zapotitlán Palmas,MX20568,1774,443,0.5,0.0,0.0,7.109357763041375,0.0,0.20983733338787414,0.0,0.0,0.0,0,0.0,0.0,0.0,0.16443987667009252,8.0,0.20983733338787414,0.6202110063802961,67.8693558098,18.69934012924215,8.579020812617635,12.627148539267441,2024-12-17
2025-12-17,Oaxaca,Santa Inés de Zaragoza,MX20569,1498,375,0.5,0.0,0.0,5.469857281942486,0.0,0.15700863157962494,0.0,0.0,0.0,0,0.0,0.0,0.0,0.16443987667009252,8.0,0.15700863157962494,0.8956807362010764,87.2926829268,22.623873671410276,9.322425040022548,14.643004492577639,2024-12-17
2025-12-17,Oaxaca,Zimatlán de Álvarez,MX20570,23397,5849,1.2776662020288654,13.0,222.26021542143957,3.861730100850803,0.10715523488452695,0.1587684714127651,0.0,0.0,0.0,0,0.0,0.0,0.0,0.16443987667009252,8.0,0.1587684714127651,0.5453202876647989,62.5888230682,15.66945989567893,7.591740875338841,10.822828483474877,2024-12-17
2025-12-17,Puebla,Acajete,MX21001,77402,19350,2.0,15.0,77.51937984496124,1.4204963706023204,0.5372648791707365,0.29516079222308855,0.0,0.0,0.0,0,0.0,0.0,0.0,0.5755395683453238,28.0,0.29516079222308855,0.8735655870552587,85.7333472554,26.326135507797833,18.269469672169187,21.492136006420644,2024-12-17
2025-12-17,Puebla,Acateno,MX21002,9954,2489,0.8334682186863187,3.0,120.53033346725593,3.4028392533397556,0.30157954987029634,0.2411940472454559,0.0,0.0,0.0,0,0.0,0.0,0.8713837574067619,0.5755395683453238,28.0,0.2411940472454559,0.6397494442837458,69.2470079787,22.237459306580927,17.923887354274918,19.64931613519732,2024-12-17
2025-12-17,Puebla,Acatlán,MX21003,39666,9916,1.663584460448933,26.0,262.20250100847113,3.883979734516252,0.07206433725070106,0.1419399600263718,0.0,0.0,0.0,0,0.0,0.0,0.0,0.5755395683453238,28.0,0.1419399600263718,0.6474312013983842,69.7886474589,17.20682282875884,15.30014775752421,16.062817786018062,2024-12-17
2025-12-17,Puebla,Acatzingo,MX21004,68366,17092,2.0,25.0,146.26725953662532,2.4946270877031056,0.22683606918932556,0.1745574971472545,0.0,0.0,0.0,0,0.0,0.0,0.0,0.5755395683453238,28.0,0.1745574971472545,0.8676878699079105,85.3189103482,22.590482312575844,16.792841545522435,19.1118978523438,2024-12-17
2025-12-17,Puebla,Acteopan,MX21005,3251,813,0.5,1.0,123.00123001230013,3.3536738913554944,0.2930464097797663,0.2353432493957438,0.0,0.0,0.0,0,0.0,0.0,0.0,0.5755395683453238,28.0,0.2353432493957438,0.9261885079903731,89.4437810945,25.584067641679773,17.81477376291662,20.922491314421883,2024-12-17
2025-12-17,Puebla,Ahuacatlán,MX21006,15315,3829,1.033758941697479,6.0,156.69887699138155,1.0188746237179374,0.20353377023010608,0.11535400610907032,0.0,0.0,0.0,0,0.0,0.0,0.0,0.5755395683453238,28.0,0.11535400610907032,0.7364094005528804,76.06248622,18.188808194329717,15.426007306289074,16.53112766150533,2024-12-17
2025-12-17,Puebla,Ahuatlán,MX21007,3308,827,0.5,1.0,120.91898428053204,3.1322163676812917,0.30021424745581154,0.23179126701491704,0.0,0.0,0.0,0,0.0,0.0,0.0,0.5755395683453238,28.0,0.23179126701491704,0.8405158940661109,83.4030186256,23.76405589176973,17.343786904725388,19.911894499543127,2024-12-17
2025-12-17,Puebla,Ahuazotepec,MX21008,12254,3063,0.9245919210579479,3.0,97.94319294809011,2.787800160767916,0.39953999810958135,0.27035621263533455,0.0,0.0,0.0,0,0.0,0.0,0.0,0.5755395683453238,28.0,0.27035621263533455,0.5385580558517233,62.1120191717,18.881847496094505,16.29677706109846,17.33080523509688,2024-12-17
2025-12-17,Puebla,Ahuehuetitla,MX21009,2332,583,0.5,0.0,0.0,7.636590966683857,0.0,0.22682607234815055,0.0,0.0,0.0,0,0.0,0.0,0.0,0.5755395683453238,28.0,0.22682607234815055,0.5861399332392639,65.4670098269,18.527580835229795,16.012324764589955,17.01842719284589,2024-12-17
2025-12-17,Puebla,Ajalpan,MX21010,80226,20057,2.0,16.0,79.772647953333,1.6725029266241713,0.5186093016478152,0.2939532689664473,0.0,4.985790497083313,0.0,0,1.0,0.0,0.8312551953449709,0.5755395683453238,28.0,0.2939532689664473,0.8074371205466044,81.0706395322,34.93894394793621,19.32769000954327,25.572191584900445,2024-12-17
2025-12-17,Puebla,Albino Zertuche,MX21011,1966,492,0.5,1.0,203.2520325203252,1.0300976548666874,0.12869813163615743,0.07829782023201705,0.0,0.0,0.0,0,0.0,0.0,0.0,0.5755395683453238,28.0,0.07829782023201705,0.7360456241454513,76.036836403,17.06984708986954,14.979514193727288,15.815647352184186,2024-12-17
2025-12-17,Puebla,Aljojuca,MX21012,7063,1766,0.7020563074919268,2.0,113.25028312570781,2.159057983244044,0.32888559815999263,0.2147694071321448,0.0,0.0,0.0,0,0.0,0.0,0.0,0.5755395683453238,28.0,0.2147694071321448,0.817189577168178,81.7582837074,22.786873757327903,17.022893001642455,19.328485303916636,2024-12-17
2025-12-17,Puebla,Altepexi,MX21013,24419,6105,1.3053273270121601,2.0,32.76003276003276,1.3644499475804313,1.0,0.5247224002739505,0.0,0.0,0.0,0,0.0,0.0,0.0,0.5755395683453238,28.0,0.5247224002739505,0.8468012600947672,83.846198791,32.677697210113855,20.89038733397707,25.605311284431785,2024-12-17
2025-12-17,Puebla,Amixtlán,MX21014,5076,1269,0.5951239208442543,1.0,78.80220646178093,2.327167451653145,0.5265131226566686,0.3190000662219983,0.0,0.0,0.0,0,0.0,0.0,0.0,0.5755395683453238,28.0,0.3190000662219983,0.8187059994478718,81.8652064027,25.944121975617385,18.281243022119167,21.346394603518455,2024-12-17
2025-12-17,Puebla,Amozoc,MX21015,141871,35468,2.0,27.0,76.12495770835683,0.9130839676011298,0.5493629755657546,0.28485977597048523,0.0,8.45832863426187,-2.81944287808729,0,3.0,1.0,0.3909243014182734,0.5755395683453238,28.0,0.28485977597048523,0.538448299529998,62.1042802708,33.65025697729337,17.130242579301267,23.738248338498106,2024-12-17
2025-12-17,Puebla,Aquixtla,MX21016,9604,2401,0.818601763578992,1.0,41.649312786339024,3.310760681769431,1.0,0.5874372762913996,0.0,0.0,0.0,0,0.0,0.0,0.0,0.5755395683453238,28.0,0.5874372762913996,0.6852794551267136,72.4573218481,31.32870739127626,20.835356821346192,25.03269704931822,2024-12-17
2025-12-17,Puebla,Atempan,MX21017,31797,7949,1.4894737179490836,5.0,62.90099383570261,0.9845529893630256,0.690759003119191,0.3578606958351942,0.0,0.0,0.0,0,0.0,0.0,0.0,0.5755395683453238,28.0,0.3578606958351942,0.854466549760783,84.386677154,27.825151870271487,18.92637332904207,22.485884745533838,2024-12-17
2025-12-17,Puebla,Atexcal,MX21018,4029,1007,0.5301409246079583,1.0,99.30486593843098,6.051442832746784,0.3923721604335362,0.37193481586689214,0.0,0.0,0.0,0,0.0,0.0,0.0,0.5755395683453238,28.0,0.37193481586689214,0.6593477233296823,70.6288795371,24.34499894260041,18.119668637266948,20.609800759400333,2024-12-17
2025-12-17,Puebla,Atlixco,MX21019,149030,37257,2.0,56.0,150.30732479802452,0.9758812156176403,0.21742755082750834,0.12091554400169677,0.0,8.052178114179886,-8.052178114179886,0,3.0,3.0,0.0,0.5755395683453238,28.0,0.12091554400169677,0.5271760965480994,61.3094790199,26.875704863529172,14.446579240976687,19.418229489997678,2024-12-17
2025-12-17,Puebla,Atoyatempan,MX21020,8176,2044,0.7552957512017539,1.0,48.923679060665364,2.1776146115953146,0.9233041368663161,0.512576616282847,0.0,0.0,0.0,0,0.0,0.0,0.0,0.5755395683453238,28.0,0.512576616282847,0.9229876428969847,89.2180886026,33.837051346425106,21.125569840094915,26.210162442626995,2024-12-17
2025-12-17,Puebla,Atzala,MX21021,1628,407,0.5,1.0,245.7002457002457,1.3609555605255232,0.08517911717445416,0.067199361192647,0.0,0.0,0.0,0,0.0,0.0,5.110906674844117,0.5755395683453238,28.0,0.067199361192647,0.3948578932629908,51.9797434166,22.855745245377275,21.768798393734578,22.203577134391654,2024-12-17
2025-12-17,Puebla,Atzitzihuacán,MX21022,13612,3403,0.9745577297572678,4.0,117.54334410813988,2.851625701674829,0.3123739720848169,0.22882981412669523,0.0,0.0,0.0,0,0.0,0.0,0.0,0.5755395683453238,28.0,0.22882981412669523,0.8756209292068268,85.8782691057,24.37731300793739,17.483774645770307,20.24118999063714,2024-12-17
2025-12-17,Puebla,Atzitzintla,MX21023,9605,2401,0.818601763578992,1.0,41.649312786339024,5.664963540428788,1.0,0.6632954308025123,0.0,0.0,0.0,0,0.0,0.0,0.0,0.5755395683453238,28.0,0.6632954308025123,0.9507844565524776,91.1780375407,38.914552055124915,23.073179682608362,29.409728631614986,2024-12-17
2025-12-17,Puebla,Axutla,MX21024,1011,253,0.5,0.0,0.0,9.917802598320286,0.0,0.3003322716073636,0.0,0.0,0.0,0,0.0,0.0,0.0,0.5755395683453238,28.0,0.3003322716073636,0.4562468730026162,56.3082706767,18.134905608273233,16.244933854517274,17.000922556019656,2024-12-17
2025-12-17,Puebla,Ayotoxco de Guerrero,MX21025,8729,2182,0.780376116049625,3.0,137.4885426214482,1.1915833822758286,0.24918606971444182,0.14374525303218708,0.0,0.0,0.0,0,0.0,0.0,1.089846985483238,0.5755395683453238,28.0,0.14374525303218708,0.7359586123605906,76.0307012158,21.791404283952286,17.604364625588268,19.27918048893387,2024-12-17
2025-12-17,Puebla,Calpan,MX21026,16177,4044,1.0623855851121515,3.0,74.1839762611276,1.6691850123383913,0.5669602066857811,0.3180218101996761,0.0,0.0,0.0,0,0.0,0.0,0.0,0.5755395683453238,28.0,0.3180218101996761,0.8265964725486613,82.4215624141,26.072583756963507,18.30895631535525,21.414407291998554,2024-12-17
2025-12-17,Puebla,Caltepec,MX21027,4289,1072,0.5469832011894675,1.0,93.28358208955224,4.676191739481239,0.4256514067866034,0.34426049662305025,0.0,0.0,0.0,0,0.0,0.0,0.0,0.5755395683453238,28.0,0.34426049662305025,0.784691452849641,79.4668460974,26.021643955684333,18.41429545394064,21.457234854638116,2024-12-17
2025-12-17,Puebla,Camocuautla,MX21028,2909,727,0.5,0.0,0.0,4.605582138519174,0.0,0.1291595797747795,0.0,0.0,0.0,0,0.0,0.0,0.0,0.5755395683453238,28.0,0.1291595797747795,0.9409684563294028,90.4859129162,22.694156519831445,16.6144694691602,19.046344289428696,2024-12-17
2025-12-17,Puebla,Caxhuacan,MX21029,4018,1005,0.5296142072155072,0.0,0.0,3.2204399222529654,0.0,0.08452692126156049,0.0,0.0,0.0,0,0.0,0.0,0.0,0.5755395683453238,28.0,0.08452692126156049,0.8480660844428175,83.9353813559,19.497129326703167,15.614365707568641,17.16747115522245,2024-12-17
2025-12-17,Puebla,Coatepec,MX21030,803,201,0.5,0.0,0.0,5.9811827253274465,0.0,0.17348478372899753,0.0,0.0,0.0,0,0.0,0.0,0.0,0.5755395683453238,28.0,0.17348478372899753,0.6633048333147156,70.9078947368,18.47064017816424,15.758053801537377,16.843088352188122,2024-12-17
2025-12-17,Puebla,Coatzingo,MX21031,2977,744,0.5,1.0,134.40860215053763,5.3249359780438885,0.2577192098049719,0.28119851882262586,0.0,0.0,0.0,0,0.0,0.0,0.0,0.5755395683453238,28.0,0.28119851882262586,0.7834239710427913,79.3774761555,24.1044349855346,17.651214311301295,20.23250258099462,2024-12-17
2025-12-17,Puebla,Cohetzala,MX21032,1466,367,0.5,1.0,272.47956403269757,2.4034079636421777,0.064699580957182,0.09054995050594378,0.0,0.0,0.0,0,0.0,0.0,0.0,0.5755395683453238,28.0,0.09054995050594378,0.6973059731661206,73.3053097345,16.662617978500727,14.932841502117759,15.624752092670946,2024-12-17
2025-12-17,Puebla,Cohuecan,MX21033,5724,1431,0.6319699276028585,0.0,0.0,2.04514458618446,0.0,0.046656040733258825,0.0,0.0,0.0,0,0.0,0.0,0.0,0.5755395683453238,28.0,0.046656040733258825,0.8035163230539619,80.7941847206,17.470007683077004,14.937166334284743,15.950302873801647,2024-12-17
2025-12-17,Puebla,Coronango,MX21034,51115,12779,1.8885349696433282,6.0,46.95203067532671,1.510994498946813,0.9672498083325458,0.5130693270898106,0.0,7.825338445887785,-7.825338445887785,0,1.0,1.0,0.38508044330460633,0.5755395683453238,28.0,0.5130693270898106,0.6328940615825595,68.7636360278,41.37192892366788,20.331120205388626,28.747443692700326,2024-12-17
2025-12-17,Puebla,Coxcatlán,MX21035,21736,5434,1.2315056621571832,8.0,147.2211998527788,5.1591430408938965,0.2245679605532626,0.2592806416390042,0.0,0.0,0.0,0,0.0,0.0,0.0,0.5755395683453238,28.0,0.2592806416390042,0.7652456741823708,78.0957273166,23.083332732817542,17.297308300795734,19.611718073604457,2024-12-17
2025-12-17,Puebla,Coyomeapan,MX21036,15737,3934,1.0478371062203333,3.0,76.2582613116421,2.860896690163568,0.548187298486615,0.34703521117487623,0.0,0.0,0.0,0,0.0,0.0,0.0,0.5755395683453238,28.0,0.34703521117487623,1.0,95.33767128,30.41105633524629,19.524134764314343,23.87890339268712,2024-12-17
2025-12-17,Puebla,Coyotepec,MX21037,2439,610,0.5,1.0,163.9344262295082,6.241465132175899,0.1891127634771102,0.2764280990585169,0.0,0.0,0.0,0,0.0,0.0,0.0,0.5755395683453238,28.0,0.2764280990585169,0.4318522491932487,54.588209607,16.929887955620483,15.836110664884274,16.27362158117876,2024-12-17
2025-12-17,Puebla,Cuapiaxtla de Madero,MX21038,11675,2919,0.9025964964419807,2.0,68.51661527920521,0.631653575266901,0.6240469138914271,0.3131333719014707,0.0,0.0,0.0,0,0.0,0.0,0.0,0.5755395683453238,28.0,0.3131333719014707,0.8446224617581206,83.6925720646,26.286450392206532,18.34042500182408,21.518835157977062,2024-12-17
2025-12-17,Puebla,Cuautempan,MX21039,10364,2591,0.8503746444969705,3.0,115.78541103820919,0.4154455045062889,0.31898715565497765,0.15949357782748882,0.0,0.0,0.0,0,0.0,0.0,0.0,0.5755395683453238,28.0,0.15949357782748882,0.821524104517323,82.0639105458,21.21528942517113,16.38125568673231,18.314869182107838,2024-12-17
2025-12-17,Puebla,Cuautinchán,MX21040,13513,3378,0.9709713566237455,1.0,29.60331557134399,4.435519067565493,1.0,0.6236797330973418,0.0,0.0,0.0,0,0.0,0.0,0.2606162009455156,0.5755395683453238,28.0,0.6236797330973418,0.7638986614285866,78.0007496602,34.64833676128161,22.10334336105328,27.121340721144616,2024-12-17
2025-12-17,Puebla,Cuautlancingo,MX21041,148391,37098,2.0,22.0,59.302388268909375,1.164877008362893,0.740151920923212,0.3883676341719067,2.6955631031322445,5.391126206264489,0.0,1,2.0,1.0,0.22338531509615622,0.5755395683453238,28.0,0.3883676341719067,0.1667179498109154,35.8936320569,24.05719013489125,36.72544212276815,31.658141327617393,2024-12-17
2025-12-17,Puebla,Cuayuca de Andrade,MX21042,3521,880,0.5,2.0,227.27272727272728,4.50212115455443,0.10207473455370368,0.1768631819605726,0.0,0.0,0.0,0,0.0,0.0,0.0,0.5755395683453238,28.0,0.1768631819605726,0.7560338836966903,77.4462054252,20.426573132750985,16.26223983222615,17.92797315243608,2024-12-17
2025-12-17,Puebla,Cuetzalan del Progreso,MX21043,52433,13108,1.9126909909030134,16.0,122.06286237412267,1.6774514309505124,0.2962463373137151,0.18293123967084618,7.628928898382667,7.628928898382667,7.628928898382667,1,1.0,0.0,0.0,0.5755395683453238,28.0,0.18293123967084618,0.8268083798509994,82.4365039645,34.06101931345295,46.68892900552098,41.63776512869377,2024-12-17
2025-12-17,Puebla,Cuyoaco,MX21044,18326,4581,1.1307243423468263,5.0,109.14647456887143,4.557672100006652,0.3458836132203284,0.30055760816262606,0.0,0.0,0.0,0,0.0,0.0,0.0,0.5755395683453238,28.0,0.30055760816262606,0.6778940449150948,71.9365777412,22.57460914318068,17.355873752742816,19.443367908917963,2024-12-17
2025-12-17,Puebla,Chalchicomula de Sesma,MX21045,49816,12454,1.8643653663832216,14.0,112.41368235105188,2.190263792798626,0.3322500933956872,0.21745718199847391,0.0,8.029548739360848,-8.029548739360848,0,1.0,1.0,0.8277049397430803,0.5755395683453238,28.0,0.21745718199847391,0.6956704032814206,73.1899859604,35.2021744709725,17.84490971881434,24.787815619677605,2024-12-17
2025-12-17,Puebla,Chapulco,MX21046,8732,2183,0.7805549168575733,1.0,45.80852038479157,0.8244471780743688,0.9944705252213367,0.5045574573862077,0.0,0.0,0.0,0,0.0,0.0,3.6503011498448625,0.5755395683453238,28.0,0.5045574573862077,0.7950809002620823,80.1994043926,40.28218329085483,26.552367262845365,32.04429367404915,2024-12-17
2025-12-17,Puebla,Chiautla,MX21047,22741,5685,1.259626620913464,9.0,158.31134564643799,2.821103565856433,0.20020584559479931,0.1717622532674496,0.0,17.590149516270888,-17.590149516270888,0,1.0,1.0,1.0221813349688236,0.5755395683453238,28.0,0.1717622532674496,0.6231383711556953,68.0757638375,47.957872356537926,17.262231997782106,29.54048814128444,2024-12-17
2025-12-17,Puebla,Chiautzingo,MX21048,23471,5868,1.2797397167681157,4.0,68.1663258350375,1.8002990094683677,0.6278868269321656,0.35270993290274916,0.0,0.0,0.0,0,0.0,0.0,2.6818279339197595,0.5755395683453238,28.0,0.35270993290274916,0.7536821971977741,77.2803883818,32.44626996275106,22.88819443217976,26.711424644408282,2024-12-17
2025-12-17,Puebla,Chiconcuautla,MX21049,18527,4632,1.137001064466197,4.0,86.35578583765113,3.029154167256145,0.4696824096537385,0.31320443280050847,0.0,0.0,0.0,0,0.0,0.0,0.0,0.5755395683453238,28.0,0.31320443280050847,0.9710407657074613,92.6063066981,28.81694829816448,18.973369252359237,22.910800870681335,2024-12-17
2025-12-17,Puebla,Chichiquila,MX21050,28885,7221,1.419630326930551,5.0,69.24248719013987,0.5869975603119202,0.6162134912883206,0.3081067456441603,0.0,0.0,0.0,0,0.0,0.0,0.0,0.5755395683453238,28.0,0.3081067456441603,0.9165026057457337,88.7608296579,27.573254484239484,18.639506206674422,22.213005517700445,2024-12-17
2025-12-17,Puebla,Chietla,MX21051,39132,9783,1.652390245970687,11.0,112.43994684657058,1.9448946345624722,0.3321437061945586,0.2094975960285029,10.221813349688235,20.44362669937647,0.0,1,2.0,1.0,6.457445434586077,0.5755395683453238,28.0,0.2094975960285029,0.613123888224262,67.3696442286,65.80333442196094,55.93930282367917,59.884915462991884,2024-12-17
2025-12-17,Puebla,Chigmecatitlán,MX21052,1253,313,0.5,1.0,319.4888178913738,1.580521721956143,0.03705220706386465,0.0502108630544893,0.0,0.0,0.0,0,0.0,0.0,0.0,0.5755395683453238,28.0,0.0502108630544893,0.8737460423994293,85.7460711332,18.981246739623266,15.330972798866846,16.791082375169413,2024-12-17
2025-12-17,Puebla,Chignahuapan,MX21053,70040,17510,2.0,15.0,85.66533409480297,4.409440580356404,0.4744609681044352,0.36006990472497524,0.0,5.711022272986865,0.0,0,1.0,0.0,0.0,0.5755395683453238,28.0,0.36006990472497524,0.6562533354214682,70.4106947347,32.93800768860464,17.96181776402287,23.95229373385558,2024-12-17
2025-12-17,Puebla,Chignautla,MX21054,38209,9552,1.6327652652439375,5.0,52.345058626465665,8.110396610454831,0.8549024859006271,0.6695444880491945,0.0,0.0,0.0,0,0.0,0.0,0.0,0.5755395683453238,28.0,0.6695444880491945,0.7466118575022636,76.7818598472,35.01857179152111,22.12730537431748,27.283811941198934,2024-12-17
2025-12-17,Puebla,Chila,MX21055,5318,1329,0.609030561590433,2.0,150.48908954100827,2.3119009962369295,0.21701613157314353,0.16375964827450906,0.0,0.0,0.0,0,0.0,0.0,0.0,0.5755395683453238,28.0,0.16375964827450906,0.7372536679166604,76.1220153784,19.65786280656848,16.01109634909324,17.469802932083336,2024-12-17
2025-12-17,Puebla,Chila de la Sal,MX21056,1366,342,0.5,1.0,292.39766081871346,1.2677267021338852,0.05189987082138694,0.047555676951981096,0.0,0.0,0.0,0,0.0,0.0,0.0,0.5755395683453238,28.0,0.047555676951981096,0.5569158069407536,63.4064212999,12.564986447374505,13.71495938834337,13.254970211955824,2024-12-17
2025-12-17,Puebla,Honey,MX21057,7275,1819,0.7125132508034301,1.0,54.97526113249038,3.6837422943009046,0.8081067456441602,0.503509025817571,0.0,0.0,0.0,0,0.0,0.0,0.0,0.5755395683453238,28.0,0.503509025817571,0.7949330058077942,80.188976378,31.003930890683012,20.37648556906565,24.627463697712592,2024-12-17
2025-12-17,Puebla,Chilchotla,MX21058,22155,5539,1.2433467929575852,4.0,72.21520129987363,2.1269727983567903,0.5857757805853998,0.34218063547965716,0.0,0.0,0.0,0,0.0,0.0,0.0,0.5755395683453238,28.0,0.34218063547965716,0.9654823188828262,92.2143814909,29.575065442046238,19.293291450385848,23.406001047050005,2024-12-17
2025-12-17,Puebla,Chinantla,MX21059,3210,803,0.5,2.0,249.06600249066003,4.055512730834912,0.08236318094457926,0.15261659312897347,0.0,0.0,0.0,0,0.0,0.0,0.0,0.5755395683453238,28.0,0.15261659312897347,0.5769463618796533,64.8187725632,16.117425031462272,15.075843157161778,15.492475906881975,2024-12-17
2025-12-17,Puebla,Domingo Arenas,MX21060,8596,2149,0.7744525314156651,1.0,46.53327128897161,1.2524541085879257,0.9770629194366556,0.5096450810683866,0.0,0.0,0.0,0,0.0,0.0,0.0,0.5755395683453238,28.0,0.5096450810683866,0.8816686725599523,86.3046945338,32.92272588325065,20.883796565836228,25.699368292801992,2024-12-17
2025-12-17,Puebla,Eloxochitlán,MX21061,15685,3921,1.0461043717929597,5.0,127.51849018107626,3.2454026007256163,0.27830114370333037,0.22448185146052116,0.0,0.0,0.0,0,0.0,0.0,1.6625103906899419,0.5755395683453238,28.0,0.22448185146052116,1.0,95.8139436321,30.944514390806795,20.860200345736185,24.89392596376443,2024-12-17
2025-12-17,Puebla,Epatlán,MX21062,5418,1355,0.6149591156547538,2.0,147.60147601476015,0.9191217852331742,0.22367198084375697,0.12220883181086274,0.0,0.0,0.0,0,0.0,0.0,0.0,0.5755395683453238,28.0,0.12220883181086274,0.4780017573302113,57.8422041327,13.226300100930107,14.216226998597236,13.820256239530385,2024-12-17
2025-12-17,Puebla,Esperanza,MX21063,15608,3902,1.0435667385545935,4.0,102.51153254741159,0.9098569971894822,0.3762445256624343,0.19819657016637254,0.0,0.0,0.0,0,0.0,0.0,4.283475034485339,0.5755395683453238,28.0,0.19819657016637254,0.7598300818078191,77.7138747541,31.989758442975212,23.7687279491365,27.057140146671987,2024-12-17
2025-12-17,Puebla,Francisco Z. Mena,MX21064,18811,4703,1.1456819879074531,3.0,63.7890708058686,4.411224400503985,0.6794269930789671,0.4626103962454849,0.0,0.0,0.0,0,0.0,0.0,0.0,0.5755395683453238,28.0,0.4626103962454849,0.7240185744440955,75.1888110292,28.358683376246457,19.531129857382123,23.06215126492786,2024-12-17
2025-12-17,Puebla,General Felipe Ángeles,MX21065,23967,5992,1.2931904783029136,6.0,100.13351134846462,1.2301230583268248,0.38810559038827114,0.21444685567250865,0.0,0.0,0.0,0,0.0,0.0,0.0,0.5755395683453238,28.0,0.21444685567250865,0.8770391348176616,85.9782665592,23.974188366528494,17.31827017237424,19.980637450035942,2024-12-17
2025-12-17,Puebla,Guadalupe,MX21066,6775,1694,0.6875959324640126,4.0,236.12750885478158,3.8564016552799067,0.09362692586407892,0.15183262139808004,0.0,0.0,0.0,0,0.0,0.0,0.0,0.5755395683453238,28.0,0.15183262139808004,0.6240886351050761,68.1427667984,17.036751344043925,15.302146862518171,15.995988655128473,2024-12-17
2025-12-17,Puebla,Guadalupe Victoria,MX21067,19919,4980,1.1789388171486936,3.0,60.24096385542169,4.751467010682427,0.7267005891805037,0.4972106405427158,0.0,0.0,0.0,0,0.0,0.0,0.0,0.5755395683453238,28.0,0.4972106405427158,0.7600217179471523,77.727386988,30.11675357522452,20.126348506464183,24.122510533968317,2024-12-17
2025-12-17,Puebla,Hermenegildo Galeana,MX21068,7327,1832,0.7150548070311331,3.0,163.75545851528383,0.5896350524225227,0.18945408908073147,0.09472704454036573,0.0,0.0,0.0,0,0.0,0.0,0.0,0.5755395683453238,28.0,0.09472704454036573,0.823164157164871,82.1795503988,19.305094479508394,15.612257550524571,17.0893923221181,2024-12-17
2025-12-17,Puebla,Huaquechula,MX21069,30874,7719,1.4677669905672832,4.0,51.820183961653065,2.3150634086397113,0.8648094615457325,0.48775821389684926,0.0,0.0,0.0,0,0.0,0.0,0.0,0.5755395683453238,28.0,0.48775821389684926,0.7122493237292684,74.3589630212,28.877732891490847,19.774057415624362,23.415527605970958,2024-12-17
2025-12-17,Puebla,Huatlatlauca,MX21070,6394,1598,0.6678285530559943,2.0,125.15644555694618,2.0422445572396906,0.2858785721037211,0.18950188078365443,0.0,0.0,0.0,0,0.0,0.0,0.0,0.5755395683453238,28.0,0.18950188078365443,0.8088923957001725,81.1732507533,21.862904337513083,16.678196778120544,18.75207980187756,2024-12-17
2025-12-17,Puebla,Huauchinango,MX21071,110368,27592,2.0,27.0,97.85445056538127,0.8510276609785249,0.4000140614479442,0.20818571344901282,0.0,0.0,0.0,0,0.0,0.0,0.0,0.5755395683453238,28.0,0.20818571344901282,0.6284109120566046,68.4475298632,18.813789644602476,15.999995351887005,17.1255130689732,2024-12-17
2025-12-17,Puebla,Huehuetla,MX21072,18149,4537,1.1252809988011476,12.0,264.49195503636764,0.7405787542298582,0.07037411911738453,0.03980680928740865,0.0,0.0,0.0,0,0.0,0.0,0.0,0.5755395683453238,28.0,0.03980680928740865,0.83783117972393,83.2137198416,17.95082787310086,15.026549840284382,16.196261053410975,2024-12-17
2025-12-17,Puebla,Huehuetlán el Chico,MX21073,10252,2563,0.8457673176281759,1.0,39.01677721420211,4.036775534628768,1.0,0.6108312445227225,0.0,0.0,0.0,0,0.0,0.0,0.0,0.5755395683453238,28.0,0.6108312445227225,0.8658396058335608,85.1885895404,35.64172945235289,22.018885193656303,27.468022897134936,2024-12-17
2025-12-17,Puebla,Huejotzingo,MX21074,96113,24028,2.0,16.0,66.5889795238888,3.232553144011902,0.6456784240209208,0.40775645080325523,0.0,16.6472448809722,-4.16181122024305,0,4.0,1.0,0.8939426446399198,0.5755395683453238,28.0,0.40775645080325523,0.5701083040435619,64.3366221858,52.164637881369735,19.61251516712006,32.63336425281993,2024-12-17
2025-12-17,Puebla,Hueyapan,MX21075,13910,3477,0.9850968747475827,2.0,57.52085130859937,5.090299837821959,0.7668916790069004,0.5282242050564956,0.0,0.0,0.0,0,0.0,0.0,0.0,0.5755395683453238,28.0,0.5282242050564956,0.9005176614894396,87.6337337645,33.85707938148366,21.200990998340973,26.263426351598046,2024-12-17
2025-12-17,Puebla,Hueytamalco,MX21076,29784,7446,1.441577887023068,3.0,40.290088638195,6.00477650915735,1.0,0.6742450329542022,0.0,0.0,0.0,0,0.0,0.0,0.0,0.5755395683453238,28.0,0.6742450329542022,0.7558112498719425,77.4305075494,35.34357598606492,22.22970887502597,27.47525571944155,2024-12-17
2025-12-17,Puebla,Hueytlalpan,MX21077,6469,1617,0.6717870162065759,1.0,61.84291898577613,3.0300458800312926,0.7046850877469362,0.43073450500628596,0.0,0.0,0.0,0,0.0,0.0,0.0,0.5755395683453238,28.0,0.43073450500628596,0.9392091016671993,90.361861097,31.70621718353257,20.22457179862726,24.817229952589383,2024-12-17
2025-12-17,Puebla,Huitzilan de Serdán,MX21078,16907,4227,1.0861572860382398,3.0,70.97232079489,3.2726153075477673,0.5981914994171211,0.3853038890626111,0.0,0.0,0.0,0,0.0,0.0,0.0,0.5755395683453238,28.0,0.3853038890626111,0.9553959348329335,91.5031921455,30.667035368537004,19.76033857313183,24.1230172912939,2024-12-17
2025-12-17,Puebla,Huitziltepec,MX21079,6213,1553,0.658358313104857,1.0,64.39150032195751,2.41794208938276,0.6719178297993007,0.3946273998855162,0.0,0.0,0.0,0,0.0,0.0,0.0,0.5755395683453238,28.0,0.3946273998855162,0.6659285063585502,71.0928895085,25.15739212373649,18.424883560634772,21.117886985875458,2024-12-17
2025-12-17,Puebla,Atlequizayan,MX21080,2837,709,0.5,0.0,0.0,3.4144259535508685,0.0,0.09077762403386694,0.0,0.0,0.0,0,0.0,0.0,0.0,0.5755395683453238,28.0,0.09077762403386694,0.8911867525095828,86.9758128469,20.547063771207664,15.904977481170146,17.761811997185156,2024-12-17
2025-12-17,Puebla,Ixcamilpa de Guerrero,MX21081,4302,1076,0.5480027420577555,3.0,278.81040892193306,1.8612601637955917,0.06043301091191701,0.0709473418787846,0.0,0.0,0.0,0,0.0,0.0,0.0,0.5755395683453238,28.0,0.0709473418787846,0.764535661623815,78.0456644433,17.41913348883984,15.033758640880318,15.987908580064127,2024-12-17
2025-12-17,Puebla,Ixcaquixtla,MX21082,9244,2311,0.8031128386780128,3.0,129.81393336218088,2.2593916327237364,0.27120157114800936,0.1891603883771784,0.0,0.0,0.0,0,0.0,0.0,0.0,0.5755395683453238,28.0,0.1891603883771784,0.5179731596746602,60.6605813953,16.034274844808554,15.219502689115268,15.545411551392583,2024-12-17
2025-12-17,Puebla,Ixtacamaxtitlán,MX21083,26653,6663,1.3636769587746311,9.0,135.074290859973,4.46023282478146,0.25584191898505526,0.25239703008752534,0.0,0.0,0.0,0,0.0,0.0,0.0,0.5755395683453238,28.0,0.25239703008752534,0.7177010558231675,74.7433637896,21.92593201908911,16.97698187038197,18.956561929864826,2024-12-17
2025-12-17,Puebla,Ixtepec,MX21084,7567,1892,0.7266698843687215,0.0,0.0,3.1931610071496683,0.0,0.08364792812416372,0.0,0.0,0.0,0,0.0,0.0,0.0,0.5755395683453238,28.0,0.08364792812416372,0.9521144062046236,91.2718120805,21.551725967817386,16.124059398728914,18.295126026364304,2024-12-17
2025-12-17,Puebla,Izúcar de Matamoros,MX21085,87182,21796,2.0,32.0,146.81592952835382,3.661630657990479,0.22552793881344724,0.21150713158284432,0.0,4.587997797761057,-4.587997797761057,0,1.0,1.0,6.120810744650587,0.5755395683453238,28.0,0.21150713158284432,0.5966494704145454,66.2080356323,40.5171405741117,25.88104516128269,31.735483326414293,2024-12-17
2025-12-17,Puebla,Jalpan,MX21086,13040,3260,0.9538616667332781,4.0,122.69938650306749,1.483595348483322,0.2940703865906299,0.17559674880507492,0.0,0.0,0.0,0,0.0,0.0,0.0,0.5755395683453238,28.0,0.17559674880507492,0.6725086357637721,71.556853393,18.718075179427686,15.829416394695588,16.98487990858843,2024-12-17
2025-12-17,Puebla,Jolalpan,MX21087,13923,3481,0.9856633479828678,3.0,86.18213157138753,8.03657178956455,0.47087704926641266,0.4751529540538838,0.0,0.0,0.0,0,0.0,0.0,0.0,0.5755395683453238,28.0,0.4751529540538838,0.8810707852831897,86.2625375964,31.876004327280306,20.46690160527838,25.03054269407915,2024-12-17
2025-12-17,Puebla,Jonotla,MX21088,4801,1200,0.5787183043609389,1.0,83.33333333333333,1.2221499072549706,0.4911859226818742,0.26573010745709863,0.0,0.0,0.0,0,0.0,0.0,1.2714881497304444,0.5755395683453238,28.0,0.26573010745709863,0.7733548740930529,78.6675057208,26.65885422564469,19.561816903546724,22.400631832385912,2024-12-17
2025-12-17,Puebla,Jopala,MX21089,12936,3234,0.9500503093454938,2.0,61.84291898577613,6.470702312132391,0.7046850877469362,0.5416008419007246,0.0,0.0,0.0,0,0.0,0.0,0.0,0.5755395683453238,28.0,0.5416008419007246,0.8170375486498803,81.7475642006,32.58877623001935,20.944110076273926,25.601976537772092,2024-12-17
2025-12-17,Puebla,Juan C. Bonilla,MX21090,25669,6417,1.3382665273977883,3.0,46.75081813931744,2.084451924826376,0.9719430353823374,0.533894136687703,0.0,0.0,0.0,0,0.0,0.0,0.0,0.5755395683453238,28.0,0.533894136687703,0.5341962553270004,61.804469306,26.700749207171103,19.437423147103267,22.3427535711304,2024-12-17
2025-12-17,Puebla,Juan Galindo,MX21091,11079,2770,0.8792583076911323,5.0,180.50541516245488,1.2863001146587274,0.16044141277292923,0.10242492855227686,0.0,0.0,0.0,0,0.0,0.0,0.0,0.5755395683453238,28.0,0.10242492855227686,0.5042773801717091,59.6948941469,13.158295460002488,14.110198273701696,13.729437148222011,2024-12-17
2025-12-17,Puebla,Juan N. Méndez,MX21092,5582,1396,0.6241935908435183,2.0,143.26647564469914,2.9908524520240896,0.23416774315510894,0.19421292492540618,0.0,0.0,0.0,0,0.0,0.0,0.0,0.5755395683453238,28.0,0.19421292492540618,0.7758215166431189,78.8414282972,21.342818080624564,16.5693749125363,18.478752179771607,2024-12-17
2025-12-17,Puebla,Lafragua,MX21093,8057,2014,0.749732485549587,1.0,49.65243296921549,4.078134818572164,0.9079444847033621,0.5661361838169405,0.0,0.0,0.0,0,0.0,0.0,0.0,0.5755395683453238,28.0,0.5661361838169405,0.8916302483355073,87.0070836675,34.81669048121836,21.61149767769665,26.893574799105334,2024-12-17
2025-12-17,Puebla,Libres,MX21094,39241,9810,1.654668882189008,13.0,132.51783893985728,0.9392072712058784,0.263154163647248,0.1425971265293249,0.0,0.0,0.0,0,0.0,0.0,0.0,0.5755395683453238,28.0,0.1425971265293249,0.6360062496171804,68.9830759143,16.998038788223358,15.250908996653628,15.94976091328152,2024-12-17
2025-12-17,Puebla,La Magdalena Tlatlauquitepec,MX21095,696,174,0.5,0.0,0.0,7.022192159349632,0.0,0.20702864516944758,0.0,0.0,0.0,0,0.0,0.0,0.0,0.5755395683453238,28.0,0.20702864516944758,0.8966570932042581,87.3615257048,24.144001219168594,17.32734143827049,20.054005350629733,2024-12-17
2025-12-17,Puebla,Mazapiltepec de Juárez,MX21096,3485,871,0.5,2.0,229.6211251435132,2.711698771779031,0.09977078672926053,0.1180194346936645,0.0,0.0,0.0,0,0.0,0.0,0.0,0.5755395683453238,28.0,0.1180194346936645,0.6153234257039722,67.5247332687,15.84705155488938,14.852562575059663,15.250358166991552,2024-12-17
2025-12-17,Puebla,Mixtla,MX21097,2817,704,0.5,1.0,142.04545454545453,0.7230997163330929,0.23723967358769973,0.12267636931611299,0.0,0.0,0.0,0,0.0,0.0,0.0,0.5755395683453238,28.0,0.12267636931611299,0.4641903098471285,56.8683611533,12.96409727642596,14.152780211244828,13.677307037317282,2024-12-17
2025-12-17,Puebla,Molcaxac,MX21098,7040,1760,0.7008626716484385,3.0,170.45454545454547,7.436629703781799,0.17716636735036811,0.3089660167240248,0.0,0.0,0.0,0,0.0,0.0,0.0,0.5755395683453238,28.0,0.3089660167240248,0.6582923816820245,70.5544675643,22.434828135361233,17.35876633931425,19.389191057733044,2024-12-17
2025-12-17,Puebla,Cañada Morelos,MX21099,21915,5479,1.2365943165678033,5.0,91.25752874612155,1.5507019352643112,0.4378367308358803,0.24964225872710483,18.25150574922431,18.25150574922431,18.25150574922431,1,1.0,0.0,1.0641920653839605,0.5755395683453238,28.0,0.24964225872710483,0.8184768183116126,81.849046877,55.350914394966935,49.24440822562593,51.68701069336233,2024-12-17
2025-12-17,Puebla,Naupan,MX21100,9756,2439,0.8250542315923108,3.0,123.00123001230013,0.18729019753867393,0.2930464097797663,0.14652320488988316,0.0,0.0,0.0,0,0.0,0.0,0.0,0.5755395683453238,28.0,0.14652320488988316,0.9096811393154282,88.2798491379,22.58931893300506,16.666396385471565,19.03556540448496,2024-12-17
2025-12-17,Puebla,Nauzontla,MX21101,3626,907,0.5031300298736376,3.0,330.76074972436606,1.0806872792675475,0.03159099740592541,0.031374374128072105,0.0,0.0,0.0,0,0.0,0.0,1.9072322245956668,0.5755395683453238,28.0,0.031374374128072105,0.7133748346747405,74.4383226201,20.03850819744298,17.52293241319707,18.529162726895432,2024-12-17
2025-12-17,Puebla,Nealtican,MX21102,15169,3792,1.028752160403848,1.0,26.371308016877638,3.0487316341765283,1.0,0.578994061678186,0.0,0.0,0.0,0,0.0,0.0,0.0,0.5755395683453238,28.0,0.578994061678186,0.8403228024547877,83.3894037666,34.17627789944133,21.509254982627997,26.57606414935333,2024-12-17
2025-12-17,Puebla,Nicolás Bravo,MX21103,7204,1801,0.7089791318744407,3.0,166.5741254858412,3.8294303428507104,0.18416354222460282,0.1962318481488909,0.0,0.0,0.0,0,0.0,0.0,0.0,0.5755395683453238,28.0,0.1962318481488909,0.7542347087055569,77.3193458809,20.971649618577864,16.485667951530303,18.280060618349324,2024-12-17
2025-12-17,Puebla,Nopalucan,MX21104,36728,9182,1.600830094466003,5.0,54.454367240252665,2.7715985077396295,0.8170153438986738,0.4785718287775348,0.0,0.0,0.0,0,0.0,0.0,0.0,0.5755395683453238,28.0,0.4785718287775348,0.6810188114816659,72.156904538,27.977531092959364,19.50766823295458,22.89561337695649,2024-12-17
2025-12-17,Puebla,Ocotepec,MX21105,5366,1341,0.6117739563835504,1.0,74.57121551081282,3.299251357021395,0.5633762878477585,0.3687545617177439,0.0,0.0,0.0,0,0.0,0.0,0.0,0.5755395683453238,28.0,0.3687545617177439,0.6041481848511756,66.7367688022,23.145600548555826,17.80550789508463,19.941544956473113,2024-12-17
2025-12-17,Puebla,Ocoyucan,MX21106,45712,11428,1.7859188113008362,4.0,35.00175008750438,2.683148588163749,1.0,0.5672140848214451,0.0,8.750437521876094,0.0,0,1.0,0.0,0.7266602327856438,0.5755395683453238,28.0,0.5672140848214451,0.6000849325590405,66.4502695252,44.66470896183471,21.39347812992851,30.701970462690998,2024-12-17
2025-12-17,Puebla,Olintla,MX21107,12736,3184,0.942677465412058,2.0,62.814070351758794,2.065581740230181,0.6918853776111411,0.39325726445805487,0.0,0.0,0.0,0,0.0,0.0,0.0,0.5755395683453238,28.0,0.39325726445805487,0.9339878465853897,89.9937112263,30.477474865449437,19.748738636639434,24.040233128163436,2024-12-17
2025-12-17,Puebla,Oriental,MX21108,21107,5277,1.2135848410148566,6.0,113.7009664582149,4.775445826864109,0.3270936387409813,0.29817982122905584,0.0,0.0,0.0,0,0.0,0.0,0.0,0.5755395683453238,28.0,0.29817982122905584,0.6307591851284972,68.6131062264,21.560578339441616,17.091666010606986,18.879230942140836,2024-12-17
2025-12-17,Puebla,Pahuatlán,MX21109,21348,5337,1.2204646287915004,4.0,74.94847292486416,1.3378413661890647,0.5599203661110937,0.3038251899782475,0.0,0.0,0.0,0,0.0,0.0,0.0,0.5755395683453238,28.0,0.3038251899782475,0.8379374947955658,83.2212161005,25.873505595258738,18.195301983932627,21.266583428463072,2024-12-17
2025-12-17,Puebla,Palmar de Bravo,MX21110,53698,13424,1.9356087097627757,10.0,74.49344457687724,0.9766834328439499,0.564093071615363,0.29427415379007243,7.449344457687723,14.898688915375446,7.449344457687723,1,2.0,0.0,2.6073579641749016,0.5755395683453238,28.0,0.29427415379007243,0.8548850504874309,84.4161855741,56.03580243608109,52.56725664433716,53.95467496103473,2024-12-17
2025-12-17,Puebla,Pantepec,MX21111,19495,4874,1.1663243919328,5.0,102.58514567090685,3.9500855482424253,0.37588613377863206,0.29598094874251635,0.0,0.0,0.0,0,0.0,0.0,0.0,0.5755395683453238,28.0,0.29598094874251635,0.7612887426249106,77.8167246978,24.105203314773703,17.71792732825058,20.272837722859826,2024-12-17
2025-12-17,Puebla,Petlalcingo,MX21112,9729,2432,0.8238694162059489,1.0,41.11842105263158,1.35638463416877,1.0,0.5244625162165031,0.0,0.0,0.0,0,0.0,0.0,0.0,0.5755395683453238,28.0,0.5244625162165031,0.8527938123867397,84.2687327061,32.78975173422989,20.91723148674756,25.66623958574049,2024-12-17
2025-12-17,Puebla,Piaxtla,MX21113,5102,1276,0.5967630612478335,1.0,78.36990595611286,3.6520124575555237,0.5300970414946912,0.3634817610609429,0.0,0.0,0.0,0,0.0,0.0,0.0,0.5755395683453238,28.0,0.3634817610609429,0.6338882637044488,68.8337370623,23.582218105917264,17.890934681469385,20.167448051248538,2024-12-17
2025-12-17,Puebla,Puebla,MX21114,1790629,447657,2.0,560.0,125.09577645384748,0.7573197242869256,0.28607696761082585,0.14819766839573598,1.5636972056730936,5.361247562307749,-1.1169265754807811,7,24.0,12.0,0.3922733781552153,0.5755395683453238,28.0,0.14819766839573598,0.24515180865015068,41.4239910487,18.80130960456753,25.9150189554389,23.069535215090355,2024-12-17
2025-12-17,Puebla,Quecholac,MX21115,61812,15453,2.0,8.0,51.769882870640004,2.5941962821610307,0.8657694398059173,0.49723254460240357,0.0,0.0,0.0,0,0.0,0.0,1.2415574096146205,0.5755395683453238,28.0,0.49723254460240357,0.9339871968945279,89.9936654167,36.74077867443454,23.092477682231888,28.551798079112945,2024-12-17
2025-12-17,Puebla,Quimixtlán,MX21116,24481,6120,1.3069299394352558,7.0,114.37908496732027,1.9536174455930524,0.3244239849126582,0.20591880562094195,0.0,0.0,0.0,0,0.0,0.0,0.0,0.5755395683453238,28.0,0.20591880562094195,0.8750721850525452,85.8395772421,23.679007869679165,17.20609882292986,19.79526244162958,2024-12-17
2025-12-17,Puebla,Rafael Lara Grajales,MX21117,18550,4637,1.1376145653280119,8.0,172.52533965926244,2.168608366278181,0.1735611156621192,0.1374149025037712,0.0,0.0,0.0,0,0.0,0.0,0.0,0.5755395683453238,28.0,0.1374149025037712,0.556971594405172,63.4103548652,15.261878963216576,14.793549032286943,14.980881004658798,2024-12-17
2025-12-17,Puebla,Los Reyes de Juárez,MX21118,32924,8231,1.5156638652005365,8.0,97.19353662981412,0.099012415418382,0.40357190680235683,0.20178595340117841,0.0,0.0,0.0,0,0.0,0.0,0.0,0.5755395683453238,28.0,0.20178595340117841,0.8985646951438353,87.4960304161,24.02487250491206,17.273967146749147,19.97432929001431,2024-12-17
2025-12-17,Puebla,San Andrés Cholula,MX21119,143049,35762,2.0,42.0,117.44309602371231,0.8604940185406615,0.31274577318876146,0.16485659843446335,2.7962641910407697,2.7962641910407697,2.7962641910407697,1,1.0,0.0,0.3127394411346187,0.5755395683453238,28.0,0.16485659843446335,0.3626124427372522,49.7061217958,17.401854817901075,35.93927197162257,28.52430511013397,2024-12-17
2025-12-17,Puebla,San Antonio Cañada,MX21120,6338,1585,0.6651065567177966,1.0,63.09148264984227,1.7741142367777853,0.6883014587731184,0.38207351162135517,0.0,0.0,0.0,0,0.0,0.0,0.0,0.5755395683453238,28.0,0.38207351162135517,0.8746733556974569,85.8114558473,28.955672462589792,19.317961148159373,23.17304567393154,2024-12-17
2025-12-17,Puebla,San Diego la Mesa Tochimiltzingo,MX21121,1453,363,0.5,1.0,275.4820936639118,5.160688091927408,0.06265162733545483,0.17837226034048537,0.0,0.0,0.0,0,0.0,0.0,0.0,0.5755395683453238,28.0,0.17837226034048537,0.7894209298004616,79.8003207698,21.139586406223795,16.44728400330396,18.324204964471896,2024-12-17
2025-12-17,Puebla,San Felipe Teotlalcingo,MX21122,12021,3005,0.9157961935688406,1.0,33.277870216306155,2.7197919324016677,1.0,0.5683948226914971,0.0,0.0,0.0,0,0.0,0.0,3.575770578559679,0.5755395683453238,28.0,0.5683948226914971,0.7398591223109546,76.305725556,40.904131169248146,26.916481742257993,32.511541513054055,2024-12-17
2025-12-17,Puebla,San Felipe Tepatlán,MX21123,4000,1000,0.528295116232711,1.0,100.0,2.4934216715915616,0.38878824159551356,0.25549474190501453,0.0,0.0,0.0,0,0.0,0.0,0.0,0.5755395683453238,28.0,0.25549474190501453,0.8466847379445179,83.8379828326,24.598537016040794,17.659072822798592,20.434858500095476,2024-12-17
2025-12-17,Puebla,San Gabriel Chilac,MX21124,16789,4197,1.082296067681526,3.0,71.4796283059328,1.476041297904196,0.5930716153628031,0.3248539532683894,0.0,0.0,0.0,0,0.0,0.0,0.0,0.5755395683453238,28.0,0.3248539532683894,0.858762836200224,84.6896076319,26.920875322056165,18.551773850437623,21.899414439085042,2024-12-17
2025-12-17,Puebla,San Gregorio Atzompa,MX21125,10839,2710,0.8696835216639176,5.0,184.50184501845018,1.6178598910829969,0.15429755190774763,0.11003666229805054,0.0,0.0,0.0,0,0.0,0.0,0.6990660477601924,0.5755395683453238,28.0,0.11003666229805054,0.4133222219359457,53.2816603134,13.3378244908613,14.926950076272744,14.291299842108169,2024-12-17
2025-12-17,Puebla,San Jerónimo Tecuanipan,MX21126,7495,1874,0.7232049486220452,3.0,160.08537886872998,0.4193415537701425,0.1966219267567767,0.09831096337838835,0.0,0.0,0.0,0,0.0,0.0,0.39946631300582425,0.5755395683453238,28.0,0.09831096337838835,0.7643323189187465,78.0313267813,19.247563955841365,16.03549783609341,17.320324283992594,2024-12-17
2025-12-17,Puebla,San Jerónimo Xayacatlán,MX21127,3788,947,0.5141047132190687,0.0,0.0,7.35648139670692,0.0,0.21780025923217625,0.0,0.0,0.0,0,0.0,0.0,0.0,0.5755395683453238,28.0,0.21780025923217625,0.499938163400623,59.3889366581,16.53277104497775,15.47300615800506,15.896912112794134,2024-12-17
2025-12-17,Puebla,San José Chiapa,MX21128,11469,2867,0.8945207976553151,4.0,139.51866062085804,2.34038919723928,0.24376752575695526,0.1780533046431319,0.0,0.0,0.0,0,0.0,0.0,0.0,0.5755395683453238,28.0,0.1780533046431319,0.6511813001663685,70.0530663304,18.365225142621327,15.752258386765256,16.797445089107683,2024-12-17
2025-12-17,Puebla,San José Miahuatlán,MX21129,14817,3704,1.0167450925920791,3.0,80.99352051835854,5.34571676601219,0.5089348540701767,0.40747594859705216,0.0,0.0,0.0,0,0.0,0.0,0.0,0.5755395683453238,28.0,0.40747594859705216,0.8684459678415752,85.3723637137,29.593197814743068,19.59165345258833,23.592271197450223,2024-12-17
2025-12-17,Puebla,San Juan Atenco,MX21130,3933,983,0.5237853591196807,1.0,101.7293997965412,4.470217430641831,0.3800844387031729,0.3148400182850332,0.0,0.0,0.0,0,0.0,0.0,0.0,0.5755395683453238,28.0,0.3148400182850332,0.6083665123993969,67.034202411,21.612530796538934,17.179625011633213,18.9527873255955,2024-12-17
2025-12-17,Puebla,San Juan Atzompa,MX21131,1036,259,0.5,0.0,0.0,7.814038752949614,0.0,0.23254387255329861,0.0,0.0,0.0,0,0.0,0.0,0.0,0.5755395683453238,28.0,0.23254387255329861,0.8400027848832009,83.3668393782,23.776371874262974,17.350252625271416,19.92070032486804,2024-12-17
2025-12-17,Puebla,San Martín Texmelucan,MX21132,164453,41113,2.0,51.0,124.0483545350619,0.6638197562661222,0.2895327638601363,0.14691276964317337,0.0,7.296962031474229,-2.4323206771580765,0,3.0,1.0,1.5324731050970053,0.5755395683453238,28.0,0.14691276964317337,0.5836071223349699,65.2884217303,31.473422027889463,17.627873661118514,23.166093007826895,2024-12-17
2025-12-17,Puebla,San Martín Totoltepec,MX21133,991,248,0.5,1.0,403.2258064516129,1.4032662748676712,0.003772960710797438,0.027859637309929398,0.0,0.0,0.0,0,0.0,0.0,0.0,0.5755395683453238,28.0,0.027859637309929398,0.555616999304228,63.3148425787,11.948129105382444,13.472112874456121,12.86251936682665,2024-12-17
2025-12-17,Puebla,San Matías Tlalancaleca,MX21134,22314,5579,1.2478281439169923,3.0,53.773077612475355,2.7166607841292314,0.8289276074650537,0.48275773319446474,0.0,17.924359204158453,0.0,0,1.0,0.0,3.575770578559679,0.5755395683453238,28.0,0.48275773319446474,0.7473706798950761,76.8353642942,66.7662812923809,25.926394456214208,42.26234919068089,2024-12-17
2025-12-17,Puebla,San Miguel Ixitlán,MX21135,542,135,0.5,1.0,740.7407407407408,1.0955864776839115,0.0,0.01605896391510635,0.0,0.0,0.0,0,0.0,0.0,0.0,0.5755395683453238,28.0,0.01605896391510635,0.7780430145563907,78.998065764,16.042629208581005,14.44263486997906,15.082632605419837,2024-12-17
2025-12-17,Puebla,San Miguel Xoxtla,MX21136,13396,3349,0.9667944968909018,3.0,89.57897879964169,0.4256729169018954,0.4483495594274133,0.22417477971370664,0.0,59.719319199761124,-29.859659599880562,0,2.0,1.0,0.0,0.5755395683453238,28.0,0.22417477971370664,0.34014782729975385,48.1221453114,48.52819993740628,14.750548723279078,28.26160920892996,2024-12-17
2025-12-17,Puebla,San Nicolás Buenos Aires,MX21137,11274,2819,0.8870010498335418,1.0,35.4735721887194,7.261321560227104,1.0,0.7147339773472545,0.0,0.0,0.0,0,0.0,0.0,0.0,0.5755395683453238,28.0,0.7147339773472545,0.8730883036567986,85.6996940784,38.903785393553605,23.301961476666875,29.54269104342157,2024-12-17
2025-12-17,Puebla,San Nicolás de los Ranchos,MX21138,12545,3136,0.935544872661705,2.0,63.775510204081634,6.01638937207459,0.6795976558807778,0.5144180556443139,0.0,0.0,0.0,0,0.0,0.0,0.0,0.5755395683453238,28.0,0.5144180556443139,0.8422196729634205,83.5231518064,32.27693512859783,20.7438272627647,25.357070409097947,2024-12-17
2025-12-17,Puebla,San Pablo Anicano,MX21139,4025,1006,0.5298776313587369,1.0,99.40357852882704,5.360118851756271,0.39186017202810436,0.3494026778839924,0.0,0.0,0.0,0,0.0,0.0,0.0,0.5755395683453238,28.0,0.3494026778839924,0.6553399035656998,70.3462887989,23.588878407833768,17.82924388265224,20.13309769272485,2024-12-17
2025-12-17,Puebla,San Pedro Cholula,MX21140,150459,37615,2.0,45.0,119.63312508307855,2.1555745459357953,0.3047652555040943,0.20259699096319267,0.0,0.0,0.0,0,0.0,0.0,0.8819405624807635,0.5755395683453238,28.0,0.20259699096319267,0.3586599275859463,49.4274305771,15.484490813671592,16.073097448408465,15.837654794513718,2024-12-17
2025-12-17,Puebla,San Pedro Yeloixtlahuaca,MX21141,3698,924,0.5078232511099193,1.0,108.22510822510823,5.6084724615166905,0.3498771227826965,0.3364137119334527,0.0,0.0,0.0,0,0.0,0.0,0.0,0.5755395683453238,28.0,0.3364137119334527,0.5568329710098131,63.4005805515,21.229070778199844,17.180841628466325,18.80013328835973,2024-12-17
2025-12-17,Puebla,San Salvador el Seco,MX21142,32194,8049,1.4988133737876106,6.0,74.54342154304882,3.6415734776526265,0.5636322820504743,0.37991301196119154,0.0,0.0,0.0,0,0.0,0.0,0.0,0.5755395683453238,28.0,0.37991301196119154,0.8422445099358359,83.5249030574,28.24228055755247,19.129890923429308,22.774846777078572,2024-12-17
2025-12-17,Puebla,San Salvador el Verde,MX21143,37288,9322,1.6129880326663864,7.0,75.09118214975327,2.940662389550426,0.5586221097973204,0.35482286209457337,10.727311735679038,10.727311735679038,10.727311735679038,1,1.0,0.0,0.0,0.5755395683453238,28.0,0.35482286209457337,0.6394060172369155,69.2227929919,40.35834532051691,47.81461666153529,44.83210812512793,2024-12-17
2025-12-17,Puebla,San Salvador Huixcolotla,MX21144,17901,4475,1.1175658329660572,5.0,111.73184357541899,0.6669139201351789,0.33502945902517417,0.16976081872762458,0.0,0.0,0.0,0,0.0,0.0,0.0,0.5755395683453238,28.0,0.16976081872762458,0.8359866205252787,83.083660264,21.812556972334313,16.576775157573717,18.671087883477956,2024-12-17
2025-12-17,Puebla,San Sebastián Tlacotepec,MX21145,14077,3519,0.991028694483938,10.0,284.1716396703609,4.29948194728902,0.0569685560351618,0.14778056350707466,0.0,0.0,0.0,0,0.0,0.0,0.0,0.5755395683453238,28.0,0.14778056350707466,0.9742003284334262,92.8290869666,23.917423473880763,17.004080634467854,19.76941777023302,2024-12-17
2025-12-17,Puebla,Santa Catarina Tlaltempan,MX21146,822,206,0.5,0.0,0.0,2.5851873552776445,0.0,0.06405753511586658,0.0,0.0,0.0,0,0.0,0.0,0.0,0.5755395683453238,28.0,0.06405753511586658,0.7493934819425125,76.9779917469,16.90959569232625,14.87537006131879,15.689060313721773,2024-12-17
2025-12-17,Puebla,Santa Inés Ahuatempan,MX21147,6606,1651,0.6788129712653815,1.0,60.56935190793458,4.258714601447695,0.7220926935316175,0.4790290090012724,0.0,0.0,0.0,0,0.0,0.0,0.0,0.5755395683453238,28.0,0.4790290090012724,0.7929019866862044,80.0457695407,30.22891000376226,20.072570271662123,24.13510616450218,2024-12-17
2025-12-17,Puebla,Santa Isabel Cholula,MX21148,12347,3087,0.9282071525266731,3.0,97.18172983479106,1.6065611722790452,0.40363590535303584,0.23434176676003318,0.0,0.0,0.0,0,0.0,0.0,0.0,0.5755395683453238,28.0,0.23434176676003318,0.8145819183270201,81.5744180946,23.3218913693414,17.24472302297133,19.675590361519358,2024-12-17
2025-12-17,Puebla,Santiago Miahuatlán,MX21149,32901,8225,1.5151113417487239,2.0,24.316109422492403,1.659722418968425,1.0,0.5342367990331907,0.0,0.0,0.0,0,0.0,0.0,0.0,0.5755395683453238,28.0,0.5342367990331907,0.6931942237804666,73.0153909351,29.89098844660505,20.23652493751645,24.09831034115189,2024-12-17
2025-12-17,Puebla,Huehuetlán el Grande,MX21150,6389,1597,0.6676195627354157,1.0,62.61740763932373,2.5176985164941175,0.6944453196383001,0.4091055400443452,0.0,0.0,0.0,0,0.0,0.0,0.2606162009455156,0.5755395683453238,28.0,0.4091055400443452,0.78966369040837,79.8174377819,28.726411549287377,19.65727818931624,23.284931533304697,2024-12-17
2025-12-17,Puebla,Santo Tomás Hueyotlipan,MX21151,9986,2497,0.8348065868204609,1.0,40.04805766920305,2.5030588741751743,1.0,0.5614111552653289,0.0,0.0,0.0,0,0.0,0.0,0.0,0.5755395683453238,28.0,0.5614111552653289,0.8561378116869017,84.5045175683,33.965090891697905,21.377335151834284,26.412437447779734,2024-12-17
2025-12-17,Puebla,Soltepec,MX21152,13547,3387,0.9722639749328752,2.0,59.04930617065249,2.416452584343194,0.7438522007624693,0.4305465898840346,0.0,0.0,0.0,0,0.0,0.0,0.0,0.5755395683453238,28.0,0.4305465898840346,0.7443458830122133,76.622086344,27.803315356765303,19.248000723885312,22.67012657703731,2024-12-17
2025-12-17,Puebla,Tecali de Herrera,MX21153,25066,6267,1.3225327742169701,5.0,79.78299026647518,1.5159786321386384,0.5185261035319326,0.28886807560984473,0.0,0.0,0.0,0,0.0,0.0,0.0,0.5755395683453238,28.0,0.28886807560984473,0.7092027904978734,74.1441524445,22.850098078252813,17.372143090023336,19.563325085315125,2024-12-17
2025-12-17,Puebla,Tecamachalco,MX21154,85476,21369,2.0,30.0,140.39028499227854,0.43216447373617023,0.2414891773527837,0.12074458867639185,0.0,0.0,0.0,0,0.0,0.0,1.0641920653839605,0.5755395683453238,28.0,0.12074458867639185,0.6411245602660247,69.3439671893,19.139736064302422,16.81087489478944,17.74241936259463,2024-12-17
2025-12-17,Puebla,Tecomatlán,MX21155,7231,1808,0.710355600767871,2.0,110.61946902654867,5.770466456296864,0.33963735467406037,0.3365136692537666,0.0,0.0,0.0,0,0.0,0.0,0.0,0.5755395683453238,28.0,0.3365136692537666,0.5846065544884363,65.3588915335,21.787541167381725,17.32090903370321,19.10756188717462,2024-12-17
2025-12-17,Puebla,Tehuacán,MX21156,345098,86274,2.0,90.0,104.31879824744419,1.933153824772154,0.3675919216106368,0.22684338622669636,0.0,1.1590977583049353,-1.1590977583049353,0,1.0,1.0,0.0,0.5755395683453238,28.0,0.22684338622669636,0.4682283001538407,57.1530792117,17.998690591139262,15.42297436570539,16.453260855878938,2024-12-17
2025-12-17,Puebla,Tehuitzingo,MX21157,13286,3321,0.9627444722163522,2.0,60.222824450466724,3.9165129866343293,0.7269565833832197,0.4704343837761701,0.0,0.0,0.0,0,0.0,0.0,0.0,0.5755395683453238,28.0,0.4704343837761701,0.7218639292788708,75.0368873391,28.550310098862518,19.614244481924224,23.188670728699538,2024-12-17
2025-12-17,Puebla,Tenampulco,MX21158,7206,1801,0.7089791318744407,1.0,55.5247084952804,7.419465519814021,0.7988909543463879,0.6192752383766346,0.0,0.0,0.0,0,0.0,0.0,0.0,0.5755395683453238,28.0,0.6192752383766346,0.5951688247545339,66.1036355408,30.481633646389717,20.766859214508113,24.652768987260753,2024-12-17
2025-12-17,Puebla,Teopantlán,MX21159,3962,990,0.5256470037363289,0.0,0.0,9.530020837541471,0.0,0.28783699805115764,0.0,0.0,0.0,0,0.0,0.0,0.17374413396367705,0.5755395683453238,28.0,0.28783699805115764,0.9759405683002713,92.9517910046,28.593902334066573,18.98677973268202,22.829628773235843,2024-12-17
2025-12-17,Puebla,Teotlalco,MX21160,4460,1115,0.5578456227007584,2.0,179.37219730941703,7.1757119529719535,0.16223337219194056,0.29309211322275014,0.0,0.0,0.0,0,0.0,0.0,0.0,0.5755395683453238,28.0,0.29309211322275014,0.6102905296005559,67.1698645598,20.99857398869362,16.928270236891606,18.55639173761241,2024-12-17
2025-12-17,Puebla,Tepanco de López,MX21161,24016,6004,1.2944847476626915,5.0,83.27781479013991,2.1101655884766095,0.4915955134062196,0.2945489326198991,0.0,0.0,0.0,0,0.0,0.0,3.0419176248707185,0.5755395683453238,28.0,0.2945489326198991,0.6649145534279638,71.0213958476,29.837960350512038,22.354339724364962,25.34778797482379,2024-12-17
2025-12-17,Puebla,Tepango de Rodríguez,MX21162,4549,1137,0.5633221501261727,0.0,0.0,0.9869059916752063,0.0,0.012557013745575916,0.0,0.0,0.0,0,0.0,0.0,0.0,0.5755395683453238,28.0,0.012557013745575916,1.0,95.5110402355,20.37671041236728,15.51039639516274,17.456922002044557,2024-12-17
2025-12-17,Puebla,Tepatlaxco de Hidalgo,MX21163,20064,5016,1.1831923684904466,2.0,39.87240829346093,4.285804561857856,1.0,0.6188555667920677,0.0,0.0,0.0,0,0.0,0.0,0.3127394411346187,0.5755395683453238,28.0,0.6188555667920677,0.8410168149604644,83.4383384787,36.177969150718866,22.519040338354664,27.982611863300345,2024-12-17
2025-12-17,Puebla,Tepeaca,MX21164,89703,22426,2.0,35.0,156.0688486578079,2.120782174772088,0.20485274988409938,0.15151964314736915,0.0,0.0,0.0,0,0.0,0.0,0.0,0.5755395683453238,28.0,0.15151964314736915,0.7075810438451194,74.0298033443,18.697210171323462,15.715853167209856,16.9083959688553,2024-12-17
2025-12-17,Puebla,Tepemaxalco,MX21165,1279,320,0.5,1.0,312.5,0.7635604878433199,0.04063612590188728,0.025678340155009367,0.0,0.0,0.0,0,0.0,0.0,0.0,0.5755395683453238,28.0,0.025678340155009367,0.8718360030114731,85.6113945578,18.207070264879743,15.027032327133307,16.299047502231883,2024-12-17
2025-12-17,Puebla,Tepeojuma,MX21166,9448,2362,0.8119261751360513,3.0,127.01100762066045,2.171681923175045,0.2799053740403501,0.19068606918794506,0.0,42.337002540220155,-42.337002540220155,0,1.0,1.0,5.534953229645208,0.5755395683453238,28.0,0.19068606918794506,0.7648146660514318,78.0653370014,70.03331640217527,25.816312394400516,43.503113997510425,2024-12-17
2025-12-17,Puebla,Tepetzintla,MX21167,10919,2730,0.8728867867315099,5.0,183.15018315018315,2.8115493166893137,0.1563455055294748,0.14952422203799576,0.0,0.0,0.0,0,0.0,0.0,0.0,0.5755395683453238,28.0,0.14952422203799576,0.9158284095857044,88.7132921932,22.80229485285396,16.7331449426003,19.160804906701763,2024-12-17
2025-12-17,Puebla,Tepexco,MX21168,7929,1982,0.7437524699344743,2.0,100.90817356205852,2.9432736320897908,0.3841803459466273,0.2676861207687884,0.0,50.45408678102926,0.0,0,1.0,0.0,6.120810744650587,0.5755395683453238,28.0,0.2676861207687884,0.9286251146654343,89.6155858461,76.60308591637234,28.21507125276846,47.570277118210015,2024-12-17
2025-12-17,Puebla,Tepexi de Rodríguez,MX21169,23497,5874,1.2803938132671326,3.0,51.07252298263534,1.5439076016844546,0.8792731339991811,0.4701415303195212,0.0,0.0,0.0,0,0.0,0.0,0.0,0.5755395683453238,28.0,0.4701415303195212,0.6322595498782294,68.7188967078,26.749436907150226,19.16270834344123,22.197399768924832,2024-12-17
2025-12-17,Puebla,Tepeyahualco,MX21170,20566,5141,1.1978443751520687,5.0,97.25734292939117,3.4655297482581227,0.40322631462869035,0.2940374701799531,0.0,0.0,0.0,0,0.0,0.0,0.0,0.5755395683453238,28.0,0.2940374701799531,0.7488846045305393,76.942110881,23.79881619600938,17.63258489502796,20.09907741542053,2024-12-17
2025-12-17,Puebla,Tepeyahualco de Cuauhtémoc,MX21171,4101,1025,0.5348580401201957,1.0,97.5609756097561,1.5488806873505518,0.4015879517313086,0.2314591841277183,0.0,0.0,0.0,0,0.0,0.0,0.0,0.5755395683453238,28.0,0.2314591841277183,0.7066729446661728,73.9657734147,21.077234417155005,16.67058716307931,18.43324606470959,2024-12-17
2025-12-17,Puebla,Tetela de Ocampo,MX21172,28653,7163,1.4139175056595397,10.0,139.60631020522126,2.3079390825942774,0.243537130974511,0.17689248546040207,0.0,0.0,0.0,0,0.0,0.0,0.0,0.5755395683453238,28.0,0.17689248546040207,0.7480346370405246,76.8821798076,20.267467304622556,16.222595240943278,17.84054406641499,2024-12-17
2025-12-17,Puebla,Teteles de Avila Castillo,MX21173,7326,1831,0.7148596235125436,1.0,54.614964500273075,0.7821758243179624,0.814250606509342,0.41308541197511417,0.0,0.0,0.0,0,0.0,0.0,0.0,0.5755395683453238,28.0,0.41308541197511417,0.4482355878469123,55.7433962264,21.35727411619167,17.55791511315176,19.077658714367725,2024-12-17
2025-12-17,Puebla,Teziutlán,MX21174,109485,27371,2.0,31.0,113.25855832815753,1.6776272580079392,0.3288525666499647,0.1992400199153424,0.0,0.0,0.0,0,0.0,0.0,0.0,0.5755395683453238,28.0,0.1992400199153424,0.3828283717875516,51.1315437584,13.633768033211306,14.664734328137696,14.25234781016714,2024-12-17
2025-12-17,Puebla,Tianguismanalco,MX21175,15443,3861,1.0380696570530432,1.0,25.9000259000259,4.292710031601517,1.0,0.6190780778593954,0.0,0.0,0.0,0,0.0,0.0,0.0,0.5755395683453238,28.0,0.6190780778593954,0.7620286152234436,77.8688929978,33.81291464025074,21.598792240645793,26.48444120048777,2024-12-17
2025-12-17,Puebla,Tilapa,MX21176,10324,2581,0.848732041756994,1.0,38.74467260751646,3.122579832391761,1.0,0.581373630630782,38.74467260751646,38.74467260751646,38.74467260751646,1,1.0,0.0,2.044362669937647,0.5755395683453238,28.0,0.581373630630782,0.5291072468116215,61.4456441198,68.2003964728911,53.43309377700013,59.340014855356515,2024-12-17
2025-12-17,Puebla,Tlacotepec de Benito Juárez,MX21177,57888,14472,2.0,11.0,76.00884466556109,0.3097024986502859,0.5503904001099882,0.2751952000549941,0.0,0.0,0.0,0,0.0,0.0,4.283475034485339,0.5755395683453238,28.0,0.2751952000549941,0.8013841822804033,80.6438478116,35.13079934908555,24.900482010162882,28.992608945731945,2024-12-17
2025-12-17,Puebla,Tlacuilotepec,MX21178,16856,4214,1.08448577931022,4.0,94.92168960607499,5.056826822936714,0.41617962128611496,0.3517895940655198,0.0,0.0,0.0,0,0.0,0.0,0.0,0.5755395683453238,28.0,0.3517895940655198,0.8471710653116237,83.8722736984,27.497109128198073,18.817042685560185,22.289069262615342,2024-12-17
2025-12-17,Puebla,Tlachichuca,MX21179,33248,8312,1.5231033144180641,10.0,120.30798845043311,1.1970914774184136,0.30236459875862515,0.17051200180583811,0.0,0.0,0.0,0,0.0,0.0,0.0,0.5755395683453238,28.0,0.17051200180583811,0.8207130970777536,82.0067265394,21.52962199573022,16.509421737274653,18.51750184065688,2024-12-17
2025-12-17,Puebla,Tlahuapan,MX21180,43774,10943,1.7476111042185714,9.0,82.24435712327515,2.9860411163942726,0.4993208495681795,0.3266344451702453,0.0,0.0,0.0,0,0.0,0.0,1.098944816238039,0.5755395683453238,28.0,0.3266344451702453,0.7644273850033211,78.0380298759,27.870494396267535,19.956738058004547,23.122240593309744,2024-12-17
2025-12-17,Puebla,Tlaltenango,MX21181,8057,2014,0.749732485549587,1.0,49.65243296921549,1.2685863918904945,0.9079444847033621,0.4756056851924334,0.0,0.0,0.0,0,0.0,0.0,0.0,0.5755395683453238,28.0,0.4756056851924334,0.6795585525103753,72.0539419087,27.859341605980507,19.464773215076907,22.822600571438347,2024-12-17
2025-12-17,Puebla,Tlanepantla,MX21182,5785,1446,0.6352735043600451,1.0,69.15629322268326,0.9007291930788683,0.6171350704180978,0.3183477224465996,0.0,0.0,0.0,0,0.0,0.0,0.0,0.5755395683453238,28.0,0.3183477224465996,0.9602169157273144,91.8431187465,28.75476998794427,18.980969478211595,22.89048968210467,2024-12-17
2025-12-17,Puebla,Tlaola,MX21183,22027,5507,1.2397500490837585,6.0,108.95224260032685,4.11516136266686,0.3467198609492004,0.2867169574433525,0.0,0.0,0.0,0,0.0,0.0,0.0,0.5755395683453238,28.0,0.2867169574433525,0.9573185861396682,91.6387579853,27.74788044609394,18.5869086502344,22.251297368578214,2024-12-17
2025-12-17,Puebla,Tlapacoya,MX21184,6909,1727,0.6942609922972923,2.0,115.80775911986103,4.306491382464622,0.31890182425407243,0.2789730587034922,0.0,0.0,0.0,0,0.0,0.0,0.0,0.5755395683453238,28.0,0.2789730587034922,0.8921847692053315,87.0461828464,26.212887145211393,18.168312780684392,21.386142526495195,2024-12-17
2025-12-17,Puebla,Tlapanalá,MX21185,10933,2733,0.8733662631679601,1.0,36.58982802780827,1.6872801515566878,1.0,0.5351247763495749,0.0,0.0,0.0,0,0.0,0.0,9.686168151879116,0.5755395683453238,28.0,0.5351247763495749,0.7179066812038952,74.7578624027,45.411876914565156,30.370742952430202,36.38719653728418,2024-12-17
2025-12-17,Puebla,Tlatlauquitepec,MX21186,59279,14820,2.0,13.0,87.71929824561404,0.17295673326592265,0.4604666183559659,0.23023330917798296,0.0,0.0,0.0,0,0.0,0.0,0.6935389907620607,0.5755395683453238,28.0,0.23023330917798296,0.6127713679915433,67.3447880827,20.918710373390724,17.357224605789582,18.78181891283004,2024-12-17
2025-12-17,Puebla,Tlaxco,MX21187,5269,1317,0.6062747530560169,2.0,151.8602885345482,3.086099349735932,0.21394420114055274,0.18717024112815872,0.0,0.0,0.0,0,0.0,0.0,0.0,0.5755395683453238,28.0,0.18717024112815872,0.748466229258718,76.9126113067,20.584431819019123,16.348086270047325,18.042624489636044,2024-12-17
2025-12-17,Puebla,Tochimilco,MX21188,20565,5141,1.1978443751520687,5.0,97.25734292939117,2.8211629105709397,0.40322631462869035,0.2732744000157502,0.0,0.0,0.0,0,0.0,0.0,0.0,0.5755395683453238,28.0,0.2732744000157502,0.890631456827357,86.9366590361,26.010861137019646,18.092162314541614,21.25964184353283,2024-12-17
2025-12-17,Puebla,Tochtepec,MX21189,24220,6055,1.2999710166588117,4.0,66.06110652353426,1.52158579250991,0.6518222848861026,0.35569684266163043,0.0,16.515276630883566,-16.515276630883566,0,1.0,1.0,0.0,0.5755395683453238,28.0,0.35569684266163043,0.7442226371651474,76.6133962988,51.61314094814603,18.34918752798113,31.65476889604709,2024-12-17
2025-12-17,Puebla,Totoltepec de Guerrero,MX21190,1250,313,0.5,0.0,0.0,15.73070407465805,0.0,0.48763812621031616,0.0,0.0,0.0,0,0.0,0.0,0.0,0.5755395683453238,28.0,0.48763812621031616,0.660836366579594,70.7338435374,27.845871117901368,19.515551577637595,22.847679393743103,2024-12-17
2025-12-17,Puebla,Tulcingo,MX21191,10349,2587,0.8497179844419017,4.0,154.61925009663702,7.5996904266224155,0.207928337376729,0.32960121569011036,0.0,0.0,0.0,0,0.0,0.0,0.0,0.5755395683453238,28.0,0.32960121569011036,0.7322223621274027,75.7672588023,24.532483713251363,17.976038629134166,20.598616662781044,2024-12-17
2025-12-17,Puebla,Tuzamapan de Galeana,MX21192,6301,1575,0.6630051089476237,1.0,63.492063492063494,3.789946721312465,0.6831815747188005,0.4444686058681022,0.0,0.0,0.0,0,0.0,0.0,1.089846985483238,0.5755395683453238,28.0,0.4444686058681022,0.7443908409714352,76.6252563226,30.98174944124663,21.25520600267347,25.14582337810274,2024-12-17
2025-12-17,Puebla,Tzicatlacoyan,MX21193,6811,1703,0.6894200663670684,2.0,117.43981209630064,3.7150843328771708,0.3127579633888907,0.25684455156955704,0.0,0.0,0.0,0,0.0,0.0,0.17374413396367705,0.5755395683453238,28.0,0.25684455156955704,0.731719940019927,75.7318330989,22.77971637401167,17.39376723350109,19.548146889705322,2024-12-17
2025-12-17,Puebla,Venustiano Carranza,MX21194,30177,7544,1.4510334888891283,6.0,79.53340402969248,2.0491633469472084,0.5205399245932976,0.30705549729747356,0.0,0.0,0.0,0,0.0,0.0,0.0,0.5755395683453238,28.0,0.30705549729747356,0.6870316607245325,72.5808695879,22.952298133414857,17.479536501408173,19.668641154210846,2024-12-17
2025-12-17,Puebla,Vicente Guerrero,MX21195,28413,7103,1.4079832985587486,6.0,84.4713501337463,2.5667088561688223,0.4829087767940601,0.30491650122998903,0.0,0.0,0.0,0,0.0,0.0,0.0,0.5755395683453238,28.0,0.30491650122998903,0.9838094256924248,93.5066228958,28.823683550748168,18.93775737343782,22.89212784436196,2024-12-17
2025-12-17,Puebla,Xayacatlán de Bravo,MX21196,1640,410,0.5,1.0,243.90243902439025,6.093595689541996,0.08671508239074958,0.2204645446396672,0.0,0.0,0.0,0,0.0,0.0,0.0,0.5755395683453238,28.0,0.2204645446396672,0.5650718973323625,63.9815059445,17.915374285837267,15.830646252553649,16.664537465867095,2024-12-17
2025-12-17,Puebla,Xicotepec,MX21197,85152,21288,2.0,21.0,98.64712514092446,3.1634682129910474,0.3958097968700069,0.2805960523547411,0.0,0.0,0.0,0,0.0,0.0,0.0,0.5755395683453238,28.0,0.2805960523547411,0.6515786197350635,70.0810812704,21.449453965343505,16.984757957148037,18.770636360426224,2024-12-17
2025-12-17,Puebla,Xicotlán,MX21198,1379,345,0.5,0.0,0.0,11.416493115651097,0.0,0.3486237331565869,0.0,0.0,0.0,0,0.0,0.0,0.0,0.5755395683453238,28.0,0.3486237331565869,0.8302048803225809,82.675990676,27.062809601149223,18.694221429707774,22.041656698284353,2024-12-17
2025-12-17,Puebla,Xiutetelco,MX21199,45709,11427,1.7858406717365232,12.0,105.01443948542925,2.861236977961156,0.36434079523614493,0.2551229244519362,0.0,0.0,0.0,0,0.0,0.0,0.0,0.5755395683453238,28.0,0.2551229244519362,0.7221651565587338,75.058126827,22.096990864732764,17.032013106432732,19.058004209752745,2024-12-17
2025-12-17,Puebla,Xochiapulco,MX21200,3627,907,0.5031300298736376,2.0,220.5071664829107,3.2399220751182147,0.10898657802703302,0.13964797272843787,0.0,0.0,0.0,0,0.0,0.0,0.0,0.5755395683453238,28.0,0.13964797272843787,0.713125872085835,74.4207683073,18.45195662356984,15.601117263386257,16.74145300745969,2024-12-17
2025-12-17,Puebla,Xochiltepec,MX21201,3701,925,0.5080979729320749,1.0,108.10810810810811,1.1502803434391884,0.35038911118812827,0.1930158891809313,0.0,0.0,0.0,0,0.0,0.0,0.0,0.5755395683453238,28.0,0.1930158891809313,0.6638347453348878,70.9452587496,19.067171582125695,15.995076627061444,17.223914609087146,2024-12-17
2025-12-17,Puebla,Xochitlán de Vicente Suárez,MX21202,13822,3455,0.9819754307420717,4.0,115.77424023154848,3.2870928287661596,0.3190298213554304,0.24618955105459947,0.0,0.0,0.0,0,0.0,0.0,0.0,0.5755395683453238,28.0,0.24618955105459947,0.9021433594246279,87.748361469,25.42855372013054,17.824703639994162,20.866243672048718,2024-12-17
2025-12-17,Puebla,Xochitlán Todos Santos,MX21203,7645,1911,0.730309482148029,1.0,52.32862375719519,2.098013961357526,0.8552096789438862,0.47596446034318046,0.0,0.0,0.0,0,0.0,0.0,0.0,0.5755395683453238,28.0,0.47596446034318046,0.899243660526013,87.5439041579,32.26380702081567,20.567504056964058,25.246025242504704,2024-12-17
2025-12-17,Puebla,Yaonáhuac,MX21204,8772,2193,0.7823406774090724,1.0,45.59963520291838,3.8389661253429113,0.9995904092756547,0.6042525478299298,0.0,0.0,0.0,0,0.0,0.0,0.0,0.5755395683453238,28.0,0.6042525478299298,0.5659376563043731,64.0425504728,29.446329560985358,20.44043108569685,24.042790475812254,2024-12-17
2025-12-17,Puebla,Yehualtepec,MX21205,27874,6968,1.3945390082362716,4.0,57.4052812858783,1.6107577546064276,0.7686836384259115,0.41700085740829224,0.0,0.0,0.0,0,0.0,0.0,1.8623361144219308,0.5755395683453238,28.0,0.41700085740829224,0.8386581152505385,83.2720269349,33.99927562496734,22.701071493839898,27.220353146290876,2024-12-17
2025-12-17,Puebla,Zacapala,MX21206,4894,1224,0.584476837281383,2.0,163.3986928104575,2.5640662288769662,0.19013674028797387,0.15844533108415831,0.0,0.0,0.0,0,0.0,0.0,0.0,0.5755395683453238,28.0,0.15844533108415831,0.6448990388092575,69.6101050749,17.6513407087099,15.485551397272015,16.351867121847167,2024-12-17
2025-12-17,Puebla,Zacapoaxtla,MX21207,61094,15273,2.0,19.0,124.40254043082564,1.7546346194272073,0.2883576738563382,0.18147393841006726,0.0,6.547502127938191,0.0,0,1.0,0.0,1.089846985483238,0.5755395683453238,28.0,0.18147393841006726,0.7082692702082006,74.0783300764,32.70011871531885,17.91866213936088,23.83124476974407,2024-12-17
2025-12-17,Puebla,Zacatlán,MX21208,92130,23033,2.0,29.0,125.90630834020753,3.121283059300143,0.2834422134847697,0.22305295218325083,0.0,0.0,0.0,0,0.0,0.0,0.0,0.5755395683453238,28.0,0.22305295218325083,0.700644440198884,73.5407045174,20.704477369475207,16.53956985740926,18.20553286223564,2024-12-17
2025-12-17,Puebla,Zapotitlán,MX21209,9035,2259,0.7940259779742842,2.0,88.53474988933156,12.195301539450323,0.455090740098932,0.6012642089781873,0.0,0.0,0.0,0,0.0,0.0,0.0,0.5755395683453238,28.0,0.6012642089781873,0.7051898388503144,73.861199858,32.14172304635191,21.10083193220565,25.51718837786415,2024-12-17
2025-12-17,Puebla,Zapotitlán de Méndez,MX21210,5988,1497,0.6463793836157634,3.0,200.40080160320642,3.1009245815146493,0.13228205047418004,0.14681687089960954,0.0,0.0,0.0,0,0.0,0.0,0.0,0.5755395683453238,28.0,0.14681687089960954,0.7833741278379016,79.373961719,20.07198868374632,16.03838532020065,17.65182666561892,2024-12-17
2025-12-17,Puebla,Zaragoza,MX21211,17998,4499,1.1205586501960374,7.0,155.5901311402534,2.308329787199459,0.2058620984548078,0.1580675586552778,0.0,0.0,0.0,0,0.0,0.0,0.0,0.5755395683453238,28.0,0.1580675586552778,0.5251393852268279,61.1658708265,15.244814464194894,14.882219860213302,15.02725770180594,2024-12-17
2025-12-17,Puebla,Zautla,MX21212,21887,5472,1.2358041243089235,6.0,109.64912280701755,3.1687030677298185,0.34373326191751485,0.25472646465821597,0.0,0.0,0.0,0,0.0,0.0,0.0,0.5755395683453238,28.0,0.25472646465821597,0.8708546978862952,85.5422028885,25.05888789747238,17.770703295545896,20.68597713631649,2024-12-17
2025-12-17,Puebla,Zihuateutla,MX21213,12973,3243,0.9513713532874462,4.0,123.34258402713537,3.5364210838525656,0.29189443586754477,0.24065582243093703,0.0,0.0,0.0,0,0.0,0.0,0.0,0.5755395683453238,28.0,0.24065582243093703,0.7738029854959085,78.699101985,22.695734382846283,17.116597026866614,19.348251969258484,2024-12-17
2025-12-17,Puebla,Zinacatepec,MX21214,19479,4870,1.165845703469406,3.0,61.60164271047228,2.6483398199921626,0.7079276809813377,0.420056301954726,0.0,0.0,0.0,0,0.0,0.0,0.0,0.5755395683453238,28.0,0.420056301954726,0.828255153601313,82.538515753,29.16679213066804,19.541663621679106,23.391715025274678,2024-12-17
2025-12-17,Puebla,Zongozotla,MX21215,4811,1203,0.5794412506819878,2.0,166.25103906899417,3.5259491664517344,0.18476086203093992,0.1867516048085226,0.0,0.0,0.0,0,0.0,0.0,0.0,0.5755395683453238,28.0,0.1867516048085226,0.9387316812453148,90.3281982585,24.377181769161975,17.294389894144675,20.127506644151595,2024-12-17
2025-12-17,Puebla,Zoquiapan,MX21216,2643,661,0.5,1.0,151.285930408472,2.779515645444881,0.2152241721541322,0.17793135238027025,0.0,0.0,0.0,0,0.0,0.0,1.089846985483238,0.5755395683453238,28.0,0.17793135238027025,0.7729640697183675,78.6399501661,23.557096411550322,18.19962510455415,20.34261362735262,2024-12-17
2025-12-17,Puebla,Zoquitlán,MX21217,21916,5479,1.2365943165678033,8.0,146.0120459937945,6.234040338769769,0.22744789533381646,0.2953564200452782,0.0,0.0,0.0,0,0.0,0.0,0.0,0.5755395683453238,28.0,0.2953564200452782,1.0,95.2453094511,28.860692601358345,18.903989270759165,22.886670602998837,2024-12-17
2025-12-17,Querétaro de Arteaga,Amealco de Bonfil,MX22001,70567,17642,2.0,26.0,147.37558099988664,3.4021156697468533,0.22420366111093615,0.20248278723866653,0.0,0.0,0.0,0,0.0,0.0,1.541568391681697,0.0,0.0,0.20248278723866653,0.4544055330595135,56.1784380883,19.066385606203603,8.66756526324233,12.827093400426842,2024-12-17
2025-12-17,Querétaro de Arteaga,Pinal de Amoles,MX22002,28991,7248,1.4222819164450125,9.0,124.17218543046357,3.3710496690440728,0.28912116533812254,0.23394051708576913,0.0,0.0,0.0,0,0.0,0.0,0.0,0.0,0.0,0.23394051708576913,0.6814674111667105,72.1885352309,20.647563735907287,8.259025494362913,13.214440790980664,2024-12-17
2025-12-17,Querétaro de Arteaga,Arroyo Seco,MX22003,13793,3448,0.9809801611002283,7.0,203.01624129930394,4.418976323101267,0.12899069643926134,0.1876420337671451,0.0,0.0,0.0,0,0.0,0.0,0.0,0.0,0.0,0.1876420337671451,0.361201178669418,49.6066137894,12.853284586402713,5.141313834561085,8.226102135297737,2024-12-17
2025-12-17,Querétaro de Arteaga,Cadereyta de Montes,MX22004,72770,18193,2.0,26.0,142.91210905293244,1.0639035911164165,0.23505387693374089,0.13256500254925646,0.0,0.0,0.0,0,0.0,0.0,0.0,0.0,0.0,0.13256500254925646,0.3980865992456108,52.2073989652,11.93868206138991,4.775472824555964,7.6407565192895435,2024-12-17
2025-12-17,Querétaro de Arteaga,Colón,MX22005,71182,17795,2.0,11.0,61.81511660578814,5.870434887257185,0.7050574429508866,0.5224449399122851,0.0,0.0,0.0,0,0.0,0.0,0.0,0.0,0.0,0.5224449399122851,0.2790440817790443,43.813729871,21.254229832949438,8.501691933179774,13.602707093087641,2024-12-17
2025-12-17,Querétaro de Arteaga,Corregidora,MX22006,225495,56374,2.0,62.0,109.97977791180331,0.2596350270193975,0.3423294227413309,0.17116471137066544,0.0,0.0,0.0,0,0.0,0.0,2.8849249624017625,0.0,0.0,0.17116471137066544,0.0,18.4309103071,12.440582213430368,6.924403784654921,9.1308751561651,2024-12-17
2025-12-17,Querétaro de Arteaga,Ezequiel Montes,MX22007,47727,11932,1.824875406266192,17.0,142.47401944351324,3.584683245350275,0.23615546284678537,0.21434146040376278,0.0,0.0,0.0,0,0.0,0.0,0.0,0.0,0.0,0.21434146040376278,0.409314725672901,52.9990923852,14.616538325570904,5.846615330228361,9.354584528365379,2024-12-17
2025-12-17,Querétaro de Arteaga,Huimilpan,MX22008,39670,9918,1.663752219685022,11.0,110.9094575519258,5.472588268718794,0.33842720026122164,0.32631023076098997,0.0,0.0,0.0,0,0.0,0.0,0.8563476771569256,0.0,0.0,0.32631023076098997,0.3559130375647742,49.2337477958,19.07614005388556,8.208741989490326,12.555701215248419,2024-12-17
2025-12-17,Querétaro de Arteaga,Jalpan de Serra,MX22009,28848,7212,1.4187453624849053,20.0,277.31558513588465,2.8778285873755673,0.06142285516241848,0.1041985765127044,0.0,0.0,0.0,0,0.0,0.0,0.0,0.0,0.0,0.1041985765127044,0.34225082351926717,48.2704272425,9.970973765766475,3.98838950630659,6.381423210090545,2024-12-17
2025-12-17,Querétaro de Arteaga,Landa de Matamoros,MX22010,19643,4911,1.1707429817091892,10.0,203.62451639177357,6.225871801582179,0.12823734207126883,0.24548793323488716,0.0,0.0,0.0,0,0.0,0.0,0.0,0.0,0.0,0.24548793323488716,0.5003027929783092,59.414646632,17.3706938566128,6.948277542645119,11.117244068232191,2024-12-17
2025-12-17,Querétaro de Arteaga,El Marqués,MX22011,245424,61356,2.0,29.0,47.265141143490446,2.5637396346841115,0.9600260638765973,0.5433794692174979,0.0,1.6298324532238087,0.0,0,1.0,0.0,0.0,0.0,0.0,0.5433794692174979,0.14030353620735247,34.031155928,21.67900241803361,7.642981920268794,13.25739011937472,2024-12-17
2025-12-17,Querétaro de Arteaga,Pedro Escobedo,MX22012,81991,20498,2.0,20.0,97.57049468240804,1.267921896863297,0.4015367528907654,0.22238040763664207,0.0,0.0,0.0,0,0.0,0.0,0.0,0.0,0.0,0.22238040763664207,0.24835443745760416,41.6498078998,11.638500978251345,4.655400391300538,7.44864062608086,2024-12-17
2025-12-17,Querétaro de Arteaga,Peñamiller,MX22013,20098,5024,1.1841355271643172,14.0,278.6624203821656,4.2140923402015735,0.060530532512951644,0.14681009046715207,0.0,0.0,0.0,0,0.0,0.0,0.0,0.0,0.0,0.14681009046715207,0.4585923591458401,56.473650534,13.576149896931366,5.430459958772546,8.688735934036075,2024-12-17
2025-12-17,Querétaro de Arteaga,Querétaro,MX22014,1099445,274861,2.0,289.0,105.14405463124997,1.3369301057692062,0.3637397846252704,0.2057055362033969,0.0,1.0914607747188578,-0.7276405164792386,0,3.0,2.0,1.1195826195994134,0.0,0.0,0.2057055362033969,0.0073609362256929385,24.6573942123,10.87566575392639,4.417470917991706,7.000748852365579,2024-12-17
2025-12-17,Querétaro de Arteaga,San Joaquín,MX22015,8936,2234,0.7896200734860628,8.0,358.10205908683974,4.145443862727946,0.01977259838054128,0.1242191021250435,0.0,0.0,0.0,0,0.0,0.0,0.0,0.0,0.0,0.1242191021250435,0.26905078809521515,43.1091043126,9.107588825655608,3.6430355302622432,5.828856848419589,2024-12-17
2025-12-17,Querétaro de Arteaga,San Juan del Río,MX22016,311175,77794,2.0,60.0,77.1267707021107,0.9159685894924794,0.5406269363664054,0.2805847059194594,0.0,0.0,0.0,0,0.0,0.0,0.0,0.0,0.0,0.2805847059194594,0.13046015596404129,33.3371007426,11.026744296864607,4.410697718745843,7.057116349993349,2024-12-17
2025-12-17,Querétaro de Arteaga,Tequisquiapan,MX22017,75850,18962,2.0,23.0,121.29522202299336,3.2590936832359865,0.2989008858940517,0.23522288260658686,0.0,0.0,0.0,0,0.0,0.0,0.0,0.0,0.0,0.23522288260658686,0.3412534187281661,48.2001003883,13.881754852760931,5.552701941104371,8.884323105766995,2024-12-17
2025-12-17,Querétaro de Arteaga,Tolimán,MX22018,29343,7336,1.4308900286437134,9.0,122.68266085059979,0.6005599564479603,0.29412727419123347,0.14717163986186105,0.0,0.0,0.0,0,0.0,0.0,0.0,0.0,0.0,0.14717163986186105,0.5317779710642994,61.6339564648,15.05070861714182,6.020283446856728,9.632453514970765,2024-12-17
2025-12-17,Quintana Roo,Cozumel,MX23001,92774,23193,2.0,30.0,129.34937265554262,6.468982488854763,0.27261807240303737,0.32551191733067475,0.0,8.623291510369508,0.0,0,2.0,0.0,0.585884861906938,0.08221993833504626,4.0,0.32551191733067475,0.2191315058107572,39.5893036075,29.237472017089484,7.470869935274704,16.177510768000616,2024-12-17
2025-12-17,Quintana Roo,Felipe Carrillo Puerto,MX23002,88293,22073,2.0,56.0,253.70361980700403,9.42130107165013,0.07860555175471368,0.32363655806542024,0.0,0.0,0.0,0,0.0,0.0,0.0,0.08221993833504626,4.0,0.32363655806542024,0.8075028984517941,81.0752775219,25.85915471099849,9.401112079074847,15.984329131844305,2024-12-17
2025-12-17,Quintana Roo,Isla Mujeres,MX23003,23992,5998,1.2938377748204488,9.0,150.05001667222407,23.512769827175795,0.21801166458370533,0.6090058322918527,0.0,0.0,0.0,0,0.0,0.0,0.8191551234057194,0.08221993833504626,4.0,0.6090058322918527,0.371016778779555,50.298710202,27.76489834586964,12.026037972446145,18.321582121815545,2024-12-17
2025-12-17,Quintana Roo,Othón P. Blanco,MX23004,243922,60981,2.0,113.0,185.30361916006626,1.717554728450946,0.15309687113394735,0.11264873257882108,0.0,0.0,0.0,0,0.0,0.0,0.0,0.08221993833504626,4.0,0.11264873257882108,0.27858397014364866,43.7812874723,8.951141380237605,4.2246635316949295,6.115254671112,2024-12-17
2025-12-17,Quintana Roo,Benito Juárez,MX23005,976616,244154,2.0,291.0,119.18707045553217,16.243459131496323,0.3063669053726329,0.6531834526863165,1.6383102468114388,4.914930740434316,0.8191551234057194,4,12.0,2.0,0.39058990793795867,0.08221993833504626,4.0,0.6531834526863165,0.19552311608803122,37.924679779,32.249848019188285,23.411398947950147,26.9467785764454,2024-12-17
2025-12-17,Quintana Roo,José María Morelos,MX23006,41154,10289,1.6945843042692643,24.0,233.258820099135,3.5875461451241613,0.09629353214236958,0.14450274466063107,0.0,0.0,0.0,0,0.0,0.0,0.0,0.08221993833504626,4.0,0.14450274466063107,0.8032115236132066,80.7726933602,20.399312812083064,7.230049444024439,12.497754791247889,2024-12-17
2025-12-17,Quintana Roo,Lázaro Cárdenas,MX23007,30452,7613,1.4576542083897657,20.0,262.70852489163275,10.64232808845941,0.07168822269132614,0.35952236028716,0.0,0.0,0.0,0,0.0,0.0,0.562015994125063,0.08221993833504626,4.0,0.35952236028716,0.5890571482968362,65.6727021996,23.9900352000939,9.688327238655852,15.409010423231074,2024-12-17
2025-12-17,Quintana Roo,Solidaridad,MX23008,341365,85341,2.0,87.0,101.94396597180722,13.000119798902796,0.3790251523471071,0.5891646211785251,1.171769723813876,2.343539447627752,1.171769723813876,1,2.0,0.0,0.27305170780190646,0.08221993833504626,4.0,0.5891646211785251,0.18725422941610356,37.3416418865,25.809119449543505,18.856248213231332,21.637396707756203,2024-12-17
2025-12-17,Quintana Roo,Tulum,MX23009,49360,12340,1.8558128424407498,17.0,137.76337115072934,20.200802679567566,0.2484431845771486,0.6242215922885743,0.0,0.0,0.0,0,0.0,0.0,0.292942430953469,0.08221993833504626,4.0,0.6242215922885743,0.5342297059777765,61.8068279061,30.153074769379252,12.136321781493601,19.343022976647863,2024-12-17
2025-12-17,Quintana Roo,Bacalar,MX23010,44040,11010,1.7529529330495506,36.0,326.97547683923705,4.926313030646686,0.033382956824936735,0.15618578931800137,0.0,0.0,0.0,0,0.0,0.0,0.0,0.08221993833504626,4.0,0.15618578931800137,0.6994850907489796,73.4589589709,18.67527549451963,6.851613815591747,11.581078487162902,2024-12-17
2025-12-17,San Luis Potosí,Ahualulco,MX24001,20107,5027,1.1844890180504932,8.0,159.14064054107817,11.437024454665725,0.19852055042691963,0.4485455781585477,0.0,0.0,0.0,0,0.0,0.0,4.762080236314558,0.08221993833504626,4.0,0.4485455781585477,0.63731551022707,69.075391673,38.26193332372801,18.088587228688876,26.15792566670453,2024-12-17
2025-12-17,San Luis Potosí,Alaquines,MX24002,8104,2026,0.7519627308892282,2.0,98.71668311944718,3.647113935911393,0.395444090866127,0.2959974434390662,0.0,0.0,0.0,0,0.0,0.0,0.0,0.08221993833504626,4.0,0.2959974434390662,0.6620951763275804,70.8226020138,22.121826829723595,8.34240409293753,13.854173187651957,2024-12-17
2025-12-17,San Luis Potosí,Aquismón,MX24003,50882,12721,1.884244352316142,13.0,102.19322380316012,1.2368100000134308,0.37780018274047716,0.2095096214092757,0.0,0.0,0.0,0,0.0,0.0,0.3058581001929964,0.08221993833504626,4.0,0.2095096214092757,0.9524480605774448,91.2953379976,26.108789735112993,9.272674570686581,16.007120636457145,2024-12-17
2025-12-17,San Luis Potosí,Armadillo de los Infante,MX24004,4260,1065,0.545194416951082,1.0,93.89671361502347,3.7523874723603323,0.42206748794858073,0.3127013119305167,0.0,0.0,0.0,0,0.0,0.0,0.18869918330993463,0.08221993833504626,4.0,0.3127013119305167,0.3840751777843403,51.2194558522,17.54039536526988,7.471318823230447,11.49894944004622,2024-12-17
2025-12-17,San Luis Potosí,Cárdenas,MX24005,19071,4768,1.1535720349656844,6.0,125.83892617449665,3.2143886891203444,0.2836599556801832,0.22616191362014665,0.0,0.0,0.0,0,0.0,0.0,0.0,0.08221993833504626,4.0,0.22616191362014665,0.4289401661837692,54.3828790942,15.363660732279783,6.3386026843914385,9.948625903546777,2024-12-17
2025-12-17,San Luis Potosí,Catorce,MX24006,9972,2493,0.8341376711787368,2.0,80.22462896109106,8.976776864594257,0.5149933835344531,0.5275068204694653,0.0,0.0,0.0,0,0.0,0.0,0.0,0.08221993833504626,4.0,0.5275068204694653,0.619575184196501,67.8245240881,28.21670829801398,10.907916656646922,17.831433313193745,2024-12-17
2025-12-17,San Luis Potosí,Cedral,MX24007,20780,5195,1.2041188963281648,5.0,96.24639076034649,10.448748195525152,0.40875578940735385,0.5218185276409124,0.0,0.0,0.0,0,0.0,0.0,0.0,0.08221993833504626,4.0,0.5218185276409124,0.3904251680097431,51.6671926595,23.463059189422232,9.693907061770497,15.201567912831193,2024-12-17
2025-12-17,San Luis Potosí,Cerritos,MX24008,22919,5730,1.2646021239727778,11.0,191.97207678883072,1.4958562187311617,0.14349925099318592,0.10070625613179518,0.0,0.0,0.0,0,0.0,0.0,0.0,0.08221993833504626,4.0,0.10070625613179518,0.40612412076135085,52.7741233371,11.143670099180872,4.719054567419128,7.288900780123826,2024-12-17
2025-12-17,San Luis Potosí,Cerro de San Pedro,MX24009,5792,1448,0.6357126841597255,2.0,138.12154696132598,3.9400579532196085,0.24747944169633582,0.23145448914731837,0.0,0.0,0.0,0,0.0,0.0,0.4908021301815887,0.08221993833504626,4.0,0.23145448914731837,0.0,18.2895705521,8.186517643370852,5.086001405766187,6.326207900808053,2024-12-17
2025-12-17,San Luis Potosí,Ciudad del Maíz,MX24010,31626,7906,1.4854396117237978,4.0,50.59448520111308,13.225069733447546,0.8887449194996693,0.851272939964709,0.0,12.64862130027827,-12.64862130027827,0,1.0,1.0,0.0,0.08221993833504626,4.0,0.851272939964709,0.730070747462517,75.6155487923,60.09658210225683,15.345587906919928,33.2459855850547,2024-12-17
2025-12-17,San Luis Potosí,Ciudad Fernández,MX24011,50910,12727,1.884688662250158,7.0,55.00117859668421,18.415590118233084,0.8076678984395045,0.9038339492197522,0.0,0.0,0.0,0,0.0,0.0,0.0,0.08221993833504626,4.0,0.9038339492197522,0.5098883778899005,60.0905247093,37.31278603439058,14.87540817011736,23.850359315826648,2024-12-17
2025-12-17,San Luis Potosí,Tancanhuitz,MX24012,21568,5392,1.2267372070953575,7.0,129.8219584569733,3.08914010490151,0.27117719074775065,0.2158847164750794,0.0,0.0,0.0,0,0.0,0.0,0.0,0.08221993833504626,4.0,0.2158847164750794,0.7653745945748451,78.1048174731,21.784033385749286,7.897448460606012,13.452082430663323,2024-12-17
2025-12-17,San Luis Potosí,Ciudad Valles,MX24013,186828,46707,2.0,50.0,107.05033506754876,3.441950463571829,0.35506868521377494,0.2691988734450397,2.141006701350975,2.141006701350975,2.141006701350975,1,1.0,0.0,0.0,0.08221993833504626,4.0,0.2691988734450397,0.27106673860836206,43.2512486647,16.875378685729743,22.34394019749842,20.156515592790946,2024-12-17
2025-12-17,San Luis Potosí,Coxcatlán,MX24014,16490,4122,1.0725822105466996,5.0,121.300339640951,0.10077796783379472,0.29888307760168886,0.14944153880084443,0.0,0.0,0.0,0,0.0,0.0,0.0,0.08221993833504626,4.0,0.14944153880084443,0.8145167159088669,81.5698206824,20.773580482202668,7.345840935185299,12.716936753992247,2024-12-17
2025-12-17,San Luis Potosí,Charcas,MX24015,22695,5674,1.2584073947198826,3.0,52.87275290800141,10.350176102930934,0.8451405736370609,0.7368346866614123,0.0,0.0,0.0,0,0.0,0.0,0.0,0.08221993833504626,4.0,0.7368346866614123,0.32481365711865856,47.0409353952,28.601313742215538,11.946043415561073,18.608151546222864,2024-12-17
2025-12-17,San Luis Potosí,Ebano,MX24016,42785,10696,1.7277754270502654,12.0,112.19147344801794,3.476341723833066,0.3331521682052576,0.25934878517561555,0.0,0.0,0.0,0,0.0,0.0,0.0,0.08221993833504626,4.0,0.25934878517561555,0.5010465092218201,59.4670859468,17.801393739704867,7.09737685824732,11.378983610830339,2024-12-17
2025-12-17,San Luis Potosí,Guadalcázar,MX24017,26120,6530,1.3499981910449834,5.0,76.5696784073507,2.331424365874513,0.5454566936576453,0.3286090198749919,0.0,0.0,0.0,0,0.0,0.0,0.0,0.08221993833504626,4.0,0.3286090198749919,0.6913415969903398,72.8847625129,23.685102536056554,8.879975113482436,14.802026082512084,2024-12-17
2025-12-17,San Luis Potosí,Huehuetlán,MX24018,16233,4058,1.0642229426543028,4.0,98.57072449482504,2.67004087742675,0.3962120734742747,0.2648977591683929,0.0,0.0,0.0,0,0.0,0.0,0.0,0.08221993833504626,4.0,0.2648977591683929,0.6836550275602783,72.3427837171,21.620033326257353,8.07700713785294,13.494217613214706,2024-12-17
2025-12-17,San Luis Potosí,Lagunillas,MX24019,5670,1417,0.6288709320493893,2.0,141.14326040931545,5.522023437411581,0.23954362141214283,0.2784613629707043,0.0,0.0,0.0,0,0.0,0.0,0.0,0.08221993833504626,4.0,0.2784613629707043,0.5859684532194215,65.4549187978,20.073209953509558,7.751337511776392,12.680086488469659,2024-12-17
2025-12-17,San Luis Potosí,Matehuala,MX24020,106859,26715,2.0,31.0,116.0396780834737,12.810769070983584,0.3180182313608272,0.5525598186865622,0.0,7.486430844095078,0.0,0,2.0,0.0,0.0,0.08221993833504626,4.0,0.5525598186865622,0.18560892565056053,37.225631778,32.10105434711283,9.038721342522383,18.26365454435856,2024-12-17
2025-12-17,San Luis Potosí,Mexquitic de Carmona,MX24021,61794,15448,2.0,5.0,32.36664940445365,4.907134587580761,1.0,0.6388763347222036,12.94665976178146,12.94665976178146,12.94665976178146,2,2.0,0.0,1.525415295869193,0.08221993833504626,4.0,0.6388763347222036,0.4316245396742431,54.5721538448,52.08889053231679,43.87985495791409,47.16346918767517,2024-12-17
2025-12-17,San Luis Potosí,Moctezuma,MX24022,19939,4985,1.1795305054254162,5.0,100.30090270812437,10.219741045083312,0.3872522763792181,0.5036876025312124,0.0,0.0,0.0,0,0.0,0.0,1.016943530579462,0.08221993833504626,4.0,0.5036876025312124,0.5661498546469321,64.0575125444,29.008882521720615,12.071797628870444,18.846631586010513,2024-12-17
2025-12-17,San Luis Potosí,Rayón,MX24023,15903,3976,1.0534156927942957,3.0,75.45271629778672,3.607507997655681,0.5553551361626602,0.3746767662166597,0.0,0.0,0.0,0,0.0,0.0,0.0,0.08221993833504626,4.0,0.3746767662166597,0.5983136947146228,66.3253798247,23.206576880792245,8.967648558203862,14.663219887239215,2024-12-17
2025-12-17,San Luis Potosí,Rioverde,MX24024,102978,25744,2.0,29.0,112.64760720944686,2.4353446414077613,0.33130430200634275,0.2248813886342668,0.0,0.0,0.0,0,0.0,0.0,0.0,0.08221993833504626,4.0,0.2248813886342668,0.4554232414346253,56.250196545,15.85490648772051,6.455651760815161,10.215353651577301,2024-12-17
2025-12-17,San Luis Potosí,Salinas,MX24025,32635,8159,1.5090202317154287,7.0,85.7948277975242,13.069144560298183,0.47355889329486495,0.6386556377134642,0.0,0.0,0.0,0,0.0,0.0,0.5856275291788916,0.08221993833504626,4.0,0.6386556377134642,0.5704102543955321,64.3579126574,32.05088832501166,12.984553885034792,20.61108766102554,2024-12-17
2025-12-17,San Luis Potosí,San Antonio,MX24026,10053,2513,0.8374769065927687,2.0,79.58615200955033,3.2884252581102067,0.5201132675887712,0.3467742082925518,0.0,0.0,0.0,0,0.0,0.0,0.0,0.08221993833504626,4.0,0.3467742082925518,0.947264468408015,90.9298437329,29.348515616936854,10.37757173158153,17.96594928572366,2024-12-17
2025-12-17,San Luis Potosí,San Ciro de Acosta,MX24027,10679,2670,0.8632413328034869,3.0,112.35955056179775,12.157598189236953,0.3324695169980152,0.5387387035813672,0.0,0.0,0.0,0,0.0,0.0,0.0,0.08221993833504626,4.0,0.5387387035813672,0.5525851865454793,63.1010699402,27.213864838350606,10.707749265734636,17.310195494781023,2024-12-17
2025-12-17,San Luis Potosí,San Luis Potosí,MX24028,962679,240670,2.0,214.0,88.91843603274192,6.497462583301307,0.45259539473974814,0.41641827656275915,0.831013420866747,4.155067104333735,-1.6620268417334938,2,10.0,6.0,1.4078854861641068,0.08221993833504626,4.0,0.41641827656275915,0.0,20.3209947053,22.613667374712712,15.172085480378461,18.14871823811216,2024-12-17
2025-12-17,San Luis Potosí,San Martín Chalchicuautla,MX24029,19383,4846,1.1629694350162545,9.0,185.72018159306646,1.2301686096661912,0.1524771486884345,0.0966341025977768,0.0,0.0,0.0,0,0.0,0.0,0.0,0.08221993833504626,4.0,0.0966341025977768,0.8501233973178495,84.0804421616,19.901491024290298,6.890185107793402,12.09470747439216,2024-12-17
2025-12-17,San Luis Potosí,San Nicolás Tolentino,MX24030,4921,1230,0.5859076272736686,3.0,243.90243902439025,11.062463158045853,0.08671508239074958,0.3805735661645394,0.0,0.0,0.0,0,0.0,0.0,0.0,0.08221993833504626,4.0,0.3805735661645394,0.38530616763590947,51.3062527521,19.12333033765437,7.973372522184853,12.43335564837266,2024-12-17
2025-12-17,San Luis Potosí,Santa Catarina,MX24031,12834,3209,0.9463710673100617,4.0,124.64942349641633,6.690428750953484,0.28754253442137445,0.3401096866832804,0.0,0.0,0.0,0,0.0,0.0,0.0,0.08221993833504626,4.0,0.3401096866832804,0.8794035985413571,86.1449845227,27.791362571325557,9.958293122936984,17.091520902292412,2024-12-17
2025-12-17,San Luis Potosí,Santa María del Río,MX24032,41843,10461,1.7086896821270456,12.0,114.71178663607685,10.8074610276682,0.3231257285988847,0.4905620990562858,0.0,0.0,0.0,0,0.0,0.0,0.3260015582874486,0.08221993833504626,4.0,0.4905620990562858,0.4159594069984346,53.4676078154,23.861601287034752,9.996867897283426,15.542761253183956,2024-12-17
2025-12-17,San Luis Potosí,Santo Domingo,MX24033,11173,2793,0.8829011119202912,2.0,71.60759040458288,6.941737746468112,0.5917916443492236,0.5003320300521674,0.0,0.0,0.0,0,0.0,0.0,0.0,0.08221993833504626,4.0,0.5003320300521674,0.5625284663858293,63.8021690304,26.26053022928161,10.296585582585987,16.682163441264237,2024-12-17
2025-12-17,San Luis Potosí,San Vicente Tancuayalab,MX24034,15593,3898,1.0430317132753586,6.0,153.9250897896357,4.523336852559851,0.20942163689257176,0.23122025463332635,0.0,25.65418163160595,0.0,0,1.0,0.0,0.0,0.08221993833504626,4.0,0.23122025463332635,0.7533780287370176,77.2589415117,57.004168213740144,8.021492089315837,27.61456253908556,2024-12-17
2025-12-17,San Luis Potosí,Soledad de Graciano Sánchez,MX24035,353297,88324,2.0,54.0,61.138535392418824,8.901672574697269,0.7142232421147953,0.6247017064713118,1.1321950998596078,2.2643901997192155,0.0,1,2.0,1.0,0.20775335521668675,0.08221993833504626,4.0,0.6247017064713118,0.0,22.609229947,22.839907526050325,17.935293891127145,19.89713934509642,2024-12-17
2025-12-17,San Luis Potosí,Tamasopo,MX24036,30497,7624,1.4587069082802695,11.0,144.28121720881427,4.167999953931301,0.2316543455284437,0.23088678793838058,0.0,0.0,0.0,0,0.0,0.0,0.2676258376688719,0.08221993833504626,4.0,0.23088678793838058,0.5601268168292519,63.6328290997,18.80686237086155,7.503049360187722,12.024574564457252,2024-12-17
2025-12-17,San Luis Potosí,Tamazunchale,MX24037,99898,24975,2.0,35.0,140.14014014014015,0.9659066242657784,0.24214013403968984,0.1329504299612131,0.0,0.0,0.0,0,0.0,0.0,0.0,0.08221993833504626,4.0,0.1329504299612131,0.766591531540004,78.1906235062,19.320343529636474,6.908321707265411,11.873130436213836,2024-12-17
2025-12-17,San Luis Potosí,Tampacán,MX24038,15000,3750,1.0230390935260003,3.0,80.0,2.6060030477654426,0.5167853429534643,0.32312093894312116,0.0,0.0,0.0,0,0.0,0.0,0.0,0.08221993833504626,4.0,0.32312093894312116,0.7507000661416382,77.0701187923,24.707629491126397,9.11091048805648,15.349598089284447,2024-12-17
2025-12-17,San Luis Potosí,Tampamolón Corona,MX24039,14442,3610,1.0037607208421506,8.0,221.60664819944597,3.4354572223657485,0.10783460411481145,0.14537260483652426,0.0,0.0,0.0,0,0.0,0.0,0.0,0.08221993833504626,4.0,0.14537260483652426,0.7979450572174732,80.4013556469,20.320079289445193,7.214155434156491,12.456524976271972,2024-12-17
2025-12-17,San Luis Potosí,Tamuín,MX24040,38682,9671,1.6429043804304349,16.0,165.4430772412367,9.298935148941318,0.18626482797189578,0.37352326787554424,0.0,20.680384655154587,-10.340192327577293,0,2.0,1.0,0.3058581001929964,0.08221993833504626,4.0,0.37352326787554424,0.5333414291691683,61.7441956487,55.27655168568161,9.145305171240418,27.597803777016892,2024-12-17
2025-12-17,San Luis Potosí,Tanlajás,MX24041,19189,4797,1.1570748532485247,10.0,208.46362309776944,1.7089894692770395,0.12240067424934627,0.09702464060798836,0.0,0.0,0.0,0,0.0,0.0,0.3058581001929964,0.08221993833504626,4.0,0.09702464060798836,0.8749023361737857,85.8276012245,21.183325823001187,7.5351261790528365,12.994406036632178,2024-12-17
2025-12-17,San Luis Potosí,Tanquián de Escobedo,MX24042,14025,3506,0.9891964561211688,4.0,114.09013120365088,0.42333877690953353,0.32555767352468584,0.16277883676234292,0.0,0.0,0.0,0,0.0,0.0,0.0,0.08221993833504626,4.0,0.16277883676234292,0.7240590030498105,75.1916616438,19.3645451638665,7.053599946427999,11.9779780334034,2024-12-17
2025-12-17,San Luis Potosí,Tierra Nueva,MX24043,8324,2081,0.7621011834312614,4.0,192.21528111484864,5.67806341478517,0.14316180408960585,0.23529844273021994,0.0,0.0,0.0,0,0.0,0.0,1.4670070122935188,0.08221993833504626,4.0,0.23529844273021994,0.6675847814378616,71.2096732026,24.125624699862524,10.118114636115243,15.721118661614156,2024-12-17
2025-12-17,San Luis Potosí,Vanegas,MX24044,7921,1980,0.7433771217046973,3.0,151.5151515151515,27.947243010516132,0.2147121837487004,0.6073560918743502,0.0,0.0,0.0,0,0.0,0.0,0.0,0.08221993833504626,4.0,0.6073560918743502,0.36211532878236286,49.6710703694,25.46298933187777,10.57880863643485,16.532480914612016,2024-12-17
2025-12-17,San Luis Potosí,Venado,MX24045,14712,3678,1.0131703185221903,4.0,108.7547580206634,0.7137419810566797,0.34757317495825335,0.17754159096116237,0.0,0.0,0.0,0,0.0,0.0,0.0,0.08221993833504626,4.0,0.17754159096116237,0.5358744916511076,61.922801484,16.043737561857025,6.289830439820319,10.191393288635,2024-12-17
2025-12-17,San Luis Potosí,Villa de Arriaga,MX24046,19120,4780,1.155022765408931,5.0,104.60251046025104,3.542340401278741,0.36626075175651424,0.278029715211319,0.0,0.0,0.0,0,0.0,0.0,3.174720157543038,0.08221993833504626,4.0,0.278029715211319,0.48936960349909836,58.6437491696,26.167787375941653,12.62283272314223,18.040814584261998,2024-12-17
2025-12-17,San Luis Potosí,Villa de Guadalupe,MX24047,9688,2422,0.8221738609693072,2.0,82.57638315441784,15.958754572264594,0.496817795141624,0.7433953666905514,0.0,0.0,0.0,0,0.0,0.0,0.0,0.08221993833504626,4.0,0.7433953666905514,0.6242367066509538,68.1532072997,34.786595133735624,13.521886823572219,22.027770147637582,2024-12-17
2025-12-17,San Luis Potosí,Villa de la Paz,MX24048,5552,1388,0.6224025008075104,1.0,72.04610951008645,5.975046490543311,0.5874397429030532,0.4670069307386141,0.0,0.0,0.0,0,0.0,0.0,0.0,0.08221993833504626,4.0,0.4670069307386141,0.09510910919409013,30.8445040214,15.912390106040226,7.559587604864652,10.900708605334883,2024-12-17
2025-12-17,San Luis Potosí,Villa de Ramos,MX24049,40219,10055,1.6752037379060132,4.0,39.781203381402285,9.407950505445166,1.0,0.7839035944027322,0.0,0.0,0.0,0,0.0,0.0,0.25538478826047206,0.08221993833504626,4.0,0.7839035944027322,0.8473711295637338,83.8863801972,41.11125419315922,15.554806850550676,25.7773857875941,2024-12-17
2025-12-17,San Luis Potosí,Villa de Reyes,MX24050,55701,13925,1.9713974835017465,11.0,78.99461400359067,6.919501507674713,0.5249306130398793,0.4661850085824033,0.0,0.0,0.0,0,0.0,0.0,0.1662026841733494,0.08221993833504626,4.0,0.4661850085824033,0.3194279414356603,46.6611894335,20.79499251934526,8.951907655637948,13.689141601120875,2024-12-17
2025-12-17,San Luis Potosí,Villa Hidalgo,MX24051,16139,4035,1.0612027468328429,6.0,148.6988847583643,10.17796557819877,0.22111203881659797,0.4192713763785494,0.0,0.0,0.0,0,0.0,0.0,0.24540106509079435,0.08221993833504626,4.0,0.4192713763785494,0.3493477037096609,48.7708271432,20.186536850025348,8.672248248105499,13.27796368887344,2024-12-17
2025-12-17,San Luis Potosí,Villa Juárez,MX24052,10703,2676,0.8642107225898973,3.0,112.10762331838565,8.59305895651735,0.3334934938088788,0.42439254929023024,0.0,0.0,0.0,0,0.0,0.0,0.0,0.08221993833504626,4.0,0.42439254929023024,0.612936978985326,67.3564652877,24.990516058413426,9.637354376440225,15.778619049229507,2024-12-17
2025-12-17,San Luis Potosí,Axtla de Terrazas,MX24053,34542,8636,1.5525046611388773,11.0,127.37378415933303,1.1773126174267188,0.27875727882816964,0.1580710187604073,0.0,0.0,0.0,0,0.0,0.0,0.0,0.08221993833504626,4.0,0.1580710187604073,0.8075491587781386,81.0785393302,20.893113738374993,7.414556909046413,12.805979640777842,2024-12-17
2025-12-17,San Luis Potosí,Xilitla,MX24054,52347,13087,1.9111582394859432,18.0,137.54107129212196,1.0596686118756324,0.24904385071293295,0.1394235280848884,0.0,0.0,0.0,0,0.0,0.0,0.0,0.08221993833504626,4.0,0.1394235280848884,0.8705112638602973,85.5179874096,21.5929311197526,7.505597546350981,13.140530975711629,2024-12-17
2025-12-17,San Luis Potosí,Zaragoza,MX24055,28944,7236,1.4211040430202404,4.0,55.2791597567717,6.773036262446409,0.8029868615898422,0.6004936656448762,0.0,0.0,0.0,0,0.0,0.0,0.11871620298096386,0.08221993833504626,4.0,0.6004936656448762,0.18341835248536803,37.0711748103,21.98380804273933,9.803395322653309,14.67556041068772,2024-12-17
2025-12-17,San Luis Potosí,Villa de Arista,MX24056,18184,4546,1.1263965499909108,3.0,65.99208095028597,4.57556549812994,0.6526329331947028,0.45450883705277445,0.0,21.997360316761988,-21.997360316761988,0,1.0,1.0,0.20775335521668675,0.08221993833504626,4.0,0.45450883705277445,0.6444586175881531,69.5790510442,61.75794950025152,10.507094216904859,31.00743633024352,2024-12-17
2025-12-17,San Luis Potosí,Matlapa,MX24057,30867,7717,1.4675768283600243,11.0,142.54243877154335,1.4823661892880469,0.23598297477436714,0.14651343639157763,0.0,0.0,0.0,0,0.0,0.0,0.0,0.08221993833504626,4.0,0.14651343639157763,0.840343585557672,83.3908691799,21.20227480290077,7.439838054518125,12.944812753871183,2024-12-17
2025-12-17,San Luis Potosí,El Naranjo,MX24058,21883,5471,1.2356911984509358,7.0,127.94735880095047,3.312633102596698,0.2769553456090525,0.22597528305903458,0.0,0.0,0.0,0,0.0,0.0,0.35683445022516247,0.08221993833504626,4.0,0.22597528305903458,0.3858310843548562,51.343264547,15.399510040368286,6.723237616180279,10.193746585855482,2024-12-17
2025-12-17,Sinaloa,Ahome,MX25001,480502,120125,2.0,92.0,76.58688865764829,4.108778264982065,0.5453064361908339,0.3858045660978679,0.8324661810613944,1.6649323621227887,0.0,1,2.0,1.0,0.0,1.0,104.0,0.3858045660978679,0.05117310589334418,27.7465833719,15.224527310764872,29.214833477629814,23.61871101088384,2024-12-17
2025-12-17,Sinaloa,Angostura,MX25002,45837,11459,1.78833944434022,15.0,130.901474823283,8.707780413874652,0.26792484535324584,0.39530483005375505,8.726764988218868,52.36058992931321,-26.180294964656603,1,6.0,4.0,8.121472782354262,1.0,104.0,0.39530483005375505,0.026581241985125664,26.012614934,62.39076974131517,62.8765641705707,62.68224639886849,2024-12-17
2025-12-17,Sinaloa,Badiraguato,MX25003,27967,6992,1.3969385609283795,26.0,371.85354691075514,16.559532708752975,0.014485333501370556,0.5072426667506853,28.60411899313501,28.60411899313501,28.60411899313501,2,2.0,0.0,9.59761279032883,1.0,104.0,0.5072426667506853,0.4630467774955023,56.7877308679,74.4782155524306,66.40214588848575,69.63257375406369,2024-12-17
2025-12-17,Sinaloa,Concordia,MX25004,26182,6545,1.3515478355471766,10.0,152.78838808250572,17.33586465090396,0.21189624751882552,0.6059481237594128,15.278838808250573,76.39419404125286,-15.278838808250573,1,5.0,2.0,9.819968236459763,1.0,104.0,0.6059481237594128,0.1477847397708121,34.558654409,71.13413850819863,66.01030118396703,68.05983611365967,2024-12-17
2025-12-17,Sinaloa,Cosalá,MX25005,17955,4489,1.1193126155059685,11.0,245.0434395188238,14.664882291389377,0.08573764998037976,0.4961635753868573,0.0,22.27667631989307,-22.27667631989307,0,1.0,1.0,17.987089301019175,1.0,104.0,0.4961635753868573,0.3823141127084323,51.095283432,72.53118951577436,35.86553346818445,50.53179588722041,2024-12-17
2025-12-17,Sinaloa,Culiacán,MX25006,1048948,262237,2.0,267.0,101.81629594603355,7.290767982388804,0.37965490535929003,0.4055102655250493,38.514778616289846,104.10430259650622,7.2453543931634385,101,273.0,82.0,12.473091556710028,1.0,104.0,0.4055102655250493,0.0,23.0047124707,62.16530796575148,62.866123186300605,62.58579709808095,2024-12-17
2025-12-17,Sinaloa,Choix,MX25007,30635,7659,1.4620513653113625,16.0,208.9045567306437,6.232659823541497,0.12188228598884658,0.24252913180711155,0.0,0.0,0.0,0,0.0,0.0,0.0,1.0,104.0,0.24252913180711155,0.4261927525619341,54.1891593939,15.79972900545203,23.04131334449501,20.14467960887782,2024-12-17
2025-12-17,Sinaloa,Elota,MX25008,58187,14547,2.0,7.0,48.11988726197841,11.670152437043782,0.9407848838517734,0.827189696716182,13.74853921770812,82.49123530624871,-6.874269608854059,2,12.0,3.0,19.39993932878953,1.0,104.0,0.827189696716182,0.19917055111010704,38.181859846,78.7991019236876,68.92212911614473,72.87291823916188,2024-12-17
2025-12-17,Sinaloa,Escuinapa,MX25009,62750,15687,2.0,20.0,127.49410339771785,4.805423039540752,0.27837794196414517,0.27478791170298894,0.0,12.749410339771785,0.0,0,2.0,0.0,9.77803852547179,1.0,104.0,0.27478791170298894,0.28344011087005805,44.1236931875,49.02844334369828,32.71465549478616,39.24017063435101,2024-12-17
2025-12-17,Sinaloa,El Fuerte,MX25010,101252,25313,2.0,23.0,90.86240271797101,8.702498311418545,0.4402764668895901,0.48131043860558675,0.0,7.90107849721487,-7.90107849721487,0,2.0,2.0,0.2081165452653486,1.0,104.0,0.48131043860558675,0.2444966214647916,41.3777939038,32.32258142819753,25.349557714533443,28.138767199999076,2024-12-17
2025-12-17,Sinaloa,Guasave,MX25011,302727,75682,2.0,71.0,93.81358843582358,5.859981191318452,0.4225506319368051,0.3808546908410563,0.0,1.3213181469834308,-1.3213181469834308,0,1.0,1.0,2.3898077923200653,1.0,104.0,0.3808546908410563,0.15386335872001314,34.9872568705,22.63951273872316,27.374126890597612,25.48028122984783,2024-12-17
2025-12-17,Sinaloa,Mazatlán,MX25012,522835,130709,2.0,131.0,100.22263195342326,4.677287268271429,0.387650923839936,0.3252955557577044,9.945757369423681,26.777039071525298,-0.7650582591864374,13,35.0,14.0,16.07449843868617,1.0,104.0,0.3252955557577044,0.0,20.9153451079,59.75886667273114,61.90354666909246,61.04567467054793,2024-12-17
2025-12-17,Sinaloa,Mocorito,MX25013,42225,10556,1.7164307513388883,27.0,255.77870405456613,5.862965678487225,0.07696834015401077,0.20815971240096962,9.473285335354301,18.946570670708603,9.473285335354301,1,2.0,0.0,16.47637806528441,1.0,104.0,0.20815971240096962,0.19160412318459852,37.6483522087,54.970749472484925,61.45593716473464,58.86186208783475,2024-12-17
2025-12-17,Sinaloa,Rosario,MX25014,54543,13636,1.9508329943987026,13.0,95.33587562334995,9.044723009567573,0.41383628973817715,0.47911766398212463,29.33411557641537,44.00117336462306,14.667057788207686,4,6.0,2.0,5.044919235534851,1.0,104.0,0.47911766398212463,0.15999740414998406,35.4197674444,65.34898122870491,63.06640113936308,63.97943317509982,2024-12-17
2025-12-17,Sinaloa,Salvador Alvarado,MX25015,83176,20794,2.0,30.0,144.27238626526884,3.592578870572999,0.23167606624867412,0.21235617839508936,0.0,0.0,0.0,0,0.0,0.0,4.550012580893292,1.0,104.0,0.21235617839508936,0.07510988433675497,29.4343618372,19.395109201734474,28.605307671189312,24.921228283407377,2024-12-17
2025-12-17,Sinaloa,San Ignacio,MX25016,20322,5080,1.1907167201158697,13.0,255.90551181102362,6.0733570621238595,0.07686915151706107,0.21488944129544987,19.68503937007874,59.05511811023622,-19.68503937007874,1,3.0,2.0,4.7388593174263605,1.0,104.0,0.21488944129544987,0.3235406512943223,46.9511759557,59.91794853602731,60.196678066201926,60.08518625413208,2024-12-17
2025-12-17,Sinaloa,Sinaloa,MX25017,82567,20642,2.0,23.0,111.42331169460324,8.571424224728915,0.3362982998560269,0.42509782852059463,0.0,0.0,0.0,0,0.0,0.0,4.323318945505633,1.0,104.0,0.42509782852059463,0.31589513069970215,46.4120915068,30.018995915308505,31.97942189287673,31.19525150184944,2024-12-17
2025-12-17,Sinaloa,Navolato,MX25018,156438,39109,2.0,27.0,69.03781738218824,1.9353592923561542,0.6184055601649101,0.35232127104525013,23.012605794062747,48.5821677874658,5.113912398680611,9,19.0,7.0,18.90494297995434,1.0,104.0,0.35232127104525013,0.15711587523252674,35.2165912958,63.71195563600804,63.013434628705646,63.29284303162661,2024-12-17
2025-12-17,Sonora,Aconchi,MX26001,2656,664,0.5,4.0,602.4096385542168,1.2889841755679394,0.0,0.022290709150746164,0.0,0.0,0.0,0,0.0,0.0,0.0,0.5755395683453238,28.0,0.022290709150746164,0.0,11.0452380952,0.668721274522385,10.627200740024783,6.6438089538238225,2024-12-17
2025-12-17,Sonora,Agua Prieta,MX26002,96370,24093,2.0,20.0,83.01166313867098,36.151127963218435,0.49356666876713207,0.746783334383566,0.0,0.0,0.0,0,0.0,0.0,0.0,0.5755395683453238,28.0,0.746783334383566,0.12364323042038444,32.8564403998,24.876364639914673,19.939328394920544,21.914142892918196,2024-12-17
2025-12-17,Sonora,Alamos,MX26003,25975,6494,1.3462717666023662,26.0,400.36957191253464,7.251682200756093,0.004678786351176774,0.21676276686460233,0.0,0.0,0.0,0,0.0,0.0,0.1040582726326743,0.5755395683453238,28.0,0.21676276686460233,0.3664944191316827,49.9798393379,14.096283396528559,14.969012200220694,14.619920678743838,2024-12-17
2025-12-17,Sonora,Altar,MX26004,9953,2488,0.8333007715286899,3.0,120.57877813504822,57.00793159989944,0.3014088870684858,0.6507044435342428,0.0,80.38585209003216,-80.38585209003216,0,2.0,2.0,32.58222010413966,0.5755395683453238,28.0,0.6507044435342428,0.3308349107017344,47.4654930338,76.13783152006197,29.822340106135414,48.34853667170604,2024-12-17
2025-12-17,Sonora,Arivechi,MX26005,1215,304,0.5,3.0,986.8421052631579,13.125984598764443,0.0,0.4037077156538689,0.0,0.0,0.0,0,0.0,0.0,0.0,0.5755395683453238,28.0,0.4037077156538689,0.0777855535005298,29.6230228471,13.666942539626664,15.593132585564906,14.822656567189608,2024-12-17
2025-12-17,Sonora,Arizpe,MX26006,2866,716,0.5,4.0,558.659217877095,9.60588039884485,0.0,0.2902813780251816,0.0,0.0,0.0,0,0.0,0.0,0.0,0.5755395683453238,28.0,0.2902813780251816,0.048886017077145676,27.5853211009,9.68616168229836,14.087518851903734,12.326975984061587,2024-12-17
2025-12-17,Sonora,Atil,MX26007,643,161,0.5,1.0,621.1180124223603,5.667136200684622,0.0,0.16336543921184757,0.0,0.0,0.0,0,0.0,0.0,0.0,0.5755395683453238,28.0,0.16336543921184757,0.04010437679394598,26.9661290323,5.703050712234346,12.52061938472773,9.793591915730376,2024-12-17
2025-12-17,Sonora,Bacadéhuachi,MX26008,1002,250,0.5,1.0,400.0,7.800900893443606,0.004796937521661047,0.23451900745711413,0.0,0.0,0.0,0,0.0,0.0,0.0,0.5755395683453238,28.0,0.23451900745711413,0.36498380916114387,49.8733264676,14.335246406936303,14.998859365506917,14.733414182078672,2024-12-17
2025-12-17,Sonora,Bacanora,MX26009,767,192,0.5,2.0,1041.6666666666667,10.94049597691566,0.0,0.33328594509629933,0.0,0.0,0.0,0,0.0,0.0,0.0,0.5755395683453238,28.0,0.33328594509629933,0.06493027498218984,28.7165991903,11.297183852532777,14.683794946282369,13.329150508782533,2024-12-17
2025-12-17,Sonora,Bacerac,MX26010,1268,317,0.5,2.0,630.9148264984227,10.518465195186963,0.0,0.31968708460258116,0.0,0.0,0.0,0,0.0,0.0,0.0,0.5755395683453238,28.0,0.31968708460258116,0.23865523315223383,40.965918537,14.363717201122112,15.389233411207973,14.979026927173628,2024-12-17
2025-12-17,Sonora,Bacoachi,MX26011,1514,379,0.5,2.0,527.7044854881267,1.0191435885640925,0.0,0.013595787696966288,0.0,0.0,0.0,0,0.0,0.0,0.0,0.5755395683453238,28.0,0.013595787696966288,0.2427627679461132,41.2555401662,5.2631289898312525,11.736675522309989,9.147256909318495,2024-12-17
2025-12-17,Sonora,Bácum,MX26012,24396,6099,1.3046857308431403,11.0,180.35743564518773,19.456941113902317,0.16067413477539827,0.5803370673876991,0.0,0.0,0.0,0,0.0,0.0,3.1588026387300587,0.5755395683453238,28.0,0.5803370673876991,0.23103656204482179,40.4287272412,30.030038377070735,23.81173659212121,26.29905730610102,2024-12-17
2025-12-17,Sonora,Banámichi,MX26013,1894,474,0.5,1.0,210.9704641350211,9.225194149863759,0.11948234033838499,0.3377559093237083,0.0,0.0,0.0,0,0.0,0.0,0.0,0.5755395683453238,28.0,0.3377559093237083,0.0,19.3520408163,10.132677279711249,14.412783142100327,12.700740797144697,2024-12-17
2025-12-17,Sonora,Baviácora,MX26014,3281,820,0.5,3.0,365.8536585365854,8.624804689267352,0.01674333364840312,0.2670403940999016,0.0,0.0,0.0,0,0.0,0.0,0.0,0.5755395683453238,28.0,0.2670403940999016,0.0,15.6488817891,8.011211822997048,13.564196959414648,11.343002904847607,2024-12-17
2025-12-17,Sonora,Bavispe,MX26015,1221,305,0.5,2.0,655.7377049180328,13.828721567089497,0.0,0.42635161370530117,0.0,0.0,0.0,0,0.0,0.0,0.0,0.5755395683453238,28.0,0.42635161370530117,0.4779873281927805,57.8411867365,22.350294975014645,17.865868235643344,19.659638931391864,2024-12-17
2025-12-17,Sonora,Benjamín Hill,MX26016,5192,1298,0.6018855849131651,3.0,231.12480739599383,10.423588990149128,0.09832015291387046,0.3657900184710112,0.0,0.0,0.0,0,0.0,0.0,0.0,0.5755395683453238,28.0,0.3657900184710112,0.09960748734019238,31.1616839536,12.965850300934184,15.247229888568924,14.334678053515029,2024-12-17
2025-12-17,Sonora,Caborca,MX26017,93267,23317,2.0,26.0,111.5066260668182,5.5680983628285885,0.3359549765273009,0.3281516869335475,8.577432774370632,25.73229832311189,0.0,2,6.0,2.0,0.0,0.5755395683453238,28.0,0.3281516869335475,0.1023723038772195,31.3566307307,46.891996685550815,44.809393992804495,45.64243506990302,2024-12-17
2025-12-17,Sonora,Cajeme,MX26018,454987,113747,2.0,94.0,82.63954214177078,1.9173912459851619,0.49634393353234135,0.2907114834775073,7.033152522703896,21.099457568111685,0.8791440653379867,8,24.0,7.0,0.2714728214984757,0.5755395683453238,28.0,0.2907114834775073,0.06821228240465194,28.948013015,44.063752365097955,44.64762098206997,44.41407353528117,2024-12-17
2025-12-17,Sonora,Cananea,MX26019,41240,10310,1.6963127584859723,9.0,87.29388942774005,2.4314818846396866,0.4633109983861427,0.2907602693855713,0.0,0.0,0.0,0,0.0,0.0,0.0,0.5755395683453238,28.0,0.2907602693855713,0.06042687840333956,28.3990654092,9.93134564963393,14.150969854859383,12.463120172769202,2024-12-17
2025-12-17,Sonora,Carbó,MX26020,5216,1304,0.6032750879203242,2.0,153.37423312883436,13.666428916690549,0.21061627650524598,0.5264302871712778,0.0,0.0,0.0,0,0.0,0.0,0.34115115315912786,0.5755395683453238,28.0,0.5264302871712778,0.3142324473575528,46.2948559671,22.941471820246463,18.823980751696972,20.470977179116765,2024-12-17
2025-12-17,Sonora,La Colorada,MX26021,1916,479,0.5,6.0,1252.6096033402923,4.346179892586272,0.0,0.12080100711391983,0.0,0.0,0.0,0,0.0,0.0,0.6414517589201497,0.5755395683453238,28.0,0.12080100711391983,0.0,20.3571834185,5.248410829432324,12.892244726259353,9.834711167528543,2024-12-17
2025-12-17,Sonora,Cucurpe,MX26022,897,224,0.5,1.0,446.42857142857144,13.615699268579291,0.0,0.4194875160022248,0.0,0.0,0.0,0,0.0,0.0,0.0,0.5755395683453238,28.0,0.4194875160022248,0.16165333612258395,35.5365269461,15.817692202518424,16.20182910285545,16.04817434272064,2024-12-17
2025-12-17,Sonora,Cumpas,MX26023,6023,1506,0.6483194961837969,5.0,332.00531208499336,8.479076779317065,0.03101074387976937,0.26947839074299984,0.0,0.0,0.0,0,0.0,0.0,0.0,0.5755395683453238,28.0,0.26947839074299984,0.0,19.2222421847,8.084351722289995,13.593452919131826,11.389812440395094,2024-12-17
2025-12-17,Sonora,Divisaderos,MX26024,776,194,0.5,1.0,515.4639175257732,10.139240357039432,0.0,0.30746753595118365,0.0,0.0,0.0,0,0.0,0.0,0.0,0.5755395683453238,28.0,0.30746753595118365,0.13213101170431124,33.4549125168,11.866646312621734,14.709977720151587,13.572645157139645,2024-12-17
2025-12-17,Sonora,Empalme,MX26025,53773,13443,1.9369780319292185,17.0,126.45986758907982,5.265327034437272,0.28166219700016504,0.2912492669595148,0.0,0.0,0.0,0,0.0,0.0,2.443255393486281,0.5755395683453238,28.0,0.2912492669595148,0.15918914456085062,35.3627771885,18.108439664363136,18.77543499944138,18.50863686541008,2024-12-17
2025-12-17,Sonora,Etchojoa,MX26026,64209,16052,2.0,26.0,161.9735858460005,4.6349760935028765,0.19289360093260663,0.22655352511886795,0.0,0.0,0.0,0,0.0,0.0,1.758288130675974,0.5755395683453238,28.0,0.22655352511886795,0.46816840390557174,57.1488559367,20.612575476494797,18.387597647714987,19.27758877922691,2024-12-17
2025-12-17,Sonora,Fronteras,MX26027,9480,2370,0.8132999936737615,6.0,253.16455696202533,8.060564372899329,0.0790352563092725,0.28000515709264545,0.0,0.0,0.0,0,0.0,0.0,0.0,0.5755395683453238,28.0,0.28000515709264545,0.03534020097936862,26.6302077485,9.106958732366735,13.896475120224416,11.980668565081345,2024-12-17
2025-12-17,Sonora,Granados,MX26028,1044,261,0.5,1.0,383.1417624521073,13.21676101811319,0.010428809981410877,0.41184715814488737,0.0,0.0,0.0,0,0.0,0.0,0.0,0.5755395683453238,28.0,0.41184715814488737,0.0,22.5864197531,12.355414744346621,15.301878127954478,14.123292774511334,2024-12-17
2025-12-17,Sonora,Guaymas,MX26029,163718,40929,2.0,50.0,122.16276967431405,4.150040858609713,0.2959033050820758,0.2624325818883684,2.443255393486281,2.443255393486281,2.443255393486281,1,1.0,0.0,1.2971513488083803,0.5755395683453238,28.0,0.2624325818883684,0.11769304791561537,32.4368939717,17.36664546809139,34.863547304957606,27.86478657021112,2024-12-17
2025-12-17,Sonora,Hermosillo,MX26030,977084,244271,2.0,170.0,69.59483524446209,21.244028137752007,0.6124699525356634,0.8062349762678317,2.0469069189547673,3.275051070327628,1.6375255351638138,5,8.0,1.0,0.34903648478375443,0.5755395683453238,28.0,0.8062349762678317,0.0,22.4210124886,30.23830347361231,36.18659932646989,33.80728098532686,2024-12-17
2025-12-17,Sonora,Huachinera,MX26031,1225,306,0.5,2.0,653.59477124183,12.051206252928477,0.0,0.3690757375625451,0.0,0.0,0.0,0,0.0,0.0,0.0,0.5755395683453238,28.0,0.3690757375625451,0.27548255533271926,43.5626072041,16.581923233530738,16.166033857629966,16.332389607990276,2024-12-17
2025-12-17,Sonora,Huásabas,MX26032,920,230,0.5,1.0,434.7826086956522,12.814931207637894,0.0,0.3936848171944216,0.0,0.0,0.0,0,0.0,0.0,0.0,0.5755395683453238,28.0,0.3936848171944216,0.0,19.7338618347,11.810544515832648,15.083930036548887,13.774575828262392,2024-12-17
2025-12-17,Sonora,Huatabampo,MX26033,80891,20223,2.0,36.0,178.01513128615932,11.567091153646034,0.16440932291502572,0.43568103048329415,0.0,0.0,0.0,0,0.0,0.0,0.2081165452653486,0.5755395683453238,28.0,0.43568103048329415,0.38079610655623386,50.9882490581,21.21337706153717,17.84321447273897,19.19127950825825,2024-12-17
2025-12-17,Sonora,Huépac,MX26034,968,242,0.5,2.0,826.4462809917355,4.206215924455528,0.0,0.11629102689645605,0.0,0.0,0.0,0,0.0,0.0,0.0,0.5755395683453238,28.0,0.11629102689645605,0.0,9.7486338798,3.4887308068936815,11.755204552973302,8.448615054541454,2024-12-17
2025-12-17,Sonora,Imuris,MX26035,13085,3271,0.9554695873189141,9.0,275.14521553041885,7.901419470596772,0.06287917773786893,0.26679908113664663,0.0,0.0,0.0,0,0.0,0.0,0.719983872361259,0.5755395683453238,28.0,0.26679908113664663,0.17503186519388994,36.4798449167,13.32786118259977,15.651961492906752,14.722321368783959,2024-12-17
2025-12-17,Sonora,Magdalena,MX26036,34560,8640,1.5528641620493666,12.0,138.88888888888889,11.185960796328672,0.2454314880746086,0.4639111639393043,0.0,0.0,0.0,0,0.0,0.0,0.863980646833511,0.5755395683453238,28.0,0.4639111639393043,0.06423495668575518,28.6675724071,17.389935785441317,17.706422136614314,17.579827596145115,2024-12-17
2025-12-17,Sonora,Mazatán,MX26037,1131,283,0.5,2.0,706.7137809187279,8.42230515079367,0.0,0.2521436985503874,0.0,0.0,0.0,0,0.0,0.0,0.5117267297386918,0.5755395683453238,28.0,0.2521436985503874,0.08584974771822851,30.191627907,10.577177297811797,14.678599609368693,13.038030684745936,2024-12-17
2025-12-17,Sonora,Moctezuma,MX26038,5330,1333,0.6099463975387506,4.0,300.0750187546887,8.453055969061467,0.04741997227385864,0.27684455100749017,0.0,0.0,0.0,0,0.0,0.0,0.0,0.5755395683453238,28.0,0.27684455100749017,0.0,22.041210432,8.305336530224706,13.681846842305712,11.531242717473308,2024-12-17
2025-12-17,Sonora,Naco,MX26039,6052,1513,0.6498244680226035,2.0,132.18770654329148,12.052942395118787,0.26411906487286935,0.5011912127322244,0.0,0.0,0.0,0,0.0,0.0,0.0,0.5755395683453238,28.0,0.5011912127322244,0.3360808394241508,47.835382639,21.75735317044975,18.054410980123276,19.535587856253866,2024-12-17
2025-12-17,Sonora,Nácori Chico,MX26040,1574,393,0.5,2.0,508.9058524173028,15.954570039994097,0.0,0.4948516332901232,0.0,0.0,0.0,0,0.0,0.0,6.156687702016316,0.5755395683453238,28.0,0.4948516332901232,0.45267744981330543,56.0565912117,38.89909799496981,28.561319078763837,32.696430645246224,2024-12-17
2025-12-17,Sonora,Nacozari de García,MX26041,15051,3763,1.0248108271141363,3.0,79.72362476747276,27.0526034034035,0.5190039593770022,0.7595019796885011,0.0,0.0,0.0,0,0.0,0.0,0.0,0.5755395683453238,28.0,0.7595019796885011,0.0,18.2794144396,22.785059390655032,19.47373598647784,20.798265348148718,2024-12-17
2025-12-17,Sonora,Navojoa,MX26042,171647,42912,2.0,61.0,142.15137956748694,1.8244889966743052,0.23697108950616175,0.15803152454098257,0.0,0.0,0.0,0,0.0,0.0,1.172192087117316,0.5755395683453238,28.0,0.15803152454098257,0.20915054012364057,38.8855472942,11.892357635247173,15.280777289689079,13.925409427912317,2024-12-17
2025-12-17,Sonora,Nogales,MX26043,277784,69446,2.0,52.0,74.87832272557095,5.934872229283281,0.5605603516178835,0.4522727224728611,4.319903234167555,4.319903234167555,4.319903234167555,3,3.0,0.0,37.38317757009346,0.5755395683453238,28.0,0.4522727224728611,0.07604008379073361,29.4999500537,36.90492129937871,56.16718531884383,48.462279711057775,2024-12-17
2025-12-17,Sonora,Onavas,MX26044,379,95,0.5,1.0,1052.6315789473683,4.25351631108606,0.0,0.11781516064910029,0.0,0.0,0.0,0,0.0,0.0,1.4066305045407792,0.5755395683453238,28.0,0.11781516064910029,0.006118176804418061,24.5697674419,7.218899671415231,14.178805919263032,11.394843420123912,2024-12-17
2025-12-17,Sonora,Opodepe,MX26045,2516,629,0.5,3.0,476.9475357710652,16.07719391278555,0.0,0.49880287336901014,0.0,0.0,0.0,0,0.0,0.0,0.0,0.5755395683453238,28.0,0.49880287336901014,0.16488875620477905,35.7646559048,18.261861325165885,17.169790491667843,17.60661882506706,2024-12-17
2025-12-17,Sonora,Oquitoa,MX26046,512,128,0.5,1.0,781.25,9.250507126316784,0.0,0.27883038495659557,0.0,0.0,0.0,0,0.0,0.0,0.0,0.5755395683453238,28.0,0.27883038495659557,0.0,23.6398390342,8.364911548697867,13.705676849694976,11.56937072929613,2024-12-17
2025-12-17,Sonora,Pitiquito,MX26047,9530,2383,0.8155275128391437,6.0,251.7834662190516,65.79561203477279,0.08014456452104143,0.5400722822605207,0.0,0.0,0.0,0,0.0,0.0,1.7707232822208996,0.5755395683453238,28.0,0.5400722822605207,0.07464998379954908,29.401934323,22.17925994956883,20.20322407351464,20.993638423936318,2024-12-17
2025-12-17,Sonora,Puerto Peñasco,MX26048,65642,16411,2.0,15.0,91.40210834196576,33.36692888715236,0.4369492842664651,0.7184746421332325,0.0,0.0,0.0,0,0.0,0.0,3.4993696174500264,0.5755395683453238,28.0,0.7184746421332325,0.17382685677624307,36.3948799636,33.89240643764962,25.758295578447694,29.01193992212846,2024-12-17
2025-12-17,Sonora,Quiriego,MX26049,3213,803,0.5,4.0,498.13200498132005,7.404271037936096,0.0,0.21934015796055428,0.0,0.0,0.0,0,0.0,0.0,1.4066305045407792,0.5755395683453238,28.0,0.21934015796055428,0.43688955994561773,54.9433895921,18.880077253582844,17.550962802706476,18.082608583057024,2024-12-17
2025-12-17,Sonora,Rayón,MX26050,1534,384,0.5,1.0,260.4166666666667,5.774362522480098,0.07340338384952266,0.20352222459064181,0.0,0.0,0.0,0,0.0,0.0,0.0,0.5755395683453238,28.0,0.20352222459064181,0.2013934897910383,38.3385989011,10.13353653354002,13.808946374258724,12.338782437971243,2024-12-17
2025-12-17,Sonora,Rosario,MX26051,4998,1250,0.5906518960387471,6.0,480.0,10.537148221649746,0.0,0.32028909725537186,0.0,0.0,0.0,0,0.0,0.0,1.172192087117316,0.5755395683453238,28.0,0.32028909725537186,0.20660493041034625,38.7060567556,16.709172622412964,17.21514011369528,17.012753117182353,2024-12-17
2025-12-17,Sonora,Sahuaripa,MX26052,5427,1357,0.6154127926737855,5.0,368.45983787767136,23.869233017510666,0.015753489397901627,0.5078767446989508,0.0,0.0,0.0,0,0.0,0.0,3.078343851008158,0.5755395683453238,28.0,0.5078767446989508,0.20467113800787157,38.5697053589,27.12517037268262,22.674552371013704,24.45479957168127,2024-12-17
2025-12-17,Sonora,San Felipe de Jesús,MX26053,386,96,0.5,1.0,1041.6666666666667,10.249051705715202,0.0,0.3110059252723418,0.0,0.0,0.0,0,0.0,0.0,0.0,0.5755395683453238,28.0,0.3110059252723418,0.0,16.7907608696,9.330177758170253,14.091783333483928,12.18714110335846,2024-12-17
2025-12-17,Sonora,San Javier,MX26054,563,141,0.5,1.0,709.2198581560284,2.7669945088558503,0.0,0.06991580476184558,0.0,0.0,0.0,0,0.0,0.0,0.0,0.5755395683453238,28.0,0.06991580476184558,0.0,23.2602996255,2.097474142855367,11.198701887357975,7.558210789556933,2024-12-17
2025-12-17,Sonora,San Luis Río Colorado,MX26055,208260,52065,2.0,35.0,67.2236627292807,46.47738859175815,0.6384191598439056,0.8192095799219528,1.9206760779794487,17.28608470181504,-1.9206760779794487,1,9.0,2.0,0.9194353931137966,0.5755395683453238,28.0,0.8192095799219528,0.2446521471757239,41.3887599971,59.07162586395705,37.5687777873265,46.169917017978726,2024-12-17
2025-12-17,Sonora,San Miguel de Horcasitas,MX26056,11399,2850,0.8918648047942583,4.0,140.35087719298247,5.2346306455407365,0.24159157503387005,0.27022484350320825,0.0,0.0,0.0,0,0.0,0.0,0.5117267297386918,0.5755395683453238,28.0,0.27022484350320825,0.503799071695076,59.6611686918,19.478598125933374,16.98531996868678,17.982631231585415,2024-12-17
2025-12-17,Sonora,San Pedro de la Cueva,MX26057,1479,370,0.5,3.0,810.8108108108108,7.860502699958616,0.0,0.23404105418250293,0.0,0.0,0.0,0,0.0,0.0,0.0,0.5755395683453238,28.0,0.23404105418250293,0.15700525114400032,35.2087912088,10.161336648355093,13.953231136125865,12.436473341017557,2024-12-17
2025-12-17,Sonora,Santa Ana,MX26058,16903,4226,1.0860287999330953,9.0,212.9673450070989,12.729271923362623,0.11720683631424361,0.449528084416392,0.0,0.0,0.0,0,0.0,0.0,0.0,0.5755395683453238,28.0,0.449528084416392,0.04447683916358312,27.274430663,14.375379315763423,15.976433439030446,15.336011789723635,2024-12-17
2025-12-17,Sonora,Santa Cruz,MX26059,1923,481,0.5,2.0,415.8004158004158,7.375912214084699,0.0,0.2184263675309998,0.0,0.0,0.0,0,0.0,0.0,1.0799758085418887,0.5755395683453238,28.0,0.2184263675309998,0.1601064752950214,35.4274580336,12.48979769876428,15.604612461685505,14.358686556517014,2024-12-17
2025-12-17,Sonora,Sáric,MX26060,2139,535,0.5,2.0,373.8317757009346,24.61625895786383,0.013756734616717595,0.5068783673083588,186.9158878504673,373.8317757009346,186.9158878504673,1,2.0,0.0,1.439967744722518,0.5755395683453238,28.0,0.5068783673083588,0.31283508834428425,46.1963284039,60.109555675381586,50.43743000580098,54.30628027363322,2024-12-17
2025-12-17,Sonora,Soyopa,MX26061,1406,352,0.5,5.0,1420.4545454545455,4.516709427121992,0.0,0.1262958843849828,0.0,0.0,0.0,0,0.0,0.0,0.0,0.5755395683453238,28.0,0.1262958843849828,0.0,18.5163934426,3.7888765315494837,11.875262842835623,8.640708318321169,2024-12-17
2025-12-17,Sonora,Suaqui Grande,MX26062,1152,288,0.5,1.0,347.22222222222223,0.5672703332829345,0.024252496928069557,0.012126248464034779,0.0,0.0,0.0,0,0.0,0.0,1.5794013193650294,0.5755395683453238,28.0,0.012126248464034779,0.01666476625108505,25.3134057971,4.696680336214408,13.254949414554112,9.831641783218231,2024-12-17
2025-12-17,Sonora,Tepache,MX26063,1203,301,0.5,1.0,332.22591362126246,8.195560140274948,0.030908346198683018,0.2602915947164198,0.0,0.0,0.0,0,0.0,0.0,0.0,0.5755395683453238,28.0,0.2602915947164198,0.10485902876416849,31.5319693095,9.905928416775964,14.00750651063371,12.36687527309061,2024-12-17
2025-12-17,Sonora,Trincheras,MX26064,1436,359,0.5,2.0,557.1030640668523,12.332003873456477,0.0,0.3781237213444083,0.0,0.0,0.0,0,0.0,0.0,0.0,0.5755395683453238,28.0,0.3781237213444083,0.08454709784787509,30.0997782705,13.03465359728975,15.319932375588104,14.405820864268762,2024-12-17
2025-12-17,Sonora,Tubutama,MX26065,1532,383,0.5,3.0,783.289817232376,3.5400428432472952,0.0,0.09482530641295615,0.0,0.0,0.0,0,0.0,0.0,23.904473885579357,0.5755395683453238,28.0,0.09482530641295615,0.14945102963643245,34.6761442441,20.833779785117336,22.244871055353464,21.680434547259015,2024-12-17
2025-12-17,Sonora,Ures,MX26066,8785,2196,0.7828756112680944,7.0,318.76138433515484,12.573069584202505,0.0374179130677445,0.404600402679837,0.0,0.0,0.0,0,0.0,0.0,0.2924152741363953,0.5755395683453238,28.0,0.404600402679837,0.0,20.8680488974,12.878510015786885,15.708582352635055,14.576553417895788,2024-12-17
2025-12-17,Sonora,Villa Hidalgo,MX26067,1506,376,0.5,2.0,531.9148936170212,9.093021675004923,0.0,0.2737558198421557,0.0,0.0,0.0,0,0.0,0.0,0.0,0.5755395683453238,28.0,0.2737558198421557,0.0,23.4939759036,8.21267459526467,13.644782068321698,11.471939079098886,2024-12-17
2025-12-17,Sonora,Villa Pesqueira,MX26068,1073,268,0.5,3.0,1119.402985074627,3.889017951582318,0.0,0.10607013503562028,0.0,0.0,0.0,0,0.0,0.0,0.0,0.5755395683453238,28.0,0.10607013503562028,0.0,24.0518590998,3.1821040510686087,11.632553850643273,8.252373930813407,2024-12-17
2025-12-17,Sonora,Yécora,MX26069,4974,1244,0.5892326263159186,5.0,401.92926045016077,7.368432744198735,0.00418255143514289,0.2202766364975244,0.0,0.0,0.0,0,0.0,0.0,0.0,0.5755395683453238,28.0,0.2202766364975244,0.7190660101190776,74.8396065013,20.989619297307282,16.59836191878151,18.35486487019182,2024-12-17
2025-12-17,Sonora,General Plutarco Elías Calles,MX26070,14264,3566,0.9976248656648447,4.0,112.17049915872126,19.825432637634666,0.33323749960616283,0.6666187498030814,0.0,0.0,0.0,0,0.0,0.0,4.288716387185316,0.5755395683453238,28.0,0.6666187498030814,0.3036086644149429,45.5457747107,36.931268425806756,27.117535645537828,31.043028757645395,2024-12-17
2025-12-17,Sonora,Benito Juárez,MX26071,22714,5678,1.2588508863265035,7.0,123.28284607256076,1.7702957609430872,0.2920955741696787,0.1838475287206487,0.0,17.611835153222966,0.0,0,1.0,0.0,2.344384174234632,0.5755395683453238,28.0,0.1838475287206487,0.35831594958907964,49.4031767429,46.406478644032156,18.315330451535523,29.551789728534178,2024-12-17
2025-12-17,Sonora,San Ignacio Río Muerto,MX26072,14954,3739,1.0215375342366584,5.0,133.7255950788981,11.76916625904186,0.25966476574561276,0.4898201043555698,0.0,0.0,0.0,0,0.0,0.0,1.2216276967431405,0.5755395683453238,28.0,0.4898201043555698,0.46857999717382254,57.177877313,27.159792456323885,20.642846389805335,23.249624816412755,2024-12-17
2025-12-17,Tabasco,Balancán,MX27001,61236,15309,2.0,32.0,209.02736952119668,7.734041778459498,0.12173828924981887,0.29083531966630016,0.0,0.0,0.0,0,0.0,0.0,0.38923833841938094,0.12332990750256939,6.0,0.29083531966630016,0.5341949360331629,61.8043762828,20.394646171268032,9.038062091618178,13.58069572347812,2024-12-17
2025-12-17,Tabasco,Cárdenas,MX27002,257686,64422,2.0,91.0,141.25609263916053,2.70802564497157,0.2392538697321458,0.1876426190960685,0.0,10.865853279935425,-6.209059017105957,0,7.0,4.0,0.4405907440696486,0.12332990750256939,6.0,0.1876426190960685,0.4530469520795469,56.0826447581,32.950077549035115,7.480704621545915,17.668453792541595,2024-12-17
2025-12-17,Tabasco,Centla,MX27003,113028,28257,2.0,45.0,159.2525745832891,5.378086760310022,0.1982944222145206,0.2531987727878514,0.0,0.0,0.0,0,0.0,0.0,0.5851562929231261,0.12332990750256939,6.0,0.2531987727878514,0.7466724912362301,76.7861351222,24.01123377873812,9.979566578266933,15.592233458455409,2024-12-17
2025-12-17,Tabasco,Centro,MX27004,719877,179969,2.0,257.0,142.80237151953946,1.3886238109477558,0.2353291798880535,0.14316593101983027,1.1113025020975835,16.669537531463753,-6.112163761536709,2,30.0,13.0,2.816057466511467,0.12332990750256939,6.0,0.14316593101983027,0.16547102857064044,35.8057118373,41.0368183258425,17.968777559766586,27.195993866196954,2024-12-17
2025-12-17,Tabasco,Comalcalco,MX27005,226967,56742,2.0,77.0,135.70194917345177,0.5395128261942895,0.2540887465664554,0.1270443732832277,1.7623629762785944,12.33654083395016,-3.524725952557189,1,7.0,3.0,0.0,0.12332990750256939,6.0,0.1270443732832277,0.43670210820936584,54.9301723998,32.009952145171155,19.327381143003972,24.400409543870843,2024-12-17
2025-12-17,Tabasco,Cunduacán,MX27006,147077,36769,2.0,50.0,135.98411705512797,2.5776791647823156,0.2533058697501497,0.1904685377918539,0.0,5.4393646822051185,-2.7196823411025592,0,2.0,1.0,0.4789442463960296,0.12332990750256939,6.0,0.1904685377918539,0.5133779391004758,60.3365731188,25.77669239761402,7.881020252214677,15.039289110374416,2024-12-17
2025-12-17,Tabasco,Emiliano Zapata,MX27007,33812,8453,1.5359675140764124,16.0,189.28191174730864,3.2805721886091903,0.14728971060839982,0.16010938476106754,0.0,0.0,0.0,0,0.0,0.0,0.5520888557802692,0.12332990750256939,6.0,0.16010938476106754,0.45537416083249455,56.2467358795,15.308847192301092,7.350176711554314,10.533644903853027,2024-12-17
2025-12-17,Tabasco,Huimanguillo,MX27008,202592,50648,2.0,74.0,146.1064602748381,8.58384073963926,0.22722130587060171,0.3709594219037365,0.0,9.87205812667825,-1.97441162533565,0,5.0,1.0,0.0,0.12332990750256939,6.0,0.3709594219037365,0.538295581011572,62.0935121122,37.47081530984627,9.362929302948947,20.606083705707874,2024-12-17
2025-12-17,Tabasco,Jalapa,MX27009,39743,9936,1.6652612923033652,14.0,140.90177133655394,2.3586434068253084,0.24016532161873866,0.17684039770179763,20.128824476650564,20.128824476650564,20.128824476650564,2,2.0,0.0,0.8777344393846891,0.12332990750256939,6.0,0.17684039770179763,0.3925763976290912,51.81887552,47.13870526038622,37.78672586599125,41.52751762374923,2024-12-17
2025-12-17,Tabasco,Jalpa de Méndez,MX27010,96939,24235,2.0,35.0,144.41922838869405,1.1323652604644312,0.23131523632484596,0.13290168410755748,0.0,0.0,0.0,0,0.0,0.0,0.3524725952557189,0.12332990750256939,6.0,0.13290168410755748,0.47591996465985154,57.6954172605,14.398033932762688,6.789414445195484,9.832862240222367,2024-12-17
2025-12-17,Tabasco,Jonuta,MX27011,32318,8079,1.5016039429022752,26.0,321.8220076742171,1.5302108393325804,0.0358903872207694,0.04800881386127244,0.0,0.0,0.0,0,0.0,0.0,0.6594314348531161,0.12332990750256939,6.0,0.04800881386127244,0.5854120409327926,65.4156862554,14.81841668998592,6.836378609706744,10.029193841818413,2024-12-17
2025-12-17,Tabasco,Macuspana,MX27012,166690,41673,2.0,79.0,189.57118517985268,2.9069913879699176,0.14687696046193222,0.14786532568237917,2.399635255441173,4.799270510882346,2.399635255441173,1,2.0,0.0,2.6777649412569753,0.12332990750256939,6.0,0.14786532568237917,0.6407179373138351,69.3152962692,31.603640669678622,29.96324131128867,30.61940105464465,2024-12-17
2025-12-17,Tabasco,Nacajuca,MX27013,160409,40102,2.0,47.0,117.20113710039399,1.3984350815583402,0.3136457730706501,0.18264037066532227,0.0,12.46820607451,-2.493641214902,0,5.0,1.0,0.2778256255243959,0.12332990750256939,6.0,0.18264037066532227,0.3416192780292154,48.2258970698,32.687468548753905,6.5887537284727875,17.028239656585235,2024-12-17
2025-12-17,Tabasco,Paraíso,MX27014,101952,25488,2.0,30.0,117.70244821092278,1.143406570185853,0.3117851854185703,0.17349243656700347,0.0,15.693659761456372,-11.770244821092279,0,4.0,3.0,0.4405907440696486,0.12332990750256939,6.0,0.17349243656700347,0.3696285394194021,50.2008256641,38.47451088123608,6.89381036789641,19.52609057323228,2024-12-17
2025-12-17,Tabasco,Tacotalpa,MX27015,50393,12598,1.875112797797917,31.0,246.07080488966503,3.352285706912786,0.08486531782918953,0.13120797273399076,0.0,0.0,0.0,0,0.0,0.0,3.2183513902988197,0.12332990750256939,6.0,0.13120797273399076,0.5430374096068679,62.4278576971,22.946980793344565,11.942950002013468,16.344562318545908,2024-12-17
2025-12-17,Tabasco,Teapa,MX27016,61782,15445,2.0,25.0,161.86468112657818,1.6316175390228862,0.1931062730394783,0.12988432781501424,0.0,0.0,0.0,0,0.0,0.0,3.034303854106878,0.12332990750256939,6.0,0.12988432781501424,0.408240754677009,52.92336686,19.74526549593399,10.94236775417372,14.463526850877829,2024-12-17
2025-12-17,Tabasco,Tenosique,MX27017,65308,16327,2.0,34.0,208.2440129846267,3.3621538993653854,0.12265968014856471,0.1504231311083696,0.0,0.0,0.0,0,0.0,0.0,0.9532524975215435,0.12332990750256939,6.0,0.1504231311083696,0.42448416884886353,54.0686874263,15.416346650258465,7.756749645944405,10.82058844767003,2024-12-17
2025-12-17,Tamaulipas,Abasolo,MX28001,10229,2557,0.8447767641151998,10.0,391.08330074305826,7.3771937619304095,0.007715271432622336,0.22232529784269206,0.0,0.0,0.0,0,0.0,0.0,53.3342462001917,0.08221993833504626,4.0,0.22232529784269206,0.4538431235207538,56.1387826806,30.74662140569584,16.417078081746904,22.14889541132648,2024-12-17
2025-12-17,Tamaulipas,Aldama,MX28002,29902,7475,1.444382421839562,10.0,133.77926421404683,11.27397723270866,0.25951116922398315,0.47378710863555096,0.0,0.0,0.0,0,0.0,0.0,0.0,0.08221993833504626,4.0,0.47378710863555096,0.4035085390574492,52.5896990845,22.283784040215515,9.18294688894469,14.423281749453022,2024-12-17
2025-12-17,Tamaulipas,Altamira,MX28003,283874,70969,2.0,43.0,60.58983499837957,5.483457590155241,0.7218069325611439,0.518350332941769,0.0,0.0,0.0,0,0.0,0.0,0.0,0.08221993833504626,4.0,0.518350332941769,0.2553503206977693,42.1430865215,20.657516402208458,8.976914488820908,13.649155254175929,2024-12-17
2025-12-17,Tamaulipas,Antiguo Morelos,MX28004,9262,2316,0.8039811629003707,3.0,129.5336787564767,1.3786959609847462,0.27205488515706233,0.16120888412924195,0.0,0.0,0.0,0,0.0,0.0,0.428201340270195,0.08221993833504626,4.0,0.16120888412924195,0.36820863933306325,50.1007087334,13.284795144338673,5.978412585447153,8.90096560900376,2024-12-17
2025-12-17,Tamaulipas,Burgos,MX28005,4457,1114,0.557595411599272,1.0,89.76660682226212,4.917661655229261,0.44715491981473915,0.3627930024090946,0.0,0.0,0.0,0,0.0,0.0,57.042748189656194,0.08221993833504626,4.0,0.3627930024090946,0.3335246553856392,47.6551465064,32.554283179985624,17.501098195868163,23.522372189515146,2024-12-17
2025-12-17,Tamaulipas,Bustamante,MX28006,7850,1962,0.7399904201656426,4.0,203.8735983690112,6.238239805263169,0.12793014902800975,0.2457328639390553,0.0,0.0,0.0,0,0.0,0.0,0.0,0.08221993833504626,4.0,0.2457328639390553,0.7284596230247485,75.5019486628,21.941178378666628,8.071051372423238,13.619102174920595,2024-12-17
2025-12-17,Tamaulipas,Camargo,MX28007,17181,4295,1.0948589679236123,11.0,256.1117578579744,6.376482813771534,0.0767080362845825,0.22457633427090729,0.0,0.0,0.0,0,0.0,0.0,105.46467450146656,0.08221993833504626,4.0,0.22457633427090729,0.2386370750176495,40.9646382098,26.51003152848021,15.368060276369969,19.824848777214065,2024-12-17
2025-12-17,Tamaulipas,Casas,MX28008,4399,1100,0.5540805923499459,3.0,272.72727272727275,21.238205786362265,0.06452891815537143,0.5322644590776857,0.0,0.0,0.0,0,0.0,0.0,0.0,0.08221993833504626,4.0,0.5322644590776857,0.4839964302225969,58.264887571,25.64786237678251,10.287114550076046,16.431413680758634,2024-12-17
2025-12-17,Tamaulipas,Ciudad Madero,MX28009,218792,54698,2.0,37.0,67.64415517934842,0.9916112755240382,0.6336847496855691,0.3295510043031704,0.0,0.0,0.0,0,0.0,0.0,0.0,0.08221993833504626,4.0,0.3295510043031704,0.0,23.3546220279,9.886530129095112,5.434570941668877,7.215354616639372,2024-12-17
2025-12-17,Tamaulipas,Cruillas,MX28010,1742,436,0.5,1.0,229.3577981651376,16.079537921376378,0.10002678093197646,0.5488917935053513,229.3577981651376,229.3577981651376,229.3577981651376,1,1.0,0.0,14.954055717221022,0.08221993833504626,4.0,0.5488917935053513,0.4196557900851154,53.7282392027,74.85986960686284,50.16493936252062,60.04291146025751,2024-12-17
2025-12-17,Tamaulipas,Gómez Farías,MX28011,8710,2178,0.7796605027711462,4.0,183.65472910927457,5.535013499368817,0.15557752292132712,0.23689688518503121,0.0,0.0,0.0,0,0.0,0.0,0.0,0.08221993833504626,4.0,0.23689688518503121,0.31161172292761646,46.1100691017,13.339141014103268,5.880780126889289,8.86412448177488,2024-12-17
2025-12-17,Tamaulipas,González,MX28012,43357,10839,1.739286812370283,11.0,101.48537687978596,14.137601701744849,0.38129459311601166,0.6269517811019067,0.0,0.0,0.0,0,0.0,0.0,0.0,0.08221993833504626,4.0,0.6269517811019067,0.5271130275016258,61.3050320314,29.35081398308972,11.638945400761843,18.723692833692994,2024-12-17
2025-12-17,Tamaulipas,Güémez,MX28013,16095,4024,1.0597552627174738,4.0,99.40357852882704,9.447102422525516,0.39186017202810436,0.4810952506185039,0.0,0.0,0.0,0,0.0,0.0,0.0,0.08221993833504626,4.0,0.4810952506185039,0.4012237361419917,52.428597992,22.45733224139495,9.259220578162838,14.538465243455684,2024-12-17
2025-12-17,Tamaulipas,Guerrero,MX28014,3961,990,0.5256470037363289,3.0,303.030303030303,50.43332347816296,0.04575600995620533,0.5228780049781027,0.0,0.0,0.0,0,0.0,0.0,0.0,0.08221993833504626,4.0,0.5228780049781027,0.10403864229492703,31.4741239892,17.767112995241618,8.2746881612427,12.071658094842268,2024-12-17
2025-12-17,Tamaulipas,Gustavo Díaz Ordaz,MX28015,16365,4091,1.0685413565961541,6.0,146.66340747983378,12.286200433121316,0.22589059726729474,0.4895931214838775,0.0,0.0,0.0,0,0.0,0.0,47.54300664304657,0.08221993833504626,4.0,0.4895931214838775,0.3066889636332341,45.7629661218,35.82157291718101,18.888521166003535,25.66174186647453,2024-12-17
2025-12-17,Tamaulipas,Hidalgo,MX28016,17671,4418,1.1104255645528445,8.0,181.07741059302853,9.159105729301482,0.15954543306342356,0.3556579256841854,0.0,0.0,0.0,0,0.0,0.0,8.735150244584206,0.08221993833504626,4.0,0.3556579256841854,0.6473638106885585,69.7838957506,38.61701398429673,18.98467305168385,26.837609424729003,2024-12-17
2025-12-17,Tamaulipas,Jaumave,MX28017,16592,4148,1.0759596123261148,10.0,241.08003857280616,9.100317964576053,0.08917262673682222,0.3185772374453649,0.0,0.0,0.0,0,0.0,0.0,0.0,0.08221993833504626,4.0,0.3185772374453649,0.5183422124802433,60.6866032503,19.924161372965816,7.894596801776428,12.706422630252185,2024-12-17
2025-12-17,Tamaulipas,Jiménez,MX28018,6647,1662,0.6810705565404545,4.0,240.67388688327316,6.581188395081093,0.08953101862062449,0.23758393824167579,0.0,0.0,0.0,0,0.0,0.0,46.961449938773804,0.08221993833504626,4.0,0.23758393824167579,0.5156098436162798,60.4939443535,32.43971501957587,16.90901536701234,23.121295228037752,2024-12-17
2025-12-17,Tamaulipas,Llera,MX28019,15139,3785,1.0278021878876973,10.0,264.2007926023778,7.626245169209328,0.07058744761964775,0.26178642934530716,0.0,0.0,0.0,0,0.0,0.0,0.0,0.08221993833504626,4.0,0.26178642934530716,0.43640007289762517,54.9088759377,16.581594338311717,6.803396406662644,10.714675579322273,2024-12-17
2025-12-17,Tamaulipas,Mainero,MX28020,2163,541,0.5,2.0,369.68576709796673,3.323605461435345,0.01529269983301301,0.09549751631808683,0.0,0.0,0.0,0,0.0,0.0,2.258661968649772,0.08221993833504626,4.0,0.09549751631808683,0.46606434748654724,57.0004992511,17.905935971064626,8.769399844474664,12.424014295110648,2024-12-17
2025-12-17,Tamaulipas,El Mante,MX28021,109966,27491,2.0,38.0,138.2270561274599,7.177343349233367,0.24719650073543933,0.33562624505859534,0.0,0.0,0.0,0,0.0,0.0,0.0,0.08221993833504626,4.0,0.33562624505859534,0.21999898339532756,39.6504693149,14.46876701966441,6.607468747710614,9.751988056492134,2024-12-17
2025-12-17,Tamaulipas,Matamoros,MX28022,566950,141738,2.0,136.0,95.95168550424022,11.786044477573677,0.41038963475998186,0.5657263962047627,0.0,2.116581297887652,-0.705527099295884,0,3.0,1.0,13.399229229526563,0.08221993833504626,4.0,0.5657263962047627,0.1485532762543227,34.612843795,38.28239675023877,19.0114420257596,26.719823915551267,2024-12-17
2025-12-17,Tamaulipas,Méndez,MX28023,4468,1117,0.5583457085230149,2.0,179.05102954341987,20.841678200670678,0.16274536059737235,0.5813726802986862,89.52551477170994,89.52551477170994,89.52551477170994,1,1.0,0.0,16.43071514410892,0.08221993833504626,4.0,0.5813726802986862,0.25740106616905933,42.2876842606,72.58920173234178,49.74343638446037,58.881742523612935,2024-12-17
2025-12-17,Tamaulipas,Mier,MX28024,6576,1644,0.6773724085385293,3.0,182.4817518248175,11.676879718629658,0.15736948234033846,0.4356987653710121,0.0,0.0,0.0,0,0.0,0.0,0.0,0.08221993833504626,4.0,0.4356987653710121,0.1436803645259231,34.2692555591,15.944570251648823,7.426745897112593,10.833875638927084,2024-12-17
2025-12-17,Tamaulipas,Miguel Alemán,MX28025,27157,6789,1.3765104103682178,13.0,191.4862277213139,18.130739641360986,0.14417593496959577,0.5720879674847978,0.0,0.0,0.0,0,0.0,0.0,70.62146892655367,0.08221993833504626,4.0,0.5720879674847978,0.21242102591767012,39.1161487307,36.41105954289734,19.407119629436757,26.20869559482099,2024-12-17
2025-12-17,Tamaulipas,Miquihuana,MX28026,3800,950,0.5149183851287181,3.0,315.7894736842105,6.2312838317264125,0.03892949788378126,0.20100839994429595,0.0,0.0,0.0,0,0.0,0.0,0.0,0.08221993833504626,4.0,0.20100839994429595,0.8113106098279839,81.3437586493,22.256464194888554,7.9486127385023035,13.671753321056803,2024-12-17
2025-12-17,Tamaulipas,Nuevo Laredo,MX28027,444899,111225,2.0,70.0,62.93549112160036,8.70527617559026,0.6903128417944576,0.6064181356127192,0.0,1.7981568891885817,0.0,0,2.0,0.0,0.0,0.08221993833504626,4.0,0.6064181356127192,0.13376186899867315,33.5699040069,23.704911151404527,9.425785862376829,15.137435977987906,2024-12-17
2025-12-17,Tamaulipas,Nuevo Morelos,MX28028,3972,993,0.5264428361431905,3.0,302.11480362537765,3.657241833347874,0.046267998361637114,0.12173574272912799,0.0,0.0,0.0,0,0.0,0.0,0.5352516753377438,0.08221993833504626,4.0,0.12173574272912799,0.5114033829986406,60.1973474801,15.235584734096841,6.4014345792736975,9.935094641202955,2024-12-17
2025-12-17,Tamaulipas,Ocampo,MX28029,13642,3410,0.9755595516105039,5.0,146.6275659824047,1.6734019386827215,0.22597592866820007,0.14766555083652175,0.0,0.0,0.0,0,0.0,0.0,0.0,0.08221993833504626,4.0,0.14766555083652175,0.4605468888519189,56.6114641147,13.640904302134032,5.554679944328688,8.789169687450826,2024-12-17
2025-12-17,Tamaulipas,Padilla,MX28030,14265,3566,0.9976248656648447,5.0,140.21312394840157,6.580313619239191,0.24194996691767232,0.31376522498029424,0.0,0.0,0.0,0,0.0,0.0,10.482180293501049,0.08221993833504626,4.0,0.31376522498029424,0.4525842684485981,56.0500210084,33.46464211838079,17.508062932037355,23.890694606574726,2024-12-17
2025-12-17,Tamaulipas,Palmillas,MX28031,1975,494,0.5,1.0,202.42914979757086,4.019617735133762,0.12972210844702103,0.1751394326241079,0.0,0.0,0.0,0,0.0,0.0,0.0,0.08221993833504626,4.0,0.1751394326241079,0.4359120216208266,54.8744635193,13.97242341113977,5.761192189624261,9.045684678230465,2024-12-17
2025-12-17,Tamaulipas,Reynosa,MX28032,737054,184264,2.0,163.0,88.46003560109408,12.772747191063326,0.45557917075564774,0.6201151307340339,3.256197629488126,8.683193678635002,1.0853992098293754,6,16.0,4.0,54.09645646531942,0.08221993833504626,4.0,0.6201151307340339,0.05287078049247389,27.8662861396,48.36120171706909,43.942849619290634,45.71019045840202,2024-12-17
2025-12-17,Tamaulipas,Río Bravo,MX28033,138683,34671,2.0,37.0,106.71742955207522,13.721230103272342,0.3565606471022522,0.6011683002801682,2.8842548527587897,11.537019411035159,-2.8842548527587897,1,4.0,2.0,26.019029047403794,0.08221993833504626,4.0,0.6011683002801682,0.30587917983844376,45.7058683944,57.355727481103614,42.152616201099825,48.233860713101336,2024-12-17
2025-12-17,Tamaulipas,San Carlos,MX28034,7633,1908,0.7297360156425173,6.0,314.4654088050315,8.435227840473896,0.03961214909102365,0.2723661736566478,52.41090146750524,52.41090146750524,52.41090146750524,1,1.0,0.0,29.799055754967085,0.08221993833504626,4.0,0.2723661736566478,0.6801868102976962,72.098240266,71.77472141565335,48.14928702539908,57.5994607815008,2024-12-17
2025-12-17,Tamaulipas,San Fernando,MX28035,53601,13400,1.9338776537809905,29.0,216.4179104477612,15.160986758180199,0.11337378901840553,0.5259673400880187,37.3134328358209,52.23880597014925,22.388059701492537,5,7.0,2.0,45.96679539851518,0.08221993833504626,4.0,0.5259673400880187,0.497250227912377,59.1994107516,75.7240247608881,50.277818110648944,60.4563007707446,2024-12-17
2025-12-17,Tamaulipas,San Nicolás,MX28036,961,240,0.5,1.0,416.6666666666667,16.846030738172022,0.0,0.5,0.0,0.0,0.0,0,0.0,0.0,70.44217490816071,0.08221993833504626,4.0,0.5,0.833187025501568,82.8862612613,46.66374051003136,21.645894017538676,31.653032614535746,2024-12-17
2025-12-17,Tamaulipas,Soto la Marina,MX28037,24675,6169,1.3121514993910468,11.0,178.31090938563787,16.729713322788264,0.16393224280996424,0.5819661214049822,0.0,0.0,0.0,0,0.0,0.0,9.328358208955224,0.08221993833504626,4.0,0.5819661214049822,0.39319325905985303,51.862370322,40.322848823346526,20.429518642189883,28.38685071465254,2024-12-17
2025-12-17,Tamaulipas,Tampico,MX28038,314652,78663,2.0,81.0,102.97090118607223,1.0640795701944121,0.3740164279721293,0.20205194854329533,0.0,0.0,0.0,0,0.0,0.0,0.0,0.08221993833504626,4.0,0.20205194854329533,0.06563542421400378,28.7663191512,7.374266940578936,4.2327593936203955,5.489362412403811,2024-12-17
2025-12-17,Tamaulipas,Tula,MX28039,29421,7355,1.432741809587086,6.0,81.57715839564922,10.505762968882284,0.5044122898221958,0.5714839328202734,0.0,0.0,0.0,0,0.0,0.0,0.0,0.08221993833504626,4.0,0.5714839328202734,0.542455856485279,62.3868524784,27.993635114313786,11.050045366300509,17.82748126550582,2024-12-17
2025-12-17,Tamaulipas,Valle Hermoso,MX28040,62864,15716,2.0,22.0,139.98472893866125,3.225684015004766,0.24254573524399292,0.20596876633457542,0.0,0.0,0.0,0,0.0,0.0,1.4421274263793948,0.08221993833504626,4.0,0.20596876633457542,0.31981123442207415,46.6882153614,16.22725963842392,7.98528823145289,11.282076794241302,2024-12-17
2025-12-17,Tamaulipas,Victoria,MX28041,364529,91132,2.0,82.0,89.97937058332968,1.441228464523239,0.4458062674296992,0.25009952495349463,0.0,0.0,0.0,0,0.0,0.0,0.0,0.08221993833504626,4.0,0.25009952495349463,0.13069150570252305,33.3534131761,10.116815862655299,5.1346107179853835,7.12749277585335,2024-12-17
2025-12-17,Tamaulipas,Villagrán,MX28042,5546,1386,0.6219539223702768,5.0,360.75036075036076,5.873051647954277,0.0187230221494061,0.17936204791959898,0.0,0.0,0.0,0,0.0,0.0,12.289109868420866,0.08221993833504626,4.0,0.17936204791959898,0.47262370434060325,57.4629984663,29.833335524400034,15.995421986769037,21.53058740182144,2024-12-17
2025-12-17,Tamaulipas,Xicoténcatl,MX28043,23215,5804,1.2727417711241646,7.0,120.6064782908339,1.1270003740371708,0.30131136546745113,0.16772687896118188,0.0,17.22949689869056,0.0,0,1.0,0.0,0.0,0.08221993833504626,4.0,0.16772687896118188,0.05489161998977356,28.0087752132,33.31431754375838,3.7671395375138825,15.58601074001168,2024-12-17
2025-12-17,Tlaxcala,Amaxac de Guerrero,MX29001,12729,3182,0.942381351861353,4.0,125.70710245128849,1.220314250077167,0.28408661268470975,0.16212130310980538,0.0,0.0,0.0,0,0.0,0.0,0.0,0.061664953751284696,3.0,0.16212130310980538,0.3505657417182746,48.8567108107,11.874953927659654,4.808253513432162,7.634933679123159,2024-12-17
2025-12-17,Tlaxcala,Apetatitlán de Antonio Carvajal,MX29002,17998,4500,1.1206831774676556,9.0,200.0,0.38149032355214135,0.1327940388796119,0.06639701943980594,0.0,22.22222222222222,0.0,0,1.0,0.0,0.0,0.061664953751284696,3.0,0.06639701943980594,0.26444054977782744,42.7840371374,42.28072157875072,3.228936149689933,18.84965032131425,2024-12-17
2025-12-17,Tlaxcala,Atlangatepec,MX29003,7573,1893,0.7268618964963608,5.0,264.1310089804543,2.8495081778561597,0.07063864646019097,0.10789391953544838,0.0,0.0,0.0,0,0.0,0.0,0.0,0.061664953751284696,3.0,0.10789391953544838,0.4837013082492837,58.2440785673,12.910843751049125,4.823202743194924,8.058259146336605,2024-12-17
2025-12-17,Tlaxcala,Atltzayanca,MX29004,19075,4769,1.153692998845319,7.0,146.78129586915495,1.8467205587901674,0.22561022266432024,0.1530674462412041,0.0,0.0,0.0,0,0.0,0.0,0.0,0.061664953751284696,3.0,0.1530674462412041,0.6995785154697847,73.4655463332,18.583593696631816,6.444671099766497,11.300240138512624,2024-12-17
2025-12-17,Tlaxcala,Apizaco,MX29005,88618,22154,2.0,40.0,180.55430170623816,0.6224554727708637,0.16036461451211448,0.080995836928878,0.0,0.0,0.0,0,0.0,0.0,0.0,0.061664953751284696,3.0,0.080995836928878,0.28451966147709384,44.1998121302,8.120268337408216,3.5045175180551293,5.350817845796365,2024-12-17
2025-12-17,Tlaxcala,Calpulalpan,MX29006,53691,13423,1.9355366133400014,12.0,89.39879311629294,3.6076788700035753,0.44950153333963483,0.3217554707287001,0.0,0.0,0.0,0,0.0,0.0,0.17013515536742388,0.061664953751284696,3.0,0.3217554707287001,0.5067560464304706,59.8696645131,20.218626878617776,7.792042933851453,12.762676511757984,2024-12-17
2025-12-17,Tlaxcala,El Carmen Tequexquitla,MX29007,18356,4589,1.1317112282796993,2.0,43.58247984310307,3.181647168239077,1.0,0.5832769241693078,0.0,0.0,0.0,0,0.0,0.0,0.0,0.061664953751284696,3.0,0.5832769241693078,0.9035243885955957,87.8457376176,35.56879549699114,12.626914200532797,21.803666719116137,2024-12-17
2025-12-17,Tlaxcala,Cuapiaxtla,MX29008,17626,4406,1.10891649174069,3.0,68.08896958692692,3.598307242043009,0.6287401409412187,0.4110727978331175,0.0,0.0,0.0,0,0.0,0.0,0.0,0.061664953751284696,3.0,0.4110727978331175,0.7256014087220185,75.300416424,26.844212109433897,9.670849785130628,16.540194714851935,2024-12-17
2025-12-17,Tlaxcala,Cuaxomulco,MX29009,6502,1626,0.6736539591750741,3.0,184.50184501845018,0.7687672426482343,0.15429755190774763,0.08267682748929754,0.0,0.0,0.0,0,0.0,0.0,0.0,0.061664953751284696,3.0,0.08267682748929754,0.44418695376794026,55.4579276773,11.364043900037732,4.3230258662343966,7.13943307975573,2024-12-17
2025-12-17,Tlaxcala,Chiautempan,MX29010,77628,19407,2.0,16.0,82.4444787963106,2.119601782265878,0.4978097726771482,0.29796011942011885,0.0,0.0,0.0,0,0.0,0.0,0.0,0.061664953751284696,3.0,0.29796011942011885,0.48288790648722973,58.1867257376,18.59656171234816,7.099930133000698,11.698582764739683,2024-12-17
2025-12-17,Tlaxcala,Muñoz de Domingo Arenas,MX29011,5092,1273,0.5960611244498164,2.0,157.10919088766693,2.4099656020606384,0.202680456221053,0.15975169123206498,0.0,0.0,0.0,0,0.0,0.0,0.0,0.061664953751284696,3.0,0.15975169123206498,0.27691905006268963,43.6638942205,10.330931738215742,4.4115847126213525,6.779323522859109,2024-12-17
2025-12-17,Tlaxcala,Españita,MX29012,9919,2480,0.8319599810036701,5.0,201.61290322580646,1.0442352205865297,0.13074608525788464,0.07977734387090446,0.0,0.0,0.0,0,0.0,0.0,0.0,0.061664953751284696,3.0,0.07977734387090446,0.6414324517290271,69.3656765677,15.221969350707676,5.274459552619113,9.253463471854538,2024-12-17
2025-12-17,Tlaxcala,Huamantla,MX29013,103851,25963,2.0,28.0,107.84578053383662,2.0126206359107917,0.3515410851003498,0.22137858232799495,0.0,0.0,0.0,0,0.0,0.0,0.09773107535456835,0.061664953751284696,3.0,0.22137858232799495,0.5637736612018689,63.8899675201,18.164320021298337,6.750373346415815,11.315952016368824,2024-12-17
2025-12-17,Tlaxcala,Hueyotlipan,MX29014,15880,3970,1.0526205619530118,5.0,125.94458438287154,2.342896919430001,0.283318630076562,0.1979096617245311,0.0,0.0,0.0,0,0.0,0.0,0.0,0.061664953751284696,3.0,0.1979096617245311,0.7445296845133659,76.6350461588,20.82788354200325,7.2075335307843265,12.655673535271896,2024-12-17
2025-12-17,Tlaxcala,Ixtacuixtla de Mariano Matamoros,MX29015,41116,10279,1.6937606108825984,10.0,97.28572818367546,3.105477750664016,0.40307271810706086,0.2823589189244613,0.0,0.0,0.0,0,0.0,0.0,1.072731173567904,0.061664953751284696,3.0,0.2823589189244613,0.4483683730743146,55.7527588918,20.15466624190537,8.55113886844506,13.192549817829185,2024-12-17
2025-12-17,Tlaxcala,Ixtenco,MX29016,7859,1965,0.7405559459800659,1.0,50.89058524173028,2.0719225204286023,0.8828570528372036,0.488947417464827,0.0,0.0,0.0,0,0.0,0.0,0.0,0.061664953751284696,3.0,0.488947417464827,0.6253063196197759,68.2286255411,27.17454891634033,10.103869775199929,16.93214143165609,2024-12-17
2025-12-17,Tlaxcala,Mazatecochco de José María Morelos,MX29017,12378,3095,0.9294091046683142,1.0,32.31017770597738,3.210221793607901,1.0,0.5841976682497733,0.0,0.0,0.0,0,0.0,0.0,0.0,0.061664953751284696,3.0,0.5841976682497733,0.9398442824568466,90.4066475941,36.32281569663013,12.819562598804634,22.220863837934836,2024-12-17
2025-12-17,Tlaxcala,Contla de Juan Cuamatzi,MX29018,41659,10415,1.7049287452075523,6.0,57.60921747479597,1.2115243617807505,0.7655263765924154,0.40255795343726186,0.0,0.0,0.0,0,0.0,0.0,0.0,0.061664953751284696,3.0,0.40255795343726186,0.5764759439809091,64.7856034715,23.606257482736037,8.823044328674813,14.736329590299302,2024-12-17
2025-12-17,Tlaxcala,Tepetitla de Lardizábal,MX29019,23928,5982,1.2921109301739402,4.0,66.86726847208291,1.909990435090747,0.6424784964869721,0.36354029278821604,0.0,0.0,0.0,0,0.0,0.0,0.0,0.061664953751284696,3.0,0.36354029278821604,0.6796922382191605,72.0633680669,24.500053548029687,8.870913872077518,15.122569742458387,2024-12-17
2025-12-17,Tlaxcala,Sanctórum de Lázaro Cárdenas,MX29020,10465,2616,0.8544673365607561,2.0,76.4525993883792,4.191562224130216,0.546480670468509,0.3890591841876126,0.0,0.0,0.0,0,0.0,0.0,0.0,0.061664953751284696,3.0,0.3890591841876126,0.8107819492770751,81.3064828774,27.887414511169883,9.832589124159853,17.054519278963866,2024-12-17
2025-12-17,Tlaxcala,Nanacamilpa de Mariano Arista,MX29021,19575,4894,1.1687148932969589,5.0,102.1659174499387,2.239509343221818,0.3779340874003593,0.24188599067221989,0.0,0.0,0.0,0,0.0,0.0,0.0,0.061664953751284696,3.0,0.24188599067221989,0.6211490595336242,67.9354977894,19.67956091083908,7.118346353257884,12.142832176290364,2024-12-17
2025-12-17,Tlaxcala,Acuamanala de Miguel Hidalgo,MX29022,6975,1744,0.697669658816278,1.0,57.3394495412844,3.1141840900303097,0.7697076152367752,0.4659569069655345,0.0,0.0,0.0,0,0.0,0.0,0.0,0.061664953751284696,3.0,0.4659569069655345,0.23145398577146692,40.4581597222,18.607786924395374,7.858721979966873,12.158347957738274,2024-12-17
2025-12-17,Tlaxcala,Natívitas,MX29023,28178,7044,1.4021235041750386,9.0,127.76831345826236,0.8926266856193615,0.27751609481500156,0.1482771521047216,0.0,0.0,0.0,0,0.0,0.0,0.0,0.061664953751284696,3.0,0.1482771521047216,0.5352315671581027,61.8774689796,15.152945906303703,5.565452828570297,9.40045005966366,2024-12-17
2025-12-17,Tlaxcala,Panotla,MX29024,30486,7621,1.458419883666935,6.0,78.72982548222018,0.2915567391108383,0.5271104424630058,0.2635552212315029,0.0,0.0,0.0,0,0.0,0.0,0.0,0.061664953751284696,3.0,0.2635552212315029,0.28550984725754647,44.2696299731,13.616853582096017,5.700181058588892,8.866850067991741,2024-12-17
2025-12-17,Tlaxcala,San Pablo del Monte,MX29025,88934,22233,2.0,12.0,53.973822695992446,3.5609460050550727,0.8253863543274836,0.508192034401918,0.0,4.49781855799937,-4.49781855799937,0,1.0,1.0,0.2606162009455156,0.061664953751284696,3.0,0.508192034401918,0.7045365800439759,73.8151386828,37.09311669873935,11.170937507092436,21.539809183751203,2024-12-17
2025-12-17,Tlaxcala,Santa Cruz Tlaxcala,MX29026,26766,6691,1.3665392523920477,5.0,74.72724555372889,0.8032764028268824,0.5619427203125494,0.28761138094925487,0.0,0.0,0.0,0,0.0,0.0,0.0,0.061664953751284696,3.0,0.28761138094925487,0.34160869821823914,48.225151089,15.460515392842428,6.269349230005379,9.945815695140197,2024-12-17
2025-12-17,Tlaxcala,Tenancingo,MX29027,13910,3477,0.9850968747475827,3.0,86.28127696289906,1.2865707737222922,0.47019439805917024,0.257310142490161,0.0,0.0,0.0,0,0.0,0.0,1.0648150772013345,0.061664953751284696,3.0,0.257310142490161,0.739855937396711,76.3055009882,25.21290790555195,9.694627152997212,15.901939454019109,2024-12-17
2025-12-17,Tlaxcala,Teolocholco,MX29028,27225,6806,1.378232758738262,3.0,44.078754040552454,6.002302686774692,1.0,0.6741653203670536,0.0,0.0,0.0,0,0.0,0.0,0.17374413396367705,0.061664953751284696,3.0,0.6741653203670536,0.5529755081847189,63.1285914573,31.7244508012324,12.258151237202306,20.044671062814345,2024-12-17
2025-12-17,Tlaxcala,Tepeyanco,MX29029,14692,3673,1.012481414982606,3.0,81.67710318540702,0.6784992137621098,0.5036443072140481,0.25444154922204987,0.0,0.0,0.0,0,0.0,0.0,0.0,0.061664953751284696,3.0,0.25444154922204987,0.328403544751793,47.2940578049,14.201317371697355,5.8052854819466875,9.163698237846955,2024-12-17
2025-12-17,Tlaxcala,Terrenate,MX29030,16540,4135,1.0742722387128434,4.0,96.73518742442563,2.0594558150578233,0.40606785027883685,0.250151108550814,0.0,0.0,0.0,0,0.0,0.0,0.0,0.061664953751284696,3.0,0.250151108550814,0.7028710789278186,73.6977044623,21.561954835080794,7.6261378647719855,13.200464652895509,2024-12-17
2025-12-17,Tlaxcala,Tetla de la Solidaridad,MX29031,38194,9549,1.6325088435281445,5.0,52.36150382238978,5.039905821623881,0.8545952928573681,0.57045219394365,0.0,0.0,0.0,0,0.0,0.0,0.0,0.061664953751284696,3.0,0.57045219394365,0.4148688903861093,53.3907156614,25.410943626031685,10.029739946777468,16.182221418479156,2024-12-17
2025-12-17,Tlaxcala,Tetlatlahuca,MX29032,14396,3599,1.0022302787669934,5.0,138.92747985551543,0.4860858375449037,0.24532909039352224,0.12266454519676112,0.0,0.0,0.0,0,0.0,0.0,0.0,0.061664953751284696,3.0,0.12266454519676112,0.40200743487477325,52.4838564658,11.7200850533983,4.591980884258125,7.443222551914194,2024-12-17
2025-12-17,Tlaxcala,Tlaxcala,MX29033,107603,26901,2.0,40.0,148.69335712427048,0.138074377576491,0.22112483852673367,0.11056241926336684,0.0,0.0,0.0,0,0.0,0.0,0.0,0.061664953751284696,3.0,0.11056241926336684,0.012739938305500739,25.0366667989,3.5716713440110195,2.5004178902110303,2.9289192717310257,2024-12-17
2025-12-17,Tlaxcala,Tlaxco,MX29034,48094,12023,1.83182094097928,20.0,166.34783331947102,3.989908408107997,0.18458166608903875,0.2016119045114122,0.0,0.0,0.0,0,0.0,0.0,0.0,0.061664953751284696,3.0,0.2016119045114122,0.6154861679805043,67.5362082009,18.358080494952453,6.6067428615625925,11.307277914918537,2024-12-17
2025-12-17,Tlaxcala,Tocatlán,MX29035,6961,1740,0.6968691196440551,1.0,57.47126436781609,1.8284022999290603,0.7676596616150481,0.42350190676502986,0.0,0.0,0.0,0,0.0,0.0,0.0,0.061664953751284696,3.0,0.42350190676502986,0.6742700618134008,71.6810512654,26.19045843921891,9.563342357770486,16.214188790349855,2024-12-17
2025-12-17,Tlaxcala,Totolac,MX29036,25675,6419,1.3384750613339815,5.0,77.89375292101573,0.8574103846990336,0.5340905510570594,0.2754296251698309,0.0,0.0,0.0,0,0.0,0.0,0.0,0.061664953751284696,3.0,0.2754296251698309,0.2549900326274734,42.1176826666,13.362689407644393,5.690074832698462,8.759120662676835,2024-12-17
2025-12-17,Tlaxcala,Ziltlaltépec de Trinidad Sánchez Santos,MX29037,9650,2412,0.8204748017842013,2.0,82.91873963515755,2.0475948270534605,0.494257853114465,0.29386392002378975,0.0,0.0,0.0,0,0.0,0.0,0.0,0.061664953751284696,3.0,0.29386392002378975,0.7742453588898748,78.7302936631,24.30082477851119,8.507563002257976,14.82486771275926,2024-12-17
2025-12-17,Tlaxcala,Tzompantepec,MX29038,19837,4959,1.1764504767534496,5.0,100.8267795926598,0.7810414559769184,0.3845899366709728,0.19821852494294115,0.0,0.0,0.0,0,0.0,0.0,0.0,0.061664953751284696,3.0,0.19821852494294115,0.3282595868670992,47.2839073572,12.511747485630217,5.129889401173915,8.082632634956436,2024-12-17
2025-12-17,Tlaxcala,Xaloztoc,MX29039,27620,6905,1.3882204488167498,11.0,159.30485155684286,1.8974949701563335,0.19818892157340132,0.14099287099335892,0.0,0.0,0.0,0,0.0,0.0,0.0,0.061664953751284696,3.0,0.14099287099335892,0.5914790078774357,65.8434671359,16.05936628734948,5.75927865883061,9.879313710238158,2024-12-17
2025-12-17,Tlaxcala,Xaltocan,MX29040,11334,2834,0.8893578010864553,4.0,141.14326040931545,2.368311612646234,0.23954362141214283,0.176841080756448,0.0,0.0,0.0,0,0.0,0.0,0.0,0.061664953751284696,3.0,0.176841080756448,0.449984350860076,55.8667012301,14.30491943989496,5.481983890900881,9.011158110498513,2024-12-17
2025-12-17,Tlaxcala,Papalotla de Xicohténcatl,MX29041,36857,9214,1.603617178351106,9.0,97.67744736270892,0.7085105051824103,0.40096218812466977,0.20406752663989997,0.0,0.0,0.0,0,0.0,0.0,0.33694538789153056,0.061664953751284696,3.0,0.20406752663989997,0.5735794760695385,64.5813739768,18.446879107202,6.995519391959104,11.576063278056264,2024-12-17
2025-12-17,Tlaxcala,Xicohtzinco,MX29042,15351,3838,1.0349731451144084,5.0,130.27618551328817,0.9970271738209523,0.26980213617316245,0.14778421099142777,0.0,0.0,0.0,0,0.0,0.0,0.5391126206264489,0.061664953751284696,3.0,0.14778421099142777,0.38311299687164585,51.1516126281,13.461008325758522,5.7090927228336685,8.80985896400361,2024-12-17
2025-12-17,Tlaxcala,Yauhquemehcan,MX29043,46060,11515,1.7927039156129116,6.0,52.10594876248372,0.4866680067376393,0.8593909175882459,0.42969545879412296,0.0,0.0,0.0,0,0.0,0.0,0.0,0.061664953751284696,3.0,0.42969545879412296,0.3523106441725093,48.979743607,19.937076647273873,8.027867893915147,12.791551395258638,2024-12-17
2025-12-17,Tlaxcala,Zacatelco,MX29044,49411,12353,1.8567901202494252,14.0,113.33279365336355,1.648739130752117,0.3285564627565007,0.1981611220931803,0.0,0.0,0.0,0,0.0,0.0,0.26955631031322447,0.061664953751284696,3.0,0.1981611220931803,0.47643016414541606,57.7313913456,16.156047974995115,6.325127472895958,10.25749567373562,2024-12-17
2025-12-17,Tlaxcala,Benito Juárez,MX29045,6795,1699,0.688609936749559,1.0,58.85815185403178,2.4358264006966945,0.7466681369923441,0.4325788295858525,0.0,0.0,0.0,0,0.0,0.0,0.0,0.061664953751284696,3.0,0.4325788295858525,0.801952373019186,80.6839108508,29.016412347959296,10.310676987649284,17.79297113177329,2024-12-17
2025-12-17,Tlaxcala,Emiliano Zapata,MX29046,5252,1313,0.6053533623213742,2.0,152.32292460015233,1.0835456658129605,0.2129202243296891,0.12213109177180764,0.0,0.0,0.0,0,0.0,0.0,0.0,0.061664953751284696,3.0,0.12213109177180764,0.8445657230690489,83.6885714286,20.555247214535207,6.798370884130062,12.30112141629212,2024-12-17
2025-12-17,Tlaxcala,Lázaro Cárdenas,MX29047,3732,933,0.5102904231282086,1.0,107.18113612004288,1.0384410724823816,0.3544850184315827,0.1914601088825141,0.0,0.0,0.0,0,0.0,0.0,0.0,0.061664953751284696,3.0,0.1914601088825141,0.7343113406470827,75.9145523476,20.430030079417076,7.079047177348707,12.419440338176054,2024-12-17
2025-12-17,Tlaxcala,La Magdalena Tlaltelulco,MX29048,2759,690,0.5,4.0,579.7101449275362,0.3845159596363572,0.0,0.0,0.0,0.0,0.0,0,0.0,0.0,0.0,0.061664953751284696,3.0,0.0,0.0,0.0,0.0,1.1099691675231245,0.6659815005138746,2024-12-17
2025-12-17,Tlaxcala,San Damián Texóloc,MX29049,6336,1584,0.6648967108199351,1.0,63.13131313131313,1.196240526369824,0.6877894703676867,0.36319701789337727,0.0,0.0,0.0,0,0.0,0.0,0.0,0.061664953751284696,3.0,0.36319701789337727,0.4602896675336825,56.5933274802,20.10170388747497,7.769781719912064,12.702550586937228,2024-12-17
2025-12-17,Tlaxcala,San Francisco Tetlanohcan,MX29050,12475,3119,0.9330056705917736,3.0,96.18467457518436,5.483962451834534,0.409097115010975,0.36201169204059935,0.0,0.0,0.0,0,0.0,0.0,0.0,0.061664953751284696,3.0,0.36201169204059935,0.613215485682427,67.3761027509,23.12466047486652,8.520186900422452,14.36197633020008,2024-12-17
2025-12-17,Tlaxcala,San Jerónimo Zacualpan,MX29051,4414,1104,0.5550870974344551,1.0,90.57971014492753,0.838061830912786,0.44203503576042114,0.22877840995612608,0.0,0.0,0.0,0,0.0,0.0,0.0,0.061664953751284696,3.0,0.22877840995612608,0.41775942412590444,53.5945267386,15.218540781201872,5.944107207626159,9.653880637056444,2024-12-17
2025-12-17,Tlaxcala,San José Teacalco,MX29052,6776,1694,0.6875959324640126,1.0,59.031877213695395,2.3991411656222543,0.744108194965185,0.43011677087735856,0.0,0.0,0.0,0,0.0,0.0,0.0,0.061664953751284696,3.0,0.43011677087735856,0.8069846557004362,81.0387363074,29.043196240329483,10.306293696553608,17.80105471406396,2024-12-17
2025-12-17,Tlaxcala,San Juan Huactzinco,MX29053,8382,2096,0.7648428921908467,1.0,47.70992366412214,0.4968064426190374,0.9499275339487698,0.4749637669743849,0.0,0.0,0.0,0,0.0,0.0,0.0,0.061664953751284696,3.0,0.4749637669743849,0.5784458391617889,64.9245004694,25.81782979246733,9.701763567024688,16.148190057201745,2024-12-17
2025-12-17,Tlaxcala,San Lorenzo Axocomanitla,MX29054,6745,1686,0.6859704078911657,1.0,59.31198102016607,1.778330160780094,0.7400122877217306,0.4080647734433942,0.0,0.0,0.0,0,0.0,0.0,0.0,0.061664953751284696,3.0,0.4080647734433942,0.41833070889516416,53.6348079374,20.60855738120511,8.098399993319674,13.102462948473848,2024-12-17
2025-12-17,Tlaxcala,San Lucas Tecopilco,MX29055,3436,859,0.5,1.0,116.41443538998836,0.4898969675220452,0.3165978764296293,0.15829893821481464,0.0,0.0,0.0,0,0.0,0.0,0.0,0.061664953751284696,3.0,0.15829893821481464,0.7244757395007696,75.2210456651,19.23848293645983,6.631935123604748,11.674554248746782,2024-12-17
2025-12-17,Tlaxcala,Santa Ana Nopalucan,MX29056,8501,2125,0.770115852258661,1.0,47.05882352941177,0.31621512943566776,0.964775197706292,0.482387598853146,0.0,0.0,0.0,0,0.0,0.0,0.0,0.061664953751284696,3.0,0.482387598853146,0.6499429156166205,69.9657480315,27.470486277926792,10.148334931843978,17.077195470277108,2024-12-17
2025-12-17,Tlaxcala,Santa Apolonia Teacalco,MX29057,5074,1269,0.5951239208442543,1.0,78.80220646178093,1.2546619115058355,0.5265131226566686,0.2844413234699612,0.0,0.0,0.0,0,0.0,0.0,0.0,0.061664953751284696,3.0,0.2844413234699612,0.5490893934247517,62.8545821197,19.515027572593873,7.268712016286417,12.1672382388094,2024-12-17
2025-12-17,Tlaxcala,Santa Catarina Ayometla,MX29058,10338,2585,0.8493894640412825,2.0,77.36943907156673,0.6927623324661033,0.5385448501843161,0.2723514131583943,0.0,0.0,0.0,0,0.0,0.0,0.0,0.061664953751284696,3.0,0.2723514131583943,0.5279137762456743,61.3614926988,18.728817919665314,7.0177550066522265,11.702180171857462,2024-12-17
2025-12-17,Tlaxcala,Santa Cruz Quilehtla,MX29059,8858,2215,0.7862550741236992,2.0,90.29345372460497,1.698575884322963,0.44382699517943236,0.2574022499825401,0.0,0.0,0.0,0,0.0,0.0,0.0,0.061664953751284696,3.0,0.2574022499825401,0.6885769867535907,72.689830282,21.49360723454802,7.641681101081558,13.182451554468141,2024-12-17
2025-12-17,Tlaxcala,Santa Isabel Xiloxoxtla,MX29060,6374,1594,0.6669921988730615,2.0,125.47051442910916,0.8005850790646313,0.28485459529285745,0.14898059742764672,0.0,0.0,0.0,0,0.0,0.0,0.0,0.061664953751284696,3.0,0.14898059742764672,0.5200277626698419,60.8054511278,14.869973176226239,5.497875150004095,9.246714360492952,2024-12-17
2025-12-17,Veracruz de Ignacio de la Llave,Acajete,MX30001,10382,2596,0.8511947571810612,4.0,154.08320493066256,1.6453401023760978,0.20908031128895055,0.13831352137994676,0.0,38.52080123266564,-38.52080123266564,0,1.0,1.0,0.0,0.5344295991778008,26.0,0.13831352137994676,0.6896617111149538,72.7663140253,52.94263986369747,14.727803597334542,30.013738103879717,2024-12-17
2025-12-17,Veracruz de Ignacio de la Llave,Acatlán,MX30002,3683,921,0.5069981924803502,1.0,108.57763300760044,0.6398396307986742,0.34834115756640105,0.17554426840182571,0.0,0.0,0.0,0,0.0,0.0,0.0,0.5344295991778008,26.0,0.17554426840182571,0.7573716702604583,77.5405325444,20.413761457263938,15.513122357324614,17.473377997300343,2024-12-17
2025-12-17,Veracruz de Ignacio de la Llave,Acayucan,MX30003,85121,21280,2.0,22.0,103.38345864661655,9.578351864427324,0.37203225741774537,0.4754104702539022,0.0,4.6992481203007515,0.0,0,1.0,0.0,6.332277234273077,0.5344295991778008,26.0,0.4754104702539022,0.5520587619093816,63.0639518223,47.71795718465995,28.08495223779415,35.93815421654047,2024-12-17
2025-12-17,Veracruz de Ignacio de la Llave,Actopan,MX30004,43492,10873,1.742012591946333,9.0,82.7738434654649,8.673603198130358,0.49533871752593217,0.5079104929413363,0.0,0.0,0.0,0,0.0,0.0,3.058571647040832,0.5344295991778008,26.0,0.5079104929413363,0.38031475037740764,50.95430871,30.588984918789258,22.779815867717495,25.9034834881462,2024-12-17
2025-12-17,Veracruz de Ignacio de la Llave,Acula,MX30005,5718,1429,0.631528145005978,3.0,209.93701889433171,4.455033089071401,0.12067697995105917,0.18464701241151465,0.0,0.0,0.0,0,0.0,0.0,0.0,0.5344295991778008,26.0,0.18464701241151465,0.4727245220647884,57.4701071081,14.99390081364121,14.199119544462532,14.517032052134002,2024-12-17
2025-12-17,Veracruz de Ignacio de la Llave,Acultzingo,MX30006,24924,6231,1.3187287411002928,4.0,64.19515326592843,2.991653848765994,0.6743497747251018,0.4143297636668435,0.0,16.048788316482106,-16.048788316482106,0,1.0,1.0,2.281438218653039,0.5344295991778008,26.0,0.4143297636668435,0.8095289536691936,81.2181343551,59.719631203698455,22.4909353692264,37.382413703015224,2024-12-17
2025-12-17,Veracruz de Ignacio de la Llave,Camarón de Tejeda,MX30007,6925,1731,0.6950645353814007,2.0,115.54015020219526,3.7674157764200356,0.31992580106493596,0.2621147170772166,0.0,0.0,0.0,0,0.0,0.0,0.0,0.5344295991778008,26.0,0.2621147170772166,0.45758989046167065,56.4029666255,17.015239321549913,15.053058842435368,15.837931034081187,2024-12-17
2025-12-17,Veracruz de Ignacio de la Llave,Alpatláhuac,MX30008,11083,2771,0.879417004255495,3.0,108.26416456153014,0.7596957191908305,0.34970645998088584,0.18008897492809334,0.0,0.0,0.0,0,0.0,0.0,0.0,0.5344295991778008,26.0,0.18008897492809334,0.8285977547847123,82.5626725083,21.974624343537048,15.923789258261095,18.344123292371474,2024-12-17
2025-12-17,Veracruz de Ignacio de la Llave,Alto Lucero de Gutiérrez Barrios,MX30009,29263,7316,1.4289381930214127,5.0,68.3433570256971,11.176675729512366,0.6259412709915247,0.6538668679124501,0.0,0.0,0.0,0,0.0,0.0,0.0,0.5344295991778008,26.0,0.6538668679124501,0.5532153035129704,63.145499388,30.68031210763291,20.232211717714666,24.411451873681965,2024-12-17
2025-12-17,Veracruz de Ignacio de la Llave,Altotonga,MX30010,68493,17123,2.0,12.0,70.08117736377972,5.436425611156836,0.6073646250144409,0.45961369416392805,0.0,0.0,0.0,0,0.0,0.0,3.6678403755868545,0.5344295991778008,26.0,0.45961369416392805,0.8949675629263175,87.2423971919,40.976019112732565,25.802106282658055,31.871671414687864,2024-12-17
2025-12-17,Veracruz de Ignacio de la Llave,Alvarado,MX30011,59335,14834,2.0,10.0,67.41270055278414,7.244431518171285,0.6362834367812472,0.5323314574131064,0.0,0.0,0.0,0,0.0,0.0,0.0,0.5344295991778008,26.0,0.5323314574131064,0.08337638754567508,30.0172316721,17.637471473306693,16.424592211886065,16.909743916454318,2024-12-17
2025-12-17,Veracruz de Ignacio de la Llave,Amatitlán,MX30012,8405,2101,0.7657546136877242,4.0,190.38553069966682,4.588566301214773,0.14572174611676492,0.20147216107885313,0.0,0.0,0.0,0,0.0,0.0,0.0,0.5344295991778008,26.0,0.20147216107885313,0.2697288334483842,43.1569131833,11.43874150133328,13.386042885388571,12.607122331766455,2024-12-17
2025-12-17,Veracruz de Ignacio de la Llave,Naranjos Amatlán,MX30013,28488,7122,1.4098651665628332,11.0,154.45099691098005,2.1762242137415484,0.208289056480556,0.15502427408200278,0.0,0.0,0.0,0,0.0,0.0,0.0,0.5344295991778008,26.0,0.15502427408200278,0.34877686203740893,48.7305771871,11.626265463208263,13.22390838437149,12.584851215906202,2024-12-17
2025-12-17,Veracruz de Ignacio de la Llave,Amatlán de los Reyes,MX30014,50198,12550,1.8715371782129886,8.0,63.745019920318725,2.2041863545720495,0.6799816471848517,0.39177157776985094,0.0,7.968127490039841,-7.968127490039841,0,1.0,1.0,0.204949111135705,0.5344295991778008,26.0,0.39177157776985094,0.4444022809857576,55.4731103654,33.73229755794835,16.889005098593874,23.626322082335662,2024-12-17
2025-12-17,Veracruz de Ignacio de la Llave,Angel R. Cabada,MX30015,35161,8790,1.5662858823511696,5.0,56.882821387940844,2.070114714321431,0.7768754529128203,0.4358983655833075,0.0,0.0,0.0,0,0.0,0.0,0.5885260952470632,0.5344295991778008,26.0,0.4358983655833075,0.5048162281472375,59.7328882325,24.663629821072984,18.368163840022294,20.88635023244257,2024-12-17
2025-12-17,Veracruz de Ignacio de la Llave,La Antigua,MX30016,31559,7890,1.4839357494180068,8.0,101.39416983523448,2.56130946021402,0.38174840102082624,0.254162331644599,0.0,0.0,0.0,0,0.0,0.0,4.297570857303971,0.5344295991778008,26.0,0.254162331644599,0.2804449653385756,43.9125059494,24.116724520440407,21.32720910118243,22.44301526888562,2024-12-17
2025-12-17,Veracruz de Ignacio de la Llave,Apazapan,MX30017,5165,1291,0.6002604328267985,1.0,77.45933384972889,5.919129745693061,0.5377768675761683,0.44037371925818447,0.0,77.45933384972889,-77.45933384972889,0,1.0,1.0,3.8232145588010398,0.5344295991778008,26.0,0.44037371925818447,0.2967367595550413,45.061237785,63.827665672597625,22.842380483241346,39.23649455898386,2024-12-17
2025-12-17,Veracruz de Ignacio de la Llave,Aquila,MX30018,2147,537,0.5,0.0,0.0,5.1735274755108245,0.0,0.14746016290800748,0.0,0.0,0.0,0,0.0,0.0,4.562876437306078,0.5344295991778008,26.0,0.14746016290800748,0.949967475292967,91.1204323212,34.97795634813325,23.842293419917127,28.296558591203574,2024-12-17
2025-12-17,Veracruz de Ignacio de la Llave,Astacinga,MX30019,7463,1866,0.721659637137018,4.0,214.36227224008576,0.5656381754873939,0.11564242729764646,0.05782121364882323,0.0,0.0,0.0,0,0.0,0.0,0.0,0.5344295991778008,26.0,0.05782121364882323,0.9860274196367027,93.6630132983,21.45518480219875,15.243724447169804,17.728308589181385,2024-12-17
2025-12-17,Veracruz de Ignacio de la Llave,Atlahuilco,MX30020,12930,3233,0.9499034132782308,4.0,123.72409526755335,1.020340702821736,0.29061446485396525,0.15894159406331432,0.0,0.0,0.0,0,0.0,0.0,0.0,0.5344295991778008,26.0,0.15894159406331432,0.9992634574100651,94.59628423,24.75351697010073,16.52334920101051,19.8154163086466,2024-12-17
2025-12-17,Veracruz de Ignacio de la Llave,Atoyac,MX30021,24722,6180,1.3133208329964012,8.0,129.44983818770226,2.798493305262358,0.2723108793597783,0.20708621244074554,0.0,16.181229773462782,0.0,0,1.0,0.0,0.0,0.5344295991778008,26.0,0.20708621244074554,0.49259736327054926,58.871338001,41.59525784750709,14.567754150842106,25.3787556295081,2024-12-17
2025-12-17,Veracruz de Ignacio de la Llave,Atzacan,MX30022,24243,6061,1.30061493860864,3.0,49.496782709123906,1.48881025292775,0.9111870779377634,0.4843231314112497,0.0,16.49892756970797,0.0,0,1.0,0.0,1.8938298932586168,0.5344295991778008,26.0,0.4843231314112497,0.8192589088107514,81.9041919545,61.74270039619137,22.72513216020988,38.332159454602476,2024-12-17
2025-12-17,Veracruz de Ignacio de la Llave,Atzalan,MX30023,52333,13083,1.9108661474409108,12.0,91.72208209126347,1.907971324698279,0.4349951951857337,0.2597335814791394,0.0,0.0,0.0,0,0.0,0.0,0.5809225049378413,0.5344295991778008,26.0,0.2597335814791394,0.6934399405246273,73.0327163839,23.13190559056162,17.18446835603648,19.563443249846536,2024-12-17
2025-12-17,Veracruz de Ignacio de la Llave,Tlaltetela,MX30024,17499,4375,1.105008514912706,4.0,91.42857142857143,7.913137112895651,0.43678715460474504,0.45413064056688507,0.0,0.0,0.0,0,0.0,0.0,1.3902598395640144,0.5344295991778008,26.0,0.45413064056688507,0.7953283853097384,80.2168545242,33.05111197911087,21.393025769158093,26.0562602531392,2024-12-17
2025-12-17,Veracruz de Ignacio de la Llave,Ayahualulco,MX30025,28760,7190,1.416579788616246,6.0,83.44923504867872,4.744956084580485,0.4903326086728212,0.378816852379389,0.0,0.0,0.0,0,0.0,0.0,0.0,0.5344295991778008,26.0,0.378816852379389,1.0,95.9078301445,31.364505571381674,19.165535013753082,24.045123236804518,2024-12-17
2025-12-17,Veracruz de Ignacio de la Llave,Banderilla,MX30026,29630,7407,1.437797646016405,4.0,54.00297016335899,0.4556109269120318,0.8248743659220519,0.41243718296102594,0.0,0.0,0.0,0,0.0,0.0,0.19503974910086674,0.5344295991778008,26.0,0.41243718296102594,0.31198820655683157,46.1366149029,19.10678860592946,16.458192670824914,17.517631044866732,2024-12-17
2025-12-17,Veracruz de Ignacio de la Llave,Benito Juárez,MX30027,17074,4268,1.0914121929579144,3.0,70.29053420805998,7.519060111862043,0.6051886742913557,0.5256332788682316,0.0,0.0,0.0,0,0.0,0.0,0.0,0.5344295991778008,26.0,0.5256332788682316,0.8181941873817535,81.8291186148,32.13288211368202,20.01830306852796,24.864134686589583,2024-12-17
2025-12-17,Veracruz de Ignacio de la Llave,Boca del Río,MX30028,152034,38009,2.0,44.0,115.7620563550738,0.7039895345399537,0.31907636575592413,0.1629789387614928,0.0,0.0,0.0,0,0.0,0.0,0.6324750646705753,0.5344295991778008,26.0,0.1629789387614928,0.15502942840764275,35.0694762599,9.591605211770512,13.418392846225121,11.887677792443277,2024-12-17
2025-12-17,Veracruz de Ignacio de la Llave,Calcahualco,MX30029,14718,3680,1.0134457488163968,3.0,81.52173913043478,4.390802094987509,0.5048389468267223,0.37465831665594274,0.0,0.0,0.0,0,0.0,0.0,0.0,0.5344295991778008,26.0,0.37465831665594274,0.9725361712601479,92.7117475073,30.69047292488124,18.978313441372464,23.663177234775972,2024-12-17
2025-12-17,Veracruz de Ignacio de la Llave,Camerino Z. Mendoza,MX30030,46246,11562,1.7963587693877094,10.0,86.4902266043937,0.8144202245890169,0.4687608305239613,0.241379517155371,0.0,0.0,0.0,0,0.0,0.0,0.0,0.5344295991778008,26.0,0.241379517155371,0.5537063393390761,63.1801222465,18.315512301442656,15.284818687760247,16.497096133233207,2024-12-17
2025-12-17,Veracruz de Ignacio de la Llave,Carrillo Puerto,MX30031,19849,4962,1.1768062760891977,6.0,120.91898428053204,1.1351386863010544,0.30021424745581154,0.16744055621376375,0.0,20.15316404675534,0.0,0,1.0,0.0,0.0,0.5344295991778008,26.0,0.16744055621376375,0.7246942294699672,75.2364513583,51.3147384404313,15.252490607115416,29.677389740441768,2024-12-17
2025-12-17,Veracruz de Ignacio de la Llave,Catemaco,MX30032,51710,12928,1.8995129889819633,11.0,85.08663366336634,7.696716540026079,0.4785258457475605,0.46802638775201244,0.0,0.0,0.0,0,0.0,0.0,2.3080429963519773,0.5344295991778008,26.0,0.46802638775201244,0.8139273815600809,81.5282668106,36.16411286063261,23.202202077272045,28.38696639061627,2024-12-17
2025-12-17,Veracruz de Ignacio de la Llave,Cazones de Herrera,MX30033,25543,6386,1.3350300860761302,5.0,78.29627309740056,2.5292082383240335,0.5307114275812095,0.32760946530828094,0.0,0.0,0.0,0,0.0,0.0,0.0,0.5344295991778008,26.0,0.32760946530828094,0.7478367626656812,76.8682277167,24.785019212562055,17.29023018222819,20.288145794361732,2024-12-17
2025-12-17,Veracruz de Ignacio de la Llave,Cerro Azul,MX30034,25995,6499,1.3467899421215739,7.0,107.70887828896754,2.7360715726583402,0.35214450000675157,0.24499164238581247,0.0,0.0,0.0,0,0.0,0.0,0.0,0.5344295991778008,26.0,0.24499164238581247,0.46979164082829483,57.2633101156,16.74558208814027,14.908590697971638,15.643387254039093,2024-12-17
2025-12-17,Veracruz de Ignacio de la Llave,Citlaltépetl,MX30035,11673,2918,0.9024418760560168,2.0,68.54009595613434,1.551520278956632,0.6237909196887113,0.342645722182012,0.0,0.0,0.0,0,0.0,0.0,0.0,0.5344295991778008,26.0,0.342645722182012,0.844379890381951,83.6754683952,27.16696947309938,17.953380903294313,21.638816331216336,2024-12-17
2025-12-17,Veracruz de Ignacio de la Llave,Coacoatzintla,MX30036,11817,2954,0.9079916221714687,2.0,67.70480704129993,3.030315815408666,0.6330067109864838,0.3949040146018903,0.0,0.0,0.0,0,0.0,0.0,0.0,0.5344295991778008,26.0,0.3949040146018903,0.8539733233383622,84.3518998369,28.926586904823953,18.62844757711491,22.747703308198524,2024-12-17
2025-12-17,Veracruz de Ignacio de la Llave,Coahuitlán,MX30037,8593,2148,0.7742723214000978,1.0,46.554934823091244,0.5823538782310453,0.9765509310312238,0.4882754655156119,0.0,0.0,0.0,0,0.0,0.0,0.0,0.5344295991778008,26.0,0.4882754655156119,0.9873054493880555,93.7531269741,34.39437295322947,20.41556561832803,26.007088552288604,2024-12-17
2025-12-17,Veracruz de Ignacio de la Llave,Coatepec,MX30038,98273,24568,2.0,18.0,73.26603712145881,1.6866928674449788,0.5756071219775182,0.32290941361274084,0.0,0.0,0.0,0,0.0,0.0,0.08668433293371855,0.5344295991778008,26.0,0.32290941361274084,0.40904742164734104,52.9802448206,18.087745946201068,15.686226260038023,16.64683413450324,2024-12-17
2025-12-17,Veracruz de Ignacio de la Llave,Coatzacoalcos,MX30039,322003,80501,2.0,55.0,68.32213264431498,2.655678456235756,0.6261739929939938,0.3794159267088596,2.484441187065999,8.695544154730998,0.0,2,7.0,2.0,4.007373567363949,0.5344295991778008,26.0,0.3794159267088596,0.27443721814515265,43.4889006442,40.739114957287235,41.199716244735754,41.01547572975635,2024-12-17
2025-12-17,Veracruz de Ignacio de la Llave,Coatzintla,MX30040,57735,14434,2.0,7.0,48.49660523763337,6.3998256669038245,0.9325199281640885,0.6532344438371406,0.0,0.0,0.0,0,0.0,0.0,0.6768601809924123,0.5344295991778008,26.0,0.6532344438371406,0.3171937353645632,46.5036559165,27.65495517009311,20.187212886527337,23.174309799953647,2024-12-17
2025-12-17,Veracruz de Ignacio de la Llave,Coetzala,MX30041,2484,621,0.5,2.0,322.061191626409,1.37560923606955,0.03577223605028515,0.04296809777514701,0.0,0.0,0.0,0,0.0,0.0,1.6625103906899419,0.5344295991778008,26.0,0.04296809777514701,0.6789786749038169,72.0130548303,19.078675278321906,16.336949231015367,17.433639649937984,2024-12-17
2025-12-17,Veracruz de Ignacio de la Llave,Colipa,MX30042,6064,1516,0.6504683900316491,3.0,197.88918205804748,2.931357664335449,0.13552464370858147,0.14297430812336875,0.0,0.0,0.0,0,0.0,0.0,0.0,0.5344295991778008,26.0,0.14297430812336875,0.6175763235273579,67.6835847382,16.640755714248222,14.423306100317628,15.310285945889865,2024-12-17
2025-12-17,Veracruz de Ignacio de la Llave,Comapa,MX30043,20835,5209,1.2057402940568305,5.0,95.9877135726627,5.1766013670048165,0.4101893569425629,0.3526538896558824,0.0,0.0,0.0,0,0.0,0.0,1.9116072794005199,0.5344295991778008,26.0,0.3526538896558824,0.9106721811919706,88.349727344,33.63391976539152,21.63218000161461,26.432875907125375,2024-12-17
2025-12-17,Veracruz de Ignacio de la Llave,Córdoba,MX30044,216854,54214,2.0,48.0,88.53801601062456,3.017377218911225,0.45506940724870576,0.3055184496158289,1.844542000221345,7.37816800088538,-1.844542000221345,1,4.0,2.0,0.0,0.5344295991778008,26.0,0.3055184496158289,0.3293266106924074,47.3591430385,27.393349996478744,28.956801325302166,28.3314207937728,2024-12-17
2025-12-17,Veracruz de Ignacio de la Llave,Cosamaloapan de Carpio,MX30045,56803,14201,1.9908386321828224,17.0,119.70987958594465,3.8114347115284994,0.30449085648941837,0.25581564217547326,0.0,7.041757622702627,0.0,0,1.0,0.0,0.0,0.5344295991778008,26.0,0.25581564217547326,0.33169469307405,47.526116153,25.41883954466222,14.34799395667634,18.776332191870694,2024-12-17
2025-12-17,Veracruz de Ignacio de la Llave,Cosautlán de Carvajal,MX30046,16980,4245,1.0884674423936578,3.0,70.6713780918728,2.0814636087037184,0.6012634298497119,0.3484580430918525,0.0,0.0,0.0,0,0.0,0.0,0.0,0.5344295991778008,26.0,0.3484580430918525,0.8037374990978223,80.8097798085,26.528491274712025,17.819916797791755,21.30334658855986,2024-12-17
2025-12-17,Veracruz de Ignacio de la Llave,Coscomatepec,MX30047,63096,15774,2.0,8.0,50.71636870800051,1.2080569539831965,0.8863129745738683,0.4628395240968921,0.0,12.679092177000127,-6.339546088500064,0,2.0,1.0,0.0,0.5344295991778008,26.0,0.4628395240968921,0.9210836430261811,89.0838378726,52.31191444888489,19.779225289494022,32.79230095325037,2024-12-17
2025-12-17,Veracruz de Ignacio de la Llave,Cosoleacaque,MX30048,139926,34982,2.0,20.0,57.17226001943857,0.9533676401479778,0.7723187561044773,0.3976357043613677,0.0,0.0,0.0,0,0.0,0.0,4.217335491968219,0.5344295991778008,26.0,0.3976357043613677,0.4124368705047632,53.2192343239,30.857579746048696,23.57339306013558,26.487067734500826,2024-12-17
2025-12-17,Veracruz de Ignacio de la Llave,Cotaxtla,MX30049,23161,5790,1.2712058353180185,10.0,172.71157167530225,4.520281365862775,0.17324112290872432,0.21303154241222777,0.0,0.0,0.0,0,0.0,0.0,0.0,0.5344295991778008,26.0,0.21303154241222777,0.40032099823871176,52.3649460851,14.397366237141068,14.177716285340706,14.265576266060851,2024-12-17
2025-12-17,Veracruz de Ignacio de la Llave,Coxquihui,MX30050,17553,4388,1.106649024089139,2.0,45.578851412944395,3.525819878379245,1.0,0.5943670078162154,0.0,0.0,0.0,0,0.0,0.0,0.0,0.5344295991778008,26.0,0.5943670078162154,0.8905176578345372,86.9286350871,35.64136339117721,21.204725168167688,26.979380457371494,2024-12-17
2025-12-17,Veracruz de Ignacio de la Llave,Coyutla,MX30051,24547,6137,1.3087438611124187,4.0,65.17842594101353,8.2413141963672,0.6623180471974544,0.5774707524293023,0.0,0.0,0.0,0,0.0,0.0,0.0,0.5344295991778008,26.0,0.5774707524293023,0.8480932637194469,83.9372977624,34.285987847268004,20.789848132949277,26.18830401867677,2024-12-17
2025-12-17,Veracruz de Ignacio de la Llave,Cuichapa,MX30052,12586,3146,0.9370353067318005,4.0,127.14558169103624,4.120640151063888,0.27947871703582355,0.25327292540344604,0.0,0.0,0.0,0,0.0,0.0,0.0,0.5344295991778008,26.0,0.25327292540344604,0.5693218086770838,64.2811665218,18.984623935645057,15.505616933427186,16.897219734314334,2024-12-17
2025-12-17,Veracruz de Ignacio de la Llave,Cuitláhuac,MX30053,29651,7413,1.4383798682091344,7.0,94.42870632672333,1.143187890600289,0.4189955575159899,0.22709057622643158,0.0,26.979630379063806,0.0,0,2.0,0.0,0.0,0.5344295991778008,26.0,0.22709057622643158,0.4325731355259978,54.6390391884,50.4641799973129,14.50768537754758,28.890283225453707,2024-12-17
2025-12-17,Veracruz de Ignacio de la Llave,Chacaltianguis,MX30054,11979,2995,0.9142711364014637,7.0,233.7228714524207,1.501322123494796,0.09585773248774605,0.07706162165378516,0.0,0.0,0.0,0,0.0,0.0,0.0,0.5344295991778008,26.0,0.07706162165378516,0.4692731061914437,57.2267483203,11.69731077344243,12.890837776003055,12.413426974978806,2024-12-17
2025-12-17,Veracruz de Ignacio de la Llave,Chalma,MX30055,14933,3733,1.020717570866349,2.0,53.57621216180016,3.8390027009742194,0.8324261949021711,0.5206716191991824,0.0,0.0,0.0,0,0.0,0.0,0.0,0.5344295991778008,26.0,0.5206716191991824,0.6187888735687718,67.76908145,27.995926047350906,18.961736583434462,22.57541236900104,2024-12-17
2025-12-17,Veracruz de Ignacio de la Llave,Chiconamel,MX30056,7210,1802,0.7091759338579328,3.0,166.48168701442842,2.857459707530727,0.18433420502641337,0.16499791648664813,0.0,0.0,0.0,0,0.0,0.0,0.0,0.5344295991778008,26.0,0.16499791648664813,0.7006309887788622,73.5397560599,18.96255727017669,15.102862726934502,16.646740544231374,2024-12-17
2025-12-17,Veracruz de Ignacio de la Llave,Chiconquiaco,MX30057,14732,3683,1.0138587539610897,3.0,81.45533532446375,3.16591193434953,0.5053509352321541,0.3354453641945928,0.0,0.0,0.0,0,0.0,0.0,0.0,0.5344295991778008,26.0,0.3354453641945928,0.9919889208024943,94.0833578034,29.903139341887673,18.605021759548,23.12426879248387,2024-12-17
2025-12-17,Veracruz de Ignacio de la Llave,Chicontepec,MX30058,55931,13983,1.9754988206241655,12.0,85.8184938854323,4.834274280661033,0.4733943255931191,0.37322576083170833,0.0,0.0,0.0,0,0.0,0.0,0.0,0.5344295991778008,26.0,0.37322576083170833,0.695637509559988,73.1876666293,25.10952301615101,17.576629462980854,20.589786884248916,2024-12-17
2025-12-17,Veracruz de Ignacio de la Llave,Chinameca,MX30059,18271,4568,1.1291188130076495,3.0,65.67425569176882,3.9827876963539426,0.6563875148345362,0.43728538219460256,21.891418563922944,21.891418563922944,21.891418563922944,1,1.0,0.0,0.0,0.5344295991778008,26.0,0.43728538219460256,0.5516383447609091,63.0343082756,58.69158134066215,47.625349095340184,52.05184199346897,2024-12-17
2025-12-17,Veracruz de Ignacio de la Llave,Chinampa de Gorostiza,MX30060,17634,4409,1.1092939524057568,3.0,68.04264005443412,3.074818504278638,0.6292521293466504,0.394460708893342,0.0,0.0,0.0,0,0.0,0.0,0.0,0.5344295991778008,26.0,0.394460708893342,0.6985641665391619,73.3940247504,25.805104597583494,17.846082124616323,21.029691113803192,2024-12-17
2025-12-17,Veracruz de Ignacio de la Llave,Las Choapas,MX30061,85292,21323,2.0,20.0,93.7954321624537,10.098922442237892,0.4226562746148273,0.517496531768164,0.0,0.0,0.0,0,0.0,0.0,0.6431860865985747,0.5344295991778008,26.0,0.517496531768164,0.7072170740916321,74.0041398945,31.298009976276354,20.45162489780907,24.79017892919598,2024-12-17
2025-12-17,Veracruz de Ignacio de la Llave,Chocamán,MX30062,21989,5497,1.2386239247264799,2.0,36.383481899217756,1.4166592830643303,1.0,0.5264047123242873,0.0,18.191740949608878,0.0,0,1.0,0.0,0.36890840004426906,0.5344295991778008,26.0,0.5264047123242873,0.7681610406668026,78.3012893467,60.79247375791519,20.400198091833502,36.55710835826618,2024-12-17
2025-12-17,Veracruz de Ignacio de la Llave,Chontla,MX30063,13926,3482,0.9858049154303459,4.0,114.87650775416428,2.772023525806879,0.322485743092095,0.23132072349236016,0.0,0.0,0.0,0,0.0,0.0,0.0,0.5344295991778008,26.0,0.23132072349236016,0.6281546494456649,68.429460827,19.502714693684105,15.536354714337058,17.122898706075876,2024-12-17
2025-12-17,Veracruz de Ignacio de la Llave,Chumatlán,MX30064,4239,1060,0.5439131122021729,1.0,94.33962264150944,1.9515827835690234,0.41950754592142175,0.25339502435539,0.0,0.0,0.0,0,0.0,0.0,0.0,0.5344295991778008,26.0,0.25339502435539,0.9091523143775392,88.2425617751,25.784897018212487,17.20623464935279,20.63769959689667,2024-12-17
2025-12-17,Veracruz de Ignacio de la Llave,Emiliano Zapata,MX30065,92303,23076,2.0,13.0,56.33558675680361,7.451547638612485,0.7856186395286557,0.6136728450361053,0.0,0.0,0.0,0,0.0,0.0,2.2961453188010896,0.5344295991778008,26.0,0.6136728450361053,0.2176520865525867,39.4849899894,28.577871590542504,21.948497030668353,24.600246854618014,2024-12-17
2025-12-17,Veracruz de Ignacio de la Llave,Espinal,MX30066,28516,7129,1.4105578534736152,6.0,84.1632767569084,4.117764528249495,0.4851273932175979,0.3560046039178793,0.0,14.027212792818068,-14.027212792818068,0,1.0,1.0,0.0,0.5344295991778008,26.0,0.3560046039178793,0.7599851122219383,77.7248059241,48.01195925815128,17.691713593324653,29.819811859255307,2024-12-17
2025-12-17,Veracruz de Ignacio de la Llave,Filomeno Mata,MX30067,20415,5104,1.193526122495667,2.0,39.18495297805643,1.1862452108122035,1.0,0.5189802092785344,0.0,0.0,0.0,0,0.0,0.0,0.0,0.5344295991778008,26.0,0.5189802092785344,1.0,94.8501924117,35.56940627835603,20.847495296542828,26.736259689268106,2024-12-17
2025-12-17,Veracruz de Ignacio de la Llave,Fortín,MX30068,71559,17890,2.0,10.0,55.89714924538848,1.0527881850317968,0.7927470934812063,0.4110534453449721,0.0,0.0,0.0,0,0.0,0.0,2.011320478712622,0.5344295991778008,26.0,0.4110534453449721,0.37919647277391666,50.8754591329,25.008901027513943,19.843935301000627,21.90992159160595,2024-12-17
2025-12-17,Veracruz de Ignacio de la Llave,Gutiérrez Zamora,MX30069,25082,6270,1.3228492832018095,8.0,127.59170653907496,2.403461995766827,0.278070748920886,0.19723727553455608,0.0,0.0,0.0,0,0.0,0.0,0.0,0.5344295991778008,26.0,0.19723727553455608,0.47720682578825196,57.7861536353,15.46125478180172,14.372614220556345,14.808070445054494,2024-12-17
2025-12-17,Veracruz de Ignacio de la Llave,Hidalgotitlán,MX30070,20441,5110,1.1942274404227005,10.0,195.69471624266146,6.03461325153614,0.1384259113393617,0.244419401190839,0.0,0.0,0.0,0,0.0,0.0,1.715162897596199,0.5344295991778008,26.0,0.244419401190839,0.7258267948845192,75.3163083667,26.192511377145657,19.07749520306648,21.92350167269815,2024-12-17
2025-12-17,Veracruz de Ignacio de la Llave,Huatusco,MX30071,63116,15779,2.0,12.0,76.05044679637493,2.856601453274622,0.5500219236060789,0.3478141207323414,0.0,0.0,0.0,0,0.0,0.0,0.0,0.5344295991778008,26.0,0.3478141207323414,0.6264495890790245,68.30923729,22.96341540355073,16.925750179383634,19.340816269050475,2024-12-17
2025-12-17,Veracruz de Ignacio de la Llave,Huayacocotla,MX30072,22957,5739,1.2655948773304113,12.0,209.09566126502875,2.842888716612191,0.12165829106147016,0.1331904466597703,0.0,0.0,0.0,0,0.0,0.0,0.0,0.5344295991778008,26.0,0.1331904466597703,0.7679179711729374,78.2841505551,19.354072823251855,15.057608000982345,16.776193929890148,2024-12-17
2025-12-17,Veracruz de Ignacio de la Llave,Hueyapan de Ocampo,MX30073,43544,10886,1.7430536753030414,6.0,55.1166636046298,5.062551403147531,0.8057174664188119,0.5467429765600117,9.186110600771633,9.186110600771633,9.186110600771633,1,1.0,0.0,0.3923507301647088,0.5344295991778008,26.0,0.5467429765600117,0.7505405370860365,77.0588704238,46.90050344497873,50.59573087407474,49.11763990243633,2024-12-17
2025-12-17,Veracruz de Ignacio de la Llave,Huiloapan de Cuauhtémoc,MX30074,9716,2429,0.8233611162606752,2.0,82.33841086867024,1.8911618180023695,0.49860975456063533,0.29099921788742095,0.0,0.0,0.0,0,0.0,0.0,0.6066856761511861,0.5344295991778008,26.0,0.29099921788742095,0.4381902706639864,55.0351024993,19.030122662433563,16.326901894856867,17.408190201887543,2024-12-17
2025-12-17,Veracruz de Ignacio de la Llave,Ignacio de la Llave,MX30075,17078,4269,1.0915400453794808,3.0,70.27406886858749,2.9323369470490337,0.6053593370931664,0.37792320969170934,0.0,0.0,0.0,0,0.0,0.0,0.0,0.5344295991778008,26.0,0.37792320969170934,0.6572981699529659,70.4843658524,24.4836596898106,17.441302151265752,20.258245166683693,2024-12-17
2025-12-17,Veracruz de Ignacio de la Llave,Ilamatlán,MX30076,14134,3534,0.9931386153191651,2.0,56.59309564233163,1.8741422328816058,0.7814833485617068,0.43188760236986923,0.0,0.0,0.0,0,0.0,0.0,0.0,0.5344295991778008,26.0,0.43188760236986923,0.9587199927240564,91.7375709421,32.13102792557721,19.595983977259127,24.610001556586358,2024-12-17
2025-12-17,Veracruz de Ignacio de la Llave,Isla,MX30077,44867,11217,1.7693549111365237,10.0,89.1503967192654,6.106696025331431,0.451097230536564,0.4030777434639768,0.0,0.0,0.0,0,0.0,0.0,1.6486021402514122,0.5344295991778008,26.0,0.4030777434639768,0.5867231401626021,65.5081316549,28.001633390650362,20.173506929900487,23.304757514200436,2024-12-17
2025-12-17,Veracruz de Ignacio de la Llave,Ixcatepec,MX30078,12859,3215,0.9472553886996882,3.0,93.31259720062208,2.2808502503782364,0.42548074398479285,0.26699142376210355,0.0,0.0,0.0,0,0.0,0.0,0.0,0.5344295991778008,26.0,0.26699142376210355,0.7792105310633173,79.0803871684,23.593953334129452,16.71968252566224,19.469390849049127,2024-12-17
2025-12-17,Veracruz de Ignacio de la Llave,Ixhuacán de los Reyes,MX30079,12207,3052,0.9229302072515765,3.0,98.2961992136304,3.066872383845103,0.39766270728966485,0.27840995449569184,0.0,0.0,0.0,0,0.0,0.0,0.0,0.5344295991778008,26.0,0.27840995449569184,0.9238696995427369,89.2802822773,26.829692625725492,17.5800007368624,21.27987749240764,2024-12-17
2025-12-17,Veracruz de Ignacio de la Llave,Ixhuatlán del Café,MX30080,24611,6153,1.3104487878878774,2.0,32.50446936453763,2.9480808065198785,1.0,0.5757508466731726,0.0,0.0,0.0,0,0.0,0.0,0.2635060000316207,0.5344295991778008,26.0,0.5757508466731726,0.8730568169304354,85.6974739543,35.40095126245492,21.33888671236468,26.963712532400773,2024-12-17
2025-12-17,Veracruz de Ignacio de la Llave,Ixhuatlancillo,MX30081,30123,7531,1.449782722131112,4.0,53.113796308591155,2.3482453257585423,0.8407460064904378,0.476795688620196,0.0,0.0,0.0,0,0.0,0.0,0.7583570951889825,0.5344295991778008,26.0,0.476795688620196,0.5687856899772797,64.243364877,27.60001034881548,19.4654934256385,22.71930019490929,2024-12-17
2025-12-17,Veracruz de Ignacio de la Llave,Ixhuatlán del Sureste,MX30082,16636,4159,1.0773853258631065,4.0,96.17696561673479,4.101244997967795,0.40913978071142776,0.3174784981325127,24.044241404183698,24.044241404183698,24.044241404183698,1,1.0,0.0,1.9074824699636492,0.5344295991778008,26.0,0.3174784981325127,0.4802209868863922,57.998681658,58.95918867076606,49.05085568993108,53.01418888226508,2024-12-17
2025-12-17,Veracruz de Ignacio de la Llave,Ixhuatlán de Madero,MX30083,53377,13344,1.9298324846790953,15.0,112.41007194244604,2.6491879826008065,0.33226472163584253,0.23225215214863812,0.0,0.0,0.0,0,0.0,0.0,0.0,0.5344295991778008,26.0,0.23225215214863812,0.8840854990105645,86.4751045849,24.649274544670437,16.827186106036894,19.95602148149031,2024-12-17
2025-12-17,Veracruz de Ignacio de la Llave,Ixmatlahuacan,MX30084,5817,1454,0.6370284068866748,2.0,137.5515818431912,6.496033545369723,0.24901540691263116,0.31458223556374343,0.0,0.0,0.0,0,0.0,0.0,0.0,0.5344295991778008,26.0,0.31458223556374343,0.3445248205914734,48.4307664167,16.32796347874177,15.1173437149227,15.601591620450328,2024-12-17
2025-12-17,Veracruz de Ignacio de la Llave,Ixtaczoquitlán,MX30085,78252,19563,2.0,12.0,61.34028523232633,2.629577228792343,0.7114689341189077,0.4212223521009527,10.223380872054388,15.335071308081583,5.111690436027194,2,3.0,1.0,0.37917854759449127,0.5344295991778008,26.0,0.4212223521009527,0.40634679481310704,52.7898240493,45.91947583934741,47.34627694803205,46.775556504558196,2024-12-17
2025-12-17,Veracruz de Ignacio de la Llave,Jalacingo,MX30086,50209,12552,1.8716862987405518,9.0,71.70172084130019,3.0422492339802045,0.5908529989392654,0.3742116824125445,0.0,0.0,0.0,0,0.0,0.0,0.0,0.5344295991778008,26.0,0.3742116824125445,0.8129396762376057,81.4586238644,27.485143997128446,18.174971355338975,21.899040412054767,2024-12-17
2025-12-17,Veracruz de Ignacio de la Llave,Xalapa,MX30087,512717,128179,2.0,96.0,74.89526365473283,0.9206740057792314,0.5604056884537427,0.29062570194541065,0.780158996403467,3.9007949820173353,0.780158996403467,1,5.0,0.0,0.0,0.5344295991778008,26.0,0.29062570194541065,0.2005940078275911,38.2822275542,18.88532068537497,20.041828304635022,19.579225256931004,2024-12-17
2025-12-17,Veracruz de Ignacio de la Llave,Jalcomulco,MX30088,5309,1327,0.6085721267783201,1.0,75.35795026375283,1.0313988469285196,0.5562084501717133,0.29209490707970254,0.0,0.0,0.0,0,0.0,0.0,0.0,0.5344295991778008,26.0,0.29209490707970254,0.6785576731915606,71.9833700661,22.33400067622229,16.517660036114645,18.844196292157704,2024-12-17
2025-12-17,Veracruz de Ignacio de la Llave,Jáltipan,MX30089,40175,10044,1.6742871648752762,8.0,79.6495420151334,5.524843863989163,0.5196012791833394,0.41858107287546475,0.0,0.0,0.0,0,0.0,0.0,3.6485697606538237,0.5344295991778008,26.0,0.41858107287546475,0.5745160580750509,64.647412226,33.28721042768754,23.674924003362968,27.519838573092798,2024-12-17
2025-12-17,Veracruz de Ignacio de la Llave,Jamapa,MX30090,11845,2961,0.9090668050492343,4.0,135.08949679162444,4.920864414516796,0.2557992532846026,0.267218369855045,0.0,0.0,0.0,0,0.0,0.0,0.0,0.5344295991778008,26.0,0.267218369855045,0.4398274332369815,55.1505385736,16.81309976039098,15.025490389645862,15.740534137943909,2024-12-17
2025-12-17,Veracruz de Ignacio de la Llave,Jesús Carranza,MX30091,29871,7468,1.443705963972675,7.0,93.73326191751472,1.4364149777857922,0.42301832355866836,0.23855045074235193,0.0,13.39046598821639,-13.39046598821639,0,1.0,1.0,4.392478754892489,0.5344295991778008,26.0,0.23855045074235193,0.7066859562951084,73.9666908626,53.540988544509226,23.431298186528764,35.47517432972095,2024-12-17
2025-12-17,Veracruz de Ignacio de la Llave,Xico,MX30092,41612,10403,1.703946266018085,4.0,38.45044698644622,0.22303920381386524,1.0,0.5,0.0,0.0,0.0,0,0.0,0.0,0.0,0.5344295991778008,26.0,0.5,0.746251260957301,76.7564342418,29.92502521914602,19.35098908998692,23.580603541650557,2024-12-17
2025-12-17,Veracruz de Ignacio de la Llave,Jilotepec,MX30093,17785,4446,1.1139387841564243,2.0,44.9842555105713,1.8269256201552317,1.0,0.5396244937357638,0.0,0.0,0.0,0,0.0,0.0,0.1300264994005778,0.5344295991778008,26.0,0.5396244937357638,0.5507695972103668,62.9730530231,27.533399413588285,19.068589800953433,22.454513646007374,2024-12-17
2025-12-17,Veracruz de Ignacio de la Llave,Juan Rodríguez Clara,MX30094,40007,10002,1.6707828972709189,6.0,59.9880023995201,3.9043977518113038,0.7302845080185264,0.47170796369675727,0.0,0.0,0.0,0,0.0,0.0,4.1758563577595655,0.5344295991778008,26.0,0.47170796369675727,0.6082488728406015,67.0259076643,36.890947870868835,25.371293715867232,29.979155377867873,2024-12-17
2025-12-17,Veracruz de Ignacio de la Llave,Juchique de Ferrer,MX30095,15681,3920,1.0459709656364786,4.0,102.04081632653062,4.124326695332005,0.3785484734868775,0.30292659307129916,0.0,0.0,0.0,0,0.0,0.0,0.0,0.5344295991778008,26.0,0.30292659307129916,0.6862696712419386,72.5271418299,22.813191216977746,16.686200258265696,19.136996641750518,2024-12-17
2025-12-17,Veracruz de Ignacio de la Llave,Landero y Coss,MX30096,1711,428,0.5,1.0,233.6448598130841,1.3335455921852066,0.09593087368852203,0.07169202345754315,0.0,0.0,0.0,0,0.0,0.0,0.0,0.5344295991778008,26.0,0.07169202345754315,0.7470014595894722,76.8093306288,17.09078989551574,14.21504436463829,15.36534257698927,2024-12-17
2025-12-17,Veracruz de Ignacio de la Llave,Lerdo de Tejada,MX30097,19764,4941,1.1743134169021416,5.0,101.19409026512852,3.242763706913095,0.38274677841141824,0.276619637223582,0.0,0.0,0.0,0,0.0,0.0,0.0,0.5344295991778008,26.0,0.276619637223582,0.3892450250640791,51.5839809669,16.083489617989045,14.885393557203791,15.364631981517892,2024-12-17
2025-12-17,Veracruz de Ignacio de la Llave,Magdalena,MX30098,3525,881,0.5,0.0,0.0,4.02893187397841,0.0,0.11057850265752636,0.0,0.0,0.0,0,0.0,0.0,2.555845218013597,0.5344295991778008,26.0,0.11057850265752636,0.9159145209444937,88.7193638915,28.107941149756037,19.841111189240113,23.147843173446482,2024-12-17
2025-12-17,Veracruz de Ignacio de la Llave,Maltrata,MX30099,19549,4887,1.1678787744048074,3.0,61.387354205033766,3.3556478253516357,0.7108289486121178,0.44429812377676925,0.0,0.0,0.0,0,0.0,0.0,0.0,0.5344295991778008,26.0,0.44429812377676925,0.8530710359126199,84.2882796931,30.390364431555472,19.216665450084744,23.686145042673033,2024-12-17
2025-12-17,Veracruz de Ignacio de la Llave,Manlio Fabio Altamirano,MX30100,25243,6311,1.3271673409901217,4.0,63.38139755981619,1.0606865223033488,0.6845895428337379,0.35722917370044394,0.0,0.0,0.0,0,0.0,0.0,0.3162375323352877,0.5344295991778008,26.0,0.35722917370044394,0.4536108391879209,56.122404349,20.589916235158174,16.708419892469635,18.26101842954505,2024-12-17
2025-12-17,Veracruz de Ignacio de la Llave,Mariano Escobedo,MX30101,42793,10698,1.727936954225587,6.0,56.08524957936063,2.56433503732181,0.7896751630486154,0.4582232041277966,0.0,0.0,0.0,0,0.0,0.0,0.4333469115365614,0.5344295991778008,26.0,0.4582232041277966,0.7724195600920846,78.6015568784,30.29247354891217,19.712099850685444,23.944249329976135,2024-12-17
2025-12-17,Veracruz de Ignacio de la Llave,Martínez de la Torre,MX30102,114761,28690,2.0,28.0,97.59498082955734,5.7767609717102735,0.4014050987293687,0.3676003659110174,3.4855350296270475,13.94214011850819,0.0,1,4.0,1.0,0.0,0.5344295991778008,26.0,0.3676003659110174,0.4447338306850205,55.4964878823,41.92057892750213,42.75543389118251,42.421491905710354,2024-12-17
2025-12-17,Veracruz de Ignacio de la Llave,Mecatlán,MX30103,13792,3448,0.9809801611002283,1.0,29.00232018561485,3.0182861735514606,1.0,0.5780130347255751,0.0,0.0,0.0,0,0.0,0.0,0.0,0.5344295991778008,26.0,0.5780130347255751,1.0,94.6620030037,37.34039104176725,21.555889201907313,27.869689937851287,2024-12-17
2025-12-17,Veracruz de Ignacio de la Llave,Mecayapan,MX30104,18261,4565,1.1287479819243522,6.0,131.43483023001096,6.376723396054866,0.2663376812964072,0.3193989089244116,0.0,0.0,0.0,0,0.0,0.0,4.378283712784589,0.5344295991778008,26.0,0.3193989089244116,0.8356023691733641,83.0565667619,37.38136314710673,25.02209720209824,29.965803580101642,2024-12-17
2025-12-17,Veracruz de Ignacio de la Llave,Medellín,MX30105,99986,24996,2.0,14.0,56.00896143382941,3.5167797834822276,0.7909185634618071,0.48953499565416886,0.0,0.0,0.0,0,0.0,0.0,0.2710607420016751,0.5344295991778008,26.0,0.48953499565416886,0.22178147202797333,39.7761523067,19.80810008765862,17.0606739448397,18.159644401967267,2024-12-17
2025-12-17,Veracruz de Ignacio de la Llave,Miahuatlán,MX30106,5274,1318,0.6065048820273169,1.0,75.87253414264036,2.634440746969629,0.551600554522827,0.34144487671348367,0.0,0.0,0.0,0,0.0,0.0,0.0,0.5344295991778008,26.0,0.34144487671348367,0.9305511257073971,89.7513885803,28.854368815552455,18.369826934299205,22.563643686800503,2024-12-17
2025-12-17,Veracruz de Ignacio de la Llave,Las Minas,MX30107,3172,793,0.5,2.0,252.20680958385876,1.3868010640831392,0.07980323891742022,0.06534422718756261,0.0,0.0,0.0,0,0.0,0.0,7.335680751173709,0.5344295991778008,26.0,0.06534422718756261,0.9072225247609467,88.1064926142,35.10477731084581,24.939976135255897,29.005896605491866,2024-12-17
2025-12-17,Veracruz de Ignacio de la Llave,Minatitlán,MX30108,155476,38869,2.0,36.0,92.61879647019475,9.549138321089076,0.42959087312839817,0.5032484465344161,5.145488692788597,12.863721731971493,0.0,2,5.0,2.0,4.007373567363949,0.5344295991778008,26.0,0.5032484465344161,0.2800151733172976,43.8822013819,51.1421950521058,53.824172704932025,52.75138164380153,2024-12-17
2025-12-17,Veracruz de Ignacio de la Llave,Misantla,MX30109,68666,17166,2.0,12.0,69.90562740300594,5.187061429134825,0.609199250133905,0.4524958849499421,0.0,0.0,0.0,0,0.0,0.0,0.2904612524689206,0.5344295991778008,26.0,0.4524958849499421,0.5193592879252736,60.7583170792,24.69761197485118,18.136846289457715,20.7611525636151,2024-12-17
2025-12-17,Veracruz de Ignacio de la Llave,Mixtla de Altamirano,MX30110,13102,3276,0.9561995664820983,1.0,30.525030525030527,3.6130927559100843,1.0,0.5971791526592193,0.0,0.0,0.0,0,0.0,0.0,2.770850651149903,0.5344295991778008,26.0,0.5971791526592193,0.9905360578568569,93.9809166667,44.74286048189898,26.41640606971884,33.746987834590904,2024-12-17
2025-12-17,Veracruz de Ignacio de la Llave,Moloacán,MX30111,17521,4380,1.1056397680432632,6.0,136.986301369863,1.997085670624308,0.2505513721289266,0.17038315139403978,0.0,0.0,0.0,0,0.0,0.0,6.3348342568076585,0.5344295991778008,26.0,0.17038315139403978,0.5032112507392721,59.6197215291,30.175719556606634,24.18038685562525,26.578519936017802,2024-12-17
2025-12-17,Veracruz de Ignacio de la Llave,Naolinco,MX30112,24414,6104,1.3052204162189909,4.0,65.53079947575361,1.6870405144652212,0.658094142852642,0.3641641260846898,0.0,0.0,0.0,0,0.0,0.0,0.0780158996403467,0.5344295991778008,26.0,0.3641641260846898,0.6199440556600238,67.8505331567,23.521368490125987,17.221131639440024,19.741226379714412,2024-12-17
2025-12-17,Veracruz de Ignacio de la Llave,Naranjal,MX30113,4881,1220,0.5835210282407198,1.0,81.9672131147541,1.9244240721469796,0.5014256907905102,0.2934789769081458,0.0,0.0,0.0,0,0.0,0.0,3.0893221375840163,0.5344295991778008,26.0,0.2934789769081458,0.6802291209272009,72.1012235818,30.23219786570794,21.7581235393472,25.147753269891492,2024-12-17
2025-12-17,Veracruz de Ignacio de la Llave,Nautla,MX30114,10696,2674,0.8638877135251327,6.0,224.3829468960359,8.152014820955332,0.1049760021844839,0.2959222863784672,0.0,0.0,0.0,0,0.0,0.0,0.0,0.5344295991778008,26.0,0.2959222863784672,0.34176573232143304,48.2362235388,15.712983237782677,14.879628883349183,15.21297062512258,2024-12-17
2025-12-17,Veracruz de Ignacio de la Llave,Nogales,MX30115,43600,10900,1.7441741470406948,7.0,64.22018348623853,1.266961004688265,0.674038924621804,0.35860053121409263,0.0,0.0,0.0,0,0.0,0.0,0.0,0.5344295991778008,26.0,0.35860053121409263,0.6269208546835403,68.3424661533,23.29643303009358,17.057543433187227,19.55309927194977,2024-12-17
2025-12-17,Veracruz de Ignacio de la Llave,Oluta,MX30116,18425,4606,1.133805508727818,4.0,86.84324793747287,2.7695189001114513,0.4663544850184317,0.3031743893105588,0.0,0.0,0.0,0,0.0,0.0,5.861664712778429,0.5344295991778008,26.0,0.3031743893105588,0.6688048301473369,71.2956986443,37.315117241613926,26.497708913897423,30.82467224498402,2024-12-17
2025-12-17,Veracruz de Ignacio de la Llave,Omealca,MX30117,25236,6309,1.3269570300243785,4.0,63.40148993501347,1.4767771996918615,0.6843335486310219,0.37050863245186916,0.0,0.0,0.0,0,0.0,0.0,1.0390689941812137,0.5344295991778008,26.0,0.37050863245186916,0.6303122413257622,68.5815922895,26.352790579440793,18.97158876749797,21.924069492275102,2024-12-17
2025-12-17,Veracruz de Ignacio de la Llave,Orizaba,MX30118,131862,32966,2.0,38.0,115.27027846872535,0.4085633616150919,0.3209632512548899,0.16048162562744495,3.03342838075593,6.06685676151186,3.03342838075593,1,2.0,0.0,1.4604829817220555,0.5344295991778008,26.0,0.16048162562744495,0.11403116152375148,32.1786949409,20.365805708894104,37.64472572261339,30.733157717125675,2024-12-17
2025-12-17,Veracruz de Ignacio de la Llave,Otatitlán,MX30119,5775,1444,0.6348340207347285,3.0,207.7562326869806,0.5097509297832784,0.12323692197821821,0.06161846098910911,0.0,0.0,0.0,0,0.0,0.0,0.0,0.5344295991778008,26.0,0.06161846098910911,0.5973967819830909,66.2607284529,13.796489469335091,13.346138226985177,13.526278723925142,2024-12-17
2025-12-17,Veracruz de Ignacio de la Llave,Oteapan,MX30120,16776,4194,1.0819091879309413,3.0,71.5307582260372,1.6541861666864561,0.5925596269573713,0.33033822096865256,0.0,0.0,0.0,0,0.0,0.0,5.472854640980736,0.5344295991778008,26.0,0.33033822096865256,0.7377037624086294,76.1537514699,38.52340749711605,26.511767328789976,31.316423396120406,2024-12-17
2025-12-17,Veracruz de Ignacio de la Llave,Ozuluama de Mascareñas,MX30121,23287,5822,1.274713826355277,6.0,103.05736860185503,9.177977752566463,0.37359925223437,0.46329293786009873,0.0,0.0,0.0,0,0.0,0.0,0.0,0.5344295991778008,26.0,0.46329293786009873,0.29086896280008745,44.6475003631,19.716167391804714,16.633592853522035,17.86662266883511,2024-12-17
2025-12-17,Veracruz de Ignacio de la Llave,Pajapan,MX30122,18953,4738,1.1499372017461693,3.0,63.31785563528915,6.846526140785256,0.6854001911423382,0.5440683534338928,0.0,0.0,0.0,0,0.0,0.0,4.875171950197789,0.5344295991778008,26.0,0.5440683534338928,0.8747609585317206,85.8176327093,46.162913394570495,28.7527868996786,35.71683749763535,2024-12-17
2025-12-17,Veracruz de Ignacio de la Llave,Pánuco,MX30123,100273,25068,2.0,28.0,111.69618637306526,10.630290644819567,0.3351757414267261,0.49087824387933315,0.0,0.0,0.0,0,0.0,0.0,0.0,0.5344295991778008,26.0,0.49087824387933315,0.3507066400031455,48.8666455265,21.740480116442907,17.263804911768137,19.054474993638046,2024-12-17
2025-12-17,Veracruz de Ignacio de la Llave,Papantla,MX30124,167066,41767,2.0,21.0,50.27892834055594,0.8297438853568504,0.8950960137670496,0.4550408744785099,0.0,0.0,0.0,0,0.0,0.0,0.6860632832346838,0.5344295991778008,26.0,0.4550408744785099,0.6457559158084467,69.6705233367,28.30369717782379,19.46723794285114,23.001821636840198,2024-12-17
2025-12-17,Veracruz de Ignacio de la Llave,Paso del Macho,MX30125,33580,8395,1.5306889468365625,8.0,95.29481834425253,6.522917902738386,0.4140676691137088,0.39797464618972866,0.0,11.911852293031567,0.0,0,1.0,0.0,0.0,0.5344295991778008,26.0,0.39797464618972866,0.4685040138734722,57.1725197425,40.103825394053466,16.737948608844516,26.084299322928096,2024-12-17
2025-12-17,Veracruz de Ignacio de la Llave,Paso de Ovejas,MX30126,35144,8786,1.5659294627578983,6.0,68.29046209879354,4.478983736814171,0.6265215245176808,0.438341032945164,0.0,0.0,0.0,0,0.0,0.0,2.865047238202647,0.5344295991778008,26.0,0.438341032945164,0.3969992545564348,52.130730463,28.345519589037565,21.701690459693854,24.35922211143134,2024-12-17
2025-12-17,Veracruz de Ignacio de la Llave,La Perla,MX30127,30207,7552,1.451802655913137,2.0,26.483050847457626,5.473136612773313,1.0,0.6571142996124127,0.0,0.0,0.0,0,0.0,0.0,0.0,0.5344295991778008,26.0,0.6571142996124127,1.0,95.2508351593,39.71342898837238,22.50510438054937,29.388434223678573,2024-12-17
2025-12-17,Veracruz de Ignacio de la Llave,Perote,MX30128,81823,20456,2.0,16.0,78.21666014861165,5.0526707374504385,0.5313770125082709,0.4092543704717086,0.0,4.888541259288228,0.0,0,1.0,0.0,2.445226917057903,0.5344295991778008,26.0,0.4092543704717086,0.70033478238956,73.5188705942,40.18963243289092,22.160573378047992,29.372196999985167,2024-12-17
2025-12-17,Veracruz de Ignacio de la Llave,Platón Sánchez,MX30129,19041,4760,1.1526038669101313,8.0,168.0672268907563,2.202003235453147,0.1814329373956332,0.14242687745584479,0.0,0.0,0.0,0,0.0,0.0,0.0,0.5344295991778008,26.0,0.14242687745584479,0.6747203008880225,71.7127975514,17.767212341435794,14.702456819110662,15.928359028040715,2024-12-17
2025-12-17,Veracruz de Ignacio de la Llave,Playa Vicente,MX30130,41127,10282,1.694007760952381,13.0,126.43454580820853,11.549073655956843,0.2817432811367719,0.4937674419006981,0.0,19.451468585878235,0.0,0,2.0,0.0,1.1693171188026195,0.5344295991778008,26.0,0.4937674419006981,0.6817939242485299,72.2115576167,62.100525350665116,20.927992155513664,37.39700543357425,2024-12-17
2025-12-17,Veracruz de Ignacio de la Llave,Poza Rica de Hidalgo,MX30131,196990,49247,2.0,46.0,93.40670497695291,0.5458824066620876,0.4249279449093628,0.2124639724546814,4.061161085954474,14.21406380084066,2.030580542977237,2,7.0,1.0,0.0,0.5344295991778008,26.0,0.2124639724546814,0.36437163239979514,49.8301619809,36.088284005848124,43.99115861665556,40.83000877233259,2024-12-17
2025-12-17,Veracruz de Ignacio de la Llave,Las Vigas de Ramírez,MX30132,21615,5404,1.2281015121031902,2.0,37.00962250185048,1.798257611973541,1.0,0.5387007406334458,0.0,0.0,0.0,0,0.0,0.0,4.890453834115806,0.5344295991778008,26.0,0.5387007406334458,0.8350639714158352,83.0186044211,45.24664435303791,28.515690000359495,35.20807174143086,2024-12-17
2025-12-17,Veracruz de Ignacio de la Llave,Pueblo Viejo,MX30133,60418,15104,2.0,9.0,59.58686440677966,8.15826345866653,0.7360301556794833,0.6116507094641707,0.0,0.0,0.0,0,0.0,0.0,0.0,0.5344295991778008,26.0,0.6116507094641707,0.4394205183028581,55.1218470659,27.137931649982285,19.15664389028475,22.349158994163766,2024-12-17
2025-12-17,Veracruz de Ignacio de la Llave,Puente Nacional,MX30134,26155,6539,1.350928191057262,4.0,61.171432940816636,2.8991275392119693,0.7137728819433508,0.43105989404785694,15.292858235204159,15.292858235204159,15.292858235204159,1,1.0,0.0,0.0,0.5344295991778008,26.0,0.43105989404785694,0.4270160634555431,54.2472109149,45.60117079139374,46.92753183105241,46.39698741518894,2024-12-17
2025-12-17,Veracruz de Ignacio de la Llave,Rafael Delgado,MX30135,26455,6614,1.3586534352552515,2.0,30.23888720895071,0.6097463475867388,1.0,0.5004040106807032,0.0,15.119443604475356,0.0,0,1.0,0.0,1.6571011566012899,0.5344295991778008,26.0,0.5004040106807032,0.7811481074737057,79.2170053749,58.68688255298967,22.327895298005508,36.87149019999917,2024-12-17
2025-12-17,Veracruz de Ignacio de la Llave,Rafael Lucio,MX30136,9113,2278,0.7973581833560686,2.0,87.7963125548727,0.9855690854131095,0.45995462995053416,0.24249125034234897,0.0,0.0,0.0,0,0.0,0.0,0.0,0.5344295991778008,26.0,0.24249125034234897,0.5716190063388008,64.4431415659,18.707117637046487,15.387722821002606,16.71548074742016,2024-12-17
2025-12-17,Veracruz de Ignacio de la Llave,Los Reyes,MX30137,7078,1770,0.7028509385414096,0.0,0.0,4.481594298958885,0.0,0.125164389361911,0.0,0.0,0.0,0,0.0,0.0,1.6625103906899419,0.5344295991778008,26.0,0.125164389361911,0.989343404256292,93.8968228498,27.751858612974335,18.87512837681891,22.42582047128108,2024-12-17
2025-12-17,Veracruz de Ignacio de la Llave,Río Blanco,MX30138,46661,11665,1.8043424532303078,6.0,51.43591941705958,0.776275916179787,0.872190627724041,0.44186531316113625,0.0,0.0,0.0,0,0.0,0.0,0.7583570951889825,0.5344295991778008,26.0,0.44186531316113625,0.277408766854496,43.6984240741,20.72456062258801,17.589444304515865,18.843490831744724,2024-12-17
2025-12-17,Veracruz de Ignacio de la Llave,Saltabarranca,MX30139,6417,1604,0.6690811241216382,3.0,187.03241895261846,3.3702942039615778,0.15054297026791436,0.16462707662424947,0.0,0.0,0.0,0,0.0,0.0,0.0,0.5344295991778008,26.0,0.16462707662424947,0.4249353244848928,54.1004983389,13.43751878842534,13.71993432711587,13.606968111639658,2024-12-17
2025-12-17,Veracruz de Ignacio de la Llave,San Andrés Tenejapan,MX30140,3480,870,0.5,1.0,114.94252873563218,1.9836369068945632,0.32222974888937916,0.2057889878253285,0.0,0.0,0.0,0,0.0,0.0,0.0,0.5344295991778008,26.0,0.2057889878253285,0.880333139599306,86.2105263158,23.780332426745975,16.490866337100883,19.40665277295892,2024-12-17
2025-12-17,Veracruz de Ignacio de la Llave,San Andrés Tuxtla,MX30141,169917,42479,2.0,31.0,72.97723581063585,1.7168875016209229,0.578372593400406,0.3252650940372116,2.354104380988253,2.354104380988253,2.354104380988253,1,1.0,0.0,1.8372221201543266,0.5344295991778008,26.0,0.3252650940372116,0.7830038838042909,79.3478558707,33.78482362564217,38.4380548641967,36.57676236877489,2024-12-17
2025-12-17,Veracruz de Ignacio de la Llave,San Juan Evangelista,MX30142,34210,8552,1.5449358179392996,6.0,70.15902712815716,7.604978292588529,0.6065539767058404,0.5290844232853475,11.693171188026193,23.386342376052387,11.693171188026193,1,2.0,0.0,3.349522693016245,0.5344295991778008,26.0,0.5290844232853475,0.6369556618188005,69.0500188186,72.09381105456525,54.808300920137796,61.72250497390878,2024-12-17
2025-12-17,Veracruz de Ignacio de la Llave,Santiago Tuxtla,MX30143,59803,14951,2.0,16.0,107.01625309343856,4.364492863441216,0.3552210017643909,0.2990015965552053,0.0,0.0,0.0,0,0.0,0.0,0.4708208761976506,0.5344295991778008,26.0,0.2990015965552053,0.7290886630177652,75.5463021733,24.74410458951467,17.648050880620506,20.48647236417817,2024-12-17
2025-12-17,Veracruz de Ignacio de la Llave,Sayula de Alemán,MX30144,34120,8530,1.5429473664047633,6.0,70.33997655334115,11.334829815226371,0.6046766858859239,0.6483306855043331,23.446658851113718,35.16998827667057,11.723329425556859,2,3.0,1.0,2.338634237605239,0.5344295991778008,26.0,0.6483306855043331,0.7702455468874222,78.4482675509,75.7770728416651,55.19908963821397,63.430282919594426,2024-12-17
2025-12-17,Veracruz de Ignacio de la Llave,Soconusco,MX30145,17961,4490,1.1194372813876834,2.0,44.54342984409799,7.049965060326124,1.0,0.7079235557357767,0.0,22.271714922048996,0.0,0,1.0,0.0,3.6485697606538237,0.5344295991778008,26.0,0.7079235557357767,0.6245817962727768,68.1775395144,77.96879967745141,27.39736248867534,47.62593736418577,2024-12-17
2025-12-17,Veracruz de Ignacio de la Llave,Sochiapa,MX30146,4197,1049,0.5410835615662934,1.0,95.32888465204957,2.3458783747794536,0.413875673461672,0.263284253175788,0.0,0.0,0.0,0,0.0,0.0,0.0,0.5344295991778008,26.0,0.263284253175788,0.7425520713021404,76.4956049638,22.749569021316447,16.491904179820573,18.99497011641892,2024-12-17
2025-12-17,Veracruz de Ignacio de la Llave,Soledad Atzompa,MX30147,27003,6751,1.372652640735571,3.0,44.43786105762109,2.5810401694181366,1.0,0.5639239026786449,0.0,0.0,0.0,0,0.0,0.0,0.0,0.5344295991778008,26.0,0.5639239026786449,1.0,96.1861719788,36.917717080359346,21.38681961734415,27.59917860255023,2024-12-17
2025-12-17,Veracruz de Ignacio de la Llave,Soledad de Doblado,MX30148,29398,7349,1.43215729532753,8.0,108.85834807456797,1.3265104634106828,0.34712518510350054,0.19706249016768435,0.0,0.0,0.0,0,0.0,0.0,0.0,0.5344295991778008,26.0,0.19706249016768435,0.6179078636421431,67.7069615793,18.27003197787339,15.074021985423341,16.35242598240336,2024-12-17
2025-12-17,Veracruz de Ignacio de la Llave,Soteapan,MX30149,36495,9124,1.5957660978406525,9.0,98.64094695309075,1.4991010953655264,0.39584230407035176,0.22698234050497326,0.0,0.0,0.0,0,0.0,0.0,4.4396470235277965,0.5344295991778008,26.0,0.22698234050497326,0.9449400860973687,90.7659519035,36.951013837292656,24.563382568544327,29.51843507604366,2024-12-17
2025-12-17,Veracruz de Ignacio de la Llave,Tamalín,MX30150,12331,3083,0.9276055924164823,3.0,97.30781706130392,5.206304539744663,0.4029532541457934,0.34999294688510874,0.0,0.0,0.0,0,0.0,0.0,0.0,0.5344295991778008,26.0,0.34999294688510874,0.6820974598799003,72.2329598661,24.14173760415127,17.23013544722122,19.994776309993238,2024-12-17
2025-12-17,Veracruz de Ignacio de la Llave,Tamiahua,MX30151,22634,5659,1.2567429073355267,9.0,159.0386994168581,6.311527019290623,0.19872676797910746,0.28349266608926244,0.0,0.0,0.0,0,0.0,0.0,0.0,0.5344295991778008,26.0,0.28349266608926244,0.5475234537882963,62.7441679634,19.455249058443798,15.759262047213044,17.237656851705346,2024-12-17
2025-12-17,Veracruz de Ignacio de la Llave,Tampico Alto,MX30152,12378,3095,0.9294091046683142,9.0,290.79159935379647,8.333581586494365,0.052866960031647,0.2757182890594561,0.0,0.0,0.0,0,0.0,0.0,0.0,0.5344295991778008,26.0,0.2757182890594561,0.42612020599599204,54.184044147,16.793952791703525,15.058953283893844,15.752953087017719,2024-12-17
2025-12-17,Veracruz de Ignacio de la Llave,Tancoco,MX30153,6196,1549,0.6575099128643853,2.0,129.11555842479018,2.790464313891702,0.2733348561706419,0.20733948717342676,0.0,0.0,0.0,0,0.0,0.0,0.0,0.5344295991778008,26.0,0.20733948717342676,0.5664364610742845,64.0777211183,17.54891383668849,14.939988936652956,15.983558896667171,2024-12-17
2025-12-17,Veracruz de Ignacio de la Llave,Tantima,MX30154,12802,3200,0.9450430336619954,5.0,156.25,4.722856039404293,0.20447241564006433,0.235174638538239,0.0,0.0,0.0,0,0.0,0.0,0.0,0.5344295991778008,26.0,0.235174638538239,0.7055015568500449,73.8831790449,21.165270293148065,15.969336231909507,18.047709856404932,2024-12-17
2025-12-17,Veracruz de Ignacio de la Llave,Tantoyuca,MX30155,104406,26102,2.0,14.0,53.63573672515516,5.293728637423447,0.8313656474909193,0.5670161610824438,0.0,0.0,0.0,0,0.0,0.0,0.0,0.5344295991778008,26.0,0.5670161610824438,0.7732595949914077,78.6607876064,32.47567673230147,20.290224693146776,25.164405508808652,2024-12-17
2025-12-17,Veracruz de Ignacio de la Llave,Tatatila,MX30156,6582,1646,0.6777843103148368,2.0,121.50668286755771,2.643714087648547,0.29816629383408433,0.21502655600969542,0.0,0.0,0.0,0,0.0,0.0,5.868544600938968,0.5344295991778008,26.0,0.21502655600969542,0.9051539881832671,87.960640427,39.4150876908176,26.63329556280736,31.74601241401146,2024-12-17
2025-12-17,Veracruz de Ignacio de la Llave,Castillo de Teayo,MX30157,21014,5253,1.210821980649925,6.0,114.22044545973729,2.1098440648880015,0.3250456851192541,0.2112636582026728,0.0,0.0,0.0,0,0.0,0.0,0.0,0.5344295991778008,26.0,0.2112636582026728,0.6367449916742488,69.0351645,19.07280957956516,15.33862164200373,16.832296817028304,2024-12-17
2025-12-17,Veracruz de Ignacio de la Llave,Tecolutla,MX30158,25641,6410,1.337536402586669,6.0,93.60374414976599,8.911080691136902,0.42377411596668685,0.47978029584136894,0.0,0.0,0.0,0,0.0,0.0,0.6971070059254095,0.5344295991778008,26.0,0.47978029584136894,0.5938010063733506,66.0071908829,28.03474820554195,19.5229808357195,22.92768778364848,2024-12-17
2025-12-17,Veracruz de Ignacio de la Llave,Tehuipango,MX30159,31702,7926,1.4873173012759764,5.0,63.083522583901086,1.244180879319794,0.6884038564542048,0.3650489659640204,0.0,0.0,0.0,0,0.0,0.0,1.3854253255749516,0.5344295991778008,26.0,0.3650489659640204,1.0,97.1235367029,34.45985135141324,21.339241958430417,26.58748571562355,2024-12-17
2025-12-17,Veracruz de Ignacio de la Llave,Álamo Temapache,MX30160,111872,27968,2.0,26.0,92.96338672768879,2.9994657374507976,0.4275418255143516,0.29117750715648966,0.0,0.0,0.0,0,0.0,0.0,0.0,0.5344295991778008,26.0,0.29117750715648966,0.5573978847039514,63.4404125268,19.883282908773715,15.900852294598044,17.493824540268317,2024-12-17
2025-12-17,Veracruz de Ignacio de la Llave,Tempoal,MX30161,35812,8953,1.580741620004908,8.0,89.35552328828325,5.921555663125587,0.4497788603925772,0.3964528846392754,0.0,0.0,0.0,0,0.0,0.0,0.0,0.5344295991778008,26.0,0.3964528846392754,0.6503083664158325,69.9915159096,24.899753867494912,17.628709232950882,20.537127086768493,2024-12-17
2025-12-17,Veracruz de Ignacio de la Llave,Tenampa,MX30162,6797,1699,0.688609936749559,1.0,58.85815185403178,4.874404451007002,0.7466681369923441,0.5111557584377657,0.0,0.0,0.0,0,0.0,0.0,0.0,0.5344295991778008,26.0,0.5111557584377657,0.8136978718611791,81.512084118,31.608630190356557,19.8220912457595,24.53670682359832,2024-12-17
2025-12-17,Veracruz de Ignacio de la Llave,Tenochtitlán,MX30163,5301,1325,0.6081133463687645,1.0,75.47169811320755,2.553338610240732,0.5551844733608496,0.3406235275994039,0.0,0.0,0.0,0,0.0,0.0,0.0,0.5344295991778008,26.0,0.3406235275994039,0.809436231606324,81.2115965371,26.4074304601086,17.75439627442488,21.215609948698365,2024-12-17
2025-12-17,Veracruz de Ignacio de la Llave,Teocelo,MX30164,17721,4430,1.1119325893103986,3.0,67.72009029345372,1.0754700023127666,0.6328360481846732,0.3318287861367714,0.0,0.0,0.0,0,0.0,0.0,0.0,0.5344295991778008,26.0,0.3318287861367714,0.6672220183301082,71.1840948332,23.29930395070531,16.93778831049221,19.482394566577447,2024-12-17
2025-12-17,Veracruz de Ignacio de la Llave,Tepatlaxco,MX30165,9457,2364,0.8122698476065257,3.0,126.90355329949239,0.9735858067463568,0.28024669964397125,0.1522511547410016,0.0,0.0,0.0,0,0.0,0.0,0.0,0.5344295991778008,26.0,0.1522511547410016,0.7441828290260054,76.6105894332,19.451191222750154,15.16766078722246,16.88107296143354,2024-12-17
2025-12-17,Veracruz de Ignacio de la Llave,Tepetlán,MX30166,10106,2527,0.8398064713336566,2.0,79.14523149980214,2.7153908455309375,0.5236971864267937,0.33010160215820317,0.0,0.0,0.0,0,0.0,0.0,0.0,0.5344295991778008,26.0,0.33010160215820317,0.6623966341695827,70.8438577586,23.15098074813775,16.89293518194677,19.39615340842316,2024-12-17
2025-12-17,Veracruz de Ignacio de la Llave,Tepetzintla,MX30167,15304,3826,1.0333538901799257,6.0,156.82174594877156,0.41326978033957723,0.2032777760273901,0.10163888801369506,0.0,0.0,0.0,0,0.0,0.0,0.0,0.5344295991778008,26.0,0.10163888801369506,0.8044385327282975,80.859209579,19.137937294976805,14.861592105006242,16.572130180994467,2024-12-17
2025-12-17,Veracruz de Ignacio de la Llave,Tequila,MX30168,17963,4491,1.1195619333875562,5.0,111.333778668448,1.4122433114684112,0.336667821922556,0.19459632991674713,0.0,0.0,0.0,0,0.0,0.0,2.0595480917226774,0.5344295991778008,26.0,0.19459632991674713,0.9336233828256897,89.9680129442,29.72585498062924,20.100003942738514,23.950344357894803,2024-12-17
2025-12-17,Veracruz de Ignacio de la Llave,José Azueta,MX30169,23696,5924,1.2858316777652181,7.0,118.16340310600945,4.076983496451087,0.3100883095605678,0.26717099784043713,0.0,0.0,0.0,0,0.0,0.0,0.0,0.5344295991778008,26.0,0.26717099784043713,0.5375396324516082,62.0402102987,18.765922584245278,15.513482921543698,16.814458786624332,2024-12-17
2025-12-17,Veracruz de Ignacio de la Llave,Texcatepec,MX30170,11471,2868,0.8946767869838451,0.0,0.0,11.84820552411838,0.0,0.3625345592629341,0.0,0.0,0.0,0,0.0,0.0,0.0,0.5344295991778008,26.0,0.3625345592629341,0.9789167996566153,93.1616446072,30.454372771020328,18.864731494638697,23.500588005191346,2024-12-17
2025-12-17,Veracruz de Ignacio de la Llave,Texhuacán,MX30171,6143,1536,0.6547450198566402,1.0,65.10416666666667,4.873492623786074,0.6632140269069601,0.46939932209942276,0.0,0.0,0.0,0,0.0,0.0,1.3854253255749516,0.5344295991778008,26.0,0.46939932209942276,0.8897311023261003,86.8731751825,35.384984081997324,22.040101743685742,27.378054679010376,2024-12-17
2025-12-17,Veracruz de Ignacio de la Llave,Texistepec,MX30172,20849,5212,1.206087452841525,4.0,76.74597083653109,12.750661301587359,0.54392072844135,0.6635742483832794,0.0,0.0,0.0,0,0.0,0.0,4.6893317702227435,0.5344295991778008,26.0,0.6635742483832794,0.759790905817307,77.7111124612,46.97807673532486,29.29826573987319,36.37019013805386,2024-12-17
2025-12-17,Veracruz de Ignacio de la Llave,Tezonapa,MX30173,58050,14513,2.0,12.0,82.68448976779439,6.242123622195514,0.49600714683302366,0.429896508889985,0.0,0.0,0.0,0,0.0,0.0,1.187507421921387,0.5344295991778008,26.0,0.429896508889985,0.7239850016132129,75.1864438142,30.38378018967178,20.403205827084946,24.395435572119677,2024-12-17
2025-12-17,Veracruz de Ignacio de la Llave,Tierra Blanca,MX30174,99633,24908,2.0,26.0,104.38413361169103,11.735523210199698,0.3672847285673778,0.5425460247273171,0.0,0.0,0.0,0,0.0,0.0,0.0,0.5344295991778008,26.0,0.5425460247273171,0.42155681329203565,53.8622800486,24.707517007660222,18.238069148388398,20.825848292097128,2024-12-17
2025-12-17,Veracruz de Ignacio de la Llave,Tihuatlán,MX30175,97336,24334,2.0,16.0,65.75162324319882,6.238450044129181,0.655470202274804,0.5095096649711758,0.0,0.0,0.0,0,0.0,0.0,0.4512401206616082,0.5344295991778008,26.0,0.5095096649711758,0.6323475792614566,68.7251036457,29.074939632822826,19.65738539346742,23.42440708920958,2024-12-17
2025-12-17,Veracruz de Ignacio de la Llave,Tlacojalpan,MX30176,4668,1167,0.5707054553075818,3.0,257.0694087403599,4.174286778196183,0.0759633258766817,0.15324385491454343,0.0,0.0,0.0,0,0.0,0.0,0.0,0.5344295991778008,26.0,0.15324385491454343,0.6251778648147865,68.2195682131,17.100872943732035,14.584548368248868,15.591078198442135,2024-12-17
2025-12-17,Veracruz de Ignacio de la Llave,Tlacolulan,MX30177,12689,3172,0.940899386245776,5.0,157.62925598991174,2.641354989577164,0.2016052805696462,0.1666700334872791,0.0,0.0,0.0,0,0.0,0.0,0.0,0.5344295991778008,26.0,0.1666700334872791,0.8237095966641783,82.2180092517,21.47429293790194,15.738321170368655,18.03270987738197,2024-12-17
2025-12-17,Veracruz de Ignacio de la Llave,Tlacotalpan,MX30178,13697,3424,0.9775601152646225,3.0,87.61682242990655,10.218636793101766,0.46114926956320834,0.5406005174327311,0.0,0.0,0.0,0,0.0,0.0,0.0,0.5344295991778008,26.0,0.5406005174327311,0.5067128064924018,59.8666156719,26.352271652829966,18.640503026855196,21.725210477245106,2024-12-17
2025-12-17,Veracruz de Ignacio de la Llave,Tlacotepec de Mejía,MX30179,4493,1123,0.5598432857551116,1.0,89.04719501335708,6.431134860819804,0.45176281546362534,0.413864746031516,0.0,0.0,0.0,0,0.0,0.0,5.097619411734719,0.5344295991778008,26.0,0.413864746031516,0.7648822815951182,78.0701045627,40.62254655118287,27.016493504444217,32.45891472313968,2024-12-17
2025-12-17,Veracruz de Ignacio de la Llave,Tlachichilco,MX30180,11495,2874,0.8956121524112703,3.0,104.38413361169103,1.9602889610232714,0.3672847285673778,0.22756414993738328,0.0,0.0,0.0,0,0.0,0.0,0.0,0.5344295991778008,26.0,0.22756414993738328,0.8679979092015669,85.3407711698,24.186882682152838,16.690492130456846,19.689048351135245,2024-12-17
2025-12-17,Veracruz de Ignacio de la Llave,Tlalixcoyan,MX30181,39307,9827,1.6561019706201132,13.0,132.2885926528951,1.6791998699106334,0.2638236869466587,0.16677625345245953,0.0,0.0,0.0,0,0.0,0.0,0.0,0.5344295991778008,26.0,0.16677625345245953,0.4038943096809578,52.6168997102,13.08117379719294,13.640519375034717,13.416781143898007,2024-12-17
2025-12-17,Veracruz de Ignacio de la Llave,Tlalnelhuayocan,MX30182,21609,5402,1.2278742332056942,2.0,37.02332469455757,1.1842696526070544,1.0,0.5189165519777115,0.0,0.0,0.0,0,0.0,0.0,0.1560317992806934,0.5344295991778008,26.0,0.5189165519777115,0.6446203419741611,69.5904542051,28.855030587584206,19.333251244650185,23.141962981823795,2024-12-17
2025-12-17,Veracruz de Ignacio de la Llave,Tlapacoyan,MX30183,64710,16177,2.0,10.0,61.816158743895656,3.5356383178057365,0.7050434796307384,0.44720512168250093,0.0,0.0,0.0,0,0.0,0.0,0.6971070059254095,0.5344295991778008,26.0,0.44720512168250093,0.6590723481003852,70.6094628732,28.3629198153166,19.45843545444826,23.020229198795597,2024-12-17
2025-12-17,Veracruz de Ignacio de la Llave,Tlaquilpa,MX30184,8650,2162,0.7767914571517835,3.0,138.7604070305273,2.893304118703479,0.2457728136782298,0.19687221511183728,0.0,0.0,0.0,0,0.0,0.0,0.0,0.5344295991778008,26.0,0.19687221511183728,0.9894639273430362,93.9053209136,25.695445000215845,16.929519003257642,20.435889402040925,2024-12-17
2025-12-17,Veracruz de Ignacio de la Llave,Tlilapan,MX30185,6468,1617,0.6717870162065759,1.0,61.84291898577613,1.9677381097387596,0.7046850877469362,0.39650435925618827,0.0,0.0,0.0,0,0.0,0.0,2.555845218013597,0.5344295991778008,26.0,0.39650435925618827,0.7517945766063413,77.1472925522,33.40331796095285,22.451621746733295,26.83230023242112,2024-12-17
2025-12-17,Veracruz de Ignacio de la Llave,Tomatlán,MX30186,7701,1925,0.7329797268226571,1.0,51.94805194805195,2.071326976130669,0.8623775166199315,0.47868845946726324,0.0,0.0,0.0,0,0.0,0.0,0.46113550005533627,0.5344295991778008,26.0,0.47868845946726324,0.5969958209965055,66.2324567571,27.468326870337307,19.127477848049633,22.4638174569647,2024-12-17
2025-12-17,Veracruz de Ignacio de la Llave,Tonayán,MX30187,6582,1646,0.6777843103148368,1.0,60.75334143377886,4.786361792028164,0.7195327515044584,0.49475111661621063,0.0,0.0,0.0,0,0.0,0.0,0.0,0.5344295991778008,26.0,0.49475111661621063,0.9574159471620199,91.6456228956,33.990852441726716,20.34382592040504,25.80263652893371,2024-12-17
2025-12-17,Veracruz de Ignacio de la Llave,Totutla,MX30188,18126,4531,1.1245366832095323,3.0,66.21054954756124,2.2950698167119024,0.6500729911675438,0.37974573644115794,0.0,0.0,0.0,0,0.0,0.0,2.184694033600594,0.5344295991778008,26.0,0.37974573644115794,0.8456607440341161,83.7657811838,33.83799777606065,22.09325921076061,26.79115463688062,2024-12-17
2025-12-17,Veracruz de Ignacio de la Llave,Tuxpan,MX30189,160785,40196,2.0,34.0,84.58553089859687,1.8780195468681606,0.4820905992442034,0.2823161642187759,0.0,0.0,0.0,0,0.0,0.0,0.0,0.5344295991778008,26.0,0.2823161642187759,0.2994982727418765,45.2559516434,14.459450381400806,14.505018119535107,14.486791024281388,2024-12-17
2025-12-17,Veracruz de Ignacio de la Llave,Tuxtilla,MX30190,2343,586,0.5,2.0,341.29692832764505,5.945084996075664,0.02681243895522858,0.18572784638135786,0.0,0.0,0.0,0,0.0,0.0,0.0,0.5344295991778008,26.0,0.18572784638135786,0.2510513139884391,41.8399642378,10.59286167120952,13.103723511718904,12.09937877551515,2024-12-17
2025-12-17,Veracruz de Ignacio de la Llave,Ursulo Galván,MX30191,31279,7820,1.4773383523459709,7.0,89.51406649616368,1.49313979820183,0.4487640262318105,0.25325111406033624,0.0,0.0,0.0,0,0.0,0.0,5.097619411734719,0.5344295991778008,26.0,0.25325111406033624,0.21588438994430043,39.3603499809,24.82417975903112,22.344140462535968,23.336156181134026,2024-12-17
2025-12-17,Veracruz de Ignacio de la Llave,Vega de Alatorre,MX30192,20989,5247,1.2101302799475744,6.0,114.35105774728416,2.7754906958926133,0.32453369671382226,0.23245642097466573,0.0,0.0,0.0,0,0.0,0.0,0.0,0.5344295991778008,26.0,0.23245642097466573,0.5430626869972323,62.4296400019,17.834946369184618,15.124523271882564,16.208692510803385,2024-12-17
2025-12-17,Veracruz de Ignacio de la Llave,Veracruz,MX30193,632436,158109,2.0,129.0,81.58928334250422,1.0941694594744316,0.5043190206165552,0.26817281444267116,1.8974251940117262,2.5299002586823014,1.8974251940117262,3,4.0,0.0,0.0,0.5344295991778008,26.0,0.26817281444267116,0.2389931765149542,40.9897468701,16.816721444806465,28.45906207816701,23.802125824822788,2024-12-17
2025-12-17,Veracruz de Ignacio de la Llave,Villa Aldama,MX30194,13634,3408,0.9752734218047863,2.0,58.68544600938967,1.9988340688159913,0.7492280790195031,0.4197778424908111,29.342723004694836,29.342723004694836,29.342723004694836,1,1.0,0.0,0.0,0.5344295991778008,26.0,0.4197778424908111,0.8759854702734651,85.9039728387,65.11304468019364,49.036994246457475,55.467414419951936,2024-12-17
2025-12-17,Veracruz de Ignacio de la Llave,Xoxocotla,MX30195,6381,1595,0.6672013857055132,2.0,125.39184952978056,2.27881177437304,0.28511058949557344,0.1967406618517903,0.0,0.0,0.0,0,0.0,0.0,0.0,0.5344295991778008,26.0,0.1967406618517903,0.9891980631434236,93.8865748709,25.68618111842218,16.926611043139015,20.43043907325228,2024-12-17
2025-12-17,Veracruz de Ignacio de la Llave,Yanga,MX30196,19110,4778,1.1547811035660496,3.0,62.78777731268313,0.9620213760111757,0.6922267032147622,0.35786852237963457,0.0,0.0,0.0,0,0.0,0.0,0.0,0.5344295991778008,26.0,0.35786852237963457,0.3905168537988391,51.67365741,18.546392747365818,15.866739322750224,16.938600692596463,2024-12-17
2025-12-17,Veracruz de Ignacio de la Llave,Yecuatla,MX30197,11777,2944,0.9064534343446562,4.0,135.8695652173913,2.131763099388214,0.2536233025615174,0.1762587516433797,0.0,0.0,0.0,0,0.0,0.0,0.0,0.5344295991778008,26.0,0.1762587516433797,0.7072271410238529,74.0048497123,19.43230536977845,15.270973510040234,16.93550625393552,2024-12-17
2025-12-17,Veracruz de Ignacio de la Llave,Zacualpan,MX30198,7256,1814,0.7115333118844789,2.0,110.25358324145535,3.9827768887363155,0.3411733198903558,0.2796779364747287,0.0,0.0,0.0,0,0.0,0.0,0.0,0.5344295991778008,26.0,0.2796779364747287,0.8060871809375866,80.9754555037,24.512081712993595,17.006303927585094,20.008615041748495,2024-12-17
2025-12-17,Veracruz de Ignacio de la Llave,Zaragoza,MX30199,12662,3165,0.9398606199478892,3.0,94.7867298578199,0.8702590428561778,0.4169476038942627,0.21727216667305452,0.0,0.0,0.0,0,0.0,0.0,0.0,0.5344295991778008,26.0,0.21727216667305452,0.8510210644112962,84.1437365265,23.538586288417562,16.482104107333548,19.304696979767154,2024-12-17
2025-12-17,Veracruz de Ignacio de la Llave,Zentla,MX30200,13188,3297,0.9592594129155546,2.0,60.66120715802244,8.686835192298766,0.720812722518038,0.6210738625426815,0.0,0.0,0.0,0,0.0,0.0,0.0,0.5344295991778008,26.0,0.6210738625426815,0.5596750299395032,63.6009736775,29.825716475070507,19.870994285410106,23.852883161274267,2024-12-17
2025-12-17,Veracruz de Ignacio de la Llave,Zongolica,MX30201,48120,12030,1.8323541224116757,10.0,83.12551953449709,1.759271415573065,0.4927218878981696,0.2838054543050633,8.31255195344971,8.31255195344971,8.31255195344971,1,1.0,0.0,0.0,0.5344295991778008,26.0,0.2838054543050633,0.878027396756049,86.0479487523,39.190245696512264,47.41553522064142,44.12541941098976,2024-12-17
2025-12-17,Veracruz de Ignacio de la Llave,Zontecomatlán de López y Fuentes,MX30202,15629,3907,1.044235134663955,3.0,76.78525723061172,3.805591836220296,0.5435794028377288,0.37517164366510114,0.0,0.0,0.0,0,0.0,0.0,0.0,0.5344295991778008,26.0,0.37517164366510114,0.9604089067362559,91.8566560022,30.46332744467815,18.923837042862907,23.539633203589005,2024-12-17
2025-12-17,Veracruz de Ignacio de la Llave,Zozocolco de Hidalgo,MX30203,15368,3842,1.0355123340778474,3.0,78.08433107756377,1.6050903749548409,0.5324863207200397,0.2987195817686585,0.0,0.0,0.0,0,0.0,0.0,0.0,0.5344295991778008,26.0,0.2987195817686585,0.914264378370772,88.6030125994,27.246875020475198,17.775689658278175,21.564163803156987,2024-12-17
2025-12-17,Veracruz de Ignacio de la Llave,Agua Dulce,MX30204,45878,11469,1.7891195950750303,9.0,78.47240387130526,5.615178540761293,0.5292437274856382,0.42631310050435434,0.0,0.0,0.0,0,0.0,0.0,0.828147062355333,0.5344295991778008,26.0,0.42631310050435434,0.4077793463758225,52.8908330336,23.04213848433408,18.17249241758978,20.1203508442875,2024-12-17
2025-12-17,Veracruz de Ignacio de la Llave,El Higo,MX30205,20173,5043,1.1863725239399245,6.0,118.9767995240928,4.02215592714812,0.30712609092914095,0.2639232105987519,0.0,0.0,0.0,0,0.0,0.0,0.0,0.5344295991778008,26.0,0.2639232105987519,0.3382485072990335,47.9882245583,14.682666463943228,14.478053848880606,14.559898894905654,2024-12-17
2025-12-17,Veracruz de Ignacio de la Llave,Nanchital de Lázaro Cárdenas del Río,MX30206,30441,7610,1.4573669764499564,5.0,65.7030223390276,2.2643829355985807,0.6560461892309148,0.3817435293636349,0.0,0.0,0.0,0,0.0,0.0,13.264341295624849,0.5344295991778008,26.0,0.3817435293636349,0.29264534286422744,44.7727526407,32.305212738193596,25.66388185188517,28.32041420640854,2024-12-17
2025-12-17,Veracruz de Ignacio de la Llave,Tres Valles,MX30207,46917,11729,1.8092854432727377,12.0,102.31051240514962,5.971534132454847,0.3772258367728453,0.36178680093447385,0.0,0.0,0.0,0,0.0,0.0,0.0,0.5344295991778008,26.0,0.36178680093447385,0.466557581729153,57.0352771196,20.184755662617277,16.293962305059864,17.85027964808283,2024-12-17
2025-12-17,Veracruz de Ignacio de la Llave,Carlos A. Carrillo,MX30208,24702,6175,1.3127894468395092,2.0,32.388663967611336,6.541261085481981,1.0,0.6915318736926586,0.0,0.0,0.0,0,0.0,0.0,0.0,0.5344295991778008,26.0,0.6915318736926586,0.22361296600658917,39.9052906577,25.218215530911543,19.036180099545263,21.508994272091776,2024-12-17
2025-12-17,Veracruz de Ignacio de la Llave,Tatahuicapan de Juárez,MX30209,15878,3969,1.0524879817444182,3.0,75.58578987150416,6.836198185765759,0.5541604965499859,0.47811571425244176,0.0,0.0,0.0,0,0.0,0.0,0.0,0.5344295991778008,26.0,0.47811571425244176,0.8878173810691632,86.7382389991,32.09981904895651,19.79620826157553,24.71765257652792,2024-12-17
2025-12-17,Veracruz de Ignacio de la Llave,Uxpanapa,MX30210,31261,7815,1.4768659819574461,10.0,127.95905310300704,8.50916185496529,0.2769187750086646,0.3934018207776606,0.0,0.0,0.0,0,0.0,0.0,1.0290977385577196,0.5344295991778008,26.0,0.3934018207776606,0.8376830533672641,83.2032754756,31.161751756913166,20.2663272788607,24.624497070081684,2024-12-17
2025-12-17,Veracruz de Ignacio de la Llave,San Rafael,MX30211,31615,7904,1.4852517122085658,7.0,88.56275303643724,3.4802985953433137,0.45490788709699215,0.3203541446664772,0.0,0.0,0.0,0,0.0,0.0,0.8713837574067619,0.5344295991778008,26.0,0.3203541446664772,0.4529458626032281,56.0755169551,20.876190595601212,17.199811169909168,18.670362940185985,2024-12-17
2025-12-17,Veracruz de Ignacio de la Llave,Santiago Sochiapan,MX30212,13773,3443,0.9802686355397959,3.0,87.13331397037467,2.5508913361233017,0.4643918627976098,0.2951483651804526,0.0,0.0,0.0,0,0.0,0.0,0.0,0.5344295991778008,26.0,0.2951483651804526,0.8681991849710711,85.3549630925,26.218434654835,17.502509092221203,20.988879317266722,2024-12-17
2025-12-17,Yucatán,Abalá,MX31001,6852,1713,0.6914412377114387,0.0,0.0,17.301863374361833,0.0,0.5,0.0,0.0,0.0,0,0.0,0.0,0.0,0.0,0.0,0.5,0.4824860089207549,58.1583880037,24.649720178415098,9.859888071366038,15.775820914185662,2024-12-17
2025-12-17,Yucatán,Acanceh,MX31002,17748,4437,1.112810744591988,2.0,45.075501464953796,1.4738343077291267,1.0,0.5282470309839752,0.0,0.0,0.0,0,0.0,0.0,0.0,0.0,0.0,0.5282470309839752,0.3358200513045575,47.8169945099,22.5638119556104,9.025524782244162,14.44083965159066,2024-12-17
2025-12-17,Yucatán,Akil,MX31003,12956,3239,0.9507844492505361,0.0,0.0,7.329707933212098,0.0,0.2169375529776505,0.0,0.0,0.0,0,0.0,0.0,0.0,0.0,0.0,0.2169375529776505,0.8552356790253696,84.4409083369,23.612840169836907,9.445136067934763,15.112217708695622,2024-12-17
2025-12-17,Yucatán,Baca,MX31004,6535,1634,0.675309131102886,1.0,61.19951040391677,3.130620261784942,0.7133888906392768,0.438327158184137,0.0,0.0,0.0,0,0.0,0.0,0.0,0.0,0.0,0.438327158184137,0.22392825841370684,39.9275218755,17.628379913798245,7.051351965519298,11.282163144830875,2024-12-17
2025-12-17,Yucatán,Bokobá,MX31005,2258,564,0.5,1.0,177.3049645390071,1.2999209666656872,0.16556129682724727,0.1054237676321331,0.0,0.0,0.0,0,0.0,0.0,0.0,0.0,0.0,0.1054237676321331,0.26850067871166455,43.0703161869,8.532726603197284,3.413090641278914,5.460945026046262,2024-12-17
2025-12-17,Yucatán,Buctzotz,MX31006,9609,2402,0.8187722168371806,3.0,124.89592006661115,15.298107222179025,0.2867318861127741,0.617064744218452,0.0,0.0,0.0,0,0.0,0.0,0.0,0.0,0.0,0.617064744218452,0.741392875430796,76.4138702461,33.33979983516948,13.33591993406779,21.337471894508468,2024-12-17
2025-12-17,Yucatán,Cacalchén,MX31007,7831,1958,0.7392357127585105,1.0,51.07252298263534,2.5432537037711533,0.8792731339991811,0.5023428976500076,0.0,0.0,0.0,0,0.0,0.0,0.0,0.0,0.0,0.5023428976500076,0.46276601363832875,56.7679342527,24.325607202266806,9.73024288090672,15.568388609450757,2024-12-17
2025-12-17,Yucatán,Calotmul,MX31008,4114,1029,0.5359006493750107,0.0,0.0,14.59803066363819,0.0,0.45114062799866944,0.0,0.0,0.0,0,0.0,0.0,0.0,0.0,0.0,0.45114062799866944,0.8975897108454746,87.4272844273,31.486013056869577,12.59440522274783,20.15104835639653,2024-12-17
2025-12-17,Yucatán,Cansahcab,MX31009,4627,1157,0.5682550126655117,0.0,0.0,9.619256155741677,0.0,0.2907123775160073,0.0,0.0,0.0,0,0.0,0.0,0.0,0.0,0.0,0.2907123775160073,0.4201176604920035,53.7608056121,17.12372453532029,6.849489814128115,10.959183702604985,2024-12-17
2025-12-17,Yucatán,Cantamayec,MX31010,2912,728,0.5,1.0,137.36263736263737,6.811460905438154,0.24952739531806295,0.3250020681668296,0.0,0.0,0.0,0,0.0,0.0,0.0,0.0,0.0,0.3250020681668296,0.7926210364025744,80.0259597806,25.60248277305638,10.24099310922255,16.385588974756082,2024-12-17
2025-12-17,Yucatán,Celestún,MX31011,8799,2200,0.7835882883490116,1.0,45.45454545454545,13.650369170734626,1.0,0.920604664758081,0.0,0.0,0.0,0,0.0,0.0,0.0,0.0,0.0,0.920604664758081,0.8634925168034654,85.0230966638,44.88799027881174,17.955196111524696,28.728313778439514,2024-12-17
2025-12-17,Yucatán,Cenotillo,MX31012,3875,969,0.5200420773460915,1.0,103.19917440660474,7.434045068196698,0.37291660102712765,0.4067578503037642,0.0,0.0,0.0,0,0.0,0.0,0.0,0.0,0.0,0.4067578503037642,0.8749089192349163,85.8280653951,29.700913893811254,11.880365557524502,19.008584892039202,2024-12-17
2025-12-17,Yucatán,Conkal,MX31013,17576,4394,1.1074053625012186,2.0,45.51661356395084,2.019715743976587,1.0,0.5458366614541333,0.0,0.0,0.0,0,0.0,0.0,0.0,0.0,0.0,0.5458366614541333,0.08214068237081613,29.9301022955,18.01791349104032,7.207165396416129,11.531464634265806,2024-12-17
2025-12-17,Yucatán,Cuncunul,MX31014,1815,454,0.5,1.0,220.26431718061673,6.141486411308112,0.10924257222974895,0.23327144534883043,0.0,0.0,0.0,0,0.0,0.0,0.0,0.0,0.0,0.23327144534883043,0.7845418691630888,79.4562989753,22.688980743726688,9.075592297490676,14.520947675985079,2024-12-17
2025-12-17,Yucatán,Cuzamá,MX31015,5973,1493,0.6455152396684009,0.0,0.0,7.004971421921845,0.0,0.2064737510337161,0.0,0.0,0.0,0,0.0,0.0,0.0,0.0,0.0,0.2064737510337161,0.5346964640115601,61.8397389413,16.888141811242686,6.755256724497075,10.808410759195318,2024-12-17
2025-12-17,Yucatán,Chacsinkín,MX31016,3267,817,0.5,1.0,122.39902080783354,2.7775304009866,0.29509436340149353,0.21780247858844168,0.0,0.0,0.0,0,0.0,0.0,0.0,0.0,0.0,0.21780247858844168,1.0,95.7746096402,26.534074357653246,10.613629743061301,16.98180758889808,2024-12-17
2025-12-17,Yucatán,Chankom,MX31017,4918,1230,0.5859076272736686,3.0,243.90243902439025,6.8040262306733394,0.08671508239074958,0.24335634836011827,0.0,0.0,0.0,0,0.0,0.0,0.0,0.0,0.0,0.24335634836011827,0.8980127322176253,87.4571115974,25.260945095156057,10.104378038062423,16.167004860899876,2024-12-17
2025-12-17,Yucatán,Chapab,MX31018,3557,889,0.5,2.0,224.9718785151856,5.779864687540275,0.10437868237814679,0.21918716702480343,0.0,0.0,0.0,0,0.0,0.0,0.0,0.0,0.0,0.21918716702480343,0.510784768527501,60.1537290715,16.79131038129412,6.716524152517649,10.746438644028238,2024-12-17
2025-12-17,Yucatán,Chemax,MX31019,41136,10284,1.6941725076350902,9.0,87.51458576429405,13.490082309326244,0.4618319207704508,0.6463557917670771,0.0,0.0,0.0,0,0.0,0.0,0.2343539447627752,0.0,0.0,0.6463557917670771,0.9799912827639938,93.2374062413,39.58396571322539,15.991843966605673,25.42869266525356,2024-12-17
2025-12-17,Yucatán,Chicxulub Pueblo,MX31020,4735,1184,0.5748472354678544,1.0,84.45945945945945,2.103047233770505,0.4829941081949654,0.29001885927454396,0.0,0.0,0.0,0,0.0,0.0,0.0,0.0,0.0,0.29001885927454396,0.412301592043862,53.209695861,16.94659761911356,6.778639047645424,10.845822476232678,2024-12-17
2025-12-17,Yucatán,Chichimilá,MX31021,10008,2502,0.83564197839027,2.0,79.93605115907275,18.58228144796197,0.5172973313588961,0.758648665679448,0.0,0.0,0.0,0,0.0,0.0,0.0,0.0,0.0,0.758648665679448,0.9295963363741679,89.6840665353,41.3513866978668,16.54055467914672,26.46488748663475,2024-12-17
2025-12-17,Yucatán,Chikindzonot,MX31022,4597,1149,0.5662870240265074,2.0,174.06440382941688,8.196989002779512,0.17093717508428122,0.33035205059198997,0.0,0.0,0.0,0,0.0,0.0,0.0,0.0,0.0,0.33035205059198997,1.0,97.6349428505,29.9105615177597,11.96422460710388,19.142759371366207,2024-12-17
2025-12-17,Yucatán,Chocholá,MX31023,5068,1267,0.5946547651380316,0.0,0.0,18.841052194769734,0.0,0.5,0.0,0.0,0.0,0,0.0,0.0,0.0,0.0,0.0,0.5,0.45346663148845645,56.1122362869,24.06933262976913,9.62773305190765,15.404372883052242,2024-12-17
2025-12-17,Yucatán,Chumayel,MX31024,3388,847,0.5,1.0,118.06375442739079,4.731050317534939,0.3104540155644476,0.28842947811547703,0.0,0.0,0.0,0,0.0,0.0,0.0,0.0,0.0,0.28842947811547703,0.9158308635268164,88.7134652202,26.96950161400064,10.787800645600257,17.260481032960413,2024-12-17
2025-12-17,Yucatán,Dzán,MX31025,6336,1584,0.6648967108199351,2.0,126.26262626262626,3.1442135929732817,0.28229465326569847,0.2232180497621867,0.0,0.0,0.0,0,0.0,0.0,0.0,0.0,0.0,0.2232180497621867,0.8082894431433012,81.1307366638,22.86233035573163,9.14493214229265,14.631891427668242,2024-12-17
2025-12-17,Yucatán,Dzemul,MX31026,3807,952,0.5154601195080348,0.0,0.0,13.463510092505897,0.0,0.4145836097857194,0.0,0.0,0.0,0,0.0,0.0,0.0,0.0,0.0,0.4145836097857194,0.31232446689634996,46.1603245663,18.68399763149858,7.473599052599433,11.957758484159092,2024-12-17
2025-12-17,Yucatán,Dzidzantún,MX31027,8612,2153,0.7751729525309001,2.0,92.89363678588016,5.325279495024604,0.4279553546110465,0.36632766018010965,0.0,0.0,0.0,0,0.0,0.0,0.0,0.0,0.0,0.36632766018010965,0.43249680806518265,54.6336573512,19.639765966706943,7.855906386682776,12.569450218692443,2024-12-17
2025-12-17,Yucatán,Dzilam de Bravo,MX31028,3086,771,0.5,0.0,0.0,18.520042025036656,0.0,0.5,0.0,0.0,0.0,0,0.0,0.0,0.0,0.0,0.0,0.5,0.35793929419944553,49.3766188309,22.15878588398891,8.863514353595564,14.181622965752902,2024-12-17
2025-12-17,Yucatán,Dzilam González,MX31029,6523,1631,0.6746889174734004,1.0,61.31207847946045,14.043262730037139,0.7118529254229815,0.7891911156342976,0.0,0.0,0.0,0,0.0,0.0,0.0,0.0,0.0,0.7891911156342976,0.7482255448474923,76.8956406869,38.64024436597877,15.456097746391508,24.729756394226417,2024-12-17
2025-12-17,Yucatán,Dzitás,MX31030,4196,1049,0.5410835615662934,3.0,285.9866539561487,0.7895153128544878,0.05582511526303079,0.03410916256271985,0.0,0.0,0.0,0,0.0,0.0,0.0,0.0,0.0,0.03410916256271985,0.7961207959426297,80.2727272727,16.94569079573419,6.778276318293676,10.845242109269881,2024-12-17
2025-12-17,Yucatán,Dzoncauich,MX31031,2944,736,0.5,1.0,135.8695652173913,7.679397018365498,0.2536233025615174,0.35501703895449077,0.0,0.0,0.0,0,0.0,0.0,0.0,0.0,0.0,0.35501703895449077,0.6020691401688213,66.5901756902,22.69189397201115,9.07675758880446,14.522812142087139,2024-12-17
2025-12-17,Yucatán,Espita,MX31032,17599,4400,1.1081611846998918,6.0,136.36363636363637,5.596652068910005,0.2522580001470326,0.2872232687534475,0.0,0.0,0.0,0,0.0,0.0,0.0,0.0,0.0,0.2872232687534475,0.9418050436759702,90.5449005578,27.45279893612283,10.981119574449131,17.56979131911861,2024-12-17
2025-12-17,Yucatán,Halachó,MX31033,22279,5570,1.246821244277947,4.0,71.8132854578097,6.210184897497257,0.5897436907274963,0.4757356372763185,0.0,0.0,0.0,0,0.0,0.0,0.0,0.0,0.0,0.4757356372763185,0.6205270098881425,67.8916371672,26.682609316052403,10.67304372642096,17.076869962273538,2024-12-17
2025-12-17,Yucatán,Hocabá,MX31034,6838,1710,0.6908355072073382,2.0,116.95906432748538,0.8008858066581533,0.31454992280790206,0.16383795136126036,0.0,0.0,0.0,0,0.0,0.0,0.0,0.0,0.0,0.16383795136126036,0.6079147785504705,67.0023507287,17.07343411184722,6.829373644738888,10.926997831582222,2024-12-17
2025-12-17,Yucatán,Hoctún,MX31035,6678,1670,0.6827077477405739,1.0,59.880239520958085,5.111682882408295,0.7318204732348217,0.5113776159885228,0.0,0.0,0.0,0,0.0,0.0,0.0,0.0,0.0,0.5113776159885228,0.6811784818820744,72.1681628727,28.96489811729717,11.58595924691887,18.537534795070194,2024-12-17
2025-12-17,Yucatán,Homún,MX31036,8623,2156,0.7757128292899241,1.0,46.3821892393321,7.856159488357966,0.980646838274678,0.724224524455425,0.0,0.0,0.0,0,0.0,0.0,0.0,0.0,0.0,0.724224524455425,0.624113142841184,68.144494835,34.20899859048643,13.683599436194571,21.893759097911314,2024-12-17
2025-12-17,Yucatán,Huhí,MX31037,5459,1365,0.6172241661059864,0.0,0.0,12.691146351376132,0.0,0.3896961673982065,0.0,0.0,0.0,0,0.0,0.0,0.0,0.0,0.0,0.3896961673982065,0.8200391584732584,81.9592072349,28.09166819141136,11.236667276564544,17.97866764250327,2024-12-17
2025-12-17,Yucatán,Hunucmá,MX31038,36839,9210,1.6032690578263593,6.0,65.14657980456026,12.867969231154483,0.6627020385015282,0.7267448508438754,0.0,0.0,0.0,0,0.0,0.0,0.0,0.0,0.0,0.7267448508438754,0.5840894727480481,65.3224321817,33.484134980277226,13.393653992110888,21.42984638737742,2024-12-17
2025-12-17,Yucatán,Ixil,MX31039,4443,1111,0.5568441037193943,0.0,0.0,12.996344581470357,0.0,0.3995303982971487,0.0,0.0,0.0,0,0.0,0.0,0.0,0.0,0.0,0.3995303982971487,0.5038492784421218,59.6647087616,22.062897517756895,8.825159007102759,14.120254411364414,2024-12-17
2025-12-17,Yucatán,Izamal,MX31040,29828,7457,1.4426423178952164,6.0,80.46131151937776,3.5267909041772256,0.5131160927145365,0.3509563429915847,0.0,0.0,0.0,0,0.0,0.0,0.0,0.0,0.0,0.3509563429915847,0.49047024378749593,58.7213551424,20.33809516549746,8.135238066198983,13.016380905918377,2024-12-17
2025-12-17,Yucatán,Kanasín,MX31041,133784,33446,2.0,11.0,32.888835735214975,0.7068266668691536,1.0,0.5035321752027305,0.0,0.0,0.0,0,0.0,0.0,0.0,0.0,0.0,0.5035321752027305,0.2880099656094874,44.445912923,20.866164568271664,8.346465827308664,13.354345323693865,2024-12-17
2025-12-17,Yucatán,Kantunil,MX31042,5825,1456,0.6374663776547321,3.0,206.04395604395606,6.431369638530072,0.1252848755999454,0.2506333412097751,0.0,0.0,0.0,0,0.0,0.0,0.0,0.0,0.0,0.2506333412097751,0.8200369807673422,81.9590536852,23.9197398516401,9.567895940656038,15.308633505049663,2024-12-17
2025-12-17,Yucatán,Kaua,MX31043,3602,900,0.5011847532116277,0.0,0.0,9.054368833140176,0.0,0.2725103310603863,0.0,0.0,0.0,0,0.0,0.0,0.0,0.0,0.0,0.2725103310603863,0.9059163268171188,88.0143928036,26.29363646815397,10.517454587261584,16.827927339618537,2024-12-17
2025-12-17,Yucatán,Kinchil,MX31044,7973,1993,0.745813508567537,1.0,50.17561465127948,8.594304617024827,0.8971927281892941,0.7062823046983051,0.0,0.0,0.0,0,0.0,0.0,0.0,0.0,0.0,0.7062823046983051,0.6044185837297931,66.7558345844,33.276840815545015,13.310736326218006,21.29717812194881,2024-12-17
2025-12-17,Yucatán,Kopomá,MX31045,2793,698,0.5,0.0,0.0,8.97161913838754,0.0,0.2698439341918227,0.0,0.0,0.0,0,0.0,0.0,0.0,0.0,0.0,0.2698439341918227,0.2953203027057488,44.9613636364,14.001724079869657,5.600689631947862,8.96110341111658,2024-12-17
2025-12-17,Yucatán,Mama,MX31046,3506,876,0.5,0.0,0.0,6.596142971422592,0.0,0.19330030183309282,0.0,0.0,0.0,0,0.0,0.0,0.0,0.0,0.0,0.19330030183309282,0.8298108897345425,82.6482104619,22.395226849683635,8.958090739873455,14.332945183797527,2024-12-17
2025-12-17,Yucatán,Maní,MX31047,6303,1576,0.6632155533614132,1.0,63.45177664974619,2.4250306848632195,0.6836935631242322,0.4007436783729212,0.0,0.0,0.0,0,0.0,0.0,0.0,0.0,0.0,0.4007436783729212,0.732715770757011,75.8020489668,26.676625766327856,10.670650306531144,17.073040490449827,2024-12-17
2025-12-17,Yucatán,Maxcanú,MX31048,25136,6284,1.3243253249429447,4.0,63.653723742838956,8.210257337715213,0.6811336210970733,0.5858778116917815,0.0,0.0,0.0,0,0.0,0.0,0.0,0.0,0.0,0.5858778116917815,0.4700877235228082,57.2841868596,26.97808882120961,10.791235528483845,17.265976845574148,2024-12-17
2025-12-17,Yucatán,Mayapán,MX31049,4164,1041,0.5390163770782685,0.0,0.0,11.930326317791346,0.0,0.3651806914057549,0.0,0.0,0.0,0,0.0,0.0,0.0,0.0,0.0,0.3651806914057549,0.9773643991102121,93.05218509,30.502708724376888,12.201083489750756,19.521733583601208,2024-12-17
2025-12-17,Yucatán,Mérida,MX31050,1057512,264378,2.0,264.0,99.85702289903094,0.2638721609807041,0.38952131590329087,0.19476065795164543,0.0,0.0,0.0,0,0.0,0.0,0.0,0.0,0.0,0.19476065795164543,0.02149343847882948,25.6538747128,6.2726885081259525,2.5090754032503813,4.01452064520061,2024-12-17
2025-12-17,Yucatán,Mocochá,MX31051,3672,918,0.5061717890092613,1.0,108.93246187363835,3.2318366100460096,0.3468051923501057,0.25829674649690426,0.0,0.0,0.0,0,0.0,0.0,0.0,0.0,0.0,0.25829674649690426,0.060010800037814976,28.3697277894,8.949118395663428,3.5796473582653707,5.7274357732245935,2024-12-17
2025-12-17,Yucatán,Motul,MX31052,39434,9859,1.6587961901471058,7.0,71.00111573181864,2.502546790004068,0.5978989346140172,0.3603441219721316,0.0,0.0,0.0,0,0.0,0.0,0.0,0.0,0.0,0.3603441219721316,0.37489793321922876,50.5723697882,18.308282323548525,7.3233129294194095,11.717300687071056,2024-12-17
2025-12-17,Yucatán,Muna,MX31053,14129,3532,0.9928575516046589,2.0,56.625141562853905,4.527955985558635,0.780971360156275,0.5171439559896054,0.0,0.0,0.0,0,0.0,0.0,0.0,0.0,0.0,0.5171439559896054,0.6488628560650318,69.8895932032,28.491575800988798,11.39663032039552,18.234608512632832,2024-12-17
2025-12-17,Yucatán,Muxupip,MX31054,3187,797,0.5,1.0,125.47051442910916,1.1982216198336868,0.28485459529285745,0.1617934160163136,0.0,0.0,0.0,0,0.0,0.0,0.0,0.0,0.0,0.1617934160163136,0.34674456307321166,48.5872801083,11.788693741953642,4.715477496781457,7.544763994850332,2024-12-17
2025-12-17,Yucatán,Opichén,MX31055,7419,1855,0.7195294148570603,1.0,53.908355795148246,7.578465695496298,0.8265383282397053,0.6382222985491116,0.0,0.0,0.0,0,0.0,0.0,0.0,0.0,0.0,0.6382222985491116,0.7603373147061079,77.7496396656,34.35341525059551,13.741366100238201,21.986185760381122,2024-12-17
2025-12-17,Yucatán,Oxkutzcab,MX31056,35629,8907,1.5766755105738517,6.0,67.36274840013472,16.111766225191165,0.6368466240272223,0.8183401895588651,0.0,0.0,0.0,0,0.0,0.0,0.0,0.0,0.0,0.8183401895588651,0.7547838987351819,77.3580691831,39.6458836614696,15.858353464587838,25.373365543340544,2024-12-17
2025-12-17,Yucatán,Panabá,MX31057,8169,2042,0.7549261422972124,3.0,146.91478942213516,7.999981749333226,0.22529327746095765,0.3511820478661261,0.0,0.0,0.0,0,0.0,0.0,0.0,0.0,0.0,0.3511820478661261,0.7278879249614124,75.4616383227,25.09321993521203,10.037287974084814,16.059660758535703,2024-12-17
2025-12-17,Yucatán,Peto,MX31058,27268,6817,1.3793460734302572,6.0,88.01525597770281,11.62988044868928,0.45850399613514403,0.5847515912295039,0.0,0.0,0.0,0,0.0,0.0,0.0,0.0,0.0,0.5847515912295039,0.8677365146219559,85.3223402793,34.897278029324234,13.958911211729694,22.33425793876751,2024-12-17
2025-12-17,Yucatán,Progreso,MX31059,68548,17137,2.0,13.0,75.85925191106962,1.9694148871826298,0.5517187056933112,0.32007519808578766,0.0,0.0,0.0,0,0.0,0.0,0.0,0.0,0.0,0.32007519808578766,0.25454772075399684,42.0864953263,14.69321035765357,5.877284143061426,9.403654628898284,2024-12-17
2025-12-17,Yucatán,Quintana Roo,MX31060,1013,253,0.5,0.0,0.0,10.944130767677647,0.0,0.3334030669145081,0.0,0.0,0.0,0,0.0,0.0,0.0,0.0,0.0,0.3334030669145081,0.7194998615920862,74.8701973001,24.392089239276967,9.756835695710786,15.610937113137258,2024-12-17
2025-12-17,Yucatán,Río Lagartos,MX31061,4138,1034,0.5372010653840281,2.0,193.42359767891682,9.75454327702967,0.14149784177195254,0.365820579214289,0.0,0.0,0.0,0,0.0,0.0,0.0,0.0,0.0,0.365820579214289,0.04642648521384339,27.4118998979,11.903147080705539,4.761258832282215,7.618014131651544,2024-12-17
2025-12-17,Yucatán,Sacalum,MX31062,5269,1317,0.6062747530560169,0.0,0.0,9.247548709102798,0.0,0.27873505754277417,0.0,0.0,0.0,0,0.0,0.0,0.0,0.0,0.0,0.27873505754277417,0.6406546004891411,69.3108303997,21.175143736066047,8.47005749442642,13.552091991082271,2024-12-17
2025-12-17,Yucatán,Samahil,MX31063,5974,1494,0.6457313840707979,3.0,200.80321285140562,6.146243329600914,0.13177006206874825,0.24468846977078454,0.0,0.0,0.0,0,0.0,0.0,0.0,0.0,0.0,0.24468846977078454,0.3519237915638782,48.9524666907,14.379129924401102,5.75165196976044,9.202643151616705,2024-12-17
2025-12-17,Yucatán,Sanahcat,MX31064,1781,445,0.5,1.0,224.7191011235955,1.0607583782438799,0.10463467658086269,0.06725405594756023,0.0,0.0,0.0,0,0.0,0.0,0.0,0.0,0.0,0.06725405594756023,0.4537973176118226,56.1355529132,11.09356803066326,4.437427212265304,7.099883539624487,2024-12-17
2025-12-17,Yucatán,San Felipe,MX31065,2194,548,0.5,1.0,182.4817518248175,12.878176873786872,0.15736948234033846,0.4744074878901796,0.0,0.0,0.0,0,0.0,0.0,0.0,0.0,0.0,0.4744074878901796,0.11477391098166081,32.2310660878,16.527702856338607,6.611081142535441,10.577729828056706,2024-12-17
2025-12-17,Yucatán,Santa Elena,MX31066,4434,1108,0.5560917807858246,2.0,180.50541516245488,11.10026025946391,0.16044141277292923,0.41865464609432596,0.0,0.0,0.0,0,0.0,0.0,0.0,0.0,0.0,0.41865464609432596,0.8188224128388361,81.8734146925,28.9360876396065,11.5744350558426,18.51909608934816,2024-12-17
2025-12-17,Yucatán,Seyé,MX31067,10698,2675,0.8640492331513969,0.0,0.0,9.733999787411102,0.0,0.2944096970177355,0.0,0.0,0.0,0,0.0,0.0,0.0,0.0,0.0,0.2944096970177355,0.5419475241220384,62.3510100438,19.67124139297283,7.868496557189133,12.589594491502615,2024-12-17
2025-12-17,Yucatán,Sinanché,MX31068,3327,832,0.5,1.0,120.1923076923077,9.790994002496056,0.3027741894829705,0.44763328429352006,0.0,0.0,0.0,0,0.0,0.0,0.0,0.0,0.0,0.44763328429352006,0.5871231233339199,65.5363344051,25.171460995484,10.0685843981936,16.10973503710976,2024-12-17
2025-12-17,Yucatán,Sotuta,MX31069,9392,2348,0.8095163825725599,4.0,170.35775127768312,2.4651297493250484,0.17733703015217878,0.14885750148593124,0.0,0.0,0.0,0,0.0,0.0,0.0,0.0,0.0,0.14885750148593124,0.8485346502497634,83.9684198569,21.436418049573206,8.574567219829282,13.71930755172685,2024-12-17
2025-12-17,Yucatán,Sucilá,MX31070,4149,1037,0.5379798061630574,2.0,192.86403085824494,8.693054773966379,0.14226582438010021,0.33200082355536753,0.0,0.0,0.0,0,0.0,0.0,0.0,0.0,0.0,0.33200082355536753,0.7470566708449689,76.8132235657,24.901158123560403,9.960463249424162,15.936741199078657,2024-12-17
2025-12-17,Yucatán,Sudzal,MX31071,2080,520,0.5,1.0,192.30769230769232,7.113451252905003,0.1430338069882479,0.28148613910334774,0.0,0.0,0.0,0,0.0,0.0,0.0,0.0,0.0,0.28148613910334774,0.6062020400996807,66.8815858112,20.568624975094046,8.22744999003762,13.16391998406019,2024-12-17
2025-12-17,Yucatán,Suma,MX31072,1928,482,0.5,0.0,0.0,11.001848903093943,0.0,0.33526288592645004,0.0,0.0,0.0,0,0.0,0.0,0.0,0.0,0.0,0.33526288592645004,0.322544160396916,46.88091354,16.508769785731822,6.603507914292727,10.565612662868364,2024-12-17
2025-12-17,Yucatán,Tahdziú,MX31073,6194,1549,0.6575099128643853,1.0,64.55777921239509,6.770634123023994,0.6698698761775735,0.5338577701513004,0.0,0.0,0.0,0,0.0,0.0,0.0,0.0,0.0,0.5338577701513004,1.0,98.0766177739,36.01573310453902,14.406293241815604,23.05006918690497,2024-12-17
2025-12-17,Yucatán,Tahmek,MX31074,3965,991,0.5259124150149106,0.0,0.0,9.805060440170598,0.0,0.29669944446106333,0.0,0.0,0.0,0,0.0,0.0,0.0,0.0,0.0,0.29669944446106333,0.5050036631510735,59.746104245,19.00105659685337,7.600422638741347,12.160676221986156,2024-12-17
2025-12-17,Yucatán,Teabo,MX31075,7283,1821,0.7129048492121107,1.0,54.91488193300384,6.311027205646693,0.8091307224550239,0.58867853811331,0.0,0.0,0.0,0,0.0,0.0,0.0,0.0,0.0,0.58867853811331,0.8950130409008873,87.2456038367,35.56061696141705,14.22424678456682,22.758794855306906,2024-12-17
2025-12-17,Yucatán,Tecoh,MX31076,18963,4741,1.1503012019246595,4.0,84.37038599451593,6.523852057974555,0.4836340937017551,0.4327879592424787,0.0,0.0,0.0,0,0.0,0.0,0.0,0.0,0.0,0.4327879592424787,0.4349021223810727,54.8032556835,21.681681224895815,8.672672489958325,13.876275983933322,2024-12-17
2025-12-17,Yucatán,Tekal de Venegas,MX31077,2812,703,0.5,0.0,0.0,13.471527455920254,0.0,0.4148419487773747,0.0,0.0,0.0,0,0.0,0.0,0.0,0.0,0.0,0.4148419487773747,0.8209950940890169,82.0266101041,28.865160345101582,11.546064138040633,18.473702620865012,2024-12-17
2025-12-17,Yucatán,Tekantó,MX31078,3909,977,0.5221843812764997,0.0,0.0,6.154254941875086,0.0,0.17906159241231046,0.0,0.0,0.0,0,0.0,0.0,0.0,0.0,0.0,0.17906159241231046,0.584009123857145,65.3167667941,17.052030249512214,6.8208120998048845,10.913299359687816,2024-12-17
2025-12-17,Yucatán,Tekax,MX31079,47310,11827,1.8168283344230651,13.0,109.91798427327302,29.698905790645988,0.342591133936167,0.6712955669680836,0.0,0.0,0.0,0,0.0,0.0,0.0,0.0,0.0,0.6712955669680836,0.7188612449005387,74.8251685381,34.51609190705328,13.806436762821312,22.0902988205141,2024-12-17
2025-12-17,Yucatán,Tekit,MX31080,11585,2896,0.8990334997112877,1.0,34.530386740331494,8.123696427865868,1.0,0.7425217976343709,0.0,0.0,0.0,0,0.0,0.0,0.0,0.0,0.0,0.7425217976343709,0.821475019483187,82.0604495678,38.705154318694866,15.482061727477948,24.771298763964715,2024-12-17
2025-12-17,Yucatán,Tekom,MX31081,3530,883,0.5,1.0,113.25028312570781,15.686427446730058,0.32888559815999263,0.6506542244135217,0.0,0.0,0.0,0,0.0,0.0,0.0,0.0,0.0,0.6506542244135217,0.9559637542845417,91.5432290053,38.638901818096485,15.455560727238593,24.72889716358175,2024-12-17
2025-12-17,Yucatán,Telchac Pueblo,MX31082,3652,913,0.504791443409711,0.0,0.0,10.934257516739462,0.0,0.33308492670308115,0.0,0.0,0.0,0,0.0,0.0,0.0,0.0,0.0,0.33308492670308115,0.4578649899507382,56.422363847,19.1498476001072,7.659939040042879,12.255902464068608,2024-12-17
2025-12-17,Yucatán,Telchac Puerto,MX31083,1995,499,0.5,1.0,200.40080160320642,3.72218879698572,0.13228205047418004,0.16683551826301798,0.0,0.0,0.0,0,0.0,0.0,0.0,0.0,0.0,0.16683551826301798,0.2604007235316722,42.4991896272,10.213080018523984,4.085232007409593,6.53637121185535,2024-12-17
2025-12-17,Yucatán,Temax,MX31084,7451,1863,0.7210792915368089,0.0,0.0,5.066591361829773,0.0,0.144014420666808,0.0,0.0,0.0,0,0.0,0.0,0.0,0.0,0.0,0.144014420666808,0.7621632232091504,77.8783841856,19.563697084187247,7.825478833674899,12.52076613387984,2024-12-17
2025-12-17,Yucatán,Temozón,MX31085,17564,4391,1.107027257887966,4.0,91.09542245502163,7.543346898481252,0.43883510822647226,0.4432390753000709,0.0,0.0,0.0,0,0.0,0.0,0.0,0.0,0.0,0.4432390753000709,0.8132909533360677,81.4833923571,29.56299132572348,11.825196530289391,18.920314448463028,2024-12-17
2025-12-17,Yucatán,Tepakán,MX31086,2275,569,0.5,0.0,0.0,8.026500209019552,0.0,0.23938989854588766,0.0,0.0,0.0,0,0.0,0.0,0.0,0.0,0.0,0.23938989854588766,0.4651616061695593,56.9368471035,16.484929079767817,6.593971631907126,10.550354611051402,2024-12-17
2025-12-17,Yucatán,Tetiz,MX31087,5789,1447,0.6354931321987104,0.0,0.0,13.246908249249952,0.0,0.40760417042574076,0.0,0.0,0.0,0,0.0,0.0,0.0,0.0,0.0,0.40760417042574076,0.5820359890264004,65.177641369,23.86884489330023,9.547537957320094,15.27606073171215,2024-12-17
2025-12-17,Yucatán,Teya,MX31088,2001,500,0.5,1.0,200.0,2.0380765528721696,0.1327940388796119,0.11282531091130457,0.0,0.0,0.0,0,0.0,0.0,0.0,0.0,0.0,0.11282531091130457,0.5503298179521253,62.9420442571,14.391355686381644,5.7565422745526575,9.210467639284252,2024-12-17
2025-12-17,Yucatán,Ticul,MX31089,42366,10592,1.7193551030592409,10.0,94.41087613293051,4.5413086729174275,0.4190979551970763,0.3366375096440839,0.0,0.0,0.0,0,0.0,0.0,0.0,0.0,0.0,0.3366375096440839,0.6585220233270455,70.5706595604,23.269565755863425,9.30782630234537,14.892522083752594,2024-12-17
2025-12-17,Yucatán,Timucuy,MX31090,8096,2024,0.7515914829125694,1.0,49.40711462450593,5.791697020117868,0.91306436875768,0.6239112768117099,0.0,0.0,0.0,0,0.0,0.0,0.0,0.0,0.0,0.6239112768117099,0.6349883887130077,68.9113067028,31.41710607861145,12.56684243144458,20.10694789031133,2024-12-17
2025-12-17,Yucatán,Tinum,MX31091,13304,3326,0.9634689395265004,4.0,120.26458208057727,5.009370968006232,0.30251819528025464,0.29342973774236464,0.0,0.0,0.0,0,0.0,0.0,0.0,0.0,0.0,0.29342973774236464,0.8606695900014658,84.8240525411,26.016283932300254,10.406513572920101,16.650421716672163,2024-12-17
2025-12-17,Yucatán,Tixcacalcupul,MX31092,8327,2082,0.7622842708052977,2.0,96.06147934678194,9.658898520978713,0.4097797662182175,0.49687963426191883,0.0,0.0,0.0,0,0.0,0.0,0.0,0.0,0.0,0.49687963426191883,0.9728967054152386,92.7371687136,34.36432313616234,13.745729254464937,21.9931668071439,2024-12-17
2025-12-17,Yucatán,Tixkokob,MX31093,19211,4803,1.1577982511642981,3.0,62.46096189881324,2.8825570698583194,0.6964932732600273,0.42188614879285075,0.0,0.0,0.0,0,0.0,0.0,0.0,0.0,0.0,0.42188614879285075,0.17634437389785557,36.572389698,16.18347194174263,6.473388776697053,10.357422042715285,2024-12-17
2025-12-17,Yucatán,Tixmehuac,MX31094,5741,1435,0.6328525675966746,0.0,0.0,10.561334188026457,0.0,0.3210684280456887,0.0,0.0,0.0,0,0.0,0.0,0.0,0.0,0.0,0.3210684280456887,0.9368315713208272,90.194221808,28.368684267787202,11.347473707114883,18.15595793138381,2024-12-17
2025-12-17,Yucatán,Tixpéhual,MX31095,6189,1547,0.6570853019625846,0.0,0.0,8.74418646061561,0.0,0.26251549894341597,0.0,0.0,0.0,0,0.0,0.0,0.0,0.0,0.0,0.26251549894341597,0.16252866492883544,35.5982462419,11.126038266879187,4.450415306751674,7.120664490802681,2024-12-17
2025-12-17,Yucatán,Tizimín,MX31096,84459,21115,2.0,24.0,113.66327255505564,11.19124194035598,0.32724296869256553,0.5049870755817112,0.0,0.0,0.0,0,0.0,0.0,0.0,0.0,0.0,0.5049870755817112,0.6766437051165978,71.8484164796,28.682486369783287,11.472994547913316,18.356791276661305,2024-12-17
2025-12-17,Yucatán,Tunkás,MX31097,3834,959,0.517351722633727,1.0,104.27528675703859,1.9951118487003936,0.3677967169728096,0.22894222246237192,0.0,0.0,0.0,0,0.0,0.0,0.0,0.0,0.0,0.22894222246237192,0.8665850202357496,85.2411485921,24.19996707858615,9.67998683143446,15.487978930295137,2024-12-17
2025-12-17,Yucatán,Tzucacab,MX31098,16144,4036,1.0613342384072069,4.0,99.10802775024777,8.011105998455962,0.39339613724439976,0.4355919281801074,0.0,0.0,0.0,0,0.0,0.0,0.0,0.0,0.0,0.4355919281801074,0.8410157901148829,83.438266217,29.88807364770088,11.955229459080352,19.128367134528563,2024-12-17
2025-12-17,Yucatán,Uayma,MX31099,4442,1110,0.5565934423950935,3.0,270.27027027027026,3.530086792456784,0.06623554617347745,0.1276222712752001,0.0,0.0,0.0,0,0.0,0.0,0.0,0.0,0.0,0.1276222712752001,0.945078988777143,90.7757459095,22.730247913798866,9.092099165519546,14.547358664831272,2024-12-17
2025-12-17,Yucatán,Ucú,MX31100,4313,1078,0.5485118018443081,1.0,92.7643784786642,5.683040624883179,0.4287233372191942,0.37823958713639694,0.0,0.0,0.0,0,0.0,0.0,0.0,0.0,0.0,0.37823958713639694,0.2759943084552932,43.5986908359,16.86707378319777,6.74682951327911,10.794927221246574,2024-12-17
2025-12-17,Yucatán,Umán,MX31101,72745,18186,2.0,8.0,43.98988232706478,3.261609832047302,1.0,0.5858535161074124,0.0,0.0,0.0,0,0.0,0.0,0.0,0.0,0.0,0.5858535161074124,0.22047948785759444,39.6843496086,21.98519524037426,8.794078096149704,14.070524953839527,2024-12-17
2025-12-17,Yucatán,Valladolid,MX31102,89893,22473,2.0,36.0,160.1922306768122,3.761588267397032,0.19640859825451343,0.20016833912664272,0.0,0.0,0.0,0,0.0,0.0,0.1171769723813876,0.0,0.0,0.20016833912664272,0.5354993775073048,61.896352245,17.011770876411976,6.883837191222549,10.93501066529832,2024-12-17
2025-12-17,Yucatán,Xocchel,MX31103,3656,914,0.5050678143274375,0.0,0.0,6.668952705856624,0.0,0.1956464089513873,0.0,0.0,0.0,0,0.0,0.0,0.0,0.0,0.0,0.1956464089513873,0.749308322396947,76.9719871608,20.85555871648056,8.342223486592223,13.347557578547558,2024-12-17
2025-12-17,Yucatán,Yaxcabá,MX31104,17186,4296,1.0949864178941184,5.0,116.38733705772812,7.712587441883974,0.31670027411071566,0.3876250010770149,0.0,0.0,0.0,0,0.0,0.0,0.0,0.0,0.0,0.3876250010770149,0.9170762584610183,88.8012778202,29.970275201530818,11.988110080612325,19.180976128979722,2024-12-17
2025-12-17,Yucatán,Yaxkukul,MX31105,3538,884,0.5,1.0,113.12217194570135,2.578640437768108,0.3293975865654244,0.22854537075821096,0.0,0.0,0.0,0,0.0,0.0,0.0,0.0,0.0,0.22854537075821096,0.36657132328503983,49.9852618376,14.187787588447126,5.67511503537885,9.08018405660616,2024-12-17
2025-12-17,Yucatán,Yobaín,MX31106,2304,576,0.5,2.0,347.22222222222223,6.551315183910228,0.024252496928069557,0.20398208971506857,0.0,0.0,0.0,0,0.0,0.0,0.0,0.0,0.0,0.20398208971506857,0.2582150777920744,42.3450800915,11.283764247293545,4.513505698917418,7.221609118267869,2024-12-17
2025-12-17,Zacatecas,Apozol,MX32001,6574,1643,0.6771663636946633,2.0,121.72854534388314,1.7324180203329556,0.29739831122593663,0.18527838411875303,0.0,0.0,0.0,0,0.0,0.0,0.0,0.10277492291880783,5.0,0.18527838411875303,0.29598714587667013,45.008382643,11.478094441095992,5.553224951346928,7.923172747246554,2024-12-17
2025-12-17,Zacatecas,Apulco,MX32002,5238,1310,0.6046613978784217,2.0,152.67175572519085,5.877810138450408,0.21215224172154132,0.2762299878683445,0.0,0.0,0.0,0,0.0,0.0,0.0,0.10277492291880783,5.0,0.2762299878683445,0.3902098750070074,51.6520123839,16.091097136190484,7.115757841993712,10.705893559672422,2024-12-17
2025-12-17,Zacatecas,Atolinga,MX32003,2374,594,0.5,1.0,168.35016835016836,3.509900613463172,0.18092094899020136,0.18431452479227098,0.0,0.0,0.0,0,0.0,0.0,0.0,0.10277492291880783,5.0,0.18431452479227098,0.3687735506417189,50.1405405405,12.904906756602507,5.905590663254387,8.705317100593636,2024-12-17
2025-12-17,Zacatecas,Benito Juárez,MX32004,4682,1170,0.5714385390462742,2.0,170.94017094017093,3.1946813467068567,0.17631305334131517,0.17185344384120457,0.0,0.0,0.0,0,0.0,0.0,0.0,0.10277492291880783,5.0,0.17185344384120457,0.6130894517352248,67.3672161172,17.417392349940634,6.97763719730912,11.153539258361725,2024-12-17
2025-12-17,Zacatecas,Calera,MX32005,48334,12084,1.8364620331850507,6.0,49.65243296921549,4.33244640628373,0.9079444847033621,0.5743307230613522,0.0,0.0,0.0,0,0.0,0.0,0.8488027637017985,0.10277492291880783,5.0,0.5743307230613522,0.21189840522003725,39.0792988279,23.617355811422303,11.23438665882895,16.18757431986629,2024-12-17
2025-12-17,Zacatecas,Cañitas de Felipe Pescador,MX32006,8564,2141,0.7730096749572084,4.0,186.82858477347034,3.3506243471192785,0.1508416301710829,0.164142595842801,0.0,0.0,0.0,0,0.0,0.0,0.0,0.10277492291880783,5.0,0.164142595842801,0.45937345739768337,56.5287256483,14.111747023237697,6.11652704964057,9.31461503907942,2024-12-17
2025-12-17,Zacatecas,Concepción del Oro,MX32007,12644,3161,0.9392665234157391,4.0,126.54223347042075,26.053170017836504,0.2813986735561928,0.6406993367780964,0.0,0.0,0.0,0,0.0,0.0,0.2173591729918186,0.10277492291880783,5.0,0.6406993367780964,0.03751295156029627,26.7834080486,20.52166872244999,10.092858470277962,14.264382571146776,2024-12-17
2025-12-17,Zacatecas,Cuauhtémoc,MX32008,14190,3547,0.9949635941711275,2.0,56.385678037778405,4.370899109877898,0.7848112731970134,0.5140031571470292,0.0,28.192839018889202,0.0,0,1.0,0.0,13.189982376223705,0.10277492291880783,5.0,0.5140031571470292,0.532392567890638,61.6772915899,76.06794607222363,20.67994933775608,42.8351480315431,2024-12-17
2025-12-17,Zacatecas,Chalchihuites,MX32009,10530,2633,0.8572392062058485,6.0,227.87694644891758,7.46683024536832,0.10147741474736657,0.272094675486719,0.0,0.0,0.0,0,0.0,0.0,6.003482019571352,0.10277492291880783,5.0,0.272094675486719,0.4351022181621147,54.8173644054,31.864884627843864,17.29059580918974,23.12031133665139,2024-12-17
2025-12-17,Zacatecas,Fresnillo,MX32010,252216,63054,2.0,49.0,77.7111682050306,12.12966584276962,0.5356348752677291,0.6394213344275294,0.0,14.273479874393377,-7.929711041329654,0,9.0,5.0,1.8010446058714056,0.10277492291880783,5.0,0.6394213344275294,0.22671972812066754,40.1243479634,50.79858940812526,13.697187280758849,28.537748131705413,2024-12-17
2025-12-17,Zacatecas,Trinidad García de la Cadena,MX32011,3482,871,0.5,1.0,114.8105625717566,4.253367874937457,0.32274173729481087,0.2791812463219824,0.0,0.0,0.0,0,0.0,0.0,0.0,0.10277492291880783,5.0,0.2791812463219824,0.42579286300733465,54.1609632446,16.891294649806166,7.329087883439002,11.153970589985867,2024-12-17
2025-12-17,Zacatecas,Genaro Codina,MX32012,8642,2161,0.7766117898758399,2.0,92.5497454881999,10.882765350848457,0.4300033082327737,0.5464273777215259,0.0,0.0,0.0,0,0.0,0.0,2.210646951873456,0.10277492291880783,5.0,0.5464273777215259,0.633123818743369,68.7798361689,34.65343039153444,15.30478469559456,23.044242973970512,2024-12-17
2025-12-17,Zacatecas,General Enrique Estrada,MX32013,7042,1760,0.7008626716484385,0.0,0.0,10.716334346727729,0.0,0.3260629109742771,0.0,0.0,0.0,0,0.0,0.0,0.0,0.10277492291880783,5.0,0.3260629109742771,0.3133510427753808,46.2327082693,16.04890818473593,7.32945875810677,10.817238528758432,2024-12-17
2025-12-17,Zacatecas,General Francisco R. Murguía,MX32014,20995,5249,1.2103608907700487,10.0,190.51247856734616,10.217027222977384,0.14554255017486378,0.38274529346579966,0.0,0.0,0.0,0,0.0,0.0,0.0,0.10277492291880783,5.0,0.38274529346579966,0.4880526798625317,58.5508930921,21.243412401224624,8.883155533440796,13.827258280554327,2024-12-17
2025-12-17,Zacatecas,El Plateado de Joaquín Amaro,MX32015,1624,406,0.5,1.0,246.30541871921181,8.783770531311406,0.08466712876902237,0.30612455857251725,0.0,0.0,0.0,0,0.0,0.0,0.0,0.10277492291880783,5.0,0.30612455857251725,0.3387803325499865,48.0257234727,15.959343408175247,7.217344978158681,10.714144350165308,2024-12-17
2025-12-17,Zacatecas,General Pánfilo Natera,MX32016,24826,6207,1.3161866110426421,7.0,112.77589817947478,0.4885207360814515,0.3307872693801679,0.16539363469008395,0.0,0.0,0.0,0,0.0,0.0,2.0763424161806805,0.10277492291880783,5.0,0.16539363469008395,0.581051890020333,65.1082527036,21.8408733819218,10.245282706129627,14.883518976446497,2024-12-17
2025-12-17,Zacatecas,Guadalupe,MX32017,223752,55938,2.0,58.0,103.68622403375166,1.7843351556936082,0.3705861710437829,0.2235452106777998,1.7876935178233044,3.575387035646609,1.7876935178233044,1,2.0,0.0,1.7108543931613611,0.10277492291880783,5.0,0.2235452106777998,0.0,23.8569209156,16.680080338599673,21.012803117343797,19.279714005846145,2024-12-17
2025-12-17,Zacatecas,Huanusco,MX32018,4852,1213,0.5818445843094697,3.0,247.320692497939,5.046734134348071,0.08381381475996932,0.18528147977503961,0.0,0.0,0.0,0,0.0,0.0,0.0,0.10277492291880783,5.0,0.18528147977503961,0.3216734799786179,46.8195220013,11.991913992823546,5.681693769732106,8.205781858968683,2024-12-17
2025-12-17,Zacatecas,Jalpa,MX32019,26435,6609,1.3581397860609634,10.0,151.30882130428205,2.265680615958201,0.21517297331358898,0.1613487358292745,0.0,0.0,0.0,0,0.0,0.0,0.0,0.10277492291880783,5.0,0.1613487358292745,0.2684010671836306,43.0632925938,10.208483418550848,5.128138778407989,7.160276634465132,2024-12-17
2025-12-17,Zacatecas,Jerez,MX32020,62294,15573,2.0,19.0,122.0060360881012,4.774820671732712,0.29644170131052466,0.28283370849166883,0.0,6.421370320426379,0.0,0,1.0,0.0,9.251241100561309,0.10277492291880783,5.0,0.28283370849166883,0.3027880613702621,45.4879141197,39.67240258623542,16.75789342128988,25.923697087268096,2024-12-17
2025-12-17,Zacatecas,Jiménez del Teul,MX32021,4681,1170,0.5714385390462742,3.0,256.4102564102564,19.52848243417275,0.0764753142821135,0.5382376571410568,0.0,0.0,0.0,0,0.0,0.0,3.602089211742811,0.10277492291880783,5.0,0.5382376571410568,0.5754069272777831,64.7102272727,36.77702030324723,17.26700316359338,25.07101001945492,2024-12-17
2025-12-17,Zacatecas,Juan Aldama,MX32022,20708,5177,1.202031028450398,7.0,135.21344407958276,9.894268570475456,0.2554518325809168,0.42729986415611243,0.0,0.0,0.0,0,0.0,0.0,0.0,0.10277492291880783,5.0,0.42729986415611243,0.47350558898058076,57.5251800129,22.289107704294985,9.345074927314794,14.522688038106871,2024-12-17
2025-12-17,Zacatecas,Juchipila,MX32023,12725,3181,0.9422332601888961,5.0,157.18327569946558,1.5068938615941698,0.20252685969942347,0.13057572024238165,0.0,0.0,0.0,0,0.0,0.0,0.0,0.10277492291880783,5.0,0.13057572024238165,0.20104071893940575,38.3137250841,7.938085986059565,4.422060850144149,5.828470904510316,2024-12-17
2025-12-17,Zacatecas,Loreto,MX32024,56716,14179,1.9892959441307856,13.0,91.68488609916074,0.735874625583334,0.4352216515958286,0.22207899703525488,0.0,21.15805063826786,-7.052683546089287,0,3.0,1.0,13.62328182129054,0.10277492291880783,5.0,0.22207899703525488,0.39120353923944834,51.7220754919,62.86958667458411,16.470914273158844,35.03038323372895,2024-12-17
2025-12-17,Zacatecas,Luis Moya,MX32025,13947,3487,0.9865124479375859,5.0,143.38973329509608,2.6208884661303906,0.23386055011184984,0.18213818698546513,57.355893318038426,86.03383997705764,28.677946659019213,2,3.0,1.0,1.227716937582871,0.10277492291880783,5.0,0.18213818698546513,0.36540667706110264,49.9031428164,50.881288624421,37.93531322409297,43.11370338422419,2024-12-17
2025-12-17,Zacatecas,Mazapil,MX32026,18561,4640,1.137982507086971,10.0,215.51724137931035,29.580160468272968,0.11436245628406695,0.5571812281420335,0.0,0.0,0.0,0,0.0,0.0,0.08694366919672744,0.10277492291880783,5.0,0.5571812281420335,0.2826352605198803,44.0669433165,22.588313889819084,10.096080876282658,15.09297408169723,2024-12-17
2025-12-17,Zacatecas,Melchor Ocampo,MX32027,2861,715,0.5,3.0,419.5804195804196,6.4297054310297215,0.0,0.18793727858761014,0.0,0.0,0.0,0,0.0,0.0,0.2173591729918186,0.10277492291880783,5.0,0.18793727858761014,0.4521549429508447,56.0197493354,15.231646804546372,6.73292372894487,10.132412959185471,2024-12-17
2025-12-17,Zacatecas,Mezquital del Oro,MX32028,2573,643,0.5,1.0,155.52099533437013,3.9907849951380054,0.20600838085635975,0.21235350766587374,0.0,0.0,0.0,0,0.0,0.0,0.0,0.10277492291880783,5.0,0.21235350766587374,0.4739135021881085,57.5539419087,15.848875273738383,6.767758215469569,10.400205038777093,2024-12-17
2025-12-17,Zacatecas,Miguel Auza,MX32029,25103,6276,1.3234820740933944,4.0,63.73486297004462,8.901738434821606,0.6801096442862096,0.6076470297307602,0.0,0.0,0.0,0,0.0,0.0,3.602089211742811,0.10277492291880783,5.0,0.6076470297307602,0.5284102362521399,61.3964980154,37.919367660425465,17.864932179541608,25.88670637189515,2024-12-17
2025-12-17,Zacatecas,Momax,MX32030,2569,642,0.5,2.0,311.52647975077883,4.783740420491624,0.041148114307319066,0.1554743310371008,0.0,0.0,0.0,0,0.0,0.0,0.0,0.10277492291880783,5.0,0.1554743310371008,0.28946557509510534,44.5485477178,10.45354143301513,5.162968460459277,7.2791976494816195,2024-12-17
2025-12-17,Zacatecas,Monte Escobedo,MX32031,8980,2245,0.7915616927822643,3.0,133.630289532294,13.1131927664527,0.2599378262285096,0.5332644447507544,0.0,0.0,0.0,0,0.0,0.0,7.458233890214797,0.10277492291880783,5.0,0.5332644447507544,0.3160800379826552,46.4251292901,37.31953410217574,19.829522139460867,26.825526924546818,2024-12-17
2025-12-17,Zacatecas,Morelos,MX32032,13909,3477,0.9850968747475827,5.0,143.80212827149842,6.337735671154486,0.23283657330098625,0.30139207539724117,0.0,0.0,0.0,0,0.0,0.0,1.273204145552698,0.10277492291880783,5.0,0.30139207539724117,0.07038416614772695,29.1011521945,13.673644607643261,7.968040363225061,10.25028206099234,2024-12-17
2025-12-17,Zacatecas,Moyahua de Estrada,MX32033,4696,1174,0.5724145235986605,1.0,85.17887563884156,7.958788689568604,0.47787422414064734,0.47614518041164805,0.0,0.0,0.0,0,0.0,0.0,0.0,0.10277492291880783,5.0,0.47614518041164805,0.287756286511642,44.4280260499,20.039481142582282,9.002472210036528,13.41727578305483,2024-12-17
2025-12-17,Zacatecas,Nochistlán de Mejía,MX32034,29071,7268,1.4242428741065212,9.0,123.83048981838195,2.5629067809746027,0.2902589173501932,0.208469059377682,0.0,0.0,0.0,0,0.0,0.0,0.0,0.10277492291880783,5.0,0.208469059377682,0.22967098818859513,40.3324408444,10.847491545102363,5.499932266013701,7.638955977649166,2024-12-17
2025-12-17,Zacatecas,Noria de Ángeles,MX32035,17256,4314,1.0972779859769488,6.0,139.08205841446454,5.605695269346828,0.24491949966917673,0.2838454124755319,0.0,0.0,0.0,0,0.0,0.0,10.174365663389793,0.10277492291880783,5.0,0.2838454124755319,0.5267661762789181,61.2805756065,34.05068589984432,17.889924443639515,24.354229026121438,2024-12-17
2025-12-17,Zacatecas,Ojocaliente,MX32036,46546,11636,1.8020981972034544,10.0,85.94018563080097,3.188253042789362,0.4725495447241565,0.3197645539113155,8.594018563080096,8.594018563080096,8.594018563080096,1,1.0,0.0,7.392948354482717,0.10277492291880783,5.0,0.3197645539113155,0.45639305559092036,56.3185779879,47.28042952795812,47.96908853742893,47.693624933640606,2024-12-17
2025-12-17,Zacatecas,Pánuco,MX32037,18628,4657,1.1400652673611051,3.0,64.41915396177797,6.355137284349853,0.6715765041956796,0.5213227632384382,0.0,0.0,0.0,0,0.0,0.0,0.25538478826047206,0.10277492291880783,5.0,0.5213227632384382,0.46085862984134796,56.6334449226,25.50357926378269,10.841264100474929,16.70619016579803,2024-12-17
2025-12-17,Zacatecas,Pinos,MX32038,75893,18973,2.0,19.0,100.14230748959046,6.015302164674284,0.3880606791246368,0.36861453479372097,5.270647762610025,10.54129552522005,0.0,1,2.0,1.0,2.9145281462614783,0.10277492291880783,5.0,0.36861453479372097,0.6165152870208156,67.6087712218,47.40139125838534,44.2763038029634,45.526338785132175,2024-12-17
2025-12-17,Zacatecas,Río Grande,MX32039,67435,16859,2.0,18.0,106.76789845186548,4.234075432985159,0.3563338654511976,0.2953556608948533,0.0,0.0,0.0,0,0.0,0.0,2.251305757339257,0.10277492291880783,5.0,0.2953556608948533,0.30400883604222106,45.5739907489,20.641941574852435,10.71499074159616,14.685771074898671,2024-12-17
2025-12-17,Zacatecas,Sain Alto,MX32040,22878,5719,1.263387699373503,10.0,174.85574401119078,1.8358212835176542,0.16960600523015848,0.12471413630769439,0.0,0.0,0.0,0,0.0,0.0,6.003482019571352,0.10277492291880783,5.0,0.12471413630769439,0.5355031651657726,61.8966193122,29.451487392546284,16.02403407405974,21.395015401454355,2024-12-17
2025-12-17,Zacatecas,El Salvador,MX32041,2590,648,0.5,2.0,308.641975308642,8.898184223252116,0.04268407952361448,0.2888197219892492,0.0,0.0,0.0,0,0.0,0.0,0.2173591729918186,0.10277492291880783,5.0,0.2888197219892492,0.4379860999638696,55.0207064555,17.974743246856047,7.872668834829663,11.913498599640217,2024-12-17
2025-12-17,Zacatecas,Sombrerete,MX32042,66629,16657,2.0,17.0,102.05919433271298,2.6247824717344854,0.3784581225918013,0.2545624475777024,18.010446058714056,18.010446058714056,18.010446058714056,3,3.0,0.0,0.0,0.10277492291880783,5.0,0.2545624475777024,0.19745873348112292,38.0611598555,40.002907485349944,35.891991650876584,37.53635798466593,2024-12-17
2025-12-17,Zacatecas,Susticacán,MX32043,1411,353,0.5,0.0,0.0,17.682392270490357,0.0,0.5,0.0,0.0,0.0,0,0.0,0.0,14.916467780429594,0.10277492291880783,5.0,0.5,0.4590666803464825,56.5070948469,39.18133360692965,20.145282014270954,27.759702651334432,2024-12-17
2025-12-17,Zacatecas,Tabasco,MX32044,17361,4340,1.100579605246866,7.0,161.29032258064515,3.4972782116676133,0.1942326475314283,0.19056364950973606,0.0,23.04147465437788,0.0,0,1.0,0.0,0.0,0.10277492291880783,5.0,0.19056364950973606,0.44152083586653096,55.2699401254,49.5473262026227,6.344316585988029,23.625520432641895,2024-12-17
2025-12-17,Zacatecas,Tepechitlán,MX32045,8692,2173,0.7787650614480466,3.0,138.05798435342845,6.340076665146442,0.2476501044981464,0.3088742735284503,0.0,0.0,0.0,0,0.0,0.0,0.0,0.10277492291880783,5.0,0.3088742735284503,0.4364841513600698,54.9148042968,17.995911233054905,7.738860651680294,11.84168088423014,2024-12-17
2025-12-17,Zacatecas,Tepetongo,MX32046,6705,1676,0.6839330692429041,3.0,178.99761336515513,2.4438251931780166,0.16283069199827768,0.14091784767974522,59.665871121718375,238.6634844868735,-59.665871121718375,1,4.0,2.0,0.0,0.10277492291880783,5.0,0.14091784767974522,0.38543656282533567,51.3154468963,46.93626668689907,35.46814559882216,40.055394034052924,2024-12-17
2025-12-17,Zacatecas,Teúl de González Ortega,MX32047,5584,1396,0.6241935908435183,5.0,358.1661891117478,11.91823522885141,0.019746998960269713,0.3746645865280326,0.0,0.0,0.0,0,0.0,0.0,0.0,0.10277492291880783,5.0,0.3746645865280326,0.21004847260557022,38.9488603716,15.440907047952383,7.396166013902783,10.614062427522622,2024-12-17
2025-12-17,Zacatecas,Tlaltenango de Sánchez Román,MX32048,28534,7134,1.411052421650333,10.0,140.17381553125875,7.5691468549460446,0.2420523645987587,0.3456790409712942,0.0,0.0,0.0,0,0.0,0.0,0.0,0.10277492291880783,5.0,0.3456790409712942,0.18891029916379598,37.4584111027,14.148577212414748,6.942648600013052,9.82502004497373,2024-12-17
2025-12-17,Zacatecas,Valparaíso,MX32049,33536,8384,1.5296857843816933,16.0,190.83969465648855,14.38717636759193,0.14508176060997513,0.5168872689245079,0.0,0.0,0.0,0,0.0,0.0,1.8010446058714056,0.10277492291880783,5.0,0.5168872689245079,0.3289786302542911,47.3346069928,26.647066694550993,12.738073005390712,18.301670481054824,2024-12-17
2025-12-17,Zacatecas,Vetagrande,MX32050,11522,2881,0.8967021789064616,5.0,173.55085039916696,2.762831314702349,0.17180755537351527,0.15568543418512865,0.0,0.0,0.0,0,0.0,0.0,1.720127525008524,0.10277492291880783,5.0,0.15568543418512865,0.38793433058485743,51.4915641063,16.785215257177015,8.561822555635043,11.851179636251832,2024-12-17
2025-12-17,Zacatecas,Villa de Cos,MX32051,36225,9056,1.5898084568238968,7.0,77.29681978798587,4.063630745325984,0.5391665503909118,0.3812798600668253,0.0,0.0,0.0,0,0.0,0.0,0.0,0.10277492291880783,5.0,0.3812798600668253,0.6420215260928308,69.407212108,24.278826323861374,9.635414563804598,15.49277926782731,2024-12-17
2025-12-17,Zacatecas,Villa García,MX32052,20927,5232,1.2083992959690373,5.0,95.565749235474,7.218665389490463,0.41254450360754924,0.41963174335483266,19.1131498470948,19.1131498470948,19.1131498470948,1,1.0,0.0,1.3176619406525063,0.10277492291880783,5.0,0.41963174335483266,0.12947351730116852,33.2675330064,48.671908438546374,39.75741827784802,43.32321434212736,2024-12-17
2025-12-17,Zacatecas,Villa González Ortega,MX32053,14017,3504,0.9889142719887344,5.0,142.69406392694063,6.024236081325267,0.235601310690318,0.29267272314761333,0.0,0.0,0.0,0,0.0,0.0,1.7188037126160194,0.10277492291880783,5.0,0.29267272314761333,0.5440172513632859,62.4969461845,24.013139984783123,10.983849722519,16.19556582742465,2024-12-17
2025-12-17,Zacatecas,Villa Hidalgo,MX32054,20498,5125,1.1959789360210673,6.0,117.07317073170732,5.651758537265454,0.3141232658033755,0.3199315663148824,0.0,0.0,0.0,0,0.0,0.0,1.756882587536675,0.10277492291880783,5.0,0.3199315663148824,0.7197894076899044,74.8906131497,28.442777460335833,12.254102658160836,18.729572579030833,2024-12-17
2025-12-17,Zacatecas,Villanueva,MX32055,32803,8201,1.512899230080963,7.0,85.35544445799293,7.522650418558558,0.4766308237274558,0.4614700420194703,0.0,48.77453969028167,-24.387269845140835,0,4.0,2.0,6.475868770392917,0.10277492291880783,5.0,0.4614700420194703,0.37490468582406666,50.5728459133,71.34219497706545,19.262112545892517,40.094145518361685,2024-12-17
2025-12-17,Zacatecas,Zacatecas,MX32056,157082,39271,2.0,33.0,84.03147360647806,3.003586952564161,0.48608155342772075,0.32058016670965106,5.092816582210792,20.371266328843166,5.092816582210792,2,8.0,0.0,0.25538478826047206,0.10277492291880783,5.0,0.32058016670965106,0.0,23.3907024616,42.405887445093725,36.12805979292275,38.63919085379114,2024-12-17
2025-12-17,Zacatecas,Trancoso,MX32057,21494,5373,1.2245739489329532,3.0,55.83472920156337,6.428484298921137,0.7937710702920701,0.5847834658805786,0.0,0.0,0.0,0,0.0,0.0,3.460570693634467,0.10277492291880783,5.0,0.5847834658805786,0.56455663025921,63.9451745446,37.598014149622585,17.532385066415557,25.55863669969837,2024-12-17
2025-12-17,Zacatecas,Santa María de la Paz,MX32058,2879,720,0.5,0.0,0.0,14.946981466580072,0.0,0.46238467344232176,0.0,0.0,0.0,0,0.0,0.0,0.0,0.10277492291880783,5.0,0.46238467344232176,0.3377778034302824,47.9550353029,20.6270962718753,9.087453710997814,13.70331073534881,2024-12-17
