snapshot_date,adm1_join,cast_state
2025-09-17,Hidalgo,0.2285714285714286
2025-09-17,Guanajuato,1.0
2025-09-17,Jalisco,0.380952380952381
2025-09-17,Michoacan,0.8571428571428572
2025-09-17,Chihuahua,0.2285714285714286
2025-09-17,Durango,0.0380952380952381
2025-09-17,Campeche,0.1142857142857143
2025-09-17,Mexico,0.1714285714285714
2025-09-17,Guerrero,0.5523809523809524
2025-09-17,Baja California,0.8190476190476191
2025-09-17,Colima,0.2476190476190476
2025-09-17,Aguascalientes,0.019047619047619
2025-09-17,Coahuila,0.019047619047619
2025-09-17,Ciudad De Mexico,0.3047619047619048
2025-09-17,Baja California Sur,0.0380952380952381
2025-09-17,Chiapas,0.0380952380952381
2025-09-17,Puebla,0.4571428571428571
2025-09-17,Tamaulipas,0.2095238095238095
2025-09-17,San Luis Potosi,0.019047619047619
2025-09-17,Sonora,0.2857142857142857
2025-09-17,Nayarit,0.0
2025-09-17,Tlaxcala,0.0
2025-09-17,Quintana Roo,0.019047619047619
2025-09-17,Morelos,0.4190476190476191
2025-09-17,Nuevo Leon,0.9142857142857144
2025-09-17,Oaxaca,0.1333333333333333
2025-09-17,Veracruz,0.7238095238095239
2025-09-17,Sinaloa,1.0
2025-09-17,Queretaro De Arteaga,0.035778175313059
2025-09-17,Zacatecas,0.0380952380952381
2025-09-17,Tabasco,0.1523809523809524
2025-09-17,Yucatan,0.0
2025-09-18,Ciudad De Mexico,0.3047619047619048
2025-09-18,Hidalgo,0.2285714285714286
2025-09-18,Aguascalientes,0.019047619047619
2025-09-18,Jalisco,0.380952380952381
2025-09-18,Baja California Sur,0.0380952380952381
2025-09-18,Guanajuato,1.0
2025-09-18,Mexico,0.1714285714285714
2025-09-18,Guerrero,0.5523809523809524
2025-09-18,Baja California,0.8190476190476191
2025-09-18,Durango,0.0380952380952381
2025-09-18,Michoacan,0.8571428571428572
2025-09-18,Campeche,0.1142857142857143
2025-09-18,Coahuila,0.019047619047619
2025-09-18,Chihuahua,0.2285714285714286
2025-09-18,Chiapas,0.0380952380952381
2025-09-18,Colima,0.2476190476190476
2025-09-18,Puebla,0.4571428571428571
2025-09-18,Tabasco,0.1523809523809524
2025-09-18,Tamaulipas,0.2095238095238095
2025-09-18,Zacatecas,0.0380952380952381
2025-09-18,Oaxaca,0.1333333333333333
2025-09-18,Morelos,0.4190476190476191
2025-09-18,Tlaxcala,0.0
2025-09-18,Nuevo Leon,0.9142857142857144
2025-09-18,Nayarit,0.0
2025-09-18,Queretaro De Arteaga,0.035778175313059
2025-09-18,Sonora,0.2857142857142857
2025-09-18,Yucatan,0.0
2025-09-18,Quintana Roo,0.019047619047619
2025-09-18,Veracruz,0.7238095238095239
2025-09-18,Sinaloa,1.0
2025-09-18,San Luis Potosi,0.019047619047619
2025-09-19,Guanajuato,1.0
2025-09-19,Hidalgo,0.2285714285714286
2025-09-19,Colima,0.2476190476190476
2025-09-19,Baja California Sur,0.0380952380952381
2025-09-19,Campeche,0.1142857142857143
2025-09-19,Michoacan,0.8571428571428572
2025-09-19,Chiapas,0.0380952380952381
2025-09-19,Durango,0.0380952380952381
2025-09-19,Guerrero,0.5523809523809524
2025-09-19,Aguascalientes,0.019047619047619
2025-09-19,Mexico,0.1714285714285714
2025-09-19,Chihuahua,0.2285714285714286
2025-09-19,Jalisco,0.380952380952381
2025-09-19,Baja California,0.8190476190476191
2025-09-19,Ciudad De Mexico,0.3047619047619048
2025-09-19,Coahuila,0.019047619047619
2025-09-19,Yucatan,0.0
2025-09-19,Morelos,0.4190476190476191
2025-09-19,Nayarit,0.0
2025-09-19,Sinaloa,1.0
2025-09-19,Sonora,0.2857142857142857
2025-09-19,Nuevo Leon,0.9142857142857144
2025-09-19,Zacatecas,0.0380952380952381
2025-09-19,Tamaulipas,0.2095238095238095
2025-09-19,Tlaxcala,0.0
2025-09-19,Queretaro De Arteaga,0.035778175313059
2025-09-19,Veracruz,0.7238095238095239
2025-09-19,Puebla,0.4571428571428571
2025-09-19,Quintana Roo,0.019047619047619
2025-09-19,Tabasco,0.1523809523809524
2025-09-19,San Luis Potosi,0.019047619047619
2025-09-19,Oaxaca,0.1333333333333333
2025-09-20,Chiapas,0.0380952380952381
2025-09-20,Michoacan,0.8571428571428572
2025-09-20,Guanajuato,1.0
2025-09-20,Mexico,0.1714285714285714
2025-09-20,Baja California,0.8190476190476191
2025-09-20,Colima,0.2476190476190476
2025-09-20,Coahuila,0.019047619047619
2025-09-20,Chihuahua,0.2285714285714286
2025-09-20,Ciudad De Mexico,0.3047619047619048
2025-09-20,Hidalgo,0.2285714285714286
2025-09-20,Durango,0.0380952380952381
2025-09-20,Jalisco,0.380952380952381
2025-09-20,Guerrero,0.5523809523809524
2025-09-20,Baja California Sur,0.0380952380952381
2025-09-20,Campeche,0.1142857142857143
2025-09-20,Aguascalientes,0.019047619047619
2025-09-20,Tabasco,0.1523809523809524
2025-09-20,Zacatecas,0.0380952380952381
2025-09-20,Veracruz,0.7238095238095239
2025-09-20,San Luis Potosi,0.019047619047619
2025-09-20,Yucatan,0.0
2025-09-20,Morelos,0.4190476190476191
2025-09-20,Quintana Roo,0.019047619047619
2025-09-20,Tlaxcala,0.0
2025-09-20,Tamaulipas,0.2095238095238095
2025-09-20,Sinaloa,1.0
2025-09-20,Nuevo Leon,0.9142857142857144
2025-09-20,Queretaro De Arteaga,0.035778175313059
2025-09-20,Oaxaca,0.1333333333333333
2025-09-20,Sonora,0.2857142857142857
2025-09-20,Puebla,0.4571428571428571
2025-09-20,Nayarit,0.0
2025-09-21,Jalisco,0.380952380952381
2025-09-21,Mexico,0.1714285714285714
2025-09-21,Hidalgo,0.2285714285714286
2025-09-21,Baja California,0.8190476190476191
2025-09-21,Durango,0.0380952380952381
2025-09-21,Michoacan,0.8571428571428572
2025-09-21,Baja California Sur,0.0380952380952381
2025-09-21,Ciudad De Mexico,0.3047619047619048
2025-09-21,Chiapas,0.0380952380952381
2025-09-21,Campeche,0.1142857142857143
2025-09-21,Guerrero,0.5523809523809524
2025-09-21,Colima,0.2476190476190476
2025-09-21,Aguascalientes,0.019047619047619
2025-09-21,Coahuila,0.019047619047619
2025-09-21,Chihuahua,0.2285714285714286
2025-09-21,Guanajuato,1.0
2025-09-21,Queretaro De Arteaga,0.035778175313059
2025-09-21,San Luis Potosi,0.019047619047619
2025-09-21,Morelos,0.4190476190476191
2025-09-21,Oaxaca,0.1333333333333333
2025-09-21,Nuevo Leon,0.9142857142857144
2025-09-21,Tlaxcala,0.0
2025-09-21,Sinaloa,1.0
2025-09-21,Zacatecas,0.0380952380952381
2025-09-21,Puebla,0.4571428571428571
2025-09-21,Tabasco,0.1523809523809524
2025-09-21,Nayarit,0.0
2025-09-21,Veracruz,0.7238095238095239
2025-09-21,Sonora,0.2857142857142857
2025-09-21,Quintana Roo,0.019047619047619
2025-09-21,Tamaulipas,0.2095238095238095
2025-09-21,Yucatan,0.0
2025-09-22,Jalisco,0.380952380952381
2025-09-22,Chiapas,0.0380952380952381
2025-09-22,Campeche,0.1142857142857143
2025-09-22,Mexico,0.1714285714285714
2025-09-22,Baja California,0.8190476190476191
2025-09-22,Ciudad De Mexico,0.3047619047619048
2025-09-22,Durango,0.0380952380952381
2025-09-22,Guanajuato,1.0
2025-09-22,Hidalgo,0.2285714285714286
2025-09-22,Michoacan,0.8571428571428572
2025-09-22,Colima,0.2476190476190476
2025-09-22,Guerrero,0.5523809523809524
2025-09-22,Aguascalientes,0.019047619047619
2025-09-22,Coahuila,0.019047619047619
2025-09-22,Baja California Sur,0.0380952380952381
2025-09-22,Chihuahua,0.2285714285714286
2025-09-22,Zacatecas,0.0380952380952381
2025-09-22,Puebla,0.4571428571428571
2025-09-22,Veracruz,0.7238095238095239
2025-09-22,Nuevo Leon,0.9142857142857144
2025-09-22,Tabasco,0.1523809523809524
2025-09-22,Quintana Roo,0.019047619047619
2025-09-22,Morelos,0.4190476190476191
2025-09-22,Yucatan,0.0
2025-09-22,Tlaxcala,0.0
2025-09-22,San Luis Potosi,0.019047619047619
2025-09-22,Queretaro De Arteaga,0.035778175313059
2025-09-22,Sinaloa,1.0
2025-09-22,Nayarit,0.0
2025-09-22,Tamaulipas,0.2095238095238095
2025-09-22,Sonora,0.2857142857142857
2025-09-22,Oaxaca,0.1333333333333333
2025-09-23,Guerrero,0.5523809523809524
2025-09-23,Ciudad De Mexico,0.3047619047619048
2025-09-23,Coahuila,0.019047619047619
2025-09-23,Colima,0.2476190476190476
2025-09-23,Baja California Sur,0.0380952380952381
2025-09-23,Baja California,0.8190476190476191
2025-09-23,Durango,0.0380952380952381
2025-09-23,Mexico,0.1714285714285714
2025-09-23,Campeche,0.1142857142857143
2025-09-23,Chihuahua,0.2285714285714286
2025-09-23,Jalisco,0.380952380952381
2025-09-23,Michoacan,0.8571428571428572
2025-09-23,Aguascalientes,0.019047619047619
2025-09-23,Puebla,0.4571428571428571
2025-09-23,Guanajuato,1.0
2025-09-23,Chiapas,0.0380952380952381
2025-09-23,Zacatecas,0.0380952380952381
2025-09-23,Sinaloa,1.0
2025-09-23,Hidalgo,0.2285714285714286
2025-09-23,Veracruz,0.7238095238095239
2025-09-23,Nayarit,0.0
2025-09-23,Oaxaca,0.1333333333333333
2025-09-23,Tabasco,0.1523809523809524
2025-09-23,Quintana Roo,0.019047619047619
2025-09-23,Queretaro De Arteaga,0.035778175313059
2025-09-23,Morelos,0.4190476190476191
2025-09-23,Nuevo Leon,0.9142857142857144
2025-09-23,Sonora,0.2857142857142857
2025-09-23,Tlaxcala,0.0
2025-09-23,San Luis Potosi,0.019047619047619
2025-09-23,Yucatan,0.0
2025-09-23,Tamaulipas,0.2095238095238095
2025-09-24,Aguascalientes,0.019047619047619
2025-09-24,Hidalgo,0.2285714285714286
2025-09-24,Jalisco,0.380952380952381
2025-09-24,Coahuila,0.019047619047619
2025-09-24,Mexico,0.1714285714285714
2025-09-24,Colima,0.2476190476190476
2025-09-24,Michoacan,0.8571428571428572
2025-09-24,Ciudad De Mexico,0.3047619047619048
2025-09-24,Guanajuato,1.0
2025-09-24,Durango,0.0380952380952381
2025-09-24,Campeche,0.1142857142857143
2025-09-24,Sinaloa,1.0
2025-09-24,Baja California Sur,0.0380952380952381
2025-09-24,Baja California,0.8190476190476191
2025-09-24,Chihuahua,0.2285714285714286
2025-09-24,Guerrero,0.5523809523809524
2025-09-24,Chiapas,0.0380952380952381
2025-09-24,Yucatan,0.0
2025-09-24,Nuevo Leon,0.9142857142857144
2025-09-24,Sonora,0.2857142857142857
2025-09-24,Tlaxcala,0.0
2025-09-24,Tabasco,0.1523809523809524
2025-09-24,Queretaro De Arteaga,0.035778175313059
2025-09-24,Oaxaca,0.1333333333333333
2025-09-24,Tamaulipas,0.2095238095238095
2025-09-24,Puebla,0.4571428571428571
2025-09-24,San Luis Potosi,0.019047619047619
2025-09-24,Veracruz,0.7238095238095239
2025-09-24,Nayarit,0.0
2025-09-24,Quintana Roo,0.019047619047619
2025-09-24,Zacatecas,0.0380952380952381
2025-09-24,Morelos,0.4190476190476191
2025-09-25,Hidalgo,0.2285714285714286
2025-09-25,Jalisco,0.380952380952381
2025-09-25,Ciudad De Mexico,0.3047619047619048
2025-09-25,Guanajuato,1.0
2025-09-25,Queretaro De Arteaga,0.035778175313059
2025-09-25,Mexico,0.1714285714285714
2025-09-25,Baja California Sur,0.0380952380952381
2025-09-25,Coahuila,0.019047619047619
2025-09-25,Chiapas,0.0380952380952381
2025-09-25,Chihuahua,0.2285714285714286
2025-09-25,Guerrero,0.5523809523809524
2025-09-25,Colima,0.2476190476190476
2025-09-25,Durango,0.0380952380952381
2025-09-25,Aguascalientes,0.019047619047619
2025-09-25,Baja California,0.8190476190476191
2025-09-25,Michoacan,0.8571428571428572
2025-09-25,Puebla,0.4571428571428571
2025-09-25,Zacatecas,0.0380952380952381
2025-09-25,Oaxaca,0.1333333333333333
2025-09-25,Veracruz,0.7238095238095239
2025-09-25,Tlaxcala,0.0
2025-09-25,Morelos,0.4190476190476191
2025-09-25,Tamaulipas,0.2095238095238095
2025-09-25,Sonora,0.2857142857142857
2025-09-25,Nayarit,0.0
2025-09-25,Quintana Roo,0.019047619047619
2025-09-25,Nuevo Leon,0.9142857142857144
2025-09-25,San Luis Potosi,0.019047619047619
2025-09-25,Yucatan,0.0
2025-09-25,Tabasco,0.1523809523809524
2025-09-25,Campeche,0.1142857142857143
2025-09-25,Sinaloa,1.0
2025-09-26,Mexico,0.1714285714285714
2025-09-26,Aguascalientes,0.019047619047619
2025-09-26,Ciudad De Mexico,0.3047619047619048
2025-09-26,Guanajuato,1.0
2025-09-26,Hidalgo,0.2285714285714286
2025-09-26,Campeche,0.1142857142857143
2025-09-26,Durango,0.0380952380952381
2025-09-26,Baja California,0.8190476190476191
2025-09-26,Michoacan,0.8571428571428572
2025-09-26,Coahuila,0.019047619047619
2025-09-26,Colima,0.2476190476190476
2025-09-26,Guerrero,0.5523809523809524
2025-09-26,Jalisco,0.380952380952381
2025-09-26,Nayarit,0.0
2025-09-26,Baja California Sur,0.0380952380952381
2025-09-26,Chihuahua,0.2285714285714286
2025-09-26,Quintana Roo,0.019047619047619
2025-09-26,Tlaxcala,0.0
2025-09-26,Tabasco,0.1523809523809524
2025-09-26,Zacatecas,0.0380952380952381
2025-09-26,Puebla,0.4571428571428571
2025-09-26,Chiapas,0.0380952380952381
2025-09-26,Sinaloa,1.0
2025-09-26,Oaxaca,0.1333333333333333
2025-09-26,Nuevo Leon,0.9142857142857144
2025-09-26,Queretaro De Arteaga,0.035778175313059
2025-09-26,Yucatan,0.0
2025-09-26,San Luis Potosi,0.019047619047619
2025-09-26,Sonora,0.2857142857142857
2025-09-26,Tamaulipas,0.2095238095238095
2025-09-26,Veracruz,0.7238095238095239
2025-09-26,Morelos,0.4190476190476191
2025-09-27,Baja California,0.8190476190476191
2025-09-27,Hidalgo,0.2285714285714286
2025-09-27,Baja California Sur,0.0380952380952381
2025-09-27,Jalisco,0.380952380952381
2025-09-27,Coahuila,0.019047619047619
2025-09-27,Guanajuato,1.0
2025-09-27,Colima,0.2476190476190476
2025-09-27,Ciudad De Mexico,0.3047619047619048
2025-09-27,Aguascalientes,0.019047619047619
2025-09-27,Mexico,0.1714285714285714
2025-09-27,Campeche,0.1142857142857143
2025-09-27,Chihuahua,0.2285714285714286
2025-09-27,Chiapas,0.0380952380952381
2025-09-27,Puebla,0.4571428571428571
2025-09-27,Michoacan,0.8571428571428572
2025-09-27,Durango,0.0380952380952381
2025-09-27,Zacatecas,0.0380952380952381
2025-09-27,San Luis Potosi,0.019047619047619
2025-09-27,Nuevo Leon,0.9142857142857144
2025-09-27,Sonora,0.2857142857142857
2025-09-27,Tamaulipas,0.2095238095238095
2025-09-27,Veracruz,0.7238095238095239
2025-09-27,Tabasco,0.1523809523809524
2025-09-27,Guerrero,0.5523809523809524
2025-09-27,Oaxaca,0.1333333333333333
2025-09-27,Yucatan,0.0
2025-09-27,Queretaro De Arteaga,0.035778175313059
2025-09-27,Quintana Roo,0.019047619047619
2025-09-27,Nayarit,0.0
2025-09-27,Tlaxcala,0.0
2025-09-27,Morelos,0.4190476190476191
2025-09-27,Sinaloa,1.0
2025-09-28,Baja California Sur,0.0380952380952381
2025-09-28,Ciudad De Mexico,0.3047619047619048
2025-09-28,Jalisco,0.380952380952381
2025-09-28,Tlaxcala,0.0
2025-09-28,Coahuila,0.019047619047619
2025-09-28,Michoacan,0.8571428571428572
2025-09-28,Durango,0.0380952380952381
2025-09-28,Guerrero,0.5523809523809524
2025-09-28,Guanajuato,1.0
2025-09-28,Baja California,0.8190476190476191
2025-09-28,Chihuahua,0.2285714285714286
2025-09-28,Campeche,0.1142857142857143
2025-09-28,Mexico,0.1714285714285714
2025-09-28,Hidalgo,0.2285714285714286
2025-09-28,Colima,0.2476190476190476
2025-09-28,Chiapas,0.0380952380952381
2025-09-28,Nayarit,0.0
2025-09-28,Sinaloa,1.0
2025-09-28,Nuevo Leon,0.9142857142857144
2025-09-28,Queretaro De Arteaga,0.035778175313059
2025-09-28,Veracruz,0.7238095238095239
2025-09-28,Aguascalientes,0.019047619047619
2025-09-28,Puebla,0.4571428571428571
2025-09-28,Quintana Roo,0.019047619047619
2025-09-28,Yucatan,0.0
2025-09-28,Tabasco,0.1523809523809524
2025-09-28,San Luis Potosi,0.019047619047619
2025-09-28,Sonora,0.2857142857142857
2025-09-28,Tamaulipas,0.2095238095238095
2025-09-28,Morelos,0.4190476190476191
2025-09-28,Oaxaca,0.1333333333333333
2025-09-28,Zacatecas,0.0380952380952381
2025-09-29,Ciudad De Mexico,0.3047619047619048
2025-09-29,Durango,0.0380952380952381
2025-09-29,Chihuahua,0.2285714285714286
2025-09-29,Campeche,0.1142857142857143
2025-09-29,Veracruz,0.7238095238095239
2025-09-29,Chiapas,0.0380952380952381
2025-09-29,Aguascalientes,0.019047619047619
2025-09-29,Mexico,0.1714285714285714
2025-09-29,Coahuila,0.019047619047619
2025-09-29,Baja California Sur,0.0380952380952381
2025-09-29,Michoacan,0.8571428571428572
2025-09-29,Guanajuato,1.0
2025-09-29,Baja California,0.8190476190476191
2025-09-29,Jalisco,0.380952380952381
2025-09-29,Colima,0.2476190476190476
2025-09-29,Guerrero,0.5523809523809524
2025-09-29,Hidalgo,0.2285714285714286
2025-09-29,Tamaulipas,0.2095238095238095
2025-09-29,Nayarit,0.0
2025-09-29,Morelos,0.4190476190476191
2025-09-29,Tabasco,0.1523809523809524
2025-09-29,San Luis Potosi,0.019047619047619
2025-09-29,Oaxaca,0.1333333333333333
2025-09-29,Nuevo Leon,0.9142857142857144
2025-09-29,Yucatan,0.0
2025-09-29,Puebla,0.4571428571428571
2025-09-29,Sinaloa,1.0
2025-09-29,Zacatecas,0.0380952380952381
2025-09-29,Quintana Roo,0.019047619047619
2025-09-29,Queretaro De Arteaga,0.035778175313059
2025-09-29,Sonora,0.2857142857142857
2025-09-29,Tlaxcala,0.0
2025-09-30,Guanajuato,1.0
2025-09-30,Michoacan,0.8571428571428572
2025-09-30,Aguascalientes,0.019047619047619
2025-09-30,Baja California Sur,0.0380952380952381
2025-09-30,Hidalgo,0.2285714285714286
2025-09-30,Ciudad De Mexico,0.3047619047619048
2025-09-30,Guerrero,0.5523809523809524
2025-09-30,Baja California,0.8190476190476191
2025-09-30,Durango,0.0380952380952381
2025-09-30,Chihuahua,0.2285714285714286
2025-09-30,Colima,0.2476190476190476
2025-09-30,Jalisco,0.380952380952381
2025-09-30,Chiapas,0.0380952380952381
2025-09-30,San Luis Potosi,0.019047619047619
2025-09-30,Coahuila,0.019047619047619
2025-09-30,Campeche,0.1142857142857143
2025-09-30,Yucatan,0.0
2025-09-30,Zacatecas,0.0380952380952381
2025-09-30,Tlaxcala,0.0
2025-09-30,Mexico,0.1714285714285714
2025-09-30,Sinaloa,1.0
2025-09-30,Queretaro De Arteaga,0.035778175313059
2025-09-30,Quintana Roo,0.019047619047619
2025-09-30,Nuevo Leon,0.9142857142857144
2025-09-30,Puebla,0.4571428571428571
2025-09-30,Tamaulipas,0.2095238095238095
2025-09-30,Morelos,0.4190476190476191
2025-09-30,Nayarit,0.0
2025-09-30,Oaxaca,0.1333333333333333
2025-09-30,Tabasco,0.1523809523809524
2025-09-30,Veracruz,0.7238095238095239
2025-09-30,Sonora,0.2857142857142857
2025-10-01,Baja California,0.8228980322003581
2025-10-01,Colima,0.3220035778175314
2025-10-01,Chiapas,0.0536672629695885
2025-10-01,Jalisco,0.3398926654740609
2025-10-01,Campeche,0.0178890876565295
2025-10-01,Guanajuato,1.0
2025-10-01,Coahuila,0.0178890876565295
2025-10-01,Guerrero,0.447227191413238
2025-10-01,Durango,0.0536672629695885
2025-10-01,Michoacan,0.7155635062611809
2025-10-01,Aguascalientes,0.0
2025-10-01,Ciudad De Mexico,0.3220035778175314
2025-10-01,Mexico,0.1967799642218247
2025-10-01,Baja California Sur,0.0
2025-10-01,Zacatecas,0.0178890876565295
2025-10-01,Hidalgo,0.071556350626118
2025-10-01,Tlaxcala,0.0178890876565295
2025-10-01,Yucatan,0.0
2025-10-01,Queretaro De Arteaga,0.035778175313059
2025-10-01,San Luis Potosi,0.0
2025-10-01,Tamaulipas,0.1431127012522361
2025-10-01,Nayarit,0.035778175313059
2025-10-01,Puebla,0.5008944543828266
2025-10-01,Sinaloa,1.0
2025-10-01,Oaxaca,0.071556350626118
2025-10-01,Chihuahua,0.3041144901610019
2025-10-01,Nuevo Leon,0.5903398926654743
2025-10-01,Morelos,0.3398926654740609
2025-10-01,Sonora,0.4293381037567085
2025-10-01,Veracruz,0.447227191413238
2025-10-01,Tabasco,0.1252236135957066
2025-10-01,Quintana Roo,0.071556350626118
2025-10-02,Durango,0.0536672629695885
2025-10-02,Chihuahua,0.3041144901610019
2025-10-02,Colima,0.3220035778175314
2025-10-02,Baja California Sur,0.0
2025-10-02,Aguascalientes,0.0
2025-10-02,Campeche,0.0178890876565295
2025-10-02,Ciudad De Mexico,0.3220035778175314
2025-10-02,Oaxaca,0.071556350626118
2025-10-02,Hidalgo,0.071556350626118
2025-10-02,Guerrero,0.447227191413238
2025-10-02,Guanajuato,1.0
2025-10-02,Baja California,0.8228980322003581
2025-10-02,Coahuila,0.0178890876565295
2025-10-02,Michoacan,0.7155635062611809
2025-10-02,Mexico,0.1967799642218247
2025-10-02,Chiapas,0.0536672629695885
2025-10-02,Tamaulipas,0.1431127012522361
2025-10-02,Queretaro De Arteaga,0.035778175313059
2025-10-02,Nayarit,0.035778175313059
2025-10-02,Yucatan,0.0
2025-10-02,Nuevo Leon,0.5903398926654743
2025-10-02,Puebla,0.5008944543828266
2025-10-02,Jalisco,0.3398926654740609
2025-10-02,Tabasco,0.1252236135957066
2025-10-02,Zacatecas,0.0178890876565295
2025-10-02,Tlaxcala,0.0178890876565295
2025-10-02,San Luis Potosi,0.0
2025-10-02,Sonora,0.4293381037567085
2025-10-02,Sinaloa,1.0
2025-10-02,Quintana Roo,0.071556350626118
2025-10-02,Morelos,0.3398926654740609
2025-10-02,Veracruz,0.447227191413238
2025-10-03,Chiapas,0.0536672629695885
2025-10-03,Coahuila,0.0178890876565295
2025-10-03,Chihuahua,0.3041144901610019
2025-10-03,Campeche,0.0178890876565295
2025-10-03,Sinaloa,1.0
2025-10-03,Guanajuato,1.0
2025-10-03,Baja California,0.8228980322003581
2025-10-03,Aguascalientes,0.0
2025-10-03,Mexico,0.1967799642218247
2025-10-03,Durango,0.0536672629695885
2025-10-03,Baja California Sur,0.0
2025-10-03,Guerrero,0.447227191413238
2025-10-03,Ciudad De Mexico,0.3220035778175314
2025-10-03,Jalisco,0.3398926654740609
2025-10-03,Michoacan,0.7155635062611809
2025-10-03,Colima,0.3220035778175314
2025-10-03,Nayarit,0.035778175313059
2025-10-03,Oaxaca,0.071556350626118
2025-10-03,Nuevo Leon,0.5903398926654743
2025-10-03,Yucatan,0.0
2025-10-03,Morelos,0.3398926654740609
2025-10-03,Zacatecas,0.0178890876565295
2025-10-03,Sonora,0.4293381037567085
2025-10-03,Puebla,0.5008944543828266
2025-10-03,Queretaro De Arteaga,0.035778175313059
2025-10-03,Hidalgo,0.071556350626118
2025-10-03,Veracruz,0.447227191413238
2025-10-03,Tamaulipas,0.1431127012522361
2025-10-03,Tlaxcala,0.0178890876565295
2025-10-03,Tabasco,0.1252236135957066
2025-10-03,San Luis Potosi,0.0
2025-10-03,Quintana Roo,0.071556350626118
2025-10-04,Ciudad De Mexico,0.3220035778175314
2025-10-04,Colima,0.3220035778175314
2025-10-04,Campeche,0.0178890876565295
2025-10-04,Coahuila,0.0178890876565295
2025-10-04,Chihuahua,0.3041144901610019
2025-10-04,Hidalgo,0.071556350626118
2025-10-04,Baja California,0.8228980322003581
2025-10-04,Chiapas,0.0536672629695885
2025-10-04,Durango,0.0536672629695885
2025-10-04,Yucatan,0.0
2025-10-04,Aguascalientes,0.0
2025-10-04,Michoacan,0.7155635062611809
2025-10-04,Guerrero,0.447227191413238
2025-10-04,Jalisco,0.3398926654740609
2025-10-04,Mexico,0.1967799642218247
2025-10-04,Baja California Sur,0.0
2025-10-04,San Luis Potosi,0.0
2025-10-04,Oaxaca,0.071556350626118
2025-10-04,Sonora,0.4293381037567085
2025-10-04,Nuevo Leon,0.5903398926654743
2025-10-04,Queretaro De Arteaga,0.035778175313059
2025-10-04,Veracruz,0.447227191413238
2025-10-04,Tlaxcala,0.0178890876565295
2025-10-04,Guanajuato,1.0
2025-10-04,Tabasco,0.1252236135957066
2025-10-04,Puebla,0.5008944543828266
2025-10-04,Morelos,0.3398926654740609
2025-10-04,Quintana Roo,0.071556350626118
2025-10-04,Tamaulipas,0.1431127012522361
2025-10-04,Sinaloa,1.0
2025-10-04,Zacatecas,0.0178890876565295
2025-10-04,Nayarit,0.035778175313059
2025-10-05,Baja California,0.8228980322003581
2025-10-05,Jalisco,0.3398926654740609
2025-10-05,Guanajuato,1.0
2025-10-05,Chihuahua,0.3041144901610019
2025-10-05,Zacatecas,0.0178890876565295
2025-10-05,Coahuila,0.0178890876565295
2025-10-05,Guerrero,0.447227191413238
2025-10-05,Michoacan,0.7155635062611809
2025-10-05,Durango,0.0536672629695885
2025-10-05,Colima,0.3220035778175314
2025-10-05,Mexico,0.1967799642218247
2025-10-05,Chiapas,0.0536672629695885
2025-10-05,Hidalgo,0.071556350626118
2025-10-05,Baja California Sur,0.0
2025-10-05,Campeche,0.0178890876565295
2025-10-05,Ciudad De Mexico,0.3220035778175314
2025-10-05,Tabasco,0.1252236135957066
2025-10-05,Queretaro De Arteaga,0.035778175313059
2025-10-05,Nuevo Leon,0.5903398926654743
2025-10-05,San Luis Potosi,0.0
2025-10-05,Tamaulipas,0.1431127012522361
2025-10-05,Veracruz,0.447227191413238
2025-10-05,Morelos,0.3398926654740609
2025-10-05,Quintana Roo,0.071556350626118
2025-10-05,Oaxaca,0.071556350626118
2025-10-05,Sinaloa,1.0
2025-10-05,Aguascalientes,0.0
2025-10-05,Puebla,0.5008944543828266
2025-10-05,Tlaxcala,0.0178890876565295
2025-10-05,Sonora,0.4293381037567085
2025-10-05,Nayarit,0.035778175313059
2025-10-05,Yucatan,0.0
2025-10-06,Guanajuato,1.0
2025-10-06,Aguascalientes,0.0
2025-10-06,Coahuila,0.0178890876565295
2025-10-06,Michoacan,0.7155635062611809
2025-10-06,Colima,0.3220035778175314
2025-10-06,Hidalgo,0.071556350626118
2025-10-06,Campeche,0.0178890876565295
2025-10-06,Chiapas,0.0536672629695885
2025-10-06,Baja California,0.8228980322003581
2025-10-06,Chihuahua,0.3041144901610019
2025-10-06,Durango,0.0536672629695885
2025-10-06,Quintana Roo,0.071556350626118
2025-10-06,Mexico,0.1967799642218247
2025-10-06,Ciudad De Mexico,0.3220035778175314
2025-10-06,Baja California Sur,0.0
2025-10-06,Guerrero,0.447227191413238
2025-10-06,Nayarit,0.035778175313059
2025-10-06,Oaxaca,0.071556350626118
2025-10-06,Tabasco,0.1252236135957066
2025-10-06,Yucatan,0.0
2025-10-06,Queretaro De Arteaga,0.035778175313059
2025-10-06,San Luis Potosi,0.0
2025-10-06,Tlaxcala,0.0178890876565295
2025-10-06,Puebla,0.5008944543828266
2025-10-06,Sonora,0.4293381037567085
2025-10-06,Nuevo Leon,0.5903398926654743
2025-10-06,Morelos,0.3398926654740609
2025-10-06,Veracruz,0.447227191413238
2025-10-06,Zacatecas,0.0178890876565295
2025-10-06,Tamaulipas,0.1431127012522361
2025-10-06,Jalisco,0.3398926654740609
2025-10-06,Sinaloa,1.0
2025-10-07,Aguascalientes,0.0
2025-10-07,Chiapas,0.0536672629695885
2025-10-07,Colima,0.3220035778175314
2025-10-07,Ciudad De Mexico,0.3220035778175314
2025-10-07,Coahuila,0.0178890876565295
2025-10-07,Baja California,0.8228980322003581
2025-10-07,Chihuahua,0.3041144901610019
2025-10-07,Campeche,0.0178890876565295
2025-10-07,Durango,0.0536672629695885
2025-10-07,Hidalgo,0.071556350626118
2025-10-07,Michoacan,0.7155635062611809
2025-10-07,Jalisco,0.3398926654740609
2025-10-07,Baja California Sur,0.0
2025-10-07,Guerrero,0.447227191413238
2025-10-07,Guanajuato,1.0
2025-10-07,Mexico,0.1967799642218247
2025-10-07,Puebla,0.5008944543828266
2025-10-07,Tabasco,0.1252236135957066
2025-10-07,Morelos,0.3398926654740609
2025-10-07,Oaxaca,0.071556350626118
2025-10-07,Sinaloa,1.0
2025-10-07,Veracruz,0.447227191413238
2025-10-07,Tamaulipas,0.1431127012522361
2025-10-07,Quintana Roo,0.071556350626118
2025-10-07,Nuevo Leon,0.5903398926654743
2025-10-07,Zacatecas,0.0178890876565295
2025-10-07,Nayarit,0.035778175313059
2025-10-07,Sonora,0.4293381037567085
2025-10-07,San Luis Potosi,0.0
2025-10-07,Yucatan,0.0
2025-10-07,Queretaro De Arteaga,0.035778175313059
2025-10-07,Tlaxcala,0.0178890876565295
2025-10-08,Baja California,0.8228980322003581
2025-10-08,Aguascalientes,0.0
2025-10-08,Colima,0.3220035778175314
2025-10-08,Morelos,0.3398926654740609
2025-10-08,Mexico,0.1967799642218247
2025-10-08,Ciudad De Mexico,0.3220035778175314
2025-10-08,Hidalgo,0.071556350626118
2025-10-08,Chiapas,0.0536672629695885
2025-10-08,Baja California Sur,0.0
2025-10-08,Jalisco,0.3398926654740609
2025-10-08,Guerrero,0.447227191413238
2025-10-08,Guanajuato,1.0
2025-10-08,Coahuila,0.0178890876565295
2025-10-08,Durango,0.0536672629695885
2025-10-08,Chihuahua,0.3041144901610019
2025-10-08,Campeche,0.0178890876565295
2025-10-08,Yucatan,0.0
2025-10-08,Tabasco,0.1252236135957066
2025-10-08,Tlaxcala,0.0178890876565295
2025-10-08,Tamaulipas,0.1431127012522361
2025-10-08,Nayarit,0.035778175313059
2025-10-08,Zacatecas,0.0178890876565295
2025-10-08,Puebla,0.5008944543828266
2025-10-08,Oaxaca,0.071556350626118
2025-10-08,Quintana Roo,0.071556350626118
2025-10-08,Sonora,0.4293381037567085
2025-10-08,San Luis Potosi,0.0
2025-10-08,Veracruz,0.447227191413238
2025-10-08,Sinaloa,1.0
2025-10-08,Michoacan,0.7155635062611809
2025-10-08,Nuevo Leon,0.5903398926654743
2025-10-08,Queretaro De Arteaga,0.035778175313059
2025-10-09,Baja California Sur,0.0
2025-10-09,Chihuahua,0.3041144901610019
2025-10-09,Guerrero,0.447227191413238
2025-10-09,Ciudad De Mexico,0.3220035778175314
2025-10-09,Colima,0.3220035778175314
2025-10-09,Aguascalientes,0.0
2025-10-09,Campeche,0.0178890876565295
2025-10-09,Chiapas,0.0536672629695885
2025-10-09,Michoacan,0.7155635062611809
2025-10-09,Mexico,0.1967799642218247
2025-10-09,Durango,0.0536672629695885
2025-10-09,Baja California,0.8228980322003581
2025-10-09,Jalisco,0.3398926654740609
2025-10-09,Coahuila,0.0178890876565295
2025-10-09,Hidalgo,0.071556350626118
2025-10-09,Guanajuato,1.0
2025-10-09,Nayarit,0.035778175313059
2025-10-09,Quintana Roo,0.071556350626118
2025-10-09,Zacatecas,0.0178890876565295
2025-10-09,San Luis Potosi,0.0
2025-10-09,Morelos,0.3398926654740609
2025-10-09,Tlaxcala,0.0178890876565295
2025-10-09,Queretaro De Arteaga,0.035778175313059
2025-10-09,Yucatan,0.0
2025-10-09,Nuevo Leon,0.5903398926654743
2025-10-09,Oaxaca,0.071556350626118
2025-10-09,Sinaloa,1.0
2025-10-09,Puebla,0.5008944543828266
2025-10-09,Veracruz,0.447227191413238
2025-10-09,Sonora,0.4293381037567085
2025-10-09,Tabasco,0.1252236135957066
2025-10-09,Tamaulipas,0.1431127012522361
2025-10-10,Jalisco,0.3398926654740609
2025-10-10,Chihuahua,0.3041144901610019
2025-10-10,Guerrero,0.447227191413238
2025-10-10,Colima,0.3220035778175314
2025-10-10,Hidalgo,0.071556350626118
2025-10-10,Guanajuato,1.0
2025-10-10,Chiapas,0.0536672629695885
2025-10-10,Ciudad De Mexico,0.3220035778175314
2025-10-10,Aguascalientes,0.0
2025-10-10,Campeche,0.0178890876565295
2025-10-10,Baja California,0.8228980322003581
2025-10-10,Mexico,0.1967799642218247
2025-10-10,Coahuila,0.0178890876565295
2025-10-10,Michoacan,0.7155635062611809
2025-10-10,Durango,0.0536672629695885
2025-10-10,Baja California Sur,0.0
2025-10-10,Tamaulipas,0.1431127012522361
2025-10-10,Tlaxcala,0.0178890876565295
2025-10-10,Puebla,0.5008944543828266
2025-10-10,Oaxaca,0.071556350626118
2025-10-10,San Luis Potosi,0.0
2025-10-10,Nuevo Leon,0.5903398926654743
2025-10-10,Tabasco,0.1252236135957066
2025-10-10,Quintana Roo,0.071556350626118
2025-10-10,Nayarit,0.035778175313059
2025-10-10,Queretaro De Arteaga,0.035778175313059
2025-10-10,Sonora,0.4293381037567085
2025-10-10,Zacatecas,0.0178890876565295
2025-10-10,Sinaloa,1.0
2025-10-10,Veracruz,0.447227191413238
2025-10-10,Yucatan,0.0
2025-10-10,Morelos,0.3398926654740609
2025-10-11,Michoacan,0.7155635062611809
2025-10-11,Jalisco,0.3398926654740609
2025-10-11,Ciudad De Mexico,0.3220035778175314
2025-10-11,Guerrero,0.447227191413238
2025-10-11,Guanajuato,1.0
2025-10-11,Chihuahua,0.3041144901610019
2025-10-11,Chiapas,0.0536672629695885
2025-10-11,Campeche,0.0178890876565295
2025-10-11,Aguascalientes,0.0
2025-10-11,Colima,0.3220035778175314
2025-10-11,Mexico,0.1967799642218247
2025-10-11,Baja California Sur,0.0
2025-10-11,Coahuila,0.0178890876565295
2025-10-11,Durango,0.0536672629695885
2025-10-11,Baja California,0.8228980322003581
2025-10-11,Hidalgo,0.071556350626118
2025-10-11,Sonora,0.4293381037567085
2025-10-11,Sinaloa,1.0
2025-10-11,Quintana Roo,0.071556350626118
2025-10-11,Tabasco,0.1252236135957066
2025-10-11,Nuevo Leon,0.5903398926654743
2025-10-11,Veracruz,0.447227191413238
2025-10-11,Zacatecas,0.0178890876565295
2025-10-11,Yucatan,0.0
2025-10-11,Puebla,0.5008944543828266
2025-10-11,Tlaxcala,0.0178890876565295
2025-10-11,Morelos,0.3398926654740609
2025-10-11,Oaxaca,0.071556350626118
2025-10-11,San Luis Potosi,0.0
2025-10-11,Queretaro De Arteaga,0.035778175313059
2025-10-11,Nayarit,0.035778175313059
2025-10-11,Tamaulipas,0.1431127012522361
2025-10-12,Ciudad De Mexico,0.3220035778175314
2025-10-12,Baja California Sur,0.0
2025-10-12,Campeche,0.0178890876565295
2025-10-12,Michoacan,0.7155635062611809
2025-10-12,Guerrero,0.447227191413238
2025-10-12,Chihuahua,0.3041144901610019
2025-10-12,Hidalgo,0.071556350626118
2025-10-12,Jalisco,0.3398926654740609
2025-10-12,Guanajuato,1.0
2025-10-12,Colima,0.3220035778175314
2025-10-12,Durango,0.0536672629695885
2025-10-12,Aguascalientes,0.0
2025-10-12,Coahuila,0.0178890876565295
2025-10-12,Baja California,0.8228980322003581
2025-10-12,Mexico,0.1967799642218247
2025-10-12,Chiapas,0.0536672629695885
2025-10-12,Puebla,0.5008944543828266
2025-10-12,Tamaulipas,0.1431127012522361
2025-10-12,Nayarit,0.035778175313059
2025-10-12,Yucatan,0.0
2025-10-12,Zacatecas,0.0178890876565295
2025-10-12,San Luis Potosi,0.0
2025-10-12,Queretaro De Arteaga,0.035778175313059
2025-10-12,Tlaxcala,0.0178890876565295
2025-10-12,Veracruz,0.447227191413238
2025-10-12,Oaxaca,0.071556350626118
2025-10-12,Sonora,0.4293381037567085
2025-10-12,Morelos,0.3398926654740609
2025-10-12,Quintana Roo,0.071556350626118
2025-10-12,Nuevo Leon,0.5903398926654743
2025-10-12,Sinaloa,1.0
2025-10-12,Tabasco,0.1252236135957066
2025-10-13,Coahuila,0.0178890876565295
2025-10-13,Baja California,0.8228980322003581
2025-10-13,Aguascalientes,0.0
2025-10-13,Mexico,0.1967799642218247
2025-10-13,Hidalgo,0.071556350626118
2025-10-13,Guerrero,0.447227191413238
2025-10-13,Baja California Sur,0.0
2025-10-13,Campeche,0.0178890876565295
2025-10-13,Chiapas,0.0536672629695885
2025-10-13,Colima,0.3220035778175314
2025-10-13,Jalisco,0.3398926654740609
2025-10-13,Guanajuato,1.0
2025-10-13,Durango,0.0536672629695885
2025-10-13,Ciudad De Mexico,0.3220035778175314
2025-10-13,Chihuahua,0.3041144901610019
2025-10-13,Michoacan,0.7155635062611809
2025-10-13,Zacatecas,0.0178890876565295
2025-10-13,Queretaro De Arteaga,0.035778175313059
2025-10-13,Tabasco,0.1252236135957066
2025-10-13,San Luis Potosi,0.0
2025-10-13,Oaxaca,0.071556350626118
2025-10-13,Tamaulipas,0.1431127012522361
2025-10-13,Nuevo Leon,0.5903398926654743
2025-10-13,Puebla,0.5008944543828266
2025-10-13,Nayarit,0.035778175313059
2025-10-13,Quintana Roo,0.071556350626118
2025-10-13,Tlaxcala,0.0178890876565295
2025-10-13,Yucatan,0.0
2025-10-13,Veracruz,0.447227191413238
2025-10-13,Sonora,0.4293381037567085
2025-10-13,Morelos,0.3398926654740609
2025-10-13,Sinaloa,1.0
2025-10-14,Guanajuato,1.0
2025-10-14,Baja California Sur,0.0
2025-10-14,Chiapas,0.0536672629695885
2025-10-14,Hidalgo,0.071556350626118
2025-10-14,Durango,0.0536672629695885
2025-10-14,Ciudad De Mexico,0.3220035778175314
2025-10-14,Colima,0.3220035778175314
2025-10-14,Michoacan,0.7155635062611809
2025-10-14,Aguascalientes,0.0
2025-10-14,Guerrero,0.447227191413238
2025-10-14,Jalisco,0.3398926654740609
2025-10-14,Campeche,0.0178890876565295
2025-10-14,Coahuila,0.0178890876565295
2025-10-14,Baja California,0.8228980322003581
2025-10-14,Chihuahua,0.3041144901610019
2025-10-14,Mexico,0.1967799642218247
2025-10-14,Morelos,0.3398926654740609
2025-10-14,Tabasco,0.1252236135957066
2025-10-14,Yucatan,0.0
2025-10-14,Sinaloa,1.0
2025-10-14,Oaxaca,0.071556350626118
2025-10-14,Nayarit,0.035778175313059
2025-10-14,San Luis Potosi,0.0
2025-10-14,Puebla,0.5008944543828266
2025-10-14,Zacatecas,0.0178890876565295
2025-10-14,Nuevo Leon,0.5903398926654743
2025-10-14,Veracruz,0.447227191413238
2025-10-14,Tamaulipas,0.1431127012522361
2025-10-14,Quintana Roo,0.071556350626118
2025-10-14,Sonora,0.4293381037567085
2025-10-14,Queretaro De Arteaga,0.035778175313059
2025-10-14,Tlaxcala,0.0178890876565295
2025-10-15,Colima,0.3220035778175314
2025-10-15,Baja California,0.8228980322003581
2025-10-15,Guanajuato,1.0
2025-10-15,Durango,0.0536672629695885
2025-10-15,Chiapas,0.0536672629695885
2025-10-15,Baja California Sur,0.0
2025-10-15,Aguascalientes,0.0
2025-10-15,Mexico,0.1967799642218247
2025-10-15,Guerrero,0.447227191413238
2025-10-15,Campeche,0.0178890876565295
2025-10-15,Hidalgo,0.071556350626118
2025-10-15,Jalisco,0.3398926654740609
2025-10-15,Ciudad De Mexico,0.3220035778175314
2025-10-15,Michoacan,0.7155635062611809
2025-10-15,Coahuila,0.0178890876565295
2025-10-15,Chihuahua,0.3041144901610019
2025-10-15,Tamaulipas,0.1431127012522361
2025-10-15,Morelos,0.3398926654740609
2025-10-15,Sinaloa,1.0
2025-10-15,Oaxaca,0.071556350626118
2025-10-15,Puebla,0.5008944543828266
2025-10-15,Sonora,0.4293381037567085
2025-10-15,Nayarit,0.035778175313059
2025-10-15,Tabasco,0.1252236135957066
2025-10-15,San Luis Potosi,0.0
2025-10-15,Nuevo Leon,0.5903398926654743
2025-10-15,Yucatan,0.0
2025-10-15,Zacatecas,0.0178890876565295
2025-10-15,Tlaxcala,0.0178890876565295
2025-10-15,Veracruz,0.447227191413238
2025-10-15,Quintana Roo,0.071556350626118
2025-10-15,Queretaro De Arteaga,0.035778175313059
2025-10-16,Guerrero,0.447227191413238
2025-10-16,Baja California Sur,0.0
2025-10-16,Ciudad De Mexico,0.3220035778175314
2025-10-16,Guanajuato,1.0
2025-10-16,Baja California,0.8228980322003581
2025-10-16,Jalisco,0.3398926654740609
2025-10-16,Aguascalientes,0.0
2025-10-16,Chiapas,0.0536672629695885
2025-10-16,Campeche,0.0178890876565295
2025-10-16,Colima,0.3220035778175314
2025-10-16,Mexico,0.1967799642218247
2025-10-16,Coahuila,0.0178890876565295
2025-10-16,Chihuahua,0.3041144901610019
2025-10-16,Durango,0.0536672629695885
2025-10-16,Michoacan,0.7155635062611809
2025-10-16,Hidalgo,0.071556350626118
2025-10-16,Nayarit,0.035778175313059
2025-10-16,Puebla,0.5008944543828266
2025-10-16,Yucatan,0.0
2025-10-16,Oaxaca,0.071556350626118
2025-10-16,San Luis Potosi,0.0
2025-10-16,Queretaro De Arteaga,0.035778175313059
2025-10-16,Tlaxcala,0.0178890876565295
2025-10-16,Nuevo Leon,0.5903398926654743
2025-10-16,Tamaulipas,0.1431127012522361
2025-10-16,Morelos,0.3398926654740609
2025-10-16,Zacatecas,0.0178890876565295
2025-10-16,Quintana Roo,0.071556350626118
2025-10-16,Veracruz,0.447227191413238
2025-10-16,Sonora,0.4293381037567085
2025-10-16,Sinaloa,1.0
2025-10-16,Tabasco,0.1252236135957066
2025-10-17,Chiapas,0.0536672629695885
2025-10-17,Jalisco,0.3398926654740609
2025-10-17,Aguascalientes,0.0
2025-10-17,Baja California Sur,0.0
2025-10-17,Chihuahua,0.3041144901610019
2025-10-17,Hidalgo,0.071556350626118
2025-10-17,Coahuila,0.0178890876565295
2025-10-17,Michoacan,0.7155635062611809
2025-10-17,Mexico,0.1967799642218247
2025-10-17,Colima,0.3220035778175314
2025-10-17,Campeche,0.0178890876565295
2025-10-17,Ciudad De Mexico,0.3220035778175314
2025-10-17,Baja California,0.8228980322003581
2025-10-17,Durango,0.0536672629695885
2025-10-17,Guanajuato,1.0
2025-10-17,Guerrero,0.447227191413238
2025-10-17,Morelos,0.3398926654740609
2025-10-17,Sinaloa,1.0
2025-10-17,Nayarit,0.035778175313059
2025-10-17,Zacatecas,0.0178890876565295
2025-10-17,Veracruz,0.447227191413238
2025-10-17,San Luis Potosi,0.0
2025-10-17,Queretaro De Arteaga,0.035778175313059
2025-10-17,Sonora,0.4293381037567085
2025-10-17,Tamaulipas,0.1431127012522361
2025-10-17,Oaxaca,0.071556350626118
2025-10-17,Tabasco,0.1252236135957066
2025-10-17,Nuevo Leon,0.5903398926654743
2025-10-17,Yucatan,0.0
2025-10-17,Puebla,0.5008944543828266
2025-10-17,Quintana Roo,0.071556350626118
2025-10-17,Tlaxcala,0.0178890876565295
2025-10-18,Chiapas,0.0536672629695885
2025-10-18,Coahuila,0.0178890876565295
2025-10-18,Michoacan,0.7155635062611809
2025-10-18,Baja California,0.8228980322003581
2025-10-18,Campeche,0.0178890876565295
2025-10-18,Hidalgo,0.071556350626118
2025-10-18,Colima,0.3220035778175314
2025-10-18,Ciudad De Mexico,0.3220035778175314
2025-10-18,Mexico,0.1967799642218247
2025-10-18,Guerrero,0.447227191413238
2025-10-18,Aguascalientes,0.0
2025-10-18,Jalisco,0.3398926654740609
2025-10-18,Chihuahua,0.3041144901610019
2025-10-18,Baja California Sur,0.0
2025-10-18,Durango,0.0536672629695885
2025-10-18,Guanajuato,1.0
2025-10-18,Queretaro De Arteaga,0.035778175313059
2025-10-18,Oaxaca,0.071556350626118
2025-10-18,Sonora,0.4293381037567085
2025-10-18,Tlaxcala,0.0178890876565295
2025-10-18,Tamaulipas,0.1431127012522361
2025-10-18,Sinaloa,1.0
2025-10-18,Zacatecas,0.0178890876565295
2025-10-18,Nayarit,0.035778175313059
2025-10-18,San Luis Potosi,0.0
2025-10-18,Quintana Roo,0.071556350626118
2025-10-18,Tabasco,0.1252236135957066
2025-10-18,Puebla,0.5008944543828266
2025-10-18,Veracruz,0.447227191413238
2025-10-18,Nuevo Leon,0.5903398926654743
2025-10-18,Morelos,0.3398926654740609
2025-10-18,Yucatan,0.0
2025-10-19,Chiapas,0.0536672629695885
2025-10-19,Jalisco,0.3398926654740609
2025-10-19,Michoacan,0.7155635062611809
2025-10-19,Baja California,0.8228980322003581
2025-10-19,Aguascalientes,0.0
2025-10-19,Chihuahua,0.3041144901610019
2025-10-19,Colima,0.3220035778175314
2025-10-19,Hidalgo,0.071556350626118
2025-10-19,Durango,0.0536672629695885
2025-10-19,Guanajuato,1.0
2025-10-19,Mexico,0.1967799642218247
2025-10-19,Baja California Sur,0.0
2025-10-19,Ciudad De Mexico,0.3220035778175314
2025-10-19,Guerrero,0.447227191413238
2025-10-19,Coahuila,0.0178890876565295
2025-10-19,Campeche,0.0178890876565295
2025-10-19,Sinaloa,1.0
2025-10-19,Tabasco,0.1252236135957066
2025-10-19,Veracruz,0.447227191413238
2025-10-19,San Luis Potosi,0.0
2025-10-19,Nuevo Leon,0.5903398926654743
2025-10-19,Sonora,0.4293381037567085
2025-10-19,Oaxaca,0.071556350626118
2025-10-19,Morelos,0.3398926654740609
2025-10-19,Zacatecas,0.0178890876565295
2025-10-19,Tamaulipas,0.1431127012522361
2025-10-19,Tlaxcala,0.0178890876565295
2025-10-19,Queretaro De Arteaga,0.035778175313059
2025-10-19,Nayarit,0.035778175313059
2025-10-19,Puebla,0.5008944543828266
2025-10-19,Yucatan,0.0
2025-10-19,Quintana Roo,0.071556350626118
2025-10-20,Jalisco,0.3398926654740609
2025-10-20,Aguascalientes,0.0
2025-10-20,Michoacan,0.7155635062611809
2025-10-20,Baja California,0.8228980322003581
2025-10-20,Chihuahua,0.3041144901610019
2025-10-20,Campeche,0.0178890876565295
2025-10-20,Coahuila,0.0178890876565295
2025-10-20,Ciudad De Mexico,0.3220035778175314
2025-10-20,Guerrero,0.447227191413238
2025-10-20,Hidalgo,0.071556350626118
2025-10-20,Chiapas,0.0536672629695885
2025-10-20,Colima,0.3220035778175314
2025-10-20,Baja California Sur,0.0
2025-10-20,Mexico,0.1967799642218247
2025-10-20,Durango,0.0536672629695885
2025-10-20,Guanajuato,1.0
2025-10-20,Yucatan,0.0
2025-10-20,Veracruz,0.447227191413238
2025-10-20,Nayarit,0.035778175313059
2025-10-20,San Luis Potosi,0.0
2025-10-20,Nuevo Leon,0.5903398926654743
2025-10-20,Quintana Roo,0.071556350626118
2025-10-20,Sinaloa,1.0
2025-10-20,Morelos,0.3398926654740609
2025-10-20,Tabasco,0.1252236135957066
2025-10-20,Puebla,0.5008944543828266
2025-10-20,Zacatecas,0.0178890876565295
2025-10-20,Tlaxcala,0.0178890876565295
2025-10-20,Sonora,0.4293381037567085
2025-10-20,Queretaro De Arteaga,0.035778175313059
2025-10-20,Oaxaca,0.071556350626118
2025-10-20,Tamaulipas,0.1431127012522361
2025-10-21,Colima,0.3220035778175314
2025-10-21,Jalisco,0.3398926654740609
2025-10-21,Aguascalientes,0.0
2025-10-21,Baja California,0.8228980322003581
2025-10-21,Ciudad De Mexico,0.3220035778175314
2025-10-21,Hidalgo,0.071556350626118
2025-10-21,Campeche,0.0178890876565295
2025-10-21,Coahuila,0.0178890876565295
2025-10-21,Chihuahua,0.3041144901610019
2025-10-21,Chiapas,0.0536672629695885
2025-10-21,Durango,0.0536672629695885
2025-10-21,Guerrero,0.447227191413238
2025-10-21,Michoacan,0.7155635062611809
2025-10-21,Baja California Sur,0.0
2025-10-21,Mexico,0.1967799642218247
2025-10-21,Guanajuato,1.0
2025-10-21,Morelos,0.3398926654740609
2025-10-21,San Luis Potosi,0.0
2025-10-21,Veracruz,0.447227191413238
2025-10-21,Puebla,0.5008944543828266
2025-10-21,Yucatan,0.0
2025-10-21,Nayarit,0.035778175313059
2025-10-21,Nuevo Leon,0.5903398926654743
2025-10-21,Sinaloa,1.0
2025-10-21,Tlaxcala,0.0178890876565295
2025-10-21,Zacatecas,0.0178890876565295
2025-10-21,Oaxaca,0.071556350626118
2025-10-21,Queretaro De Arteaga,0.035778175313059
2025-10-21,Sonora,0.4293381037567085
2025-10-21,Quintana Roo,0.071556350626118
2025-10-21,Tamaulipas,0.1431127012522361
2025-10-21,Tabasco,0.1252236135957066
2025-10-22,Coahuila,0.0178890876565295
2025-10-22,Guanajuato,1.0
2025-10-22,Baja California,0.8228980322003581
2025-10-22,Guerrero,0.447227191413238
2025-10-22,Hidalgo,0.071556350626118
2025-10-22,Chihuahua,0.3041144901610019
2025-10-22,Mexico,0.1967799642218247
2025-10-22,Michoacan,0.7155635062611809
2025-10-22,Chiapas,0.0536672629695885
2025-10-22,Aguascalientes,0.0
2025-10-22,Baja California Sur,0.0
2025-10-22,Jalisco,0.3398926654740609
2025-10-22,Campeche,0.0178890876565295
2025-10-22,Ciudad De Mexico,0.3220035778175314
2025-10-22,Colima,0.3220035778175314
2025-10-22,Durango,0.0536672629695885
2025-10-22,Tamaulipas,0.1431127012522361
2025-10-22,Sonora,0.4293381037567085
2025-10-22,Nayarit,0.035778175313059
2025-10-22,Zacatecas,0.0178890876565295
2025-10-22,Morelos,0.3398926654740609
2025-10-22,San Luis Potosi,0.0
2025-10-22,Quintana Roo,0.071556350626118
2025-10-22,Yucatan,0.0
2025-10-22,Nuevo Leon,0.5903398926654743
2025-10-22,Sinaloa,1.0
2025-10-22,Queretaro De Arteaga,0.035778175313059
2025-10-22,Puebla,0.5008944543828266
2025-10-22,Oaxaca,0.071556350626118
2025-10-22,Tabasco,0.1252236135957066
2025-10-22,Veracruz,0.447227191413238
2025-10-22,Tlaxcala,0.0178890876565295
2025-10-23,Ciudad De Mexico,0.3220035778175314
2025-10-23,Baja California,0.8228980322003581
2025-10-23,Baja California Sur,0.0
2025-10-23,Jalisco,0.3398926654740609
2025-10-23,Durango,0.0536672629695885
2025-10-23,Chihuahua,0.3041144901610019
2025-10-23,Aguascalientes,0.0
2025-10-23,Guanajuato,1.0
2025-10-23,Campeche,0.0178890876565295
2025-10-23,Mexico,0.1967799642218247
2025-10-23,Coahuila,0.0178890876565295
2025-10-23,Chiapas,0.0536672629695885
2025-10-23,Guerrero,0.447227191413238
2025-10-23,Michoacan,0.7155635062611809
2025-10-23,Hidalgo,0.071556350626118
2025-10-23,Colima,0.3220035778175314
2025-10-23,Tabasco,0.1252236135957066
2025-10-23,Quintana Roo,0.071556350626118
2025-10-23,Yucatan,0.0
2025-10-23,Sinaloa,1.0
2025-10-23,Sonora,0.4293381037567085
2025-10-23,Zacatecas,0.0178890876565295
2025-10-23,Queretaro De Arteaga,0.035778175313059
2025-10-23,Veracruz,0.447227191413238
2025-10-23,Puebla,0.5008944543828266
2025-10-23,Tamaulipas,0.1431127012522361
2025-10-23,San Luis Potosi,0.0
2025-10-23,Tlaxcala,0.0178890876565295
2025-10-23,Morelos,0.3398926654740609
2025-10-23,Nayarit,0.035778175313059
2025-10-23,Oaxaca,0.071556350626118
2025-10-23,Nuevo Leon,0.5903398926654743
2025-10-24,Jalisco,0.3398926654740609
2025-10-24,Ciudad De Mexico,0.3220035778175314
2025-10-24,Mexico,0.1967799642218247
2025-10-24,Hidalgo,0.071556350626118
2025-10-24,Durango,0.0536672629695885
2025-10-24,Baja California,0.8228980322003581
2025-10-24,Chihuahua,0.3041144901610019
2025-10-24,Colima,0.3220035778175314
2025-10-24,Chiapas,0.0536672629695885
2025-10-24,Michoacan,0.7155635062611809
2025-10-24,Aguascalientes,0.0
2025-10-24,Guerrero,0.447227191413238
2025-10-24,Baja California Sur,0.0
2025-10-24,Campeche,0.0178890876565295
2025-10-24,Coahuila,0.0178890876565295
2025-10-24,Guanajuato,1.0
2025-10-24,San Luis Potosi,0.0
2025-10-24,Tlaxcala,0.0178890876565295
2025-10-24,Tamaulipas,0.1431127012522361
2025-10-24,Oaxaca,0.071556350626118
2025-10-24,Nayarit,0.035778175313059
2025-10-24,Quintana Roo,0.071556350626118
2025-10-24,Morelos,0.3398926654740609
2025-10-24,Tabasco,0.1252236135957066
2025-10-24,Queretaro De Arteaga,0.035778175313059
2025-10-24,Nuevo Leon,0.5903398926654743
2025-10-24,Veracruz,0.447227191413238
2025-10-24,Zacatecas,0.0178890876565295
2025-10-24,Puebla,0.5008944543828266
2025-10-24,Yucatan,0.0
2025-10-24,Sonora,0.4293381037567085
2025-10-24,Sinaloa,1.0
2025-10-25,Durango,0.0536672629695885
2025-10-25,Jalisco,0.3398926654740609
2025-10-25,Guanajuato,1.0
2025-10-25,Baja California Sur,0.0
2025-10-25,Aguascalientes,0.0
2025-10-25,Chihuahua,0.3041144901610019
2025-10-25,Mexico,0.1967799642218247
2025-10-25,Baja California,0.8228980322003581
2025-10-25,Guerrero,0.447227191413238
2025-10-25,Chiapas,0.0536672629695885
2025-10-25,Hidalgo,0.071556350626118
2025-10-25,Coahuila,0.0178890876565295
2025-10-25,Ciudad De Mexico,0.3220035778175314
2025-10-25,Campeche,0.0178890876565295
2025-10-25,Colima,0.3220035778175314
2025-10-25,Michoacan,0.7155635062611809
2025-10-25,Yucatan,0.0
2025-10-25,Veracruz,0.447227191413238
2025-10-25,Oaxaca,0.071556350626118
2025-10-25,Morelos,0.3398926654740609
2025-10-25,Puebla,0.5008944543828266
2025-10-25,Nayarit,0.035778175313059
2025-10-25,Tamaulipas,0.1431127012522361
2025-10-25,Queretaro De Arteaga,0.035778175313059
2025-10-25,Tlaxcala,0.0178890876565295
2025-10-25,Quintana Roo,0.071556350626118
2025-10-25,Zacatecas,0.0178890876565295
2025-10-25,Tabasco,0.1252236135957066
2025-10-25,Sinaloa,1.0
2025-10-25,Nuevo Leon,0.5903398926654743
2025-10-25,Sonora,0.4293381037567085
2025-10-25,San Luis Potosi,0.0
2025-10-26,Aguascalientes,0.0
2025-10-26,Colima,0.3220035778175314
2025-10-26,Guerrero,0.447227191413238
2025-10-26,Michoacan,0.7155635062611809
2025-10-26,Chiapas,0.0536672629695885
2025-10-26,Hidalgo,0.071556350626118
2025-10-26,Durango,0.0536672629695885
2025-10-26,Campeche,0.0178890876565295
2025-10-26,Ciudad De Mexico,0.3220035778175314
2025-10-26,Jalisco,0.3398926654740609
2025-10-26,Mexico,0.1967799642218247
2025-10-26,Chihuahua,0.3041144901610019
2025-10-26,Coahuila,0.0178890876565295
2025-10-26,Baja California Sur,0.0
2025-10-26,Guanajuato,1.0
2025-10-26,Baja California,0.8228980322003581
2025-10-26,Tamaulipas,0.1431127012522361
2025-10-26,Sonora,0.4293381037567085
2025-10-26,Quintana Roo,0.071556350626118
2025-10-26,Tabasco,0.1252236135957066
2025-10-26,Nayarit,0.035778175313059
2025-10-26,Morelos,0.3398926654740609
2025-10-26,Queretaro De Arteaga,0.035778175313059
2025-10-26,Yucatan,0.0
2025-10-26,Oaxaca,0.071556350626118
2025-10-26,Veracruz,0.447227191413238
2025-10-26,Tlaxcala,0.0178890876565295
2025-10-26,Sinaloa,1.0
2025-10-26,Zacatecas,0.0178890876565295
2025-10-26,Nuevo Leon,0.5903398926654743
2025-10-26,San Luis Potosi,0.0
2025-10-26,Puebla,0.5008944543828266
2025-10-27,Coahuila,0.0178890876565295
2025-10-27,Guerrero,0.447227191413238
2025-10-27,Baja California Sur,0.0
2025-10-27,Michoacan,0.7155635062611809
2025-10-27,Jalisco,0.3398926654740609
2025-10-27,Chihuahua,0.3041144901610019
2025-10-27,Mexico,0.1967799642218247
2025-10-27,Hidalgo,0.071556350626118
2025-10-27,Guanajuato,1.0
2025-10-27,Campeche,0.0178890876565295
2025-10-27,Chiapas,0.0536672629695885
2025-10-27,Durango,0.0536672629695885
2025-10-27,Aguascalientes,0.0
2025-10-27,Ciudad De Mexico,0.3220035778175314
2025-10-27,Colima,0.3220035778175314
2025-10-27,Baja California,0.8228980322003581
2025-10-27,Tlaxcala,0.0178890876565295
2025-10-27,Puebla,0.5008944543828266
2025-10-27,Quintana Roo,0.071556350626118
2025-10-27,San Luis Potosi,0.0
2025-10-27,Veracruz,0.447227191413238
2025-10-27,Morelos,0.3398926654740609
2025-10-27,Yucatan,0.0
2025-10-27,Zacatecas,0.0178890876565295
2025-10-27,Tabasco,0.1252236135957066
2025-10-27,Sonora,0.4293381037567085
2025-10-27,Nuevo Leon,0.5903398926654743
2025-10-27,Tamaulipas,0.1431127012522361
2025-10-27,Nayarit,0.035778175313059
2025-10-27,Sinaloa,1.0
2025-10-27,Oaxaca,0.071556350626118
2025-10-27,Queretaro De Arteaga,0.035778175313059
2025-10-28,Chihuahua,0.3041144901610019
2025-10-28,Baja California,0.8228980322003581
2025-10-28,Aguascalientes,0.0
2025-10-28,Hidalgo,0.071556350626118
2025-10-28,Michoacan,0.7155635062611809
2025-10-28,Durango,0.0536672629695885
2025-10-28,Guerrero,0.447227191413238
2025-10-28,Chiapas,0.0536672629695885
2025-10-28,Jalisco,0.3398926654740609
2025-10-28,Ciudad De Mexico,0.3220035778175314
2025-10-28,Mexico,0.1967799642218247
2025-10-28,Colima,0.3220035778175314
2025-10-28,Baja California Sur,0.0
2025-10-28,Coahuila,0.0178890876565295
2025-10-28,Guanajuato,1.0
2025-10-28,Campeche,0.0178890876565295
2025-10-28,San Luis Potosi,0.0
2025-10-28,Yucatan,0.0
2025-10-28,Veracruz,0.447227191413238
2025-10-28,Zacatecas,0.0178890876565295
2025-10-28,Oaxaca,0.071556350626118
2025-10-28,Puebla,0.5008944543828266
2025-10-28,Nayarit,0.035778175313059
2025-10-28,Tabasco,0.1252236135957066
2025-10-28,Queretaro De Arteaga,0.035778175313059
2025-10-28,Morelos,0.3398926654740609
2025-10-28,Quintana Roo,0.071556350626118
2025-10-28,Nuevo Leon,0.5903398926654743
2025-10-28,Tlaxcala,0.0178890876565295
2025-10-28,Tamaulipas,0.1431127012522361
2025-10-28,Sonora,0.4293381037567085
2025-10-28,Sinaloa,1.0
2025-10-29,Ciudad De Mexico,0.3220035778175314
2025-10-29,Aguascalientes,0.0
2025-10-29,Baja California Sur,0.0
2025-10-29,Baja California,0.8228980322003581
2025-10-29,Durango,0.0536672629695885
2025-10-29,Chiapas,0.0536672629695885
2025-10-29,Mexico,0.1967799642218247
2025-10-29,Coahuila,0.0178890876565295
2025-10-29,Guanajuato,1.0
2025-10-29,Jalisco,0.3398926654740609
2025-10-29,Michoacan,0.7155635062611809
2025-10-29,Chihuahua,0.3041144901610019
2025-10-29,Colima,0.3220035778175314
2025-10-29,Hidalgo,0.071556350626118
2025-10-29,Guerrero,0.447227191413238
2025-10-29,Campeche,0.0178890876565295
2025-10-29,Queretaro De Arteaga,0.035778175313059
2025-10-29,Sinaloa,1.0
2025-10-29,Quintana Roo,0.071556350626118
2025-10-29,Tamaulipas,0.1431127012522361
2025-10-29,Puebla,0.5008944543828266
2025-10-29,Nuevo Leon,0.5903398926654743
2025-10-29,Oaxaca,0.071556350626118
2025-10-29,Zacatecas,0.0178890876565295
2025-10-29,Veracruz,0.447227191413238
2025-10-29,Sonora,0.4293381037567085
2025-10-29,San Luis Potosi,0.0
2025-10-29,Morelos,0.3398926654740609
2025-10-29,Tabasco,0.1252236135957066
2025-10-29,Yucatan,0.0
2025-10-29,Nayarit,0.035778175313059
2025-10-29,Tlaxcala,0.0178890876565295
2025-10-30,Baja California,0.8228980322003581
2025-10-30,Hidalgo,0.071556350626118
2025-10-30,Mexico,0.1967799642218247
2025-10-30,Ciudad De Mexico,0.3220035778175314
2025-10-30,Guerrero,0.447227191413238
2025-10-30,Campeche,0.0178890876565295
2025-10-30,Durango,0.0536672629695885
2025-10-30,Guanajuato,1.0
2025-10-30,Aguascalientes,0.0
2025-10-30,Baja California Sur,0.0
2025-10-30,Jalisco,0.3398926654740609
2025-10-30,Chiapas,0.0536672629695885
2025-10-30,Coahuila,0.0178890876565295
2025-10-30,Michoacan,0.7155635062611809
2025-10-30,Chihuahua,0.3041144901610019
2025-10-30,Colima,0.3220035778175314
2025-10-30,Sonora,0.4293381037567085
2025-10-30,Sinaloa,1.0
2025-10-30,Nayarit,0.035778175313059
2025-10-30,Nuevo Leon,0.5903398926654743
2025-10-30,Puebla,0.5008944543828266
2025-10-30,Oaxaca,0.071556350626118
2025-10-30,Tamaulipas,0.1431127012522361
2025-10-30,San Luis Potosi,0.0
2025-10-30,Zacatecas,0.0178890876565295
2025-10-30,Morelos,0.3398926654740609
2025-10-30,Queretaro De Arteaga,0.035778175313059
2025-10-30,Tlaxcala,0.0178890876565295
2025-10-30,Yucatan,0.0
2025-10-30,Veracruz,0.447227191413238
2025-10-30,Quintana Roo,0.071556350626118
2025-10-30,Tabasco,0.1252236135957066
2025-10-31,Coahuila,0.0178890876565295
2025-10-31,Baja California,0.8228980322003581
2025-10-31,Baja California Sur,0.0
2025-10-31,Chiapas,0.0536672629695885
2025-10-31,Mexico,0.1967799642218247
2025-10-31,Aguascalientes,0.0
2025-10-31,Michoacan,0.7155635062611809
2025-10-31,Durango,0.0536672629695885
2025-10-31,Guanajuato,1.0
2025-10-31,Hidalgo,0.071556350626118
2025-10-31,Campeche,0.0178890876565295
2025-10-31,Chihuahua,0.3041144901610019
2025-10-31,Colima,0.3220035778175314
2025-10-31,Guerrero,0.447227191413238
2025-10-31,Jalisco,0.3398926654740609
2025-10-31,Ciudad De Mexico,0.3220035778175314
2025-10-31,Nuevo Leon,0.5903398926654743
2025-10-31,Morelos,0.3398926654740609
2025-10-31,Nayarit,0.035778175313059
2025-10-31,Yucatan,0.0
2025-10-31,Zacatecas,0.0178890876565295
2025-10-31,Veracruz,0.447227191413238
2025-10-31,Queretaro De Arteaga,0.035778175313059
2025-10-31,Oaxaca,0.071556350626118
2025-10-31,Puebla,0.5008944543828266
2025-10-31,Quintana Roo,0.071556350626118
2025-10-31,Tabasco,0.1252236135957066
2025-10-31,Sinaloa,1.0
2025-10-31,San Luis Potosi,0.0
2025-10-31,Tamaulipas,0.1431127012522361
2025-10-31,Sonora,0.4293381037567085
2025-10-31,Tlaxcala,0.0178890876565295
2025-11-01,Hidalgo,0.071556350626118
2025-11-01,Puebla,0.483005366726297
2025-11-01,Jalisco,0.3398926654740609
2025-11-01,Ciudad De Mexico,0.3220035778175314
2025-11-01,Guanajuato,1.0
2025-11-01,Guerrero,0.447227191413238
2025-11-01,Campeche,0.0178890876565295
2025-11-01,Durango,0.0536672629695885
2025-11-01,Mexico,0.1967799642218247
2025-11-01,Michoacan,0.7155635062611809
2025-11-01,Coahuila,0.0178890876565295
2025-11-01,Chiapas,0.0536672629695885
2025-11-01,Baja California Sur,0.0
2025-11-01,Colima,0.3220035778175314
2025-11-01,Chihuahua,0.3041144901610019
2025-11-01,Aguascalientes,0.0
2025-11-01,Baja California,0.8228980322003581
2025-11-01,Zacatecas,0.0178890876565295
2025-11-01,Sinaloa,1.0
2025-11-01,Nayarit,0.035778175313059
2025-11-01,Oaxaca,0.071556350626118
2025-11-01,Veracruz,0.447227191413238
2025-11-01,Yucatan,0.0
2025-11-01,San Luis Potosi,0.0
2025-11-01,Tlaxcala,0.0178890876565295
2025-11-01,Sonora,0.4293381037567085
2025-11-01,Queretaro De Arteaga,0.035778175313059
2025-11-01,Morelos,0.3398926654740609
2025-11-01,Tamaulipas,0.1431127012522361
2025-11-01,Nuevo Leon,0.5903398926654743
2025-11-01,Tabasco,0.1252236135957066
2025-11-01,Quintana Roo,0.071556350626118
2025-11-02,Durango,0.0536672629695885
2025-11-02,Chihuahua,0.3041144901610019
2025-11-02,Baja California Sur,0.0
2025-11-02,Guanajuato,1.0
2025-11-02,Hidalgo,0.071556350626118
2025-11-02,Campeche,0.0178890876565295
2025-11-02,Chiapas,0.0536672629695885
2025-11-02,Ciudad De Mexico,0.3220035778175314
2025-11-02,Colima,0.3220035778175314
2025-11-02,Aguascalientes,0.0
2025-11-02,Guerrero,0.447227191413238
2025-11-02,Mexico,0.1967799642218247
2025-11-02,Baja California,0.8228980322003581
2025-11-02,Michoacan,0.7155635062611809
2025-11-02,Jalisco,0.3398926654740609
2025-11-02,Coahuila,0.0178890876565295
2025-11-02,Tamaulipas,0.1431127012522361
2025-11-02,Quintana Roo,0.071556350626118
2025-11-02,Nayarit,0.035778175313059
2025-11-02,Zacatecas,0.0178890876565295
2025-11-02,Sinaloa,1.0
2025-11-02,Puebla,0.483005366726297
2025-11-02,Oaxaca,0.071556350626118
2025-11-02,Morelos,0.3398926654740609
2025-11-02,Yucatan,0.0
2025-11-02,Tlaxcala,0.0178890876565295
2025-11-02,Queretaro De Arteaga,0.035778175313059
2025-11-02,Nuevo Leon,0.5903398926654743
2025-11-02,Tabasco,0.1252236135957066
2025-11-02,Sonora,0.4293381037567085
2025-11-02,Veracruz,0.447227191413238
2025-11-02,San Luis Potosi,0.0
2025-11-03,Jalisco,0.3398926654740609
2025-11-03,Baja California Sur,0.0
2025-11-03,Campeche,0.0178890876565295
2025-11-03,Hidalgo,0.071556350626118
2025-11-03,Ciudad De Mexico,0.3220035778175314
2025-11-03,Aguascalientes,0.0
2025-11-03,Baja California,0.8228980322003581
2025-11-03,Guanajuato,1.0
2025-11-03,Coahuila,0.0178890876565295
2025-11-03,Durango,0.0536672629695885
2025-11-03,Mexico,0.1967799642218247
2025-11-03,Chihuahua,0.3041144901610019
2025-11-03,Michoacan,0.7155635062611809
2025-11-03,Colima,0.3220035778175314
2025-11-03,Chiapas,0.0536672629695885
2025-11-03,Guerrero,0.447227191413238
2025-11-03,Zacatecas,0.0178890876565295
2025-11-03,Oaxaca,0.071556350626118
2025-11-03,Sonora,0.4293381037567085
2025-11-03,Tlaxcala,0.0178890876565295
2025-11-03,Quintana Roo,0.071556350626118
2025-11-03,Tamaulipas,0.1431127012522361
2025-11-03,San Luis Potosi,0.0
2025-11-03,Sinaloa,1.0
2025-11-03,Yucatan,0.0
2025-11-03,Nayarit,0.035778175313059
2025-11-03,Puebla,0.483005366726297
2025-11-03,Nuevo Leon,0.5903398926654743
2025-11-03,Morelos,0.3398926654740609
2025-11-03,Queretaro De Arteaga,0.035778175313059
2025-11-03,Veracruz,0.447227191413238
2025-11-03,Tabasco,0.1252236135957066
2025-11-04,Guerrero,0.447227191413238
2025-11-04,Aguascalientes,0.0
2025-11-04,Baja California,0.8228980322003581
2025-11-04,Coahuila,0.0178890876565295
2025-11-04,Hidalgo,0.071556350626118
2025-11-04,Michoacan,0.7155635062611809
2025-11-04,Colima,0.3220035778175314
2025-11-04,Chiapas,0.0536672629695885
2025-11-04,Campeche,0.0178890876565295
2025-11-04,Mexico,0.1967799642218247
2025-11-04,Durango,0.0536672629695885
2025-11-04,Chihuahua,0.3041144901610019
2025-11-04,Ciudad De Mexico,0.3220035778175314
2025-11-04,Baja California Sur,0.0
2025-11-04,Guanajuato,1.0
2025-11-04,Jalisco,0.3398926654740609
2025-11-04,Tabasco,0.1252236135957066
2025-11-04,Nayarit,0.035778175313059
2025-11-04,Oaxaca,0.071556350626118
2025-11-04,Puebla,0.483005366726297
2025-11-04,Quintana Roo,0.071556350626118
2025-11-04,Sinaloa,1.0
2025-11-04,Yucatan,0.0
2025-11-04,Morelos,0.3398926654740609
2025-11-04,Tamaulipas,0.1431127012522361
2025-11-04,Veracruz,0.447227191413238
2025-11-04,Nuevo Leon,0.5903398926654743
2025-11-04,Sonora,0.4293381037567085
2025-11-04,Zacatecas,0.0178890876565295
2025-11-04,Queretaro De Arteaga,0.035778175313059
2025-11-04,San Luis Potosi,0.0
2025-11-04,Tlaxcala,0.0178890876565295
2025-11-05,Campeche,0.0178890876565295
2025-11-05,Baja California,0.8228980322003581
2025-11-05,Michoacan,0.7155635062611809
2025-11-05,Baja California Sur,0.0
2025-11-05,Jalisco,0.3398926654740609
2025-11-05,Chihuahua,0.3041144901610019
2025-11-05,Colima,0.3220035778175314
2025-11-05,Chiapas,0.0536672629695885
2025-11-05,Coahuila,0.0178890876565295
2025-11-05,Aguascalientes,0.0
2025-11-05,Mexico,0.1967799642218247
2025-11-05,Guerrero,0.447227191413238
2025-11-05,Durango,0.0536672629695885
2025-11-05,Ciudad De Mexico,0.3220035778175314
2025-11-05,Hidalgo,0.071556350626118
2025-11-05,Guanajuato,1.0
2025-11-05,Yucatan,0.0
2025-11-05,Sinaloa,1.0
2025-11-05,Nuevo Leon,0.5903398926654743
2025-11-05,Veracruz,0.447227191413238
2025-11-05,Quintana Roo,0.071556350626118
2025-11-05,Nayarit,0.035778175313059
2025-11-05,Puebla,0.483005366726297
2025-11-05,Oaxaca,0.071556350626118
2025-11-05,Zacatecas,0.0178890876565295
2025-11-05,Queretaro De Arteaga,0.035778175313059
2025-11-05,Sonora,0.4293381037567085
2025-11-05,Tlaxcala,0.0178890876565295
2025-11-05,San Luis Potosi,0.0
2025-11-05,Tabasco,0.1252236135957066
2025-11-05,Tamaulipas,0.1431127012522361
2025-11-05,Morelos,0.3398926654740609
2025-11-06,Durango,0.0536672629695885
2025-11-06,Ciudad De Mexico,0.3220035778175314
2025-11-06,Baja California Sur,0.0
2025-11-06,Colima,0.3220035778175314
2025-11-06,Hidalgo,0.071556350626118
2025-11-06,Chihuahua,0.3041144901610019
2025-11-06,Guerrero,0.447227191413238
2025-11-06,Aguascalientes,0.0
2025-11-06,Michoacan,0.7155635062611809
2025-11-06,Baja California,0.8228980322003581
2025-11-06,Coahuila,0.0178890876565295
2025-11-06,Chiapas,0.0536672629695885
2025-11-06,Mexico,0.1967799642218247
2025-11-06,Jalisco,0.3398926654740609
2025-11-06,Campeche,0.0178890876565295
2025-11-06,Guanajuato,1.0
2025-11-06,Oaxaca,0.071556350626118
2025-11-06,Zacatecas,0.0178890876565295
2025-11-06,Queretaro De Arteaga,0.035778175313059
2025-11-06,Nuevo Leon,0.5903398926654743
2025-11-06,Puebla,0.483005366726297
2025-11-06,Quintana Roo,0.071556350626118
2025-11-06,Nayarit,0.035778175313059
2025-11-06,Yucatan,0.0
2025-11-06,Tabasco,0.1252236135957066
2025-11-06,Morelos,0.3398926654740609
2025-11-06,San Luis Potosi,0.0
2025-11-06,Sinaloa,1.0
2025-11-06,Veracruz,0.447227191413238
2025-11-06,Tlaxcala,0.0178890876565295
2025-11-06,Tamaulipas,0.1431127012522361
2025-11-06,Sonora,0.4293381037567085
2025-11-07,Aguascalientes,0.0
2025-11-07,Chiapas,0.0536672629695885
2025-11-07,Michoacan,0.7155635062611809
2025-11-07,Chihuahua,0.3041144901610019
2025-11-07,Guanajuato,1.0
2025-11-07,Ciudad De Mexico,0.3220035778175314
2025-11-07,Coahuila,0.0178890876565295
2025-11-07,Baja California,0.8228980322003581
2025-11-07,Hidalgo,0.071556350626118
2025-11-07,Jalisco,0.3398926654740609
2025-11-07,Baja California Sur,0.0
2025-11-07,Colima,0.3220035778175314
2025-11-07,Guerrero,0.447227191413238
2025-11-07,Mexico,0.1967799642218247
2025-11-07,Campeche,0.0178890876565295
2025-11-07,Durango,0.0536672629695885
2025-11-07,Quintana Roo,0.071556350626118
2025-11-07,Morelos,0.3398926654740609
2025-11-07,Tlaxcala,0.0178890876565295
2025-11-07,Nuevo Leon,0.5903398926654743
2025-11-07,Nayarit,0.035778175313059
2025-11-07,Sonora,0.4293381037567085
2025-11-07,Veracruz,0.447227191413238
2025-11-07,Yucatan,0.0
2025-11-07,Oaxaca,0.071556350626118
2025-11-07,Puebla,0.483005366726297
2025-11-07,San Luis Potosi,0.0
2025-11-07,Tabasco,0.1252236135957066
2025-11-07,Queretaro De Arteaga,0.035778175313059
2025-11-07,Sinaloa,1.0
2025-11-07,Tamaulipas,0.1431127012522361
2025-11-07,Zacatecas,0.0178890876565295
2025-11-08,Guerrero,0.447227191413238
2025-11-08,Durango,0.0536672629695885
2025-11-08,Michoacan,0.7155635062611809
2025-11-08,Baja California Sur,0.0
2025-11-08,Baja California,0.8228980322003581
2025-11-08,Chiapas,0.0536672629695885
2025-11-08,Chihuahua,0.3041144901610019
2025-11-08,Jalisco,0.3398926654740609
2025-11-08,Hidalgo,0.071556350626118
2025-11-08,Mexico,0.1967799642218247
2025-11-08,Ciudad De Mexico,0.3220035778175314
2025-11-08,Guanajuato,1.0
2025-11-08,Campeche,0.0178890876565295
2025-11-08,Coahuila,0.0178890876565295
2025-11-08,Colima,0.3220035778175314
2025-11-08,Aguascalientes,0.0
2025-11-08,Quintana Roo,0.071556350626118
2025-11-08,Tabasco,0.1252236135957066
2025-11-08,Sinaloa,1.0
2025-11-08,Oaxaca,0.071556350626118
2025-11-08,Yucatan,0.0
2025-11-08,Nayarit,0.035778175313059
2025-11-08,Nuevo Leon,0.5903398926654743
2025-11-08,Tamaulipas,0.1431127012522361
2025-11-08,San Luis Potosi,0.0
2025-11-08,Puebla,0.483005366726297
2025-11-08,Veracruz,0.447227191413238
2025-11-08,Queretaro De Arteaga,0.035778175313059
2025-11-08,Tlaxcala,0.0178890876565295
2025-11-08,Zacatecas,0.0178890876565295
2025-11-08,Sonora,0.4293381037567085
2025-11-08,Morelos,0.3398926654740609
2025-11-09,Michoacan,0.7155635062611809
2025-11-09,Chihuahua,0.3041144901610019
2025-11-09,Ciudad De Mexico,0.3220035778175314
2025-11-09,Coahuila,0.0178890876565295
2025-11-09,Baja California Sur,0.0
2025-11-09,Chiapas,0.0536672629695885
2025-11-09,Campeche,0.0178890876565295
2025-11-09,Guanajuato,1.0
2025-11-09,Jalisco,0.3398926654740609
2025-11-09,Guerrero,0.447227191413238
2025-11-09,Mexico,0.1967799642218247
2025-11-09,Hidalgo,0.071556350626118
2025-11-09,Aguascalientes,0.0
2025-11-09,Durango,0.0536672629695885
2025-11-09,Colima,0.3220035778175314
2025-11-09,Baja California,0.8228980322003581
2025-11-09,Sinaloa,1.0
2025-11-09,Puebla,0.483005366726297
2025-11-09,Yucatan,0.0
2025-11-09,Nayarit,0.035778175313059
2025-11-09,Oaxaca,0.071556350626118
2025-11-09,Morelos,0.3398926654740609
2025-11-09,Veracruz,0.447227191413238
2025-11-09,Tlaxcala,0.0178890876565295
2025-11-09,Quintana Roo,0.071556350626118
2025-11-09,Zacatecas,0.0178890876565295
2025-11-09,Tamaulipas,0.1431127012522361
2025-11-09,Queretaro De Arteaga,0.035778175313059
2025-11-09,Tabasco,0.1252236135957066
2025-11-09,Nuevo Leon,0.5903398926654743
2025-11-09,Sonora,0.4293381037567085
2025-11-09,San Luis Potosi,0.0
2025-11-10,Baja California Sur,0.0
2025-11-10,Michoacan,0.7155635062611809
2025-11-10,Guanajuato,1.0
2025-11-10,Hidalgo,0.071556350626118
2025-11-10,Ciudad De Mexico,0.3220035778175314
2025-11-10,Chihuahua,0.3041144901610019
2025-11-10,Baja California,0.8228980322003581
2025-11-10,Campeche,0.0178890876565295
2025-11-10,Coahuila,0.0178890876565295
2025-11-10,Colima,0.3220035778175314
2025-11-10,Durango,0.0536672629695885
2025-11-10,Jalisco,0.3398926654740609
2025-11-10,Chiapas,0.0536672629695885
2025-11-10,Aguascalientes,0.0
2025-11-10,Mexico,0.1967799642218247
2025-11-10,Guerrero,0.447227191413238
2025-11-10,Tamaulipas,0.1431127012522361
2025-11-10,Puebla,0.483005366726297
2025-11-10,Sonora,0.4293381037567085
2025-11-10,Tabasco,0.1252236135957066
2025-11-10,Zacatecas,0.0178890876565295
2025-11-10,Morelos,0.3398926654740609
2025-11-10,Oaxaca,0.071556350626118
2025-11-10,Queretaro De Arteaga,0.035778175313059
2025-11-10,Quintana Roo,0.071556350626118
2025-11-10,Sinaloa,1.0
2025-11-10,Yucatan,0.0
2025-11-10,Nuevo Leon,0.5903398926654743
2025-11-10,Nayarit,0.035778175313059
2025-11-10,Veracruz,0.447227191413238
2025-11-10,San Luis Potosi,0.0
2025-11-10,Tlaxcala,0.0178890876565295
2025-11-11,Ciudad De Mexico,0.3220035778175314
2025-11-11,Michoacan,0.7155635062611809
2025-11-11,Campeche,0.0178890876565295
2025-11-11,Jalisco,0.3398926654740609
2025-11-11,Chihuahua,0.3041144901610019
2025-11-11,Mexico,0.1967799642218247
2025-11-11,Aguascalientes,0.0
2025-11-11,Baja California,0.8228980322003581
2025-11-11,Coahuila,0.0178890876565295
2025-11-11,Guanajuato,1.0
2025-11-11,Baja California Sur,0.0
2025-11-11,Hidalgo,0.071556350626118
2025-11-11,Chiapas,0.0536672629695885
2025-11-11,Guerrero,0.447227191413238
2025-11-11,Colima,0.3220035778175314
2025-11-11,Durango,0.0536672629695885
2025-11-11,Zacatecas,0.0178890876565295
2025-11-11,Sonora,0.4293381037567085
2025-11-11,San Luis Potosi,0.0
2025-11-11,Tlaxcala,0.0178890876565295
2025-11-11,Yucatan,0.0
2025-11-11,Morelos,0.3398926654740609
2025-11-11,Nayarit,0.035778175313059
2025-11-11,Nuevo Leon,0.5903398926654743
2025-11-11,Tamaulipas,0.1431127012522361
2025-11-11,Veracruz,0.447227191413238
2025-11-11,Oaxaca,0.071556350626118
2025-11-11,Sinaloa,1.0
2025-11-11,Puebla,0.483005366726297
2025-11-11,Quintana Roo,0.071556350626118
2025-11-11,Queretaro De Arteaga,0.035778175313059
2025-11-11,Tabasco,0.1252236135957066
2025-11-12,Mexico,0.1967799642218247
2025-11-12,Hidalgo,0.071556350626118
2025-11-12,Oaxaca,0.071556350626118
2025-11-12,Tamaulipas,0.1431127012522361
2025-11-12,Yucatan,0.0
2025-11-12,Puebla,0.483005366726297
2025-11-12,Tabasco,0.1252236135957066
2025-11-12,Tlaxcala,0.0178890876565295
2025-11-12,Nayarit,0.035778175313059
2025-11-12,Michoacan,0.7155635062611809
2025-11-12,Nuevo Leon,0.5903398926654743
2025-11-12,Sonora,0.4293381037567085
2025-11-12,Jalisco,0.3398926654740609
2025-11-12,San Luis Potosi,0.0
2025-11-12,Morelos,0.3398926654740609
2025-11-12,Zacatecas,0.0237732398658945
2025-11-12,Queretaro De Arteaga,0.035778175313059
2025-11-12,Quintana Roo,0.071556350626118
2025-11-12,Campeche,0.0178890876565295
2025-11-12,Coahuila,0.0178890876565295
2025-11-12,Durango,0.0536672629695885
2025-11-12,Guanajuato,1.0
2025-11-12,Coahuila De Zaragoza,0.0115818348064614
2025-11-12,Guerrero,0.447227191413238
2025-11-12,Aguascalientes,0.0
2025-11-12,Veracruz,0.447227191413238
2025-11-12,Michoacan De Ocampo,0.7461139896373059
2025-11-12,Colima,0.3220035778175314
2025-11-12,Ciudad De Mexico,0.3220035778175314
2025-11-12,Veracruz De Ignacio De La Llave,0.4900944833892108
2025-11-12,Baja California Sur,0.0
2025-11-12,Baja California,0.8228980322003581
2025-11-12,Chiapas,0.0536672629695885
2025-11-12,Sinaloa,1.0
2025-11-12,Queretaro,0.0298689423956111
2025-11-12,Chihuahua,0.3041144901610019
2025-11-14,Sinaloa,1.0
2025-11-14,Nuevo Leon,0.5903398926654743
2025-11-14,Oaxaca,0.071556350626118
2025-11-14,San Luis Potosi,0.0
2025-11-14,Nayarit,0.035778175313059
2025-11-14,Quintana Roo,0.071556350626118
2025-11-14,Michoacan De Ocampo,0.7155635062611809
2025-11-14,Sonora,0.4293381037567085
2025-11-14,Tamaulipas,0.1431127012522361
2025-11-14,Veracruz De Ignacio De La Llave,0.447227191413238
2025-11-14,Puebla,0.483005366726297
2025-11-14,Morelos,0.3398926654740609
2025-11-14,Tlaxcala,0.0178890876565295
2025-11-14,Queretaro,0.035778175313059
2025-11-14,Ciudad De Mexico,0.3220035778175314
2025-11-14,Tabasco,0.1252236135957066
2025-11-14,Zacatecas,0.0178890876565295
2025-11-14,Chiapas,0.0536672629695885
2025-11-14,Jalisco,0.3398926654740609
2025-11-14,Guerrero,0.447227191413238
2025-11-14,Durango,0.0536672629695885
2025-11-14,Baja California Sur,0.0
2025-11-14,Coahuila De Zaragoza,0.0178890876565295
2025-11-14,Yucatan,0.0
2025-11-14,Aguascalientes,0.0
2025-11-14,Chihuahua,0.3041144901610019
2025-11-14,Colima,0.3220035778175314
2025-11-14,Mexico,0.1967799642218247
2025-11-14,Guanajuato,1.0
2025-11-14,Campeche,0.0178890876565295
2025-11-14,Baja California,0.8228980322003581
2025-11-14,Hidalgo,0.071556350626118
2025-11-15,Hidalgo,0.071556350626118
2025-11-15,Campeche,0.0178890876565295
2025-11-15,Guanajuato,1.0
2025-11-15,Chihuahua,0.3041144901610019
2025-11-15,Yucatan,0.0
2025-11-15,Zacatecas,0.0178890876565295
2025-11-15,Durango,0.0536672629695885
2025-11-15,Aguascalientes,0.0
2025-11-15,Jalisco,0.3398926654740609
2025-11-15,Colima,0.3220035778175314
2025-11-15,Mexico,0.1967799642218247
2025-11-15,Baja California Sur,0.0
2025-11-15,Chiapas,0.0536672629695885
2025-11-15,Ciudad De Mexico,0.3220035778175314
2025-11-15,Baja California,0.8228980322003581
2025-11-15,Guerrero,0.447227191413238
2025-11-15,San Luis Potosi,0.0
2025-11-15,Puebla,0.483005366726297
2025-11-15,Michoacan De Ocampo,0.7155635062611809
2025-11-15,Tlaxcala,0.0178890876565295
2025-11-15,Veracruz De Ignacio De La Llave,0.447227191413238
2025-11-15,Sinaloa,1.0
2025-11-15,Sonora,0.4293381037567085
2025-11-15,Morelos,0.3398926654740609
2025-11-15,Nayarit,0.035778175313059
2025-11-15,Coahuila De Zaragoza,0.0178890876565295
2025-11-15,Tabasco,0.1252236135957066
2025-11-15,Nuevo Leon,0.5903398926654743
2025-11-15,Tamaulipas,0.1431127012522361
2025-11-15,Queretaro,0.035778175313059
2025-11-15,Quintana Roo,0.071556350626118
2025-11-15,Oaxaca,0.071556350626118
2025-11-16,Tlaxcala,0.0178890876565295
2025-11-16,Nuevo Leon,0.5903398926654743
2025-11-16,Tabasco,0.1252236135957066
2025-11-16,Michoacan De Ocampo,0.7155635062611809
2025-11-16,Quintana Roo,0.071556350626118
2025-11-16,Veracruz De Ignacio De La Llave,0.447227191413238
2025-11-16,Puebla,0.483005366726297
2025-11-16,Tamaulipas,0.1431127012522361
2025-11-16,San Luis Potosi,0.0
2025-11-16,Coahuila De Zaragoza,0.0178890876565295
2025-11-16,Oaxaca,0.071556350626118
2025-11-16,Queretaro,0.035778175313059
2025-11-16,Nayarit,0.035778175313059
2025-11-16,Morelos,0.3398926654740609
2025-11-16,Sonora,0.4293381037567085
2025-11-16,Sinaloa,1.0
2025-11-16,Zacatecas,0.0178890876565295
2025-11-16,Jalisco,0.3398926654740609
2025-11-16,Yucatan,0.0
2025-11-16,Baja California,0.8228980322003581
2025-11-16,Colima,0.3220035778175314
2025-11-16,Ciudad De Mexico,0.3220035778175314
2025-11-16,Guerrero,0.447227191413238
2025-11-16,Chiapas,0.0536672629695885
2025-11-16,Mexico,0.1967799642218247
2025-11-16,Aguascalientes,0.0
2025-11-16,Hidalgo,0.071556350626118
2025-11-16,Durango,0.0536672629695885
2025-11-16,Chihuahua,0.3041144901610019
2025-11-16,Guanajuato,1.0
2025-11-16,Baja California Sur,0.0
2025-11-16,Campeche,0.0178890876565295
2025-11-17,Guanajuato,1.0
2025-11-17,Zacatecas,0.0178890876565295
2025-11-17,Colima,0.3220035778175314
2025-11-17,Ciudad De Mexico,0.3220035778175314
2025-11-17,Guerrero,0.447227191413238
2025-11-17,Campeche,0.0178890876565295
2025-11-17,Chihuahua,0.3041144901610019
2025-11-17,Hidalgo,0.071556350626118
2025-11-17,Yucatan,0.0
2025-11-17,Durango,0.0536672629695885
2025-11-17,Aguascalientes,0.0
2025-11-17,Baja California Sur,0.0
2025-11-17,Jalisco,0.3398926654740609
2025-11-17,Chiapas,0.0536672629695885
2025-11-17,Mexico,0.1967799642218247
2025-11-17,Baja California,0.8228980322003581
2025-11-17,Nuevo Leon,0.5903398926654743
2025-11-17,Tamaulipas,0.1431127012522361
2025-11-17,Morelos,0.3398926654740609
2025-11-17,San Luis Potosi,0.0
2025-11-17,Veracruz De Ignacio De La Llave,0.447227191413238
2025-11-17,Sinaloa,1.0
2025-11-17,Puebla,0.483005366726297
2025-11-17,Tlaxcala,0.0178890876565295
2025-11-17,Oaxaca,0.071556350626118
2025-11-17,Sonora,0.4293381037567085
2025-11-17,Michoacan De Ocampo,0.7155635062611809
2025-11-17,Tabasco,0.1252236135957066
2025-11-17,Nayarit,0.035778175313059
2025-11-17,Coahuila De Zaragoza,0.0178890876565295
2025-11-17,Queretaro,0.035778175313059
2025-11-17,Quintana Roo,0.071556350626118
2025-11-20,Tlaxcala,0.0178890876565295
2025-11-20,Tabasco,0.1252236135957066
2025-11-20,Nayarit,0.035778175313059
2025-11-20,Quintana Roo,0.071556350626118
2025-11-20,Michoacan De Ocampo,0.7155635062611809
2025-11-20,Queretaro,0.035778175313059
2025-11-20,Morelos,0.3398926654740609
2025-11-20,San Luis Potosi,0.0
2025-11-20,Veracruz De Ignacio De La Llave,0.447227191413238
2025-11-20,Tamaulipas,0.1431127012522361
2025-11-20,Puebla,0.483005366726297
2025-11-20,Coahuila De Zaragoza,0.0178890876565295
2025-11-20,Sinaloa,1.0
2025-11-20,Sonora,0.4293381037567085
2025-11-20,Nuevo Leon,0.5903398926654743
2025-11-20,Oaxaca,0.071556350626118
2025-11-20,Baja California,0.8228980322003581
2025-11-20,Jalisco,0.3398926654740609
2025-11-20,Ciudad De Mexico,0.3220035778175314
2025-11-20,Guanajuato,1.0
2025-11-20,Zacatecas,0.0178890876565295
2025-11-20,Campeche,0.0178890876565295
2025-11-20,Durango,0.0536672629695885
2025-11-20,Chiapas,0.0536672629695885
2025-11-20,Hidalgo,0.071556350626118
2025-11-20,Colima,0.3220035778175314
2025-11-20,Guerrero,0.447227191413238
2025-11-20,Mexico,0.1967799642218247
2025-11-20,Yucatan,0.0
2025-11-20,Baja California Sur,0.0
2025-11-20,Chihuahua,0.3041144901610019
2025-11-20,Aguascalientes,0.0
2025-11-21,Colima,0.3220035778175314
2025-11-21,Chihuahua,0.3041144901610019
2025-11-21,Ciudad De Mexico,0.3220035778175314
2025-11-21,Zacatecas,0.0178890876565295
2025-11-21,Aguascalientes,0.0
2025-11-21,Baja California,0.8228980322003581
2025-11-21,Guerrero,0.447227191413238
2025-11-21,Chiapas,0.0536672629695885
2025-11-21,Yucatan,0.0
2025-11-21,Jalisco,0.3398926654740609
2025-11-21,Durango,0.0536672629695885
2025-11-21,Guanajuato,1.0
2025-11-21,Baja California Sur,0.0
2025-11-21,Hidalgo,0.071556350626118
2025-11-21,Mexico,0.1967799642218247
2025-11-21,Campeche,0.0178890876565295
2025-11-21,Quintana Roo,0.071556350626118
2025-11-21,Queretaro,0.035778175313059
2025-11-21,Morelos,0.3398926654740609
2025-11-21,Tamaulipas,0.1431127012522361
2025-11-21,Oaxaca,0.071556350626118
2025-11-21,Michoacan De Ocampo,0.7155635062611809
2025-11-21,Nuevo Leon,0.5903398926654743
2025-11-21,Sonora,0.4293381037567085
2025-11-21,Veracruz De Ignacio De La Llave,0.447227191413238
2025-11-21,Tabasco,0.1252236135957066
2025-11-21,San Luis Potosi,0.0
2025-11-21,Tlaxcala,0.0178890876565295
2025-11-21,Sinaloa,1.0
2025-11-21,Puebla,0.483005366726297
2025-11-21,Coahuila De Zaragoza,0.0178890876565295
2025-11-21,Nayarit,0.035778175313059
2025-11-22,Morelos,0.3398926654740609
2025-11-22,Coahuila De Zaragoza,0.0178890876565295
2025-11-22,Tlaxcala,0.0178890876565295
2025-11-22,Nuevo Leon,0.5903398926654743
2025-11-22,Oaxaca,0.071556350626118
2025-11-22,Sinaloa,1.0
2025-11-22,Queretaro,0.035778175313059
2025-11-22,Michoacan De Ocampo,0.7155635062611809
2025-11-22,Quintana Roo,0.071556350626118
2025-11-22,San Luis Potosi,0.0
2025-11-22,Sonora,0.4293381037567085
2025-11-22,Tamaulipas,0.1431127012522361
2025-11-22,Veracruz De Ignacio De La Llave,0.447227191413238
2025-11-22,Tabasco,0.1252236135957066
2025-11-22,Puebla,0.483005366726297
2025-11-22,Nayarit,0.035778175313059
2025-11-22,Colima,0.3220035778175314
2025-11-22,Zacatecas,0.0178890876565295
2025-11-22,Guerrero,0.447227191413238
2025-11-22,Chiapas,0.0536672629695885
2025-11-22,Durango,0.0536672629695885
2025-11-22,Hidalgo,0.071556350626118
2025-11-22,Guanajuato,1.0
2025-11-22,Campeche,0.0178890876565295
2025-11-22,Jalisco,0.3398926654740609
2025-11-22,Yucatan,0.0
2025-11-22,Baja California Sur,0.0
2025-11-22,Baja California,0.8228980322003581
2025-11-22,Chihuahua,0.3041144901610019
2025-11-22,Mexico,0.1967799642218247
2025-11-22,Aguascalientes,0.0
2025-11-22,Ciudad De Mexico,0.3220035778175314
2025-11-23,Chihuahua,0.3041144901610019
2025-11-23,Zacatecas,0.0178890876565295
2025-11-23,Guerrero,0.447227191413238
2025-11-23,Guanajuato,1.0
2025-11-23,Yucatan,0.0
2025-11-23,Baja California Sur,0.0
2025-11-23,Jalisco,0.3398926654740609
2025-11-23,Colima,0.3220035778175314
2025-11-23,Chiapas,0.0536672629695885
2025-11-23,Aguascalientes,0.0
2025-11-23,Mexico,0.1967799642218247
2025-11-23,Durango,0.0536672629695885
2025-11-23,Baja California,0.8228980322003581
2025-11-23,Hidalgo,0.071556350626118
2025-11-23,Ciudad De Mexico,0.3220035778175314
2025-11-23,Campeche,0.0178890876565295
2025-11-23,Veracruz De Ignacio De La Llave,0.447227191413238
2025-11-23,Coahuila De Zaragoza,0.0178890876565295
2025-11-23,Oaxaca,0.071556350626118
2025-11-23,Morelos,0.3398926654740609
2025-11-23,Michoacan De Ocampo,0.7155635062611809
2025-11-23,Quintana Roo,0.071556350626118
2025-11-23,Puebla,0.483005366726297
2025-11-23,Sonora,0.4293381037567085
2025-11-23,Sinaloa,1.0
2025-11-23,Nuevo Leon,0.5903398926654743
2025-11-23,San Luis Potosi,0.0
2025-11-23,Tlaxcala,0.0178890876565295
2025-11-23,Tabasco,0.1252236135957066
2025-11-23,Queretaro,0.035778175313059
2025-11-23,Nayarit,0.035778175313059
2025-11-23,Tamaulipas,0.1431127012522361
2025-11-24,Nuevo Leon,0.5903398926654743
2025-11-24,Quintana Roo,0.071556350626118
2025-11-24,Veracruz De Ignacio De La Llave,0.447227191413238
2025-11-24,Tamaulipas,0.1431127012522361
2025-11-24,Morelos,0.3398926654740609
2025-11-24,Oaxaca,0.071556350626118
2025-11-24,Tlaxcala,0.0178890876565295
2025-11-24,Sonora,0.4293381037567085
2025-11-24,Nayarit,0.035778175313059
2025-11-24,Coahuila De Zaragoza,0.0178890876565295
2025-11-24,Tabasco,0.1252236135957066
2025-11-24,Puebla,0.483005366726297
2025-11-24,San Luis Potosi,0.0
2025-11-24,Michoacan De Ocampo,0.7155635062611809
2025-11-24,Queretaro,0.035778175313059
2025-11-24,Sinaloa,1.0
2025-11-24,Yucatan,0.0
2025-11-24,Chiapas,0.0536672629695885
2025-11-24,Chihuahua,0.3041144901610019
2025-11-24,Guerrero,0.447227191413238
2025-11-24,Guanajuato,1.0
2025-11-24,Colima,0.3220035778175314
2025-11-24,Ciudad De Mexico,0.3220035778175314
2025-11-24,Baja California Sur,0.0
2025-11-24,Jalisco,0.3398926654740609
2025-11-24,Campeche,0.0178890876565295
2025-11-24,Zacatecas,0.0178890876565295
2025-11-24,Mexico,0.1967799642218247
2025-11-24,Durango,0.0536672629695885
2025-11-24,Baja California,0.8228980322003581
2025-11-24,Hidalgo,0.071556350626118
2025-11-24,Aguascalientes,0.0
2025-11-25,Jalisco,0.3398926654740609
2025-11-25,Campeche,0.0178890876565295
2025-11-25,Hidalgo,0.071556350626118
2025-11-25,Colima,0.3220035778175314
2025-11-25,Durango,0.0536672629695885
2025-11-25,Guanajuato,1.0
2025-11-25,Ciudad De Mexico,0.3220035778175314
2025-11-25,Baja California,0.8228980322003581
2025-11-25,Chiapas,0.0536672629695885
2025-11-25,Aguascalientes,0.0
2025-11-25,Zacatecas,0.0178890876565295
2025-11-25,Guerrero,0.447227191413238
2025-11-25,Chihuahua,0.3041144901610019
2025-11-25,Yucatan,0.0
2025-11-25,Baja California Sur,0.0
2025-11-25,Mexico,0.1967799642218247
2025-11-25,Puebla,0.483005366726297
2025-11-25,Quintana Roo,0.071556350626118
2025-11-25,Coahuila De Zaragoza,0.0178890876565295
2025-11-25,Tabasco,0.1252236135957066
2025-11-25,Veracruz De Ignacio De La Llave,0.447227191413238
2025-11-25,Oaxaca,0.071556350626118
2025-11-25,Tlaxcala,0.0178890876565295
2025-11-25,Nayarit,0.035778175313059
2025-11-25,Nuevo Leon,0.5903398926654743
2025-11-25,Tamaulipas,0.1431127012522361
2025-11-25,Sinaloa,1.0
2025-11-25,San Luis Potosi,0.0
2025-11-25,Morelos,0.3398926654740609
2025-11-25,Michoacan De Ocampo,0.7155635062611809
2025-11-25,Sonora,0.4293381037567085
2025-11-25,Queretaro,0.035778175313059
2025-11-26,Nayarit,0.035778175313059
2025-11-26,Sinaloa,1.0
2025-11-26,Puebla,0.483005366726297
2025-11-26,Veracruz De Ignacio De La Llave,0.447227191413238
2025-11-26,Tamaulipas,0.1431127012522361
2025-11-26,Nuevo Leon,0.5903398926654743
2025-11-26,Oaxaca,0.071556350626118
2025-11-26,Tabasco,0.1252236135957066
2025-11-26,Queretaro,0.035778175313059
2025-11-26,Michoacan De Ocampo,0.7155635062611809
2025-11-26,San Luis Potosi,0.0
2025-11-26,Sonora,0.4293381037567085
2025-11-26,Tlaxcala,0.0178890876565295
2025-11-26,Coahuila De Zaragoza,0.0178890876565295
2025-11-26,Quintana Roo,0.071556350626118
2025-11-26,Morelos,0.3398926654740609
2025-11-26,Ciudad De Mexico,0.3220035778175314
2025-11-26,Campeche,0.0178890876565295
2025-11-26,Chihuahua,0.3041144901610019
2025-11-26,Baja California Sur,0.0
2025-11-26,Guerrero,0.447227191413238
2025-11-26,Aguascalientes,0.0
2025-11-26,Yucatan,0.0
2025-11-26,Jalisco,0.3398926654740609
2025-11-26,Hidalgo,0.071556350626118
2025-11-26,Durango,0.0536672629695885
2025-11-26,Baja California,0.8228980322003581
2025-11-26,Zacatecas,0.0178890876565295
2025-11-26,Mexico,0.1967799642218247
2025-11-26,Guanajuato,1.0
2025-11-26,Chiapas,0.0536672629695885
2025-11-26,Colima,0.3220035778175314
2025-11-27,Ciudad De Mexico,0.3220035778175314
2025-11-27,Jalisco,0.3398926654740609
2025-11-27,Baja California Sur,0.0
2025-11-27,Guerrero,0.447227191413238
2025-11-27,Aguascalientes,0.0
2025-11-27,Chiapas,0.0536672629695885
2025-11-27,Yucatan,0.0
2025-11-27,Colima,0.3220035778175314
2025-11-27,Chihuahua,0.3041144901610019
2025-11-27,Durango,0.0536672629695885
2025-11-27,Baja California,0.8228980322003581
2025-11-27,Zacatecas,0.0178890876565295
2025-11-27,Mexico,0.1967799642218247
2025-11-27,Guanajuato,1.0
2025-11-27,Hidalgo,0.071556350626118
2025-11-27,Campeche,0.0178890876565295
2025-11-27,Michoacan De Ocampo,0.7155635062611809
2025-11-27,Nayarit,0.035778175313059
2025-11-27,Puebla,0.483005366726297
2025-11-27,Queretaro,0.035778175313059
2025-11-27,Veracruz De Ignacio De La Llave,0.447227191413238
2025-11-27,Sinaloa,1.0
2025-11-27,Tabasco,0.1252236135957066
2025-11-27,Quintana Roo,0.071556350626118
2025-11-27,Oaxaca,0.071556350626118
2025-11-27,Morelos,0.3398926654740609
2025-11-27,Coahuila De Zaragoza,0.0178890876565295
2025-11-27,Nuevo Leon,0.5903398926654743
2025-11-27,Sonora,0.4293381037567085
2025-11-27,San Luis Potosi,0.0
2025-11-27,Tlaxcala,0.0178890876565295
2025-11-27,Tamaulipas,0.1431127012522361
2025-11-28,Oaxaca,0.071556350626118
2025-11-28,Puebla,0.483005366726297
2025-11-28,Sinaloa,1.0
2025-11-28,Quintana Roo,0.071556350626118
2025-11-28,Veracruz De Ignacio De La Llave,0.447227191413238
2025-11-28,Coahuila De Zaragoza,0.0178890876565295
2025-11-28,Tabasco,0.1252236135957066
2025-11-28,Tlaxcala,0.0178890876565295
2025-11-28,Queretaro,0.035778175313059
2025-11-28,Tamaulipas,0.1431127012522361
2025-11-28,Nuevo Leon,0.5903398926654743
2025-11-28,Michoacan De Ocampo,0.7155635062611809
2025-11-28,Nayarit,0.035778175313059
2025-11-28,Sonora,0.4293381037567085
2025-11-28,San Luis Potosi,0.0
2025-11-28,Morelos,0.3398926654740609
2025-11-28,Mexico,0.1967799642218247
2025-11-28,Ciudad De Mexico,0.3220035778175314
2025-11-28,Aguascalientes,0.0
2025-11-28,Campeche,0.0178890876565295
2025-11-28,Chihuahua,0.3041144901610019
2025-11-28,Baja California,0.8228980322003581
2025-11-28,Yucatan,0.0
2025-11-28,Baja California Sur,0.0
2025-11-28,Guerrero,0.447227191413238
2025-11-28,Jalisco,0.3398926654740609
2025-11-28,Zacatecas,0.0178890876565295
2025-11-28,Hidalgo,0.071556350626118
2025-11-28,Guanajuato,1.0
2025-11-28,Chiapas,0.0536672629695885
2025-11-28,Colima,0.3220035778175314
2025-11-28,Durango,0.0536672629695885
2025-11-29,Yucatan,0.0
2025-11-29,Hidalgo,0.071556350626118
2025-11-29,Jalisco,0.3398926654740609
2025-11-29,Chihuahua,0.3041144901610019
2025-11-29,Durango,0.0536672629695885
2025-11-29,Campeche,0.0178890876565295
2025-11-29,Ciudad De Mexico,0.3220035778175314
2025-11-29,Zacatecas,0.0178890876565295
2025-11-29,Colima,0.3220035778175314
2025-11-29,Mexico,0.1967799642218247
2025-11-29,Guerrero,0.447227191413238
2025-11-29,Aguascalientes,0.0
2025-11-29,Baja California Sur,0.0
2025-11-29,Baja California,0.8228980322003581
2025-11-29,Guanajuato,1.0
2025-11-29,Chiapas,0.0536672629695885
2025-11-29,Tamaulipas,0.1431127012522361
2025-11-29,Nayarit,0.035778175313059
2025-11-29,Oaxaca,0.071556350626118
2025-11-29,Puebla,0.483005366726297
2025-11-29,Coahuila De Zaragoza,0.0178890876565295
2025-11-29,Quintana Roo,0.071556350626118
2025-11-29,Veracruz De Ignacio De La Llave,0.447227191413238
2025-11-29,Queretaro,0.035778175313059
2025-11-29,San Luis Potosi,0.0
2025-11-29,Tabasco,0.1252236135957066
2025-11-29,Tlaxcala,0.0178890876565295
2025-11-29,Morelos,0.3398926654740609
2025-11-29,Sinaloa,1.0
2025-11-29,Nuevo Leon,0.5903398926654743
2025-11-29,Michoacan De Ocampo,0.7155635062611809
2025-11-29,Sonora,0.4293381037567085
2025-11-30,Tamaulipas,0.1431127012522361
2025-11-30,Puebla,0.483005366726297
2025-11-30,Quintana Roo,0.071556350626118
2025-11-30,Tlaxcala,0.0178890876565295
2025-11-30,Veracruz De Ignacio De La Llave,0.447227191413238
2025-11-30,Coahuila De Zaragoza,0.0178890876565295
2025-11-30,Nuevo Leon,0.5903398926654743
2025-11-30,Sonora,0.4293381037567085
2025-11-30,Queretaro,0.035778175313059
2025-11-30,Tabasco,0.1252236135957066
2025-11-30,Morelos,0.3398926654740609
2025-11-30,Sinaloa,1.0
2025-11-30,Oaxaca,0.071556350626118
2025-11-30,Michoacan De Ocampo,0.7155635062611809
2025-11-30,Nayarit,0.035778175313059
2025-11-30,San Luis Potosi,0.0
2025-11-30,Aguascalientes,0.0
2025-11-30,Colima,0.3220035778175314
2025-11-30,Campeche,0.0178890876565295
2025-11-30,Durango,0.0536672629695885
2025-11-30,Chihuahua,0.3041144901610019
2025-11-30,Jalisco,0.3398926654740609
2025-11-30,Baja California Sur,0.0
2025-11-30,Baja California,0.8228980322003581
2025-11-30,Ciudad De Mexico,0.3220035778175314
2025-11-30,Guanajuato,1.0
2025-11-30,Zacatecas,0.0178890876565295
2025-11-30,Hidalgo,0.071556350626118
2025-11-30,Guerrero,0.447227191413238
2025-11-30,Mexico,0.1967799642218247
2025-11-30,Chiapas,0.0536672629695885
2025-11-30,Yucatan,0.0
2025-12-01,Chiapas,0.0634774609015639
2025-12-01,Hidalgo,0.1002759889604416
2025-12-01,Ciudad De Mexico,0.3394664213431463
2025-12-01,Chihuahua,0.3026678932842687
2025-12-01,Colima,0.3026678932842687
2025-12-01,Durango,0.0450781968721251
2025-12-01,Campeche,0.0266789328426862
2025-12-01,Zacatecas,0.0266789328426862
2025-12-01,Jalisco,0.376264949402024
2025-12-01,Guanajuato,1.0
2025-12-01,Aguascalientes,0.0082796688132474
2025-12-01,Mexico,0.2290708371665133
2025-12-01,Guerrero,0.4866605335786569
2025-12-01,Yucatan,0.0
2025-12-01,Baja California Sur,0.0082796688132474
2025-12-01,Baja California,0.817847286108556
2025-12-01,Nayarit,0.0266789328426862
2025-12-01,Morelos,0.3578656853725852
2025-12-01,Nuevo Leon,0.6706531738730452
2025-12-01,Tabasco,0.1186752529898804
2025-12-01,Oaxaca,0.0818767249310027
2025-12-01,Puebla,0.5050597976080958
2025-12-01,Tamaulipas,0.1370745170193192
2025-12-01,Quintana Roo,0.0634774609015639
2025-12-01,Veracruz De Ignacio De La Llave,0.5050597976080958
2025-12-01,Queretaro,0.0266789328426862
2025-12-01,Coahuila De Zaragoza,0.0082796688132474
2025-12-01,Sinaloa,1.0
2025-12-01,Michoacan De Ocampo,0.7442502299908006
2025-12-01,Sonora,0.4130634774609016
2025-12-01,Tlaxcala,0.0082796688132474
2025-12-01,San Luis Potosi,0.0
2025-12-02,Morelos,0.3578656853725852
2025-12-02,Sonora,0.4130634774609016
2025-12-02,Nuevo Leon,0.6706531738730452
2025-12-02,Oaxaca,0.0818767249310027
2025-12-02,Quintana Roo,0.0634774609015639
2025-12-02,Tabasco,0.1186752529898804
2025-12-02,Coahuila De Zaragoza,0.0082796688132474
2025-12-02,Veracruz De Ignacio De La Llave,0.5050597976080958
2025-12-02,Nayarit,0.0266789328426862
2025-12-02,Puebla,0.5050597976080958
2025-12-02,Michoacan De Ocampo,0.7442502299908006
2025-12-02,Queretaro,0.0266789328426862
2025-12-02,San Luis Potosi,0.0
2025-12-02,Tamaulipas,0.1370745170193192
2025-12-02,Tlaxcala,0.0082796688132474
2025-12-02,Sinaloa,1.0
2025-12-02,Chiapas,0.0634774609015639
2025-12-02,Jalisco,0.376264949402024
2025-12-02,Hidalgo,0.1002759889604416
2025-12-02,Ciudad De Mexico,0.3394664213431463
2025-12-02,Chihuahua,0.3026678932842687
2025-12-02,Colima,0.3026678932842687
2025-12-02,Zacatecas,0.0266789328426862
2025-12-02,Baja California,0.817847286108556
2025-12-02,Campeche,0.0266789328426862
2025-12-02,Baja California Sur,0.0082796688132474
2025-12-02,Yucatan,0.0
2025-12-02,Guanajuato,1.0
2025-12-02,Durango,0.0450781968721251
2025-12-02,Mexico,0.2290708371665133
2025-12-02,Guerrero,0.4866605335786569
2025-12-02,Aguascalientes,0.0082796688132474
2025-12-03,Chiapas,0.0634774609015639
2025-12-03,Hidalgo,0.1002759889604416
2025-12-03,Ciudad De Mexico,0.3394664213431463
2025-12-03,Chihuahua,0.3026678932842687
2025-12-03,Colima,0.3026678932842687
2025-12-03,Zacatecas,0.0266789328426862
2025-12-03,Baja California Sur,0.0082796688132474
2025-12-03,Aguascalientes,0.0082796688132474
2025-12-03,Baja California,0.817847286108556
2025-12-03,Yucatan,0.0
2025-12-03,Guanajuato,1.0
2025-12-03,Durango,0.0450781968721251
2025-12-03,Mexico,0.2290708371665133
2025-12-03,Guerrero,0.4866605335786569
2025-12-03,Jalisco,0.376264949402024
2025-12-03,Campeche,0.0266789328426862
2025-12-03,Veracruz De Ignacio De La Llave,0.5050597976080958
2025-12-03,Tamaulipas,0.1370745170193192
2025-12-03,Sonora,0.4130634774609016
2025-12-03,Nuevo Leon,0.6706531738730452
2025-12-03,Oaxaca,0.0818767249310027
2025-12-03,Quintana Roo,0.0634774609015639
2025-12-03,Tabasco,0.1186752529898804
2025-12-03,Morelos,0.3578656853725852
2025-12-03,Coahuila De Zaragoza,0.0082796688132474
2025-12-03,Tlaxcala,0.0082796688132474
2025-12-03,Nayarit,0.0266789328426862
2025-12-03,Puebla,0.5050597976080958
2025-12-03,Michoacan De Ocampo,0.7442502299908006
2025-12-03,Queretaro,0.0266789328426862
2025-12-03,San Luis Potosi,0.0
2025-12-03,Sinaloa,1.0
2025-12-05,Sonora,0.4130634774609016
2025-12-05,Nuevo Leon,0.6706531738730452
2025-12-05,Oaxaca,0.0818767249310027
2025-12-05,Coahuila De Zaragoza,0.0082796688132474
2025-12-05,Quintana Roo,0.0634774609015639
2025-12-05,Tabasco,0.1186752529898804
2025-12-05,Morelos,0.3578656853725852
2025-12-05,Sinaloa,1.0
2025-12-05,Tlaxcala,0.0082796688132474
2025-12-05,Nayarit,0.0266789328426862
2025-12-05,Puebla,0.5050597976080958
2025-12-05,Michoacan De Ocampo,0.7442502299908006
2025-12-05,Queretaro,0.0266789328426862
2025-12-05,San Luis Potosi,0.0
2025-12-05,Veracruz De Ignacio De La Llave,0.5050597976080958
2025-12-05,Tamaulipas,0.1370745170193192
2025-12-05,Campeche,0.0266789328426862
2025-12-05,Mexico,0.2290708371665133
2025-12-05,Chiapas,0.0634774609015639
2025-12-05,Hidalgo,0.1002759889604416
2025-12-05,Ciudad De Mexico,0.3394664213431463
2025-12-05,Chihuahua,0.3026678932842687
2025-12-05,Colima,0.3026678932842687
2025-12-05,Zacatecas,0.0266789328426862
2025-12-05,Guerrero,0.4866605335786569
2025-12-05,Aguascalientes,0.0082796688132474
2025-12-05,Baja California,0.817847286108556
2025-12-05,Baja California Sur,0.0082796688132474
2025-12-05,Yucatan,0.0
2025-12-05,Guanajuato,1.0
2025-12-05,Durango,0.0450781968721251
2025-12-05,Jalisco,0.376264949402024
2025-12-06,Hidalgo,0.1002759889604416
2025-12-06,Ciudad De Mexico,0.3394664213431463
2025-12-06,Chihuahua,0.3026678932842687
2025-12-06,Guerrero,0.4866605335786569
2025-12-06,Colima,0.3026678932842687
2025-12-06,Zacatecas,0.0266789328426862
2025-12-06,Jalisco,0.376264949402024
2025-12-06,Aguascalientes,0.0082796688132474
2025-12-06,Campeche,0.0266789328426862
2025-12-06,Baja California,0.817847286108556
2025-12-06,Baja California Sur,0.0082796688132474
2025-12-06,Yucatan,0.0
2025-12-06,Guanajuato,1.0
2025-12-06,Durango,0.0450781968721251
2025-12-06,Mexico,0.2290708371665133
2025-12-06,Chiapas,0.0634774609015639
2025-12-06,Tamaulipas,0.1370745170193192
2025-12-06,Sinaloa,1.0
2025-12-06,Nuevo Leon,0.6706531738730452
2025-12-06,Oaxaca,0.0818767249310027
2025-12-06,Coahuila De Zaragoza,0.0082796688132474
2025-12-06,Quintana Roo,0.0634774609015639
2025-12-06,Tabasco,0.1186752529898804
2025-12-06,Morelos,0.3578656853725852
2025-12-06,Veracruz De Ignacio De La Llave,0.5050597976080958
2025-12-06,Tlaxcala,0.0082796688132474
2025-12-06,Nayarit,0.0266789328426862
2025-12-06,Puebla,0.5050597976080958
2025-12-06,Michoacan De Ocampo,0.7442502299908006
2025-12-06,Queretaro,0.0266789328426862
2025-12-06,San Luis Potosi,0.0
2025-12-06,Sonora,0.4130634774609016
2025-12-07,Veracruz De Ignacio De La Llave,0.5050597976080958
2025-12-07,Nuevo Leon,0.6706531738730452
2025-12-07,Oaxaca,0.0818767249310027
2025-12-07,Coahuila De Zaragoza,0.0082796688132474
2025-12-07,Quintana Roo,0.0634774609015639
2025-12-07,Tabasco,0.1186752529898804
2025-12-07,Morelos,0.3578656853725852
2025-12-07,Sonora,0.4130634774609016
2025-12-07,Tlaxcala,0.0082796688132474
2025-12-07,Nayarit,0.0266789328426862
2025-12-07,Puebla,0.5050597976080958
2025-12-07,Michoacan De Ocampo,0.7442502299908006
2025-12-07,Queretaro,0.0266789328426862
2025-12-07,San Luis Potosi,0.0
2025-12-07,Sinaloa,1.0
2025-12-07,Tamaulipas,0.1370745170193192
2025-12-07,Chiapas,0.0634774609015639
2025-12-07,Durango,0.0450781968721251
2025-12-07,Ciudad De Mexico,0.3394664213431463
2025-12-07,Chihuahua,0.3026678932842687
2025-12-07,Guerrero,0.4866605335786569
2025-12-07,Colima,0.3026678932842687
2025-12-07,Zacatecas,0.0266789328426862
2025-12-07,Hidalgo,0.1002759889604416
2025-12-07,Jalisco,0.376264949402024
2025-12-07,Mexico,0.2290708371665133
2025-12-07,Campeche,0.0266789328426862
2025-12-07,Baja California,0.817847286108556
2025-12-07,Baja California Sur,0.0082796688132474
2025-12-07,Yucatan,0.0
2025-12-07,Guanajuato,1.0
2025-12-07,Aguascalientes,0.0082796688132474
2025-12-08,Durango,0.0450781968721251
2025-12-08,Ciudad De Mexico,0.3394664213431463
2025-12-08,Chihuahua,0.3026678932842687
2025-12-08,Guerrero,0.4866605335786569
2025-12-08,Colima,0.3026678932842687
2025-12-08,Zacatecas,0.0266789328426862
2025-12-08,Hidalgo,0.1002759889604416
2025-12-08,Aguascalientes,0.0082796688132474
2025-12-08,Mexico,0.2290708371665133
2025-12-08,Campeche,0.0266789328426862
2025-12-08,Baja California,0.817847286108556
2025-12-08,Baja California Sur,0.0082796688132474
2025-12-08,Yucatan,0.0
2025-12-08,Guanajuato,1.0
2025-12-08,Chiapas,0.0634774609015639
2025-12-08,Jalisco,0.376264949402024
2025-12-08,Sinaloa,1.0
2025-12-08,Queretaro,0.0266789328426862
2025-12-08,Veracruz De Ignacio De La Llave,0.5050597976080958
2025-12-08,Nuevo Leon,0.6706531738730452
2025-12-08,Oaxaca,0.0818767249310027
2025-12-08,Coahuila De Zaragoza,0.0082796688132474
2025-12-08,Quintana Roo,0.0634774609015639
2025-12-08,Tabasco,0.1186752529898804
2025-12-08,San Luis Potosi,0.0
2025-12-08,Sonora,0.4130634774609016
2025-12-08,Tlaxcala,0.0082796688132474
2025-12-08,Morelos,0.3578656853725852
2025-12-08,Nayarit,0.0266789328426862
2025-12-08,Puebla,0.5050597976080958
2025-12-08,Michoacan De Ocampo,0.7442502299908006
2025-12-08,Tamaulipas,0.1370745170193192
2025-12-09,Queretaro,0.0266789328426862
2025-12-09,Veracruz De Ignacio De La Llave,0.5050597976080958
2025-12-09,Nuevo Leon,0.6706531738730452
2025-12-09,Oaxaca,0.0818767249310027
2025-12-09,Coahuila De Zaragoza,0.0082796688132474
2025-12-09,Quintana Roo,0.0634774609015639
2025-12-09,Tabasco,0.1186752529898804
2025-12-09,Tamaulipas,0.1370745170193192
2025-12-09,Sonora,0.4130634774609016
2025-12-09,Tlaxcala,0.0082796688132474
2025-12-09,Morelos,0.3578656853725852
2025-12-09,Nayarit,0.0266789328426862
2025-12-09,Puebla,0.5050597976080958
2025-12-09,Michoacan De Ocampo,0.7442502299908006
2025-12-09,Sinaloa,1.0
2025-12-09,San Luis Potosi,0.0
2025-12-09,Chiapas,0.0634774609015639
2025-12-09,Yucatan,0.0
2025-12-09,Durango,0.0450781968721251
2025-12-09,Ciudad De Mexico,0.3394664213431463
2025-12-09,Chihuahua,0.3026678932842687
2025-12-09,Guerrero,0.4866605335786569
2025-12-09,Colima,0.3026678932842687
2025-12-09,Zacatecas,0.0266789328426862
2025-12-09,Guanajuato,1.0
2025-12-09,Aguascalientes,0.0082796688132474
2025-12-09,Mexico,0.2290708371665133
2025-12-09,Hidalgo,0.1002759889604416
2025-12-09,Campeche,0.0266789328426862
2025-12-09,Baja California,0.817847286108556
2025-12-09,Baja California Sur,0.0082796688132474
2025-12-09,Jalisco,0.376264949402024
2025-12-10,Ciudad De Mexico,0.3394664213431463
2025-12-10,Chihuahua,0.3026678932842687
2025-12-10,Guerrero,0.4866605335786569
2025-12-10,Guanajuato,1.0
2025-12-10,Colima,0.3026678932842687
2025-12-10,Zacatecas,0.0266789328426862
2025-12-10,Jalisco,0.376264949402024
2025-12-10,Aguascalientes,0.0082796688132474
2025-12-10,Mexico,0.2290708371665133
2025-12-10,Hidalgo,0.1002759889604416
2025-12-10,Campeche,0.0266789328426862
2025-12-10,Baja California,0.817847286108556
2025-12-10,Baja California Sur,0.0082796688132474
2025-12-10,Yucatan,0.0
2025-12-10,Durango,0.0450781968721251
2025-12-10,Chiapas,0.0634774609015639
2025-12-10,Michoacan De Ocampo,0.7442502299908006
2025-12-10,Queretaro,0.0266789328426862
2025-12-10,Veracruz De Ignacio De La Llave,0.5050597976080958
2025-12-10,Nuevo Leon,0.6706531738730452
2025-12-10,Oaxaca,0.0818767249310027
2025-12-10,Coahuila De Zaragoza,0.0082796688132474
2025-12-10,Quintana Roo,0.0634774609015639
2025-12-10,Tabasco,0.1186752529898804
2025-12-10,Sinaloa,1.0
2025-12-10,Sonora,0.4130634774609016
2025-12-10,Tamaulipas,0.1370745170193192
2025-12-10,Tlaxcala,0.0082796688132474
2025-12-10,Morelos,0.3578656853725852
2025-12-10,Nayarit,0.0266789328426862
2025-12-10,Puebla,0.5050597976080958
2025-12-10,San Luis Potosi,0.0
2025-12-11,Queretaro,0.0
2025-12-11,Veracruz De Ignacio De La Llave,0.5344295991778008
2025-12-11,Nuevo Leon,0.8221993833504626
2025-12-11,Oaxaca,0.1644398766700925
2025-12-11,Coahuila De Zaragoza,0.0205549845837615
2025-12-11,Quintana Roo,0.0822199383350462
2025-12-11,Tabasco,0.1233299075025693
2025-12-11,San Luis Potosi,0.0822199383350462
2025-12-11,Sonora,0.5755395683453238
2025-12-11,Tamaulipas,0.0822199383350462
2025-12-11,Tlaxcala,0.0616649537512846
2025-12-11,Morelos,0.7810894141829395
2025-12-11,Nayarit,0.0
2025-12-11,Puebla,0.5755395683453238
2025-12-11,Michoacan De Ocampo,0.7399794450154163
2025-12-11,Sinaloa,1.0
2025-12-11,Durango,0.0616649537512846
2025-12-11,Jalisco,0.4110996916752313
2025-12-11,Chihuahua,0.472764645426516
2025-12-11,Guerrero,0.5344295991778008
2025-12-11,Guanajuato,1.0
2025-12-11,Colima,0.4522096608427544
2025-12-11,Ciudad De Mexico,0.3905447070914697
2025-12-11,Zacatecas,0.1027749229188078
2025-12-11,Chiapas,0.1027749229188078
2025-12-11,Aguascalientes,0.0
2025-12-11,Mexico,0.328879753340185
2025-12-11,Hidalgo,0.3083247687564235
2025-12-11,Campeche,0.1027749229188078
2025-12-11,Baja California,0.8427543679342242
2025-12-11,Baja California Sur,0.0616649537512846
2025-12-11,Yucatan,0.0
2025-12-13,Jalisco,0.4110996916752313
2025-12-13,Chihuahua,0.472764645426516
2025-12-13,Guerrero,0.5344295991778008
2025-12-13,Guanajuato,1.0
2025-12-13,Colima,0.4522096608427544
2025-12-13,Ciudad De Mexico,0.3905447070914697
2025-12-13,Zacatecas,0.1027749229188078
2025-12-13,Yucatan,0.0
2025-12-13,Aguascalientes,0.0
2025-12-13,Mexico,0.328879753340185
2025-12-13,Hidalgo,0.3083247687564235
2025-12-13,Campeche,0.1027749229188078
2025-12-13,Baja California,0.8427543679342242
2025-12-13,Baja California Sur,0.0616649537512846
2025-12-13,Durango,0.0616649537512846
2025-12-13,Chiapas,0.1027749229188078
2025-12-13,Michoacan De Ocampo,0.7399794450154163
2025-12-13,Nayarit,0.0
2025-12-13,Queretaro,0.0
2025-12-13,Veracruz De Ignacio De La Llave,0.5344295991778008
2025-12-13,Nuevo Leon,0.8221993833504626
2025-12-13,Oaxaca,0.1644398766700925
2025-12-13,Coahuila De Zaragoza,0.0205549845837615
2025-12-13,Quintana Roo,0.0822199383350462
2025-12-13,Puebla,0.5755395683453238
2025-12-13,San Luis Potosi,0.0822199383350462
2025-12-13,Sonora,0.5755395683453238
2025-12-13,Tabasco,0.1233299075025693
2025-12-13,Tamaulipas,0.0822199383350462
2025-12-13,Tlaxcala,0.0616649537512846
2025-12-13,Morelos,0.7810894141829395
2025-12-13,Sinaloa,1.0
2025-12-14,Veracruz De Ignacio De La Llave,0.5344295991778008
2025-12-14,Nuevo Leon,0.8221993833504626
2025-12-14,Oaxaca,0.1644398766700925
2025-12-14,Puebla,0.5755395683453238
2025-12-14,Coahuila De Zaragoza,0.0205549845837615
2025-12-14,Quintana Roo,0.0822199383350462
2025-12-14,Sinaloa,1.0
2025-12-14,San Luis Potosi,0.0822199383350462
2025-12-14,Sonora,0.5755395683453238
2025-12-14,Tabasco,0.1233299075025693
2025-12-14,Tamaulipas,0.0822199383350462
2025-12-14,Tlaxcala,0.0616649537512846
2025-12-14,Morelos,0.7810894141829395
2025-12-14,Nayarit,0.0
2025-12-14,Queretaro,0.0
2025-12-14,Michoacan De Ocampo,0.7399794450154163
2025-12-14,Baja California Sur,0.0616649537512846
2025-12-14,Jalisco,0.4110996916752313
2025-12-14,Chihuahua,0.472764645426516
2025-12-14,Guerrero,0.5344295991778008
2025-12-14,Guanajuato,1.0
2025-12-14,Colima,0.4522096608427544
2025-12-14,Ciudad De Mexico,0.3905447070914697
2025-12-14,Zacatecas,0.1027749229188078
2025-12-14,Durango,0.0616649537512846
2025-12-14,Aguascalientes,0.0
2025-12-14,Yucatan,0.0
2025-12-14,Mexico,0.328879753340185
2025-12-14,Hidalgo,0.3083247687564235
2025-12-14,Campeche,0.1027749229188078
2025-12-14,Baja California,0.8427543679342242
2025-12-14,Chiapas,0.1027749229188078
2025-12-15,Chihuahua,0.472764645426516
2025-12-15,Guerrero,0.5344295991778008
2025-12-15,Guanajuato,1.0
2025-12-15,Durango,0.0616649537512846
2025-12-15,Colima,0.4522096608427544
2025-12-15,Ciudad De Mexico,0.3905447070914697
2025-12-15,Zacatecas,0.1027749229188078
2025-12-15,Baja California Sur,0.0616649537512846
2025-12-15,Baja California,0.8427543679342242
2025-12-15,Aguascalientes,0.0
2025-12-15,Yucatan,0.0
2025-12-15,Mexico,0.328879753340185
2025-12-15,Hidalgo,0.3083247687564235
2025-12-15,Campeche,0.1027749229188078
2025-12-15,Jalisco,0.4110996916752313
2025-12-15,Chiapas,0.1027749229188078
2025-12-15,Michoacan De Ocampo,0.7399794450154163
2025-12-15,Nayarit,0.0
2025-12-15,Nuevo Leon,0.8221993833504626
2025-12-15,Oaxaca,0.1644398766700925
2025-12-15,Puebla,0.5755395683453238
2025-12-15,Coahuila De Zaragoza,0.0205549845837615
2025-12-15,Quintana Roo,0.0822199383350462
2025-12-15,Veracruz De Ignacio De La Llave,0.5344295991778008
2025-12-15,Queretaro,0.0
2025-12-15,Sonora,0.5755395683453238
2025-12-15,Tabasco,0.1233299075025693
2025-12-15,Tamaulipas,0.0822199383350462
2025-12-15,Tlaxcala,0.0616649537512846
2025-12-15,Morelos,0.7810894141829395
2025-12-15,San Luis Potosi,0.0822199383350462
2025-12-15,Sinaloa,1.0
2025-12-16,Nayarit,0.0
2025-12-16,Nuevo Leon,0.8221993833504626
2025-12-16,Oaxaca,0.16443987667009252
2025-12-16,Puebla,0.5755395683453238
2025-12-16,Queretaro,0.0
2025-12-16,Quintana Roo,0.08221993833504626
2025-12-16,Veracruz De Ignacio De La Llave,0.5344295991778008
2025-12-16,Sinaloa,1.0
2025-12-16,Sonora,0.5755395683453238
2025-12-16,Tabasco,0.12332990750256939
2025-12-16,Tamaulipas,0.08221993833504626
2025-12-16,Tlaxcala,0.061664953751284696
2025-12-16,Morelos,0.7810894141829395
2025-12-16,San Luis Potosi,0.08221993833504626
2025-12-16,Michoacan De Ocampo,0.7399794450154163
2025-12-16,Coahuila De Zaragoza,0.020554984583761565
2025-12-16,Jalisco,0.4110996916752313
2025-12-16,Hidalgo,0.3083247687564235
2025-12-16,Guerrero,0.5344295991778008
2025-12-16,Guanajuato,1.0
2025-12-16,Durango,0.061664953751284696
2025-12-16,Colima,0.45220966084275444
2025-12-16,Ciudad De Mexico,0.39054470709146977
2025-12-16,Chihuahua,0.47276464542651603
2025-12-16,Chiapas,0.10277492291880783
2025-12-16,Campeche,0.10277492291880783
2025-12-16,Baja California Sur,0.061664953751284696
2025-12-16,Baja California,0.8427543679342242
2025-12-16,Aguascalientes,0.0
2025-12-16,Yucatan,0.0
2025-12-16,Mexico,0.32887975334018504
2025-12-16,Zacatecas,0.10277492291880783
